y_mm,z_mm,r,n_y,n_z,start_x_mm,start_y_mm,start_z_mm
-1.098443810769992,-2.4833663485562054,0.00014724524226,56,30,4.592439143736674,-1.0829999543344702,-2.4749959084930557
-1.0978232496918605,-2.4833653544687473,0.00014437441132,56,30,4.592439143736674,-1.0829999543344702,-2.4749959084930557
-1.0972052684121765,-2.4833639751724,0.00014748339891,56,30,4.592439143736674,-1.0829999543344702,-2.4749959084930557
-1.0965938184270967,-2.483367156252265,0.00014617932902,56,30,4.592439143736674,-1.0829999543344702,-2.4749959084930557
-1.0959851999281183,-2.4833629935110366,0.00014454097254,56,30,4.592439143736674,-1.0829999543344702,-2.4749959084930557
-1.0953817032728856,-2.4833643231030114,0.00014394144819,56,30,4.592439143736674,-1.0829999543344702,-2.4749959084930557
-1.0947866381540388,-2.483364770442368,0.00014577811817,56,30,4.592439143736674,-1.0829999543344702,-2.4749959084930557
-1.094193712380247,-2.4833640248767725,0.00013196584769,56,30,4.592439143736674,-1.0829999543344702,-2.4749959084930557
-1.0936033160673722,-2.4833645591987827,0.0001213597061,56,30,4.592439143736674,-1.0829999543344702,-2.4749959084930557
-1.0930203445402698,-2.4833645591987827,0.00010715815006,56,30,4.592439143736674,-1.0829999543344702,-2.4749959084930557
-1.0924360768217543,-2.4833648698511133,9.3397939054e-05,56,30,4.592439143736674,-1.0829999543344702,-2.4749959084930557
-1.0918572833096984,-2.483364360381289,7.8006305557e-05,56,30,4.592439143736674,-1.0829999543344702,-2.4749959084930557
-1.091287789656434,-2.4833651307990707,7.5370291597e-05,56,30,4.592439143736674,-1.0829999543344702,-2.4749959084930557
-1.0907317487082422,-2.483362620728239,7.3086783232e-05,56,30,4.592439143736674,-1.0829999543344702,-2.4749959084930557
-1.0901639036091075,-2.4833621112584185,7.4419622251e-05,56,30,4.592439143736674,-1.0829999543344702,-2.4749959084930557
-1.0896061386004903,-2.4833643106769165,6.4515901613e-05,56,30,4.592439143736674,-1.0829999543344702,-2.4749959084930557
-1.089042635113377,-2.483362732563079,4.877732863e-05,56,30,4.592439143736674,-1.0829999543344702,-2.4749959084930557
-1.088488595082029,-2.4833649071293906,3.0386563594e-05,56,30,4.592439143736674,-1.0829999543344702,-2.4749959084930557
-1.087932390536863,-2.4833644597900344,6.5420805186e-05,56,30,4.592439143736674,-1.0829999543344702,-2.4749959084930557
-1.0873746506970123,-2.4833647331640867,1.4138690574e-07,56,30,4.592439143736674,-1.0829999543344702,-2.4749959084930557
-1.0868268021819363,-2.4833626828587065,1.4157946282e-07,56,30,4.592439143736674,-1.0829999543344702,-2.4749959084930557
-1.0862783747852596,-2.4833645964770605,0.00014300529438,56,30,4.592439143736674,-1.0829999543344702,-2.4749959084930557
-1.0857251401544028,-2.4833641118594265,0.00014332817227,56,30,4.592439143736674,-1.0829999543344702,-2.4749959084930557
-1.0851791289591979,-2.48336683317384,0.00013974889589,56,30,4.592439143736674,-1.0829999543344702,-2.4749959084930557
-1.0846124793764174,-2.483361626640781,0.00013579700317,56,30,4.592439143736674,-1.0829999543344702,-2.4749959084930557
-1.0840844512640442,-2.4833654787296786,0.00012317810615,56,30,4.592439143736674,-1.0829999543344702,-2.4749959084930557
-1.0835468212676957,-2.48336419884208,0.00011273833661,56,30,4.592439143736674,-1.0829999543344702,-2.4749959084930557
-1.0829850166722432,-2.4833655284340512,0.00010153010226,56,30,4.592439143736674,-1.0829999543344702,-2.4749959084930557
-1.0824178637141544,-2.4833669450086795,9.0624998847e-05,56,30,4.592439143736674,-1.0829999543344702,-2.4749959084930557
-1.0818490747863205,-2.483366534947604,8.2767983258e-05,56,30,4.592439143736674,-1.0829999543344702,-2.4749959084930557
-1.081283444538535,-2.4833695544882564,7.8191791545e-05,56,30,4.592439143736674,-1.0829999543344702,-2.4749959084930557
-1.0807112326586161,-2.48336540417312,7.6899130363e-05,56,30,4.592439143736674,-1.0829999543344702,-2.4749959084930557
-1.0801533669749368,-2.4833627822674518,7.6101918239e-05,56,30,4.592439143736674,-1.0829999543344702,-2.4749959084930557
-1.0795856351352457,-2.48336377635491,6.9111694756e-05,56,30,4.592439143736674,-1.0829999543344702,-2.4749959084930557
-1.0790226098546745,-2.483365217781721,5.0228129112e-05,56,30,4.592439143736674,-1.0829999543344702,-2.4749959084930557
-1.078458074448181,-2.483362732563079,3.5295397538e-05,56,30,4.592439143736674,-1.0829999543344702,-2.4749959084930557
-1.0778962572683455,-2.4833653047643747,5.995961692e-05,56,30,4.592439143736674,-1.0829999543344702,-2.4749959084930557
-1.0773371708995474,-2.4833668828782156,9.9430711998e-05,56,30,4.592439143736674,-1.0829999543344702,-2.4749959084930557
-1.0767755299010695,-2.4833615148059445,1.4133519244e-07,56,30,4.592439143736674,-1.0829999543344702,-2.4749959084930557
-1.0762151725096214,-2.4833656402688913,0.00013957388001,56,30,4.592439143736674,-1.0829999543344702,-2.4749959084930557
-1.0756725465133552,-2.483365118372976,0.00014347865363,56,30,4.592439143736674,-1.0829999543344702,-2.4749959084930557
-1.0751394217260006,-2.4833696663230964,0.00014350359561,56,30,4.592439143736674,-1.0829999543344702,-2.4749959084930557
-1.074581228848374,-2.483364186415985,0.00014381928486,56,30,4.592439143736674,-1.0829999543344702,-2.4749959084930557
-1.074072744282284,-2.4833644597900344,0.00014306577214,56,30,4.592439143736674,-1.0829999543344702,-2.4749959084930557
-1.0735366495806218,-2.4833663361301106,0.00014390195429,56,30,4.592439143736674,-1.0829999543344702,-2.4749959084930557
-1.0730045692970303,-2.483363950320214,0.00014312955318,56,30,4.592439143736674,-1.0829999543344702,-2.4749959084930557
-1.0724722499101687,-2.4833641367116126,0.00014328384714,56,30,4.592439143736674,-1.0829999543344702,-2.4749959084930557
-1.0719228409316433,-2.4833627077108926,0.00014561011631,56,30,4.592439143736674,-1.0829999543344702,-2.4749959084930557
-1.0714074852926168,-2.483365652694986,0.00014355411986,56,30,4.592439143736674,-1.0829999543344702,-2.4749959084930557
-1.0708781106512997,-2.483364795294554,0.00014345867385,56,30,4.592439143736674,-1.0829999543344702,-2.4749959084930557
-1.0703493400603497,-2.483364149137704,0.00014396451297,56,30,4.592439143736674,-1.0829999543344702,-2.4749959084930557
-1.0698196382250817,-2.4833651307990707,0.00014310282131,56,30,4.592439143736674,-1.0829999543344702,-2.4749959084930557
-1.069289294586299,-2.4833649195554854,0.00014433289471,56,30,4.592439143736674,-1.0829999543344702,-2.4749959084930557
-1.0687600332044256,-2.4833653793209334,0.00014613821986,56,30,4.592439143736674,-1.0829999543344702,-2.4749959084930557
-1.068237957505054,-2.4833642982508253,0.00014586011821,56,30,4.592439143736674,-1.0829999543344702,-2.4749959084930557
-1.0677124588535993,-2.4833667834694673,0.00014643637405,56,30,4.592439143736674,-1.0829999543344702,-2.4749959084930557
-1.068283676567288,-2.482756451048746,0.00014447160356,56,30,4.592439143736674,-1.0829999543344702,-2.4749959084930557
-1.0688981593885913,-2.4827513812027133,0.00014471261238,56,30,4.592439143736674,-1.0829999543344702,-2.4749959084930557
-1.0695133721040881,-2.4827520273595605,0.0001440684573,56,30,4.592439143736674,-1.0829999543344702,-2.4749959084930557
-1.0701330648598146,-2.482746087687001,0.00014595298853,56,30,4.592439143736674,-1.0829999543344702,-2.4749959084930557
-1.0707284320038442,-2.4827481379923815,0.00014455072233,56,30,4.592439143736674,-1.0829999543344702,-2.4749959084930557
-1.071324516457686,-2.4827501261672977,0.00014248864318,56,30,4.592439143736674,-1.0829999543344702,-2.4749959084930557
-1.0719203869770222,-2.482750822028517,0.00014275348803,56,30,4.592439143736674,-1.0829999543344702,-2.4749959084930557
-1.0725076623629963,-2.4827484237925255,0.00014358089538,56,30,4.592439143736674,-1.0829999543344702,-2.4749959084930557
-1.0730960577590276,-2.482750685341491,0.00014408541028,56,30,4.592439143736674,-1.0829999543344702,-2.4749959084930557
-1.0736775820821225,-2.4827456030693633,0.00014290877152,56,30,4.592439143736674,-1.0829999543344702,-2.4749959084930557
-1.0742560232314629,-2.4827483243837802,0.00014658155851,56,30,4.592439143736674,-1.0829999543344702,-2.4749959084930557
-1.0748283357864454,-2.4827481379923815,0.00014452179312,56,30,4.592439143736674,-1.0829999543344702,-2.4749959084930557
-1.0754167563512413,-2.482746969939619,0.00014236220159,56,30,4.592439143736674,-1.0829999543344702,-2.4749959084930557
-1.075981178498291,-2.4827451681561015,0.00014005848789,56,30,4.592439143736674,-1.0829999543344702,-2.4749959084930557
-1.076552647899633,-2.4827481628445676,0.00012525345664,56,30,4.592439143736674,-1.0829999543344702,-2.4749959084930557
-1.0771417857742427,-2.4827475291138157,0.00010136570199,56,30,4.592439143736674,-1.0829999543344702,-2.4749959084930557
-1.0777294009385474,-2.482745081173448,1.4174514718e-07,56,30,4.592439143736674,-1.0829999543344702,-2.4749959084930557
-1.0783158583396493,-2.4827478149139597,1.4135910931e-07,56,30,4.592439143736674,-1.0829999543344702,-2.4749959084930557
-1.0788979112068153,-2.4827470196439916,5.1264418289e-05,56,30,4.592439143736674,-1.0829999543344702,-2.4749959084930557
-1.0794780512478168,-2.482746957513524,7.1241513069e-05,56,30,4.592439143736674,-1.0829999543344702,-2.4749959084930557
-1.0800565175659236,-2.4827466220090075,7.560296217e-05,56,30,4.592439143736674,-1.0829999543344702,-2.4749959084930557
-1.0806338135364406,-2.4827507723241444,7.6626332884e-05,56,30,4.592439143736674,-1.0829999543344702,-2.4749959084930557
-1.081205031250131,-2.4827496291235684,7.5522009865e-05,56,30,4.592439143736674,-1.0829999543344702,-2.4749959084930557
-1.0817771927925206,-2.482746795974315,8.208068175e-05,56,30,4.592439143736674,-1.0829999543344702,-2.4749959084930557
-1.0823742084906784,-2.482745578217177,9.2719667009e-05,56,30,4.592439143736674,-1.0829999543344702,-2.4749959084930557
-1.0829174637060797,-2.4827479516009823,0.00010216917144,56,30,4.592439143736674,-1.0829999543344702,-2.4749959084930557
-1.083478286719685,-2.482746795974315,0.0001170892865,56,30,4.592439143736674,-1.0829999543344702,-2.4749959084930557
-1.0840145827714711,-2.482747367574603,0.00012937003339,56,30,4.592439143736674,-1.0829999543344702,-2.4749959084930557
-1.0845759594979143,-2.482745081173448,0.00013821374159,56,30,4.592439143736674,-1.0829999543344702,-2.4749959084930557
-1.085091327721322,-2.482747069348364,0.00014087348245,56,30,4.592439143736674,-1.0829999543344702,-2.4749959084930557
-1.0856247419494762,-2.482749678827941,0.00014328508405,56,30,4.592439143736674,-1.0829999543344702,-2.4749959084930557
-1.0861577912305334,-2.4827442734773886,0.00014097712119,56,30,4.592439143736674,-1.0829999543344702,-2.4749959084930557
-1.0866880719474035,-2.482747255739763,0.00013202606351,56,30,4.592439143736674,-1.0829999543344702,-2.4749959084930557
-1.0872224803417878,-2.4827427574940186,0.00010291195213,56,30,4.592439143736674,-1.0829999543344702,-2.4749959084930557
-1.0877510495826155,-2.4827458888695073,1.4135497395e-07,56,30,4.592439143736674,-1.0829999543344702,-2.4749959084930557
-1.0882822237906555,-2.482742173467636,1.413583135e-07,56,30,4.592439143736674,-1.0829999543344702,-2.4749959084930557
-1.0888105035906803,-2.482743565190078,4.6038876462e-05,56,30,4.592439143736674,-1.0829999543344702,-2.4749959084930557
-1.0893384813655225,-2.4827446711123726,6.4353080234e-05,56,30,4.592439143736674,-1.0829999543344702,-2.4749959084930557
-1.0898677427473962,-2.482746659287289,7.2553157224e-05,56,30,4.592439143736674,-1.0829999543344702,-2.4749959084930557
-1.0903970796355653,-2.4827420989110767,7.4500057963e-05,56,30,4.592439143736674,-1.0829999543344702,-2.4749959084930557
-1.0909278763121255,-2.482746348634959,7.3390787293e-05,56,30,4.592439143736674,-1.0829999543344702,-2.4749959084930557
-1.0914388400015997,-2.482742086484982,7.4948657129e-05,56,30,4.592439143736674,-1.0829999543344702,-2.4749959084930557
-1.09197114680408,-2.482743167555094,8.3253216872e-05,56,30,4.592439143736674,-1.0829999543344702,-2.4749959084930557
-1.0925015911179246,-2.482745441530154,9.4296963653e-05,56,30,4.592439143736674,-1.0829999543344702,-2.4749959084930557
-1.0930327401571984,-2.4827448947820527,0.00011308999092,56,30,4.592439143736674,-1.0829999543344702,-2.4749959084930557
-1.0935682811460228,-2.4827454663823403,0.00012313634215,56,30,4.592439143736674,-1.0829999543344702,-2.4749959084930557
-1.0940967622961717,-2.4827453918257816,0.00013623715495,56,30,4.592439143736674,-1.0829999543344702,-2.4749959084930557
-1.094626300534465,-2.482746547452449,0.0001399127068,56,30,4.592439143736674,-1.0829999543344702,-2.4749959084930557
-1.0951524787425841,-2.4827442610512973,0.00014576045214,56,30,4.592439143736674,-1.0829999543344702,-2.4749959084930557
-1.0956825329405673,-2.482746174669655,0.00014445469424,56,30,4.592439143736674,-1.0829999543344702,-2.4749959084930557
-1.0962079560857263,-2.4827449693386114,0.00014420058869,56,30,4.592439143736674,-1.0829999543344702,-2.4749959084930557
-1.0967370916237733,-2.482744136790366,0.0001457403705,56,30,4.592439143736674,-1.0829999543344702,-2.4749959084930557
-1.0972595951921558,-2.48274431075567,0.00014679585001,56,30,4.592439143736674,-1.0829999543344702,-2.4749959084930557
-1.0977861005942238,-2.4827440373816207,0.00014443632972,56,30,4.592439143736674,-1.0829999543344702,-2.4749959084930557
-1.0983109574421637,-2.4827443231817647,0.00013957818737,56,30,4.592439143736674,-1.0829999543344702,-2.4749959084930557
-1.0988246016051477,-2.4827447208167452,0.00014373110025,56,30,4.592439143736674,-1.0829999543344702,-2.4749959084930557
-1.0982261890405114,-2.4821391227375402,0.00014369554992,56,30,4.592439143736674,-1.0829999543344702,-2.4749959084930557
-1.0976055147029362,-2.482137171840905,0.00014405121328,56,30,4.592439143736674,-1.0829999543344702,-2.4749959084930557
-1.0969840223804885,-2.4821363268665677,0.00014227371139,56,30,4.592439143736674,-1.0829999543344702,-2.4749959084930557
-1.0963642163653171,-2.4821341523002527,0.00014302704949,56,30,4.592439143736674,-1.0829999543344702,-2.4749959084930557
-1.0957530809898048,-2.4821343386916515,0.0001440908818,56,30,4.592439143736674,-1.0829999543344702,-2.4749959084930557
-1.0951563043949155,-2.482136314440473,0.00014353760344,56,30,4.592439143736674,-1.0829999543344702,-2.4749959084930557
-1.0945558405759064,-2.482136525684058,0.00014047502191,56,30,4.592439143736674,-1.0829999543344702,-2.4749959084930557
-1.0939606873663805,-2.482135829822839,0.00013320140715,56,30,4.592439143736674,-1.0829999543344702,-2.4749959084930557
-1.0933702281315916,-2.482136886040761,0.00011506761075,56,30,4.592439143736674,-1.0829999543344702,-2.4749959084930557
-1.0927730991739886,-2.4821359789359567,0.0001048678314,56,30,4.592439143736674,-1.0829999543344702,-2.4749959084930557
-1.092205216321706,-2.482134375969933,9.2200651125e-05,56,30,4.592439143736674,-1.0829999543344702,-2.4749959084930557
-1.0916246484116952,-2.482136811484202,7.4273593782e-05,56,30,4.592439143736674,-1.0829999543344702,-2.4749959084930557
-1.0910605534585962,-2.4821375197715163,7.1434573329e-05,56,30,4.592439143736674,-1.0829999543344702,-2.4749959084930557
-1.0904824646719695,-2.4821369481712283,7.5700161688e-05,56,30,4.592439143736674,-1.0829999543344702,-2.4749959084930557
-1.089932439058694,-2.4821397937465766,7.1790476795e-05,56,30,4.592439143736674,-1.0829999543344702,-2.4749959084930557
-1.0893702569317598,-2.4821380913718043,6.8721863499e-05,56,30,4.592439143736674,-1.0829999543344702,-2.4749959084930557
-1.0888083139080957,-2.4821375570497977,4.10642715e-05,56,30,4.592439143736674,-1.0829999543344702,-2.4749959084930557
-1.0882505866526264,-2.4821417819214897,3.4078901081e-05,56,30,4.592439143736674,-1.0829999543344702,-2.4749959084930557
-1.0876941933417212,-2.4821373582323036,7.1207367e-05,56,30,4.592439143736674,-1.0829999543344702,-2.4749959084930557
-1.0871375231743963,-2.4821375321976076,1.4135116544e-07,56,30,4.592439143736674,-1.0829999543344702,-2.4749959084930557
-1.0865841878684774,-2.4821389239200498,1.4757036297e-05,56,30,4.592439143736674,-1.0829999543344702,-2.4749959084930557
-1.086035521368529,-2.4821375197715163,0.00014272543194,56,30,4.592439143736674,-1.0829999543344702,-2.4749959084930557
-1.0854855460927844,-2.4821391227375402,0.00014208469656,56,30,4.592439143736674,-1.0829999543344702,-2.4749959084930557
-1.0849402647917732,-2.4821417197910254,0.00013996411872,56,30,4.592439143736674,-1.0829999543344702,-2.4749959084930557
-1.084391535369912,-2.482139135163635,0.00013327199849,56,30,4.592439143736674,-1.0829999543344702,-2.4749959084930557
-1.0838480284668575,-2.4821385014328796,0.00012176257587,56,30,4.592439143736674,-1.0829999543344702,-2.4749959084930557
-1.083303653241399,-2.482140899668871,0.00011004307453,56,30,4.592439143736674,-1.0829999543344702,-2.4749959084930557
-1.082732360021415,-2.482141520973532,0.00010002934141,56,30,4.592439143736674,-1.0829999543344702,-2.4749959084930557
-1.082142039214834,-2.4821393588333116,8.6150168499e-05,56,30,4.592439143736674,-1.0829999543344702,-2.4749959084930557
-1.0815952603722874,-2.4821388990678637,7.7715369116e-05,56,30,4.592439143736674,-1.0829999543344702,-2.4749959084930557
-1.0810268741446982,-2.482139905581413,7.3736344348e-05,56,30,4.592439143736674,-1.0829999543344702,-2.4749959084930557
-1.080441624844334,-2.4821405517382633,7.4854207924e-05,56,30,4.592439143736674,-1.0829999543344702,-2.4749959084930557
-1.0798976397347373,-2.4821416203822806,7.387491496e-05,56,30,4.592439143736674,-1.0829999543344702,-2.4749959084930557
-1.0793323744340504,-2.482140129251093,5.9863144998e-05,56,30,4.592439143736674,-1.0829999543344702,-2.4749959084930557
-1.0787696637630448,-2.4821413967126005,4.7923873353e-05,56,30,4.592439143736674,-1.0829999543344702,-2.4749959084930557
-1.0782052667847615,-2.482140390199051,3.6859666579e-05,56,30,4.592439143736674,-1.0829999543344702,-2.4749959084930557
-1.0776421030759784,-2.482141943460702,6.7031483923e-05,56,30,4.592439143736674,-1.0829999543344702,-2.4749959084930557
-1.0770570928788863,-2.48214046475561,0.00011212906247,56,30,4.592439143736674,-1.0829999543344702,-2.4749959084930557
-1.0765156372302063,-2.482140017416253,0.00013282013242,56,30,4.592439143736674,-1.0829999543344702,-2.4749959084930557
-1.075963837218974,-2.482140452329515,0.00014018043294,56,30,4.592439143736674,-1.0829999543344702,-2.4749959084930557
-1.0754329398673534,-2.4821432730526767,0.00014336549793,56,30,4.592439143736674,-1.0829999543344702,-2.4749959084930557
-1.0748956999868682,-2.4821433973136084,0.00014465949789,56,30,4.592439143736674,-1.0829999543344702,-2.4749959084930557
-1.0743427925499605,-2.4821399801379753,0.00014605889737,56,30,4.592439143736674,-1.0829999543344702,-2.4749959084930557
-1.0738258009411872,-2.48214046475561,0.00014532133355,56,30,4.592439143736674,-1.0829999543344702,-2.4749959084930557
-1.073299849251955,-2.4821402659381193,0.00013996339112,56,30,4.592439143736674,-1.0829999543344702,-2.4749959084930557
-1.0727661204142351,-2.4821410860602704,0.00014026204008,56,30,4.592439143736674,-1.0829999543344702,-2.4749959084930557
-1.0722315987604056,-2.4821449754274494,0.00014095529332,56,30,4.592439143736674,-1.0829999543344702,-2.4749959084930557
-1.0717021989503221,-2.4821419310346107,0.00014174095122,56,30,4.592439143736674,-1.0829999543344702,-2.4749959084930557
-1.0711734409437554,-2.4821421795564733,0.00014392910816,56,30,4.592439143736674,-1.0829999543344702,-2.4749959084930557
-1.0706430343830584,-2.48214220440866,0.00014086854935,56,30,4.592439143736674,-1.0829999543344702,-2.4749959084930557
-1.0701106394899011,-2.4821421174260094,0.00014283625933,56,30,4.592439143736674,-1.0829999543344702,-2.4749959084930557
-1.0695853547729501,-2.4821421049999146,0.00014315321459,56,30,4.592439143736674,-1.0829999543344702,-2.4749959084930557
-1.0690556026001514,-2.4821416203822806,0.00014360774367,56,30,4.592439143736674,-1.0829999543344702,-2.4749959084930557
-1.0685293992232658,-2.4821443292706027,0.00014535228547,56,30,4.592439143736674,-1.0829999543344702,-2.4749959084930557
-1.0680096893878368,-2.4821399428596944,0.00014334003208,56,30,4.592439143736674,-1.0829999543344702,-2.4749959084930557
-1.0674624449231311,-2.4821398310248544,0.00014283489145,56,30,4.592439143736674,-1.0829999543344702,-2.4749959084930557
-1.0680487638960214,-2.4815375507125403,0.00014546827879,56,30,4.592439143736674,-1.0829999543344702,-2.4749959084930557
-1.0686590561178964,-2.481534108684718,0.00014072206977,56,30,4.592439143736674,-1.0829999543344702,-2.4749959084930557
-1.0692726454480297,-2.4815325181447854,0.00014377405751,56,30,4.592439143736674,-1.0829999543344702,-2.4749959084930557
-1.0698858572466812,-2.48153168559654,0.00014490743342,56,30,4.592439143736674,-1.0829999543344702,-2.4749959084930557
-1.07048800737297,-2.481531113996252,0.00014106300659,56,30,4.592439143736674,-1.0829999543344702,-2.4749959084930557
-1.0710850230711295,-2.481531785005285,0.00013954483438,56,30,4.592439143736674,-1.0829999543344702,-2.4749959084930557
-1.0716836621546526,-2.4815311388484385,0.00014217525313,56,30,4.592439143736674,-1.0829999543344702,-2.4749959084930557
-1.0722760342156066,-2.4815282435687176,0.00014329752594,56,30,4.592439143736674,-1.0829999543344702,-2.4749959084930557
-1.0728484348612664,-2.481528305699185,0.00014373990416,56,30,4.592439143736674,-1.0829999543344702,-2.4749959084930557
-1.0734317713354657,-2.48153148677905,0.00014466987341,56,30,4.592439143736674,-1.0829999543344702,-2.4749959084930557
-1.074012804867637,-2.4815324063099458,0.00013919711637,56,30,4.592439143736674,-1.0829999543344702,-2.4749959084930557
-1.0745885529590862,-2.4815316358921673,0.00014332224964,56,30,4.592439143736674,-1.0829999543344702,-2.4749959084930557
-1.0751585499876575,-2.481529051264777,0.00014270089741,56,30,4.592439143736674,-1.0829999543344702,-2.4749959084930557
-1.0757269613840115,-2.4815299956478625,0.00014067122538,56,30,4.592439143736674,-1.0829999543344702,-2.4749959084930557
-1.0763000541707188,-2.481529784404277,0.00013216040679,56,30,4.592439143736674,-1.0829999543344702,-2.4749959084930557
-1.076888927773292,-2.481529486178042,0.00010837545415,56,30,4.592439143736674,-1.0829999543344702,-2.4749959084930557
-1.0774955076022774,-2.4815264417852,6.5489133704e-05,56,30,4.592439143736674,-1.0829999543344702,-2.4749959084930557
-1.0780808198245557,-2.481530728787363,3.1544986996e-05,56,30,4.592439143736674,-1.0829999543344702,-2.4749959084930557
-1.0786407493469912,-2.4815287157602604,5.0029892009e-05,56,30,4.592439143736674,-1.0829999543344702,-2.4749959084930557
-1.0792234062645263,-2.4815298465347446,7.0034642704e-05,56,30,4.592439143736674,-1.0829999543344702,-2.4749959084930557
-1.0797992676154204,-2.4815296974216237,7.2507544246e-05,56,30,4.592439143736674,-1.0829999543344702,-2.4749959084930557
-1.080377255726985,-2.481527932916387,7.2317132435e-05,56,30,4.592439143736674,-1.0829999543344702,-2.4749959084930557
-1.080948951647216,-2.481528305699185,7.3875948146e-05,56,30,4.592439143736674,-1.0829999543344702,-2.4749959084930557
-1.08152330287219,-2.4815322696229227,7.7373930253e-05,56,30,4.592439143736674,-1.0829999543344702,-2.4749959084930557
-1.0820952127269263,-2.481529498604133,8.56515544e-05,56,30,4.592439143736674,-1.0829999543344702,-2.4749959084930557
-1.0826603144306386,-2.4815291382474305,0.00010215644579,56,30,4.592439143736674,-1.0829999543344702,-2.4749959084930557
-1.0832270646884812,-2.4815262429677096,0.00011316641758,56,30,4.592439143736674,-1.0829999543344702,-2.4749959084930557
-1.083767677183522,-2.4815315861877947,0.00012149041868,56,30,4.592439143736674,-1.0829999543344702,-2.4749959084930557
-1.0843310296580442,-2.4815272122029817,0.00013569385919,56,30,4.592439143736674,-1.0829999543344702,-2.4749959084930557
-1.0848428239167742,-2.4815263299503636,0.00014219166769,56,30,4.592439143736674,-1.0829999543344702,-2.4749959084930557
-1.0853775091675781,-2.4815295234563197,0.00014040332462,56,30,4.592439143736674,-1.0829999543344702,-2.4749959084930557
-1.085912710378072,-2.4815282435687176,0.00013983836106,56,30,4.592439143736674,-1.0829999543344702,-2.4749959084930557
-1.086445180777525,-2.4815290264125904,0.00013092331938,56,30,4.592439143736674,-1.0829999543344702,-2.4749959084930557
-1.0869768331921055,-2.481529511030228,0.00010904992814,56,30,4.592439143736674,-1.0829999543344702,-2.4749959084930557
-1.0875068244681745,-2.4815286784819826,1.413634152e-07,56,30,4.592439143736674,-1.0829999543344702,-2.4749959084930557
-1.0880362116938749,-2.481529622865065,1.413666979e-07,56,30,4.592439143736674,-1.0829999543344702,-2.4749959084930557
-1.0885665553326591,-2.481531113996252,4.0888324293e-05,56,30,4.592439143736674,-1.0829999543344702,-2.4749959084930557
-1.0890968360495294,-2.4815270009593964,6.0469781602e-05,56,30,4.592439143736674,-1.0829999543344702,-2.4749959084930557
-1.0896498944990285,-2.4815233973923614,7.3096365668e-05,56,30,4.592439143736674,-1.0829999543344702,-2.4749959084930557
-1.0901515331609453,-2.4815273613160995,7.3096598499e-05,56,30,4.592439143736674,-1.0829999543344702,-2.4749959084930557
-1.0906745275202512,-2.481523670766414,7.3573173722e-05,56,30,4.592439143736674,-1.0829999543344702,-2.4749959084930557
-1.09119693041357,-2.4815270879420503,7.8610792116e-05,56,30,4.592439143736674,-1.0829999543344702,-2.4749959084930557
-1.091720629498305,-2.4815259323153795,8.1122088886e-05,56,30,4.592439143736674,-1.0829999543344702,-2.4749959084930557
-1.0922502935804232,-2.481530442987219,9.9005941593e-05,56,30,4.592439143736674,-1.0829999543344702,-2.4749959084930557
-1.092784462871539,-2.4815304926915918,0.00010571452003,56,30,4.592439143736674,-1.0829999543344702,-2.4749959084930557
-1.093315951689145,-2.4815278210815475,0.00011929595348,56,30,4.592439143736674,-1.0829999543344702,-2.4749959084930557
-1.0938456409400297,-2.481526466637386,0.0001286555198,56,30,4.592439143736674,-1.0829999543344702,-2.4749959084930557
-1.0943729643269722,-2.4815298092564637,0.0001437067549,56,30,4.592439143736674,-1.0829999543344702,-2.4749959084930557
-1.0948993438852153,-2.4815272619073543,0.00014231470414,56,30,4.592439143736674,-1.0829999543344702,-2.4749959084930557
-1.0954306942746115,-2.481528218716531,0.0001435999875,56,30,4.592439143736674,-1.0829999543344702,-2.4749959084930557
-1.0959555511225512,-2.481527025811583,0.00014334784646,56,30,4.592439143736674,-1.0829999543344702,-2.4749959084930557
-1.0964859702676313,-2.4815280944555997,0.00014336065215,56,30,4.592439143736674,-1.0829999543344702,-2.4749959084930557
-1.097007668435521,-2.481531362518118,0.00014583788288,56,30,4.592439143736674,-1.0829999543344702,-2.4749959084930557
-1.0975325001146963,-2.4815283802557437,0.00014585508325,56,30,4.592439143736674,-1.0829999543344702,-2.4749959084930557
-1.098056501224614,-2.48152829327309,0.0001447465329,56,30,4.592439143736674,-1.0829999543344702,-2.4749959084930557
-1.098581660097738,-2.481525708645703,0.00014502856357,56,30,4.592439143736674,-1.0829999543344702,-2.4749959084930557
-1.0979757472410339,-2.4809266466915316,0.00014464164269,56,30,4.592439143736674,-1.0829999543344702,-2.4749959084930557
-1.0973523420924196,-2.480923987507582,0.0001438192412,56,30,4.592439143736674,-1.0829999543344702,-2.4749959084930557
-1.096729150878311,-2.480921266193165,0.00014307533274,56,30,4.592439143736674,-1.0829999543344702,-2.4749959084930557
-1.0961158384045957,-2.480924186325072,0.0001429199765,56,30,4.592439143736674,-1.0829999543344702,-2.4749959084930557
-1.095500260742002,-2.480923316498549,0.00014564188314,56,30,4.592439143736674,-1.0829999543344702,-2.4749959084930557
-1.094896222958313,-2.4809188058267093,0.00014381417714,56,30,4.592439143736674,-1.0829999543344702,-2.4749959084930557
-1.0942980998344798,-2.4809195886705826,0.00014226234634,56,30,4.592439143736674,-1.0829999543344702,-2.4749959084930557
-1.0937050985543908,-2.4809212040627013,0.0001304417674,56,30,4.592439143736674,-1.0829999543344702,-2.4749959084930557
-1.0931136074002237,-2.48092290643747,0.00011883082334,56,30,4.592439143736674,-1.0829999543344702,-2.4749959084930557
-1.0925260929109792,-2.4809239750814873,9.9005941593e-05,56,30,4.592439143736674,-1.0829999543344702,-2.4749959084930557
-1.0919407806887007,-2.4809246460905237,9.1569745564e-05,56,30,4.592439143736674,-1.0829999543344702,-2.4749959084930557
-1.0913633714587385,-2.4809205330536646,8.1472229795e-05,56,30,4.592439143736674,-1.0829999543344702,-2.4749959084930557
-1.0908061349941944,-2.480923888098837,7.5303454651e-05,56,30,4.592439143736674,-1.0829999543344702,-2.4749959084930557
-1.0902250133713443,-2.480919961453377,7.5174466474e-05,56,30,4.592439143736674,-1.0829999543344702,-2.4749959084930557
-1.0896796313952726,-2.4809210052452078,7.644550351e-05,56,30,4.592439143736674,-1.0829999543344702,-2.4749959084930557
-1.0891154861046426,-2.4809246460905237,5.6823319028e-05,56,30,4.592439143736674,-1.0829999543344702,-2.4749959084930557
-1.0885545750003582,-2.4809240123597682,1.4097678047e-07,56,30,4.592439143736674,-1.0829999543344702,-2.4749959084930557
-1.0879957529035966,-2.4809242981599122,3.8952581235e-05,56,30,4.592439143736674,-1.0829999543344702,-2.4749959084930557
-1.0874392966707773,-2.4809255780475143,8.5059247795e-05,56,30,4.592439143736674,-1.0829999543344702,-2.4749959084930557
-1.0868707468462135,-2.4809230679766827,0.00011946437007,56,30,4.592439143736674,-1.0829999543344702,-2.4749959084930557
-1.0863379114996619,-2.4809242857338174,0.00013590465824,56,30,4.592439143736674,-1.0829999543344702,-2.4749959084930557
-1.0857854445161483,-2.4809228070287253,0.0001407142845,56,30,4.592439143736674,-1.0829999543344702,-2.4749959084930557
-1.0852373568978022,-2.4809233413507354,0.00014354592713,56,30,4.592439143736674,-1.0829999543344702,-2.4749959084930557
-1.0846907164834638,-2.4809242608816313,0.00013863183267,56,30,4.592439143736674,-1.0829999543344702,-2.4749959084930557
-1.0841400490666717,-2.4809263608913876,0.00013220659457,56,30,4.592439143736674,-1.0829999543344702,-2.4749959084930557
-1.0836028721081006,-2.4809248076297328,0.00011799424828,56,30,4.592439143736674,-1.0829999543344702,-2.4749959084930557
-1.0830480895981758,-2.4809270443265157,0.0001084541218,56,30,4.592439143736674,-1.0829999543344702,-2.4749959084930557
-1.0824740152296195,-2.4809239750814873,9.7857031506e-05,56,30,4.592439143736674,-1.0829999543344702,-2.4749959084930557
-1.0819050249516633,-2.4809259881085897,8.3196093328e-05,56,30,4.592439143736674,-1.0829999543344702,-2.4749959084930557
-1.0813363870364208,-2.4809288833883105,7.7449498349e-05,56,30,4.592439143736674,-1.0829999543344702,-2.4749959084930557
-1.0807715747735096,-2.4809256401779787,7.434766303e-05,56,30,4.592439143736674,-1.0829999543344702,-2.4749959084930557
-1.08020243348296,-2.480926795804649,7.369852392e-05,56,30,4.592439143736674,-1.0829999543344702,-2.4749959084930557
-1.0796403646154695,-2.4809274668136823,7.381553587e-05,56,30,4.592439143736674,-1.0829999543344702,-2.4749959084930557
-1.0790759298840384,-2.4809257644389135,5.655890709e-05,56,30,4.592439143736674,-1.0829999543344702,-2.4749959084930557
-1.0785106645833515,-2.480926584561064,3.5075216147e-05,56,30,4.592439143736674,-1.0829999543344702,-2.4749959084930557
-1.0779495898820928,-2.480925043725504,3.9078848204e-05,56,30,4.592439143736674,-1.0829999543344702,-2.4749959084930557
-1.077388515180834,-2.480929044927523,7.9580298916e-05,56,30,4.592439143736674,-1.0829999543344702,-2.4749959084930557
-1.0768280193611777,-2.4809223348371825,1.4134751325e-07,56,30,4.592439143736674,-1.0829999543344702,-2.4749959084930557
-1.076272808982242,-2.480929305875481,1.4315759245e-07,56,30,4.592439143736674,-1.0829999543344702,-2.4749959084930557
-1.0757295411824592,-2.480923602298693,0.00014018980437,56,30,4.592439143736674,-1.0829999543344702,-2.4749959084930557
-1.0751915210702474,-2.4809234656116668,0.0001436482562,56,30,4.592439143736674,-1.0829999543344702,-2.4749959084930557
-1.0746594282022726,-2.4809264478740376,0.00014399232168,56,30,4.592439143736674,-1.0829999543344702,-2.4749959084930557
-1.0741300535609555,-2.480923676855252,0.00013957466581,56,30,4.592439143736674,-1.0829999543344702,-2.4749959084930557
-1.0735967148390972,-2.4809250685776907,0.00014141433348,56,30,4.592439143736674,-1.0829999543344702,-2.4749959084930557
-1.073068032338826,-2.480925888699845,0.00013652618509,56,30,4.592439143736674,-1.0829999543344702,-2.4749959084930557
-1.0725384311786201,-2.4809218129412667,0.00013609058806,56,30,4.592439143736674,-1.0829999543344702,-2.4749959084930557
-1.0720045639126905,-2.4809223721154634,0.000140686956,56,30,4.592439143736674,-1.0829999543344702,-2.4749959084930557
-1.071477983004325,-2.4809241987511674,0.00013705350284,56,30,4.592439143736674,-1.0829999543344702,-2.4749959084930557
-1.0709479162219604,-2.480921986906574,0.00014225035557,56,30,4.592439143736674,-1.0829999543344702,-2.4749959084930557
-1.070416691676389,-2.480923950229301,0.00014214555267,56,30,4.592439143736674,-1.0829999543344702,-2.4749959084930557
-1.069868465629835,-2.480922881585284,0.00014115769591,56,30,4.592439143736674,-1.0829999543344702,-2.4749959084930557
-1.0693636431191016,-2.480920272105707,0.00014148648188,56,30,4.592439143736674,-1.0829999543344702,-2.4749959084930557
-1.0688393022308518,-2.4809214028801914,0.00013682559074,56,30,4.592439143736674,-1.0829999543344702,-2.4749959084930557
-1.0683143195390852,-2.4809236147247846,0.00013682577992,56,30,4.592439143736674,-1.0829999543344702,-2.4749959084930557
-1.0677954402729117,-2.4809226579156074,0.00013899862824,56,30,4.592439143736674,-1.0829999543344702,-2.4749959084930557
-1.067243854196185,-2.4809200608621254,0.00014084158465,56,30,4.592439143736674,-1.0829999543344702,-2.4749959084930557
-1.0678325893705483,-2.4803346924626815,0.00013324311294,56,30,4.592439143736674,-1.0829999543344702,-2.4749959084930557
-1.0684457508316707,-2.4803375131858436,0.00012774877541,56,30,4.592439143736674,-1.0829999543344702,-2.4749959084930557
-1.0690579810484768,-2.480333549262106,0.00013245476293,56,30,4.592439143736674,-1.0829999543344702,-2.4749959084930557
-1.069669531708617,-2.4803346924626815,0.00011347669351,56,30,4.592439143736674,-1.0829999543344702,-2.4749959084930557
-1.0702766526660585,-2.4803319587221733,0.00012889935169,56,30,4.592439143736674,-1.0829999543344702,-2.4749959084930557
-1.070884226661276,-2.48033251789637,0.00012141541083,56,30,4.592439143736674,-1.0829999543344702,-2.4749959084930557
-1.0714639136645017,-2.4803293616686912,0.00011662291217,56,30,4.592439143736674,-1.0829999543344702,-2.4749959084930557
-1.072054335146143,-2.4803320332787324,0.00012659012282,56,30,4.592439143736674,-1.0829999543344702,-2.4749959084930557
-1.0726516654538683,-2.480331685348124,0.00012868290651,56,30,4.592439143736674,-1.0829999543344702,-2.4749959084930557
-1.0732320068449919,-2.480331250434859,0.00013575528283,56,30,4.592439143736674,-1.0829999543344702,-2.4749959084930557
-1.0737961269668572,-2.480333077070563,0.00014060348622,56,30,4.592439143736674,-1.0829999543344702,-2.4749959084930557
-1.074370918645224,-2.4803303309039633,0.0001436228049,56,30,4.592439143736674,-1.0829999543344702,-2.4749959084930557
-1.0749580556029883,-2.4803293243904103,0.00014258573356,56,30,4.592439143736674,-1.0829999543344702,-2.4749959084930557
-1.0755119446217432,-2.480332008426546,0.00014005569392,56,30,4.592439143736674,-1.0829999543344702,-2.4749959084930557
-1.076075334849413,-2.4803348788540807,0.00013065767416,56,30,4.592439143736674,-1.0829999543344702,-2.4749959084930557
-1.076667203535062,-2.480333549262106,0.00010625335563,56,30,4.592439143736674,-1.0829999543344702,-2.4749959084930557
-1.077255976462573,-2.4803339220449034,1.410396635e-07,56,30,4.592439143736674,-1.0829999543344702,-2.4749959084930557
-1.0778394765337471,-2.4803340090275574,1.413627615e-07,56,30,4.592439143736674,-1.0829999543344702,-2.4749959084930557
-1.078422687164118,-2.4803307409650386,4.7520959924e-05,56,30,4.592439143736674,-1.0829999543344702,-2.4749959084930557
-1.0790001089784635,-2.480331349843608,6.8771405495e-05,56,30,4.592439143736674,-1.0829999543344702,-2.4749959084930557
-1.0795754669540512,-2.4803335989664785,7.1246424341e-05,56,30,4.592439143736674,-1.0829999543344702,-2.4749959084930557
-1.0801531152872836,-2.4803335989664785,7.5580974226e-05,56,30,4.592439143736674,-1.0829999543344702,-2.4749959084930557
-1.080725213907759,-2.4803342699755113,7.3590475949e-05,56,30,4.592439143736674,-1.0829999543344702,-2.4749959084930557
-1.0812988729916873,-2.480336755194157,8.1513164332e-05,56,30,4.592439143736674,-1.0829999543344702,-2.4749959084930557
-1.0818707199245092,-2.4803344936451914,8.7058106146e-05,56,30,4.592439143736674,-1.0829999543344702,-2.4749959084930557
-1.0824364760161216,-2.4803320332787324,0.00010432650015,56,30,4.592439143736674,-1.0829999543344702,-2.4749959084930557
-1.083007731482958,-2.480331834461242,0.0001147938965,56,30,4.592439143736674,-1.0829999543344702,-2.4749959084930557
-1.0835633697309048,-2.480333176479308,0.00012529600644,56,30,4.592439143736674,-1.0829999543344702,-2.4749959084930557
-1.0840928702160486,-2.4803346179061228,0.00013238779502,56,30,4.592439143736674,-1.0829999543344702,-2.4749959084930557
-1.0846550145898348,-2.480333586540387,0.00014122138964,56,30,4.592439143736674,-1.0829999543344702,-2.4749959084930557
-1.0851643045564143,-2.4803332386097754,0.00014171880321,56,30,4.592439143736674,-1.0829999543344702,-2.4749959084930557
-1.0856975803563602,-2.480333859914436,0.00013787545322,56,30,4.592439143736674,-1.0829999543344702,-2.4749959084930557
-1.0862296103024207,-2.480334841575803,0.00013409940584,56,30,4.592439143736674,-1.0829999543344702,-2.4749959084930557
-1.0867637670091517,-2.4803342202711387,0.00011598917627,56,30,4.592439143736674,-1.0829999543344702,-2.4749959084930557
-1.0873173288339575,-2.480330877652065,7.0989364758e-05,56,30,4.592439143736674,-1.0829999543344702,-2.4749959084930557
-1.0878247311431368,-2.480335214358597,1.4136314519e-07,56,30,4.592439143736674,-1.0829999543344702,-2.4749959084930557
-1.0883480778651564,-2.480333176479308,3.9203583583e-05,56,30,4.592439143736674,-1.0829999543344702,-2.4749959084930557
-1.0888809006273266,-2.4803357486806075,5.5234238971e-05,56,30,4.592439143736674,-1.0829999543344702,-2.4749959084930557
-1.0894067138883488,-2.48033468003659,7.6016236562e-05,56,30,4.592439143736674,-1.0829999543344702,-2.4749959084930557
-1.0899337226657253,-2.4803340090275574,7.2994975199e-05,56,30,4.592439143736674,-1.0829999543344702,-2.4749959084930557
-1.090461197065261,-2.4803365439505716,7.2424089012e-05,56,30,4.592439143736674,-1.0829999543344702,-2.4749959084930557
-1.0909876269610332,-2.4803345060712827,7.5102587289e-05,56,30,4.592439143736674,-1.0829999543344702,-2.4749959084930557
-1.0915311590328527,-2.480335413176091,8.1340251199e-05,56,30,4.592439143736674,-1.0829999543344702,-2.4749959084930557
-1.0920629121224952,-2.4803321948179446,9.6107956779e-05,56,30,4.592439143736674,-1.0829999543344702,-2.4749959084930557
-1.0925693831873566,-2.4803313001392318,0.00011102993449,56,30,4.592439143736674,-1.0829999543344702,-2.4749959084930557
-1.0930953097078242,-2.480334120862394,0.00012208876433,56,30,4.592439143736674,-1.0829999543344702,-2.4749959084930557
-1.0936278556135746,-2.4803321699657586,0.00013382850739,56,30,4.592439143736674,-1.0829999543344702,-2.4749959084930557
-1.0941554684413182,-2.4803347918714267,0.00014161955914,56,30,4.592439143736674,-1.0829999543344702,-2.4749959084930557
-1.0946822255310413,-2.480338035081759,0.00014377915068,56,30,4.592439143736674,-1.0829999543344702,-2.4749959084930557
-1.0952108576937816,-2.4803375131858436,0.00014444784028,56,30,4.592439143736674,-1.0829999543344702,-2.4749959084930557
-1.0957381559119592,-2.4803365439505716,0.00014341133647,56,30,4.592439143736674,-1.0829999543344702,-2.4749959084930557
-1.096291579308557,-2.4803336983752233,0.00014401768567,56,30,4.592439143736674,-1.0829999543344702,-2.4749959084930557
-1.0967930040359681,-2.480335003115012,0.00014407050912,56,30,4.592439143736674,-1.0829999543344702,-2.4749959084930557
-1.0973155956950278,-2.48033436938426,0.00014418459614,56,30,4.592439143736674,-1.0829999543344702,-2.4749959084930557
-1.0978395464674162,-2.480333400148988,0.00014292048581,56,30,4.592439143736674,-1.0829999543344702,-2.4749959084930557
-1.0983595583280281,-2.4803376995772424,0.0001419424807,56,30,4.592439143736674,-1.0829999543344702,-2.4749959084930557
-1.0977539097433586,-2.479744105104088,0.00014216521231,56,30,4.592439143736674,-1.0829999543344702,-2.4749959084930557
-1.0971312219045566,-2.479741520476697,0.00014492431364,56,30,4.592439143736674,-1.0829999543344702,-2.4749959084930557
-1.0965071749524276,-2.4797391595189864,0.0001452564029,56,30,4.592439143736674,-1.0829999543344702,-2.4749959084930557
-1.0958911442520565,-2.4797367488569035,0.00014487144654,56,30,4.592439143736674,-1.0829999543344702,-2.4749959084930557
-1.095280424161172,-2.479736139978334,0.0001452905708,56,30,4.592439143736674,-1.0829999543344702,-2.4749959084930557
-1.0946750020953897,-2.4797391595189864,0.00014353505685,56,30,4.592439143736674,-1.0829999543344702,-2.4749959084930557
-1.0940734937726193,-2.4797397062670883,0.00013418791059,56,30,4.592439143736674,-1.0829999543344702,-2.4749959084930557
-1.0934785041600699,-2.4797407127806377,0.00012503020116,56,30,4.592439143736674,-1.0829999543344702,-2.4749959084930557
-1.0928864467086816,-2.479739793249742,0.00011135698878,56,30,4.592439143736674,-1.0829999543344702,-2.4749959084930557
-1.0923016001085621,-2.4797382896924596,9.5134004368e-05,56,30,4.592439143736674,-1.0829999543344702,-2.4749959084930557
-1.0917151049543126,-2.4797384512316722,8.1354286522e-05,56,30,4.592439143736674,-1.0829999543344702,-2.4749959084930557
-1.0911510603387446,-2.479738650049166,7.405182987e-05,56,30,4.592439143736674,-1.0829999543344702,-2.4749959084930557
-1.0905800313907952,-2.4797381281532505,7.1629779995e-05,56,30,4.592439143736674,-1.0829999543344702,-2.4749959084930557
-1.0900162258784973,-2.4797407252067325,7.4371549999e-05,56,30,4.592439143736674,-1.0829999543344702,-2.4749959084930557
-1.0894506333838614,-2.4797384139533944,7.6216485468e-05,56,30,4.592439143736674,-1.0829999543344702,-2.4749959084930557
-1.0888905654332162,-2.479740849467664,6.5347259806e-05,56,30,4.592439143736674,-1.0829999543344702,-2.4749959084930557
-1.08832587901413,-2.479736599743782,3.798358739e-05,56,30,4.592439143736674,-1.0829999543344702,-2.4749959084930557
-1.0877714740356852,-2.479738612770885,4.0681508835e-05,56,30,4.592439143736674,-1.0829999543344702,-2.4749959084930557
-1.087217798951436,-2.479740849467664,8.26296382e-05,56,30,4.592439143736674,-1.0829999543344702,-2.4749959084930557
-1.0866477767540998,-2.4797358044738176,0.00011972150969,56,30,4.592439143736674,-1.0829999543344702,-2.4749959084930557
-1.0861178106467972,-2.479734872516827,0.00013504586241,56,30,4.592439143736674,-1.0829999543344702,-2.4749959084930557
-1.085564412418966,-2.4797355932302327,0.00013779789151,56,30,4.592439143736674,-1.0829999543344702,-2.4749959084930557
-1.0850173567199979,-2.479736885543926,0.00014055558131,56,30,4.592439143736674,-1.0829999543344702,-2.4749959084930557
-1.0844692942704182,-2.4797365624655043,0.00013905213564,56,30,4.592439143736674,-1.0829999543344702,-2.4749959084930557
-1.0839247932011333,-2.479738749457911,0.0001317132992,56,30,4.592439143736674,-1.0829999543344702,-2.4749959084930557
-1.0833855146506564,-2.479738886144937,0.00012034257816,56,30,4.592439143736674,-1.0829999543344702,-2.4749959084930557
-1.0827988810681988,-2.479735729917259,0.00010838347225,56,30,4.592439143736674,-1.0829999543344702,-2.4749959084930557
-1.08224945950529,-2.4797382027098096,9.5860559668e-05,56,30,4.592439143736674,-1.0829999543344702,-2.4749959084930557
-1.0816789339326474,-2.479736599743782,8.6755688244e-05,56,30,4.592439143736674,-1.0829999543344702,-2.4749959084930557
-1.0811120074934473,-2.4797360902739616,7.4951552961e-05,56,30,4.592439143736674,-1.0829999543344702,-2.4749959084930557
-1.0805495610944782,-2.4797358417520954,7.6169060776e-05,56,30,4.592439143736674,-1.0829999543344702,-2.4749959084930557
-1.0799824836426868,-2.4797370222309523,7.3138762673e-05,56,30,4.592439143736674,-1.0829999543344702,-2.4749959084930557
-1.0794192570119914,-2.479739432893039,7.0898786362e-05,56,30,4.592439143736674,-1.0829999543344702,-2.4749959084930557
-1.078856508587838,-2.479740600945801,6.2137762143e-05,56,30,4.592439143736674,-1.0829999543344702,-2.4749959084930557
-1.0782912558715325,-2.479737618683427,3.4535260056e-05,56,30,4.592439143736674,-1.0829999543344702,-2.4749959084930557
-1.0777295393667574,-2.4797367488569035,4.1252969822e-05,56,30,4.592439143736674,-1.0829999543344702,-2.4749959084930557
-1.077168628262473,-2.4797387618840023,8.4211533249e-05,56,30,4.592439143736674,-1.0829999543344702,-2.4749959084930557
-1.0766086232337404,-2.4797380908749695,1.420604292e-07,56,30,4.592439143736674,-1.0829999543344702,-2.4749959084930557
-1.0760467934695217,-2.4797380535966917,0.00013376718562,56,30,4.592439143736674,-1.0829999543344702,-2.4749959084930557
-1.0755185765914093,-2.4797387618840023,0.00013890444825,56,30,4.592439143736674,-1.0829999543344702,-2.4749959084930557
-1.0749853259602298,-2.479740464258775,0.00013811378449,56,30,4.592439143736674,-1.0829999543344702,-2.4749959084930557
-1.0744534470267606,-2.4797381902837143,0.00013621964899,56,30,4.592439143736674,-1.0829999543344702,-2.4749959084930557
-1.0739178934535532,-2.4797393334842903,0.00013233360369,56,30,4.592439143736674,-1.0829999543344702,-2.4749959084930557
-1.0733675532307099,-2.4797378423531065,0.00012350166799,56,30,4.592439143736674,-1.0829999543344702,-2.4749959084930557
-1.0728586785487584,-2.4797361648305207,0.00012106144277,56,30,4.592439143736674,-1.0829999543344702,-2.4749959084930557
-1.0723280832223223,-2.4797363760741056,0.00010069383279,56,30,4.592439143736674,-1.0829999543344702,-2.4749959084930557
-1.0718012632106866,-2.4797395447278756,0.00010004089563,56,30,4.592439143736674,-1.0829999543344702,-2.4749959084930557
-1.0712702903527687,-2.4797335553509434,9.5783871075e-05,56,30,4.592439143736674,-1.0829999543344702,-2.4749959084930557
-1.0707421112278044,-2.479735170743062,8.9023640612e-05,56,30,4.592439143736674,-1.0829999543344702,-2.4749959084930557
-1.0702169020171508,-2.4797409985807852,7.9980512965e-05,56,30,4.592439143736674,-1.0829999543344702,-2.4749959084930557
-1.0696909251591522,-2.479735183169157,8.8920474809e-05,56,30,4.592439143736674,-1.0829999543344702,-2.4749959084930557
-1.069165338417017,-2.479736015717403,9.9288066849e-05,56,30,4.592439143736674,-1.0829999543344702,-2.4749959084930557
-1.0686169361891051,-2.4797345245862155,9.6853967989e-05,56,30,4.592439143736674,-1.0829999543344702,-2.4749959084930557
-1.068098270857439,-2.4797349470733856,0.00010073839803,56,30,4.592439143736674,-1.0829999543344702,-2.4749959084930557
-1.067592529686771,-2.4797330831594007,0.00011593134695,56,30,4.592439143736674,-1.0829999543344702,-2.4749959084930557
-1.0670694724055525,-2.4797375192746816,0.00012065908231,56,30,4.592439143736674,-1.0829999543344702,-2.4749959084930557
-1.0676557032877656,-2.4791447449236808,7.0766378485e-05,56,30,4.592439143736674,-1.0829999543344702,-2.4749959084930557
-1.0682704377967205,-2.4791400105821646,5.6739947468e-05,56,30,4.592439143736674,-1.0829999543344702,-2.4749959084930557
-1.0688868334441886,-2.4791389916425204,6.8250963523e-05,56,30,4.592439143736674,-1.0829999543344702,-2.4749959084930557
-1.0695001459179037,-2.479140793426038,5.9831829276e-05,56,30,4.592439143736674,-1.0829999543344702,-2.4749959084930557
-1.0701068893438654,-2.4791351022753414,7.1118010965e-05,56,30,4.592439143736674,-1.0829999543344702,-2.4749959084930557
-1.0707048237019596,-2.479138892233775,6.9730711402e-05,56,30,4.592439143736674,-1.0829999543344702,-2.4749959084930557
-1.0712981018384666,-2.479139463834063,6.8438639573e-05,56,30,4.592439143736674,-1.0829999543344702,-2.4749959084930557
-1.0718931166197807,-2.4791388549554942,7.7819291619e-05,56,30,4.592439143736674,-1.0829999543344702,-2.4749959084930557
-1.0724782023231703,-2.4791403088084003,0.00010306463082,56,30,4.592439143736674,-1.0829999543344702,-2.4749959084930557
-1.0730617149787274,-2.4791385691553502,0.00011695953435,56,30,4.592439143736674,-1.0829999543344702,-2.4749959084930557
-1.0736428869391068,-2.479139438981877,0.00013032299466,56,30,4.592439143736674,-1.0829999543344702,-2.4749959084930557
-1.0742202584159213,-2.479138792825027,0.00013846695947,56,30,4.592439143736674,-1.0829999543344702,-2.4749959084930557
-1.0747918410767068,-2.479140892834783,0.00014033621119,56,30,4.592439143736674,-1.0829999543344702,-2.4749959084930557
-1.0753611082110828,-2.4791402839562138,0.00013992989261,56,30,4.592439143736674,-1.0829999543344702,-2.4749959084930557
-1.075924322257395,-2.4791368543544863,0.00013307551853,56,30,4.592439143736674,-1.0829999543344702,-2.4749959084930557
-1.0765062996182673,-2.4791397620602984,0.0001077471461,56,30,4.592439143736674,-1.0829999543344702,-2.4749959084930557
-1.0770969224500309,-2.4791394762601544,1.4136195148e-07,56,30,4.592439143736674,-1.0829999543344702,-2.4749959084930557
-1.077680611286944,-2.479140607034639,1.4135984827e-07,56,30,4.592439143736674,-1.0829999543344702,-2.4749959084930557
-1.0782626012321976,-2.4791431668098434,4.4852029532e-05,56,30,4.592439143736674,-1.0829999543344702,-2.4749959084930557
-1.0788441129709094,-2.4791422721311305,6.9506051659e-05,56,30,4.592439143736674,-1.0829999543344702,-2.4749959084930557
-1.0794182628457594,-2.479140495199799,7.2039707447e-05,56,30,4.592439143736674,-1.0829999543344702,-2.4749959084930557
-1.0799966662419538,-2.479137326546029,7.228537288e-05,56,30,4.592439143736674,-1.0829999543344702,-2.4749959084930557
-1.0805926122675855,-2.4791394886862497,7.3476796388e-05,56,30,4.592439143736674,-1.0829999543344702,-2.4749959084930557
-1.081144047331721,-2.479138084537716,7.9680088675e-05,56,30,4.592439143736674,-1.0829999543344702,-2.4749959084930557
-1.081711754002646,-2.4791421478701987,9.0854584414e-05,56,30,4.592439143736674,-1.0829999543344702,-2.4749959084930557
-1.0822815622654764,-2.479139501112341,9.9058692285e-05,56,30,4.592439143736674,-1.0829999543344702,-2.4749959084930557
-1.0828482370170232,-2.479141240765391,0.00011524510774,56,30,4.592439143736674,-1.0829999543344702,-2.4749959084930557
-1.083409550821552,-2.479139600521086,0.00012557928858,56,30,4.592439143736674,-1.0829999543344702,-2.4749959084930557
-1.083947193402282,-2.4791415886960024,0.0001334988192,56,30,4.592439143736674,-1.0829999543344702,-2.4749959084930557
-1.0845056505519468,-2.479137326546029,0.00014092837228,56,30,4.592439143736674,-1.0829999543344702,-2.4749959084930557
-1.0850159346847565,-2.479139314720942,0.00014538144751,56,30,4.592439143736674,-1.0829999543344702,-2.4749959084930557
-1.0855503682479073,-2.479140495199799,0.00014039610687,56,30,4.592439143736674,-1.0829999543344702,-2.4749959084930557
-1.0860804727834197,-2.4791418744961464,0.0001318914874,56,30,4.592439143736674,-1.0829999543344702,-2.4749959084930557
-1.0866179769359416,-2.479139724782021,0.00010896657477,56,30,4.592439143736674,-1.0829999543344702,-2.4749959084930557
-1.0871696762721137,-2.479139724782021,7.2264934715e-05,56,30,4.592439143736674,-1.0829999543344702,-2.4749959084930557
-1.0876791172512845,-2.4791378111636635,1.4136099935e-07,56,30,4.592439143736674,-1.0829999543344702,-2.4749959084930557
-1.0882026401546618,-2.4791414271567898,4.0010814701e-05,56,30,4.592439143736674,-1.0829999543344702,-2.4749959084930557
-1.088733386493691,-2.479136928911045,5.9482739744e-05,56,30,4.592439143736674,-1.0829999543344702,-2.4749959084930557
-1.0892610370745823,-2.4791411662088323,7.0579786552e-05,56,30,4.592439143736674,-1.0829999543344702,-2.4749959084930557
-1.0897891532776343,-2.4791410419479005,7.3137198342e-05,56,30,4.592439143736674,-1.0829999543344702,-2.4749959084930557
-1.0903148281104467,-2.479140196973564,7.3047543992e-05,56,30,4.592439143736674,-1.0829999543344702,-2.4749959084930557
-1.0908382755075285,-2.479142309409408,7.7545540989e-05,56,30,4.592439143736674,-1.0829999543344702,-2.4749959084930557
-1.0913544994689586,-2.479139252590478,8.5318148194e-05,56,30,4.592439143736674,-1.0829999543344702,-2.4749959084930557
-1.091885220639221,-2.4791376371983596,9.4240065664e-05,56,30,4.592439143736674,-1.0829999543344702,-2.4749959084930557
-1.092415010565168,-2.4791421851484765,0.00010566270794,56,30,4.592439143736674,-1.0829999543344702,-2.4749959084930557
-1.0929436175591416,-2.479141750235215,0.00012469910143,56,30,4.592439143736674,-1.0829999543344702,-2.4749959084930557
-1.0934722623062652,-2.479145428358809,0.00012977261213,56,30,4.592439143736674,-1.0829999543344702,-2.4749959084930557
-1.0939983524237071,-2.4791417129569338,0.00014249436208,56,30,4.592439143736674,-1.0829999543344702,-2.4749959084930557
-1.0945301306821142,-2.479143663853569,0.00014435531921,56,30,4.592439143736674,-1.0829999543344702,-2.4749959084930557
-1.0950554405678297,-2.4791404206432404,0.00014503342391,56,30,4.592439143736674,-1.0829999543344702,-2.4749959084930557
-1.0956076936168395,-2.4791410170957144,0.00014528907195,56,30,4.592439143736674,-1.0829999543344702,-2.4749959084930557
-1.0961110563391818,-2.4791450431499196,0.00014489596651,56,30,4.592439143736674,-1.0829999543344702,-2.4749959084930557
-1.0966333082199093,-2.4791457762894167,0.00014052636106,56,30,4.592439143736674,-1.0829999543344702,-2.4749959084930557
-1.0971550189721821,-2.47914307982719,0.00014071066107,56,30,4.592439143736674,-1.0829999543344702,-2.4749959084930557
-1.0976794857042604,-2.4791434526099874,0.0001417799358,56,30,4.592439143736674,-1.0829999543344702,-2.4749959084930557
-1.0982046319930014,-2.4791409922435284,0.00014282329357,56,30,4.592439143736674,-1.0829999543344702,-2.4749959084930557
-1.0975965168693296,-2.4785505539980517,0.00014310926781,56,30,4.592439143736674,-1.0829999543344702,-2.4749959084930557
-1.0969721301388666,-2.4785476835705174,0.00014402532543,56,30,4.592439143736674,-1.0829999543344702,-2.4749959084930557
-1.0963505245569736,-2.4785456456912316,0.00014170298527,56,30,4.592439143736674,-1.0829999543344702,-2.4749959084930557
-1.0957388983905378,-2.4785448379951722,0.00014238141011,56,30,4.592439143736674,-1.0829999543344702,-2.4749959084930557
-1.0951251706321947,-2.4785452604823393,0.00014394315076,56,30,4.592439143736674,-1.0829999543344702,-2.4749959084930557
-1.0945188676596274,-2.4785447634386135,0.00014191647642,56,30,4.592439143736674,-1.0829999543344702,-2.4749959084930557
-1.0939138986316206,-2.478542104254664,0.00013591859897,56,30,4.592439143736674,-1.0829999543344702,-2.4749959084930557
-1.0933288255126141,-2.478543384142266,0.00012186279491,56,30,4.592439143736674,-1.0829999543344702,-2.4749959084930557
-1.092738592796714,-2.478546739187435,0.0001094456311,56,30,4.592439143736674,-1.0829999543344702,-2.4749959084930557
-1.0921480203024796,-2.478544701308146,9.6056894108e-05,56,30,4.592439143736674,-1.0829999543344702,-2.4749959084930557
-1.0915647845033423,-2.478547000135393,8.3124818048e-05,56,30,4.592439143736674,-1.0829999543344702,-2.4749959084930557
-1.0910018221446833,-2.4785454344476467,7.4193674664e-05,56,30,4.592439143736674,-1.0829999543344702,-2.4749959084930557
-1.090430805781117,-2.478542091828569,7.159566303e-05,56,30,4.592439143736674,-1.0829999543344702,-2.4749959084930557
-1.0898648231706178,-2.4785449001256366,7.2648741479e-05,56,30,4.592439143736674,-1.0829999543344702,-2.4749959084930557
-1.0893018230588094,-2.4785453350389015,7.0058267738e-05,56,30,4.592439143736674,-1.0829999543344702,-2.4749959084930557
-1.0887424975867428,-2.4785468510222715,6.1224403908e-05,56,30,4.592439143736674,-1.0829999543344702,-2.4749959084930557
-1.088169379631269,-2.47854509894313,3.3661963244e-05,56,30,4.592439143736674,-1.0829999543344702,-2.4749959084930557
-1.0876265900380284,-2.478545272908434,3.7585119571e-05,56,30,4.592439143736674,-1.0829999543344702,-2.4749959084930557
-1.0870733176540237,-2.47854498710829,1.4136600157e-07,56,30,4.592439143736674,-1.0829999543344702,-2.4749959084930557
-1.0865219958493317,-2.478546714335249,1.416300961e-07,56,30,4.592439143736674,-1.0829999543344702,-2.4749959084930557
-1.085970397188222,-2.4785469628571115,1.413757218e-07,56,30,4.592439143736674,-1.0829999543344702,-2.4749959084930557
-1.0854208875346345,-2.4785478451097296,0.00014265412756,56,30,4.592439143736674,-1.0829999543344702,-2.4749959084930557
-1.0848743729641226,-2.4785453723171793,0.00013960684009,56,30,4.592439143736674,-1.0829999543344702,-2.4749959084930557
-1.0843084406911545,-2.4785436575163153,0.00013825806673,56,30,4.592439143736674,-1.0829999543344702,-2.4749959084930557
-1.0837850813847516,-2.478544303673162,0.00013215377112,56,30,4.592439143736674,-1.0829999543344702,-2.4749959084930557
-1.083236314209743,-2.4785469380049254,0.00012119622988,56,30,4.592439143736674,-1.0829999543344702,-2.4749959084930557
-1.082666958984688,-2.4785462545697974,0.00010494208982,56,30,4.592439143736674,-1.0829999543344702,-2.4749959084930557
-1.0820978932004344,-2.478547459900841,9.6026953543e-05,56,30,4.592439143736674,-1.0829999543344702,-2.4749959084930557
-1.0815317469929606,-2.4785449125517314,8.242745389e-05,56,30,4.592439143736674,-1.0829999543344702,-2.4749959084930557
-1.0809677275461573,-2.4785449125517314,7.4831725215e-05,56,30,4.592439143736674,-1.0829999543344702,-2.4749959084930557
-1.0804004109910958,-2.478547894814102,7.3319075454e-05,56,30,4.592439143736674,-1.0829999543344702,-2.4749959084930557
-1.079836819413302,-2.4785452107779666,7.2206399636e-05,56,30,4.592439143736674,-1.0829999543344702,-2.4749959084930557
-1.0792759963996965,-2.4785470374136707,6.7806482548e-05,56,30,4.592439143736674,-1.0829999543344702,-2.4749959084930557
-1.0787106933458617,-2.4785443285253486,5.4223979532e-05,56,30,4.592439143736674,-1.0829999543344702,-2.4749959084930557
-1.0781481085186828,-2.478543881185992,4.3154359446e-05,56,30,4.592439143736674,-1.0829999543344702,-2.4749959084930557
-1.0775915390264184,-2.478546627352595,3.8897807826e-05,56,30,4.592439143736674,-1.0829999543344702,-2.4749959084930557
-1.0770252292219702,-2.4785471616746055,7.8211007349e-05,56,30,4.592439143736674,-1.0829999543344702,-2.4749959084930557
-1.0764656268934838,-2.4785463788307323,1.4136776372e-07,56,30,4.592439143736674,-1.0829999543344702,-2.4749959084930557
-1.0759140911542862,-2.478546875874458,0.00013235140068,56,30,4.592439143736674,-1.0829999543344702,-2.4749959084930557
-1.075364745097675,-2.4785404888625453,0.0001384447969,56,30,4.592439143736674,-1.0829999543344702,-2.4749959084930557
-1.0748524600480198,-2.478542066976383,0.00013987249986,56,30,4.592439143736674,-1.0829999543344702,-2.4749959084930557
-1.0743234000162687,-2.478545248056248,0.00013957185729,56,30,4.592439143736674,-1.0829999543344702,-2.4749959084930557
-1.073790602422865,-2.478544601899401,0.00013108548592,56,30,4.592439143736674,-1.0829999543344702,-2.4749959084930557
-1.073262171610247,-2.478546590074314,0.00011506991723,56,30,4.592439143736674,-1.0829999543344702,-2.4749959084930557
-1.0727320544903514,-2.4785456332651368,0.00010405234207,56,30,4.592439143736674,-1.0829999543344702,-2.4749959084930557
-1.0721996344284292,-2.4785452232040615,9.1717360192e-05,56,30,4.592439143736674,-1.0829999543344702,-2.4749959084930557
-1.0716748782555499,-2.4785450368126627,7.8641569417e-05,56,30,4.592439143736674,-1.0829999543344702,-2.4749959084930557
-1.0711442703447305,-2.4785456456912316,7.3249299021e-05,56,30,4.592439143736674,-1.0829999543344702,-2.4749959084930557
-1.0706201433909843,-2.4785450492387575,7.1803064202e-05,56,30,4.592439143736674,-1.0829999543344702,-2.4749959084930557
-1.0700937386639766,-2.478545272908434,6.8635672505e-05,56,30,4.592439143736674,-1.0829999543344702,-2.4749959084930557
-1.0695669186523409,-2.478547584161772,6.8039124017e-05,56,30,4.592439143736674,-1.0829999543344702,-2.4749959084930557
-1.0690405516784809,-2.478545422021552,6.3668674557e-05,56,30,4.592439143736674,-1.0829999543344702,-2.4749959084930557
-1.068514826508136,-2.4785454717259245,5.8567613451e-05,56,30,4.592439143736674,-1.0829999543344702,-2.4749959084930557
-1.067981701720783,-2.4785444900645612,4.3667590944e-05,56,30,4.592439143736674,-1.0829999543344702,-2.4749959084930557
-1.0674764135878927,-2.478546167587147,4.7862831707e-05,56,30,4.592439143736674,-1.0829999543344702,-2.4749959084930557
-1.0669266019091208,-2.4785469380049254,8.0106714449e-05,56,30,4.592439143736674,-1.0829999543344702,-2.4749959084930557
-1.0675196031892098,-2.4779509701479685,3.4771830542e-05,56,30,4.592439143736674,-1.0829999543344702,-2.4749959084930557
-1.068139006504135,-2.47794627308473,5.8041510783e-05,56,30,4.592439143736674,-1.0829999543344702,-2.4749959084930557
-1.0687496510887236,-2.4779476523810775,6.895486149e-05,56,30,4.592439143736674,-1.0829999543344702,-2.4749959084930557
-1.0693644736883592,-2.4779485222076043,7.6446558523e-05,56,30,4.592439143736674,-1.0829999543344702,-2.4749959084930557
-1.0699702355324718,-2.477948882564307,7.6199416071e-05,56,30,4.592439143736674,-1.0829999543344702,-2.4749959084930557
-1.0705690004598218,-2.4779477642159176,7.4463889177e-05,56,30,4.592439143736674,-1.0829999543344702,-2.4749959084930557
-1.071162618374661,-2.477946235806449,7.9217257735e-05,56,30,4.592439143736674,-1.0829999543344702,-2.4749959084930557
-1.0717519827681579,-2.4779479754595024,8.4754887212e-05,56,30,4.592439143736674,-1.0829999543344702,-2.4749959084930557
-1.0723404033329536,-2.477946434623943,0.00010399991152,56,30,4.592439143736674,-1.0829999543344702,-2.4749959084930557
-1.0729231735099338,-2.4779459003019326,0.00011020510283,56,30,4.592439143736674,-1.0829999543344702,-2.4749959084930557
-1.073502734669331,-2.477946148823799,0.00012726942077,56,30,4.592439143736674,-1.0829999543344702,-2.4749959084930557
-1.074076142065606,-2.4779452292928994,0.00013188553567,56,30,4.592439143736674,-1.0829999543344702,-2.4749959084930557
-1.074652833985756,-2.4779457511888148,0.00014029536396,56,30,4.592439143736674,-1.0829999543344702,-2.4749959084930557
-1.075213203961584,-2.477948186703084,0.00013715373643,56,30,4.592439143736674,-1.0829999543344702,-2.4749959084930557
-1.0757825340178742,-2.4779457139105334,0.00012960139429,56,30,4.592439143736674,-1.0829999543344702,-2.4749959084930557
-1.0763585212125952,-2.477948484929323,0.00010840388131,56,30,4.592439143736674,-1.0829999543344702,-2.4749959084930557
-1.0769432545532693,-2.4779462606586353,6.7748274887e-05,56,30,4.592439143736674,-1.0829999543344702,-2.4749959084930557
-1.0775286422818435,-2.4779482115552707,1.4161973638e-07,56,30,4.592439143736674,-1.0829999543344702,-2.4749959084930557
-1.0781321766902239,-2.4779453535538307,4.4989432354e-05,56,30,4.592439143736674,-1.0829999543344702,-2.4749959084930557
-1.078688066625824,-2.4779464719022206,6.7181812483e-05,56,30,4.592439143736674,-1.0829999543344702,-2.4749959084930557
-1.079292003734451,-2.477942967743934,7.2704366175e-05,56,30,4.592439143736674,-1.0829999543344702,-2.4749959084930557
-1.0798437030706214,-2.4779457511888148,7.5495547208e-05,56,30,4.592439143736674,-1.0829999543344702,-2.4749959084930557
-1.080413662346045,-2.4779448316579153,7.3158844316e-05,56,30,4.592439143736674,-1.0829999543344702,-2.4749959084930557
-1.0810098223061824,-2.477944980771033,7.756605919e-05,56,30,4.592439143736674,-1.0829999543344702,-2.4749959084930557
-1.0815789761811148,-2.4779434772137545,8.7520798843e-05,56,30,4.592439143736674,-1.0829999543344702,-2.4749959084930557
-1.0821275168372348,-2.4779476523810775,9.588944522e-05,56,30,4.592439143736674,-1.0829999543344702,-2.4749959084930557
-1.0827137225506833,-2.477943253544078,0.00011017244105,56,30,4.592439143736674,-1.0829999543344702,-2.4749959084930557
-1.0832568645066394,-2.4779474784157736,0.00012256785703,56,30,4.592439143736674,-1.0829999543344702,-2.4749959084930557
-1.0837973385734705,-2.477947726937636,0.00013642098929,56,30,4.592439143736674,-1.0829999543344702,-2.4749959084930557
-1.0843360256579635,-2.477945390832112,0.00013981871598,56,30,4.592439143736674,-1.0829999543344702,-2.4749959084930557
-1.0848689113420444,-2.4779460369889588,0.00014344025112,56,30,4.592439143736674,-1.0829999543344702,-2.4749959084930557
-1.0854040496306259,-2.47794759025061,0.00014126001042,56,30,4.592439143736674,-1.0829999543344702,-2.4749959084930557
-1.0859359285640933,-2.477947726937636,0.00013228628086,56,30,4.592439143736674,-1.0829999543344702,-2.4749959084930557
-1.0864678578350935,-2.4779453784060173,0.00011225950584,56,30,4.592439143736674,-1.0829999543344702,-2.4749959084930557
-1.0869974086577683,-2.4779461861020766,7.6990239904e-05,56,30,4.592439143736674,-1.0829999543344702,-2.4749959084930557
-1.08752911140988,-2.477947987885594,1.4117797775e-07,56,30,4.592439143736674,-1.0829999543344702,-2.4749959084930557
-1.0880548869177542,-2.4779484227988555,4.2884556024e-05,56,30,4.592439143736674,-1.0829999543344702,-2.4749959084930557
-1.0885828395238317,-2.477945950006305,6.2880972109e-05,56,30,4.592439143736674,-1.0829999543344702,-2.4749959084930557
-1.089110062235714,-2.477947739363731,7.2643335443e-05,56,30,4.592439143736674,-1.0829999543344702,-2.4749959084930557
-1.0896355608871686,-2.477946099119426,7.281955186e-05,56,30,4.592439143736674,-1.0829999543344702,-2.4749959084930557
-1.090163979115405,-2.4779489695469574,7.4479808973e-05,56,30,4.592439143736674,-1.0829999543344702,-2.4749959084930557
-1.0906904719330917,-2.477948273685738,7.3812327173e-05,56,30,4.592439143736674,-1.0829999543344702,-2.4749959084930557
-1.0912058275721164,-2.47794585059756,8.1156824308e-05,56,30,4.592439143736674,-1.0829999543344702,-2.4749959084930557
-1.0917276515838343,-2.477946061841145,9.1331166914e-05,56,30,4.592439143736674,-1.0829999543344702,-2.4749959084930557
-1.0922570891470658,-2.4779482488335516,0.00010493974696,56,30,4.592439143736674,-1.0829999543344702,-2.4749959084930557
-1.092787118176281,-2.477945776041001,0.00012190812413,56,30,4.592439143736674,-1.0829999543344702,-2.4749959084930557
-1.09331621596118,-2.4779491310861697,0.00013059080811,56,30,4.592439143736674,-1.0829999543344702,-2.4749959084930557
-1.0938436526075674,-2.4779483233901103,0.00014311182895,56,30,4.592439143736674,-1.0829999543344702,-2.4749959084930557
-1.094372297354691,-2.4779474784157736,0.00014507846208,56,30,4.592439143736674,-1.0829999543344702,-2.4749959084930557
-1.0948995829884856,-2.477946347641289,0.00014437572099,56,30,4.592439143736674,-1.0829999543344702,-2.4749959084930557
-1.0954261009749384,-2.4779459003019326,0.00014140506391,56,30,4.592439143736674,-1.0829999543344702,-2.4749959084930557
-1.0959529713241052,-2.4779466210153416,0.00013951519213,56,30,4.592439143736674,-1.0829999543344702,-2.4749959084930557
-1.096470780917751,-2.477947714511545,0.00014310213737,56,30,4.592439143736674,-1.0829999543344702,-2.4749959084930557
-1.0969987209394436,-2.4779465464587793,0.00014477205696,56,30,4.592439143736674,-1.0829999543344702,-2.4749959084930557
-1.097517587621234,-2.4779463600673837,0.00014604609169,56,30,4.592439143736674,-1.0829999543344702,-2.4749959084930557
-1.0980426584036793,-2.4779467949806455,0.00014492707851,56,30,4.592439143736674,-1.0829999543344702,-2.4749959084930557
-1.0974333100105051,-2.4773567543701533,0.00014014878252,56,30,4.592439143736674,-1.0829999543344702,-2.4749959084930557
-1.0968086086704762,-2.4773525419245526,0.00013846326328,56,30,4.592439143736674,-1.0829999543344702,-2.4749959084930557
-1.0961856817284041,-2.477347770304755,0.0001390830439,56,30,4.592439143736674,-1.0829999543344702,-2.4749959084930557
-1.0955678640456947,-2.477347844861314,0.00013973074965,56,30,4.592439143736674,-1.0829999543344702,-2.4749959084930557
-1.0949539726903772,-2.4773494229751516,0.00014412321616,56,30,4.592439143736674,-1.0829999543344702,-2.4749959084930557
-1.0943573848612287,-2.477352082159101,0.00014351302525,56,30,4.592439143736674,-1.0829999543344702,-2.4749959084930557
-1.0937551214754981,-2.4773478200091277,0.00013849430252,56,30,4.592439143736674,-1.0829999543344702,-2.4749959084930557
-1.0931596159032588,-2.4773495596621777,0.00012009695638,56,30,4.592439143736674,-1.0829999543344702,-2.4749959084930557
-1.0925676339581663,-2.4773507028627537,0.00011365827231,56,30,4.592439143736674,-1.0829999543344702,-2.4749959084930557
-1.0919807864412032,-2.4773505786018224,9.3776849099e-05,56,30,4.592439143736674,-1.0829999543344702,-2.4749959084930557
-1.0914013762943973,-2.4773507028627537,8.7748456281e-05,56,30,4.592439143736674,-1.0829999543344702,-2.4749959084930557
-1.090831580615948,-2.4773529892639057,7.1333321102e-05,56,30,4.592439143736674,-1.0829999543344702,-2.4749959084930557
-1.0902649562019342,-2.477350926532434,7.4892603152e-05,56,30,4.592439143736674,-1.0829999543344702,-2.4749959084930557
-1.089699388876061,-2.4773474720785162,7.168702723e-05,56,30,4.592439143736674,-1.0829999543344702,-2.4749959084930557
-1.0891258178828134,-2.4773489632097037,7.0969392254e-05,56,30,4.592439143736674,-1.0829999543344702,-2.4749959084930557
-1.0885807882694571,-2.477348056104899,5.2272956964e-05,56,30,4.592439143736674,-1.0829999543344702,-2.4749959084930557
-1.0880186690644353,-2.477352057306915,3.6572724639e-05,56,30,4.592439143736674,-1.0829999543344702,-2.4749959084930557
-1.0874468598847613,-2.4773473975219575,4.2241430492e-05,56,30,4.592439143736674,-1.0829999543344702,-2.4749959084930557
-1.0869117215961817,-2.4773477578786602,1.4171502016e-07,56,30,4.592439143736674,-1.0829999543344702,-2.4749959084930557
-1.0863583862902628,-2.4773477578786602,1.4134366211e-07,56,30,4.592439143736674,-1.0829999543344702,-2.4749959084930557
-1.0858089521429728,-2.477348192791922,0.00013699926785,56,30,4.592439143736674,-1.0829999543344702,-2.4749959084930557
-1.0852600339553709,-2.4773479939744316,0.00014138332335,56,30,4.592439143736674,-1.0829999543344702,-2.4749959084930557
-1.084696605974553,-2.4773462915996594,0.0001407549571,56,30,4.592439143736674,-1.0829999543344702,-2.4749959084930557
-1.0841689302248954,-2.4773503797843324,0.00013958076306,56,30,4.592439143736674,-1.0829999543344702,-2.4749959084930557
-1.0836248192714737,-2.4773520076025424,0.00012649327982,56,30,4.592439143736674,-1.0829999543344702,-2.4749959084930557
-1.0830723648723415,-2.4773503176538645,0.00012094140402,56,30,4.592439143736674,-1.0829999543344702,-2.4749959084930557
-1.0824812134965067,-2.477348975635795,0.00010650503827,56,30,4.592439143736674,-1.0829999543344702,-2.4749959084930557
-1.0819334656564927,-2.477351510558813,9.2909518571e-05,56,30,4.592439143736674,-1.0829999543344702,-2.4749959084930557
-1.0813668664112435,-2.4773526040550164,8.0541125499e-05,56,30,4.592439143736674,-1.0829999543344702,-2.4749959084930557
-1.0808006069443246,-2.4773482549223895,7.3675910244e-05,56,30,4.592439143736674,-1.0829999543344702,-2.4749959084930557
-1.0802135706616205,-2.4773490129140763,7.3046052421e-05,56,30,4.592439143736674,-1.0829999543344702,-2.4749959084930557
-1.0796739649171945,-2.4773514608544405,7.2085771535e-05,56,30,4.592439143736674,-1.0829999543344702,-2.4749959084930557
-1.0791114304275449,-2.4773473726697715,7.1217058576e-05,56,30,4.592439143736674,-1.0829999543344702,-2.4749959084930557
-1.0785274018122997,-2.477347037165255,5.6062926888e-05,56,30,4.592439143736674,-1.0829999543344702,-2.4749959084930557
-1.0779847128941193,-2.4773476584699154,3.5094250052e-05,56,30,4.592439143736674,-1.0829999543344702,-2.4749959084930557
-1.0774272121575386,-2.4773517218023984,3.8981539547e-05,56,30,4.592439143736674,-1.0829999543344702,-2.4749959084930557
-1.076844479733708,-2.477349348418593,7.9012235801e-05,56,30,4.592439143736674,-1.0829999543344702,-2.4749959084930557
-1.0763039930824936,-2.477349572088273,0.00011347825784,56,30,4.592439143736674,-1.0829999543344702,-2.4749959084930557
-1.0757631163154178,-2.4773479691222455,0.00013254283112,56,30,4.592439143736674,-1.0829999543344702,-2.4749959084930557
-1.0752339430242213,-2.4773530389682783,0.00013948092237,56,30,4.592439143736674,-1.0829999543344702,-2.4749959084930557
-1.0747012964434106,-2.4773472981132123,0.00013942606165,56,30,4.592439143736674,-1.0829999543344702,-2.4749959084930557
-1.0741688260439557,-2.4773480436788042,0.00013018189929,56,30,4.592439143736674,-1.0829999543344702,-2.4749959084930557
-1.0736374882389412,-2.4773500070015344,0.00012387715105,56,30,4.592439143736674,-1.0829999543344702,-2.4749959084930557
-1.0731075724691694,-2.4773520076025424,0.00011595334945,56,30,4.592439143736674,-1.0829999543344702,-2.4749959084930557
-1.0725781223215551,-2.477350081558093,0.00010318822024,56,30,4.592439143736674,-1.0829999543344702,-2.4749959084930557
-1.0720487728490027,-2.4773507525671263,9.0902656666e-05,56,30,4.592439143736674,-1.0829999543344702,-2.4749959084930557
-1.0715212481119378,-2.477349572088273,8.2033533545e-05,56,30,4.592439143736674,-1.0829999543344702,-2.4749959084930557
-1.0709963031733192,-2.4773505661757276,7.6935117249e-05,56,30,4.592439143736674,-1.0829999543344702,-2.4749959084930557
-1.0704662238065714,-2.4773479566961543,7.4290706834e-05,56,30,4.592439143736674,-1.0829999543344702,-2.4749959084930557
-1.0699404231299305,-2.4773492490098477,7.3819486715e-05,56,30,4.592439143736674,-1.0829999543344702,-2.4749959084930557
-1.0694142323374283,-2.4773508644019664,7.2417919e-05,56,30,4.592439143736674,-1.0829999543344702,-2.4749959084930557
-1.0688916406783686,-2.477350168540747,6.8937486503e-05,56,30,4.592439143736674,-1.0829999543344702,-2.4749959084930557
-1.068364254369512,-2.4773490129140763,5.5344298744e-05,56,30,4.592439143736674,-1.0829999543344702,-2.4749959084930557
-1.0678548637278704,-2.4773504667669823,3.7513073039e-05,56,30,4.592439143736674,-1.0829999543344702,-2.4749959084930557
-1.0673288239479612,-2.4773480685309908,3.8061592932e-05,56,30,4.592439143736674,-1.0829999543344702,-2.4749959084930557
-1.0668021171957691,-2.4773502803755836,6.9722504122e-05,56,30,4.592439143736674,-1.0829999543344702,-2.4749959084930557
-1.067389090556559,-2.4767539894402018,3.9625698264e-05,56,30,4.592439143736674,-1.0829999543344702,-2.4749959084930557
-1.0680140687530058,-2.476748323141695,3.2742700569e-05,56,30,4.592439143736674,-1.0829999543344702,-2.4749959084930557
-1.0686266009949947,-2.4767507213776865,5.6215099903e-05,56,30,4.592439143736674,-1.0829999543344702,-2.4749959084930557
-1.0692391961588978,-2.4767482610112275,6.9952475314e-05,56,30,4.592439143736674,-1.0829999543344702,-2.4749959084930557
-1.0698475378014585,-2.47674862136793,7.1911184932e-05,56,30,4.592439143736674,-1.0829999543344702,-2.4749959084930557
-1.0704484546582433,-2.4767494166378983,7.6137679571e-05,56,30,4.592439143736674,-1.0829999543344702,-2.4749959084930557
-1.0710430919080791,-2.4767507089515917,8.0545331002e-05,56,30,4.592439143736674,-1.0829999543344702,-2.4749959084930557
-1.071631952926269,-2.47675038587317,8.6724496214e-05,56,30,4.592439143736674,-1.0829999543344702,-2.4749959084930557
-1.072218359989838,-2.4767498515511597,9.7018753877e-05,56,30,4.592439143736674,-1.0829999543344702,-2.4749959084930557
-1.0728002995975607,-2.4767486462201163,0.00010890119302,56,30,4.592439143736674,-1.0829999543344702,-2.4749959084930557
-1.0733929988524653,-2.4767455521229054,0.00012426807371,56,30,4.592439143736674,-1.0829999543344702,-2.4749959084930557
-1.0739547908635363,-2.476748024915456,0.00013033476716,56,30,4.592439143736674,-1.0829999543344702,-2.4749959084930557
-1.0745262854336448,-2.4767484225504397,0.00013701101125,56,30,4.592439143736674,-1.0829999543344702,-2.4749959084930557
-1.0751142403762817,-2.4767440112873453,0.00013706061873,56,30,4.592439143736674,-1.0829999543344702,-2.4749959084930557
-1.0756615603472846,-2.476748695924489,0.00013030025002,56,30,4.592439143736674,-1.0829999543344702,-2.4749959084930557
-1.0762300346655527,-2.476747850950152,0.00010890704289,56,30,4.592439143736674,-1.0829999543344702,-2.4749959084930557
-1.076819562656024,-2.4767473042020502,1.413598909e-07,56,30,4.592439143736674,-1.0829999543344702,-2.4749959084930557
-1.0774028991302234,-2.4767488698897964,1.4136418258e-07,56,30,4.592439143736674,-1.0829999543344702,-2.4749959084930557
-1.0779869780829996,-2.476750969899549,3.9421589463e-05,56,30,4.592439143736674,-1.0829999543344702,-2.4749959084930557
-1.078568250718441,-2.4767506468211278,6.5342974267e-05,56,30,4.592439143736674,-1.0829999543344702,-2.4749959084930557
-1.0791463646738324,-2.4767495036205482,7.0254143793e-05,56,30,4.592439143736674,-1.0829999543344702,-2.4749959084930557
-1.0797211060146699,-2.4767481864546683,7.0995149144e-05,56,30,4.592439143736674,-1.0829999543344702,-2.4749959084930557
-1.0802991067106158,-2.4767505349862877,7.274676318e-05,56,30,4.592439143736674,-1.0829999543344702,-2.4749959084930557
-1.080871670953252,-2.476750361020984,8.0325102317e-05,56,30,4.592439143736674,-1.0829999543344702,-2.4749959084930557
-1.0814386980675124,-2.476749019002914,8.687927766e-05,56,30,4.592439143736674,-1.0829999543344702,-2.4749959084930557
-1.0820105701691007,-2.476746471653805,0.00010207422019,56,30,4.592439143736674,-1.0829999543344702,-2.4749959084930557
-1.082571003066843,-2.476747378758609,0.00010888409452,56,30,4.592439143736674,-1.0829999543344702,-2.4749959084930557
-1.0831389740098043,-2.4767481740285735,0.00012571594561,56,30,4.592439143736674,-1.0829999543344702,-2.4749959084930557
-1.083683135300757,-2.4767457509403954,0.00013765727635,56,30,4.592439143736674,-1.0829999543344702,-2.4749959084930557
-1.084214825468487,-2.4767466331930175,0.00013882828353,56,30,4.592439143736674,-1.0829999543344702,-2.4749959084930557
-1.0847551107695772,-2.476745713662118,0.00013833634148,56,30,4.592439143736674,-1.0829999543344702,-2.4749959084930557
-1.085285605420953,-2.476746210705847,0.000140088232,56,30,4.592439143736674,-1.0829999543344702,-2.4749959084930557
-1.0858179122234315,-2.476745614253373,0.000129277425,56,30,4.592439143736674,-1.0829999543344702,-2.4749959084930557
-1.086348494965486,-2.4767477266892204,0.00010740332073,56,30,4.592439143736674,-1.0829999543344702,-2.4749959084930557
-1.0868799963674753,-2.476748124324201,1.4136018933e-07,56,30,4.592439143736674,-1.0829999543344702,-2.4749959084930557
-1.0874059103035596,-2.4767475030195407,1.4135727611e-07,56,30,4.592439143736674,-1.0829999543344702,-2.4749959084930557
-1.087936719564501,-2.476746421949432,3.7883695768e-05,56,30,4.592439143736674,-1.0829999543344702,-2.4749959084930557
-1.088462897772622,-2.4767461237231934,6.0776230384e-05,56,30,4.592439143736674,-1.0829999543344702,-2.4749959084930557
-1.0889932665801694,-2.476746421949432,7.0432353823e-05,56,30,4.592439143736674,-1.0829999543344702,-2.4749959084930557
-1.0895145117102851,-2.4767486462201163,7.3471965152e-05,56,30,4.592439143736674,-1.0829999543344702,-2.4749959084930557
-1.0900460508654204,-2.476745887627422,7.2366965469e-05,56,30,4.592439143736674,-1.0829999543344702,-2.4749959084930557
-1.090564942715977,-2.4767481616024822,7.5835610915e-05,56,30,4.592439143736674,-1.0829999543344702,-2.4749959084930557
-1.0910898624858292,-2.4767500130903723,8.0134232121e-05,56,30,4.592439143736674,-1.0829999543344702,-2.4749959084930557
-1.0916053943062134,-2.4767508207864317,9.1755406174e-05,56,30,4.592439143736674,-1.0829999543344702,-2.4749959084930557
-1.0921592078186726,-2.4767490438551003,0.00010570630548,56,30,4.592439143736674,-1.0829999543344702,-2.4749959084930557
-1.092663602460393,-2.4767492923769665,0.00011743677896,56,30,4.592439143736674,-1.0829999543344702,-2.4749959084930557
-1.0931914669757916,-2.476746334966778,0.00013295118697,56,30,4.592439143736674,-1.0829999543344702,-2.4749959084930557
-1.0937149017884902,-2.47675027403833,0.0001409266697,56,30,4.592439143736674,-1.0829999543344702,-2.4749959084930557
-1.094248076913374,-2.476750969899549,0.00014575412206,56,30,4.592439143736674,-1.0829999543344702,-2.4749959084930557
-1.0947714488041584,-2.4767483604199727,0.00014538070536,56,30,4.592439143736674,-1.0829999543344702,-2.4749959084930557
-1.0952958777830888,-2.476751081734389,0.00014347051911,56,30,4.592439143736674,-1.0829999543344702,-2.4749959084930557
-1.0958190357393676,-2.4767504231514477,0.00013874430442,56,30,4.592439143736674,-1.0829999543344702,-2.4749959084930557
-1.0963444463001453,-2.4767488823158876,0.00014062429545,56,30,4.592439143736674,-1.0829999543344702,-2.4749959084930557
-1.0968698316921581,-2.476750559838474,0.00014344899682,56,30,4.592439143736674,-1.0829999543344702,-2.4749959084930557
-1.097417428519579,-2.476748459828721,0.00014273982379,56,30,4.592439143736674,-1.0829999543344702,-2.4749959084930557
-1.0979166258112578,-2.4767492923769665,0.00014302326599,56,30,4.592439143736674,-1.0829999543344702,-2.4749959084930557
-1.0973214977705001,-2.4761592766186604,0.00014150005882,56,30,4.592439143736674,-1.0829999543344702,-2.4749959084930557
-1.0966992000475597,-2.476152839902372,0.00014412007295,56,30,4.592439143736674,-1.0829999543344702,-2.4749959084930557
-1.0960822884404036,-2.4761548777816578,0.00014425253903,56,30,4.592439143736674,-1.0829999543344702,-2.4749959084930557
-1.0954614127527043,-2.476152392563016,0.00013895287702,56,30,4.592439143736674,-1.0829999543344702,-2.4749959084930557
-1.094855109780137,-2.476150379535913,0.00014233427646,56,30,4.592439143736674,-1.0829999543344702,-2.4749959084930557
-1.0942524311097768,-2.476149957048743,0.00013862369815,56,30,4.592439143736674,-1.0829999543344702,-2.4749959084930557
-1.0936507340212656,-2.476153200259075,0.00013087438128,56,30,4.592439143736674,-1.0829999543344702,-2.4749959084930557
-1.0930561093558129,-2.4761543931640233,0.00012350449106,56,30,4.592439143736674,-1.0829999543344702,-2.4749959084930557
-1.0924636492041802,-2.476155412103668,0.00011186511983,56,30,4.592439143736674,-1.0829999543344702,-2.4749959084930557
-1.0918739827854989,-2.4761548777816578,9.7314950835e-05,56,30,4.592439143736674,-1.0829999543344702,-2.4749959084930557
-1.0912977061499767,-2.476154666538076,7.9767931311e-05,56,30,4.592439143736674,-1.0829999543344702,-2.4749959084930557
-1.090736203579707,-2.476154268903092,7.5298929005e-05,56,30,4.592439143736674,-1.0829999543344702,-2.4749959084930557
-1.0901654011506463,-2.4761549274860335,7.1381204179e-05,56,30,4.592439143736674,-1.0829999543344702,-2.4749959084930557
-1.0896020738448888,-2.4761550268947787,7.2268529038e-05,56,30,4.592439143736674,-1.0829999543344702,-2.4749959084930557
-1.0890371231537677,-2.4761532872417287,6.9105772127e-05,56,30,4.592439143736674,-1.0829999543344702,-2.4749959084930557
-1.0884747522610945,-2.4761532251112612,5.5971464462e-05,56,30,4.592439143736674,-1.0829999543344702,-2.4749959084930557
-1.0879162951114314,-2.4761527777719046,1.4135825666e-07,56,30,4.592439143736674,-1.0829999543344702,-2.4749959084930557
-1.0873616258609502,-2.476154691390262,4.0072711272e-05,56,30,4.592439143736674,-1.0829999543344702,-2.4749959084930557
-1.086810115290519,-2.47615287718065,1.4134569426e-07,56,30,4.592439143736674,-1.0829999543344702,-2.4749959084930557
-1.0862556473901601,-2.476153113276421,1.414002071e-07,56,30,4.592439143736674,-1.0829999543344702,-2.4749959084930557
-1.0857101773234095,-2.4761551387296152,0.00013508451229,56,30,4.592439143736674,-1.0829999543344702,-2.4749959084930557
-1.0851449246071059,-2.4761491866309644,0.00013713384396,56,30,4.592439143736674,-1.0829999543344702,-2.4749959084930557
-1.084618796736516,-2.4761546292597947,0.00013780726294,56,30,4.592439143736674,-1.0829999543344702,-2.4749959084930557
-1.0840723954254479,-2.476153125702516,0.00013680977281,56,30,4.592439143736674,-1.0829999543344702,-2.4749959084930557
-1.0835344004820022,-2.476152380136921,0.00013359314471,56,30,4.592439143736674,-1.0829999543344702,-2.4749959084930557
-1.0829685562997131,-2.4761519327975643,0.00011698011076,56,30,4.592439143736674,-1.0829999543344702,-2.4749959084930557
-1.0824010761476752,-2.476153113276421,0.00010284566815,56,30,4.592439143736674,-1.0829999543344702,-2.4749959084930557
-1.0818363393910597,-2.4761503298315404,9.5607363619e-05,56,30,4.592439143736674,-1.0829999543344702,-2.4749959084930557
-1.081270532961918,-2.476151522736489,8.0756115494e-05,56,30,4.592439143736674,-1.0829999543344702,-2.4749959084930557
-1.0807019705529712,-2.4761529020328363,7.3459799751e-05,56,30,4.592439143736674,-1.0829999543344702,-2.4749959084930557
-1.0801377497560456,-2.4761553499732005,7.1228460001e-05,56,30,4.592439143736674,-1.0829999543344702,-2.4749959084930557
-1.0795758444855312,-2.4761526410848784,7.2273243859e-05,56,30,4.592439143736674,-1.0829999543344702,-2.4749959084930557
-1.0790182934114194,-2.4761546168337,6.8776396802e-05,56,30,4.592439143736674,-1.0829999543344702,-2.4749959084930557
-1.0784341767054955,-2.476150665336057,5.6280263379e-05,56,30,4.592439143736674,-1.0829999543344702,-2.4749959084930557
-1.077889788895654,-2.476151957649754,3.7088990211e-05,56,30,4.592439143736674,-1.0829999543344702,-2.4749959084930557
-1.0773332697409204,-2.4761550641730565,3.5365952499e-05,56,30,4.592439143736674,-1.0829999543344702,-2.4749959084930557
-1.0767736548280509,-2.4761532375373525,7.6693104347e-05,56,30,4.592439143736674,-1.0829999543344702,-2.4749959084930557
-1.0762169343231949,-2.4761530759981434,1.4134992909e-07,56,30,4.592439143736674,-1.0829999543344702,-2.4749959084930557
-1.0756775550976558,-2.4761532872417287,0.00013087263505,56,30,4.592439143736674,-1.0829999543344702,-2.4749959084930557
-1.0751480294437459,-2.476154828077285,0.00013942956866,56,30,4.592439143736674,-1.0829999543344702,-2.4749959084930557
-1.0746173460266308,-2.476155014468684,0.00013440122711,56,30,4.592439143736674,-1.0829999543344702,-2.4749959084930557
-1.074084787536499,-2.4761522807281757,0.00013092810696,56,30,4.592439143736674,-1.0829999543344702,-2.4749959084930557
-1.0735549598574046,-2.47615329966782,0.0001202429994,56,30,4.592439143736674,-1.0829999543344702,-2.4749959084930557
-1.0730266171354654,-2.4761553748253866,0.0001071712104,56,30,4.592439143736674,-1.0829999543344702,-2.4749959084930557
-1.0724957197838452,-2.47615156001477,9.0946574346e-05,56,30,4.592439143736674,-1.0829999543344702,-2.4749959084930557
-1.0719708125983742,-2.4761557973125568,8.6544285296e-05,56,30,4.592439143736674,-1.0829999543344702,-2.4749959084930557
-1.0714439044960598,-2.476154989616498,8.3263039414e-05,56,30,4.592439143736674,-1.0829999543344702,-2.4749959084930557
-1.0709151087363433,-2.4761538588420167,8.248139784e-05,56,30,4.592439143736674,-1.0829999543344702,-2.4749959084930557
-1.0703917368455589,-2.4761526535109732,7.7958633483e-05,56,30,4.592439143736674,-1.0829999543344702,-2.4749959084930557
-1.069864841327626,-2.4761551635818018,7.1694434155e-05,56,30,4.592439143736674,-1.0829999543344702,-2.4749959084930557
-1.069341117074126,-2.476153448780938,5.5062009778e-05,56,30,4.592439143736674,-1.0829999543344702,-2.4749959084930557
-1.068795898695029,-2.4761501558662364,3.7119421904e-05,56,30,4.592439143736674,-1.0829999543344702,-2.4749959084930557
-1.0682977081539635,-2.476154293755278,2.5223922421e-05,56,30,4.592439143736674,-1.0829999543344702,-2.4749959084930557
-1.0677795336132192,-2.4761503671098217,3.2891781302e-05,56,30,4.592439143736674,-1.0829999543344702,-2.4749959084930557
-1.0672568790322472,-2.476152703215346,6.234117609e-05,56,30,4.592439143736674,-1.0829999543344702,-2.4749959084930557
-1.0667312797057287,-2.4761523304325483,1.4113999214e-07,56,30,4.592439143736674,-1.0829999543344702,-2.4749959084930557
-1.0673194989204038,-2.475555617009996,7.415554137e-05,56,30,4.592439143736674,-1.0829999543344702,-2.4749959084930557
-1.0679484286130088,-2.475551118764251,1.4135643767e-07,56,30,4.592439143736674,-1.0829999543344702,-2.4749959084930557
-1.0685573491371718,-2.4755546850530052,1.4135532922e-07,56,30,4.592439143736674,-1.0829999543344702,-2.4749959084930557
-1.0691685348502151,-2.4755520258690558,4.557196371e-05,56,30,4.592439143736674,-1.0829999543344702,-2.4749959084930557
-1.069778738981411,-2.4755511311903464,7.041056233e-05,56,30,4.592439143736674,-1.0829999543344702,-2.4749959084930557
-1.0703776423369709,-2.4755530448087004,8.4909799625e-05,56,30,4.592439143736674,-1.0829999543344702,-2.4749959084930557
-1.0709737771283419,-2.4755518270515657,8.6567160906e-05,56,30,4.592439143736674,-1.0829999543344702,-2.4749959084930557
-1.0715673950431812,-2.4755528832694877,8.6854481196e-05,56,30,4.592439143736674,-1.0829999543344702,-2.4749959084930557
-1.0721542299757612,-2.4755505098856823,9.6184397989e-05,56,30,4.592439143736674,-1.0829999543344702,-2.4749959084930557
-1.0727383340973038,-2.4755528956955826,0.00011127617472,56,30,4.592439143736674,-1.0829999543344702,-2.4749959084930557
-1.073315730742883,-2.4755531566435405,0.00012403642177,56,30,4.592439143736674,-1.0829999543344702,-2.4749959084930557
-1.0738937188544475,-2.4755506465727084,0.00013204783318,56,30,4.592439143736674,-1.0829999543344702,-2.4749959084930557
-1.0744610605782756,-2.4755494660938515,0.00012752450129,56,30,4.592439143736674,-1.0829999543344702,-2.4749959084930557
-1.0750372742918834,-2.4755506465727084,0.00012955580314,56,30,4.592439143736674,-1.0829999543344702,-2.4749959084930557
-1.0756042888217625,-2.4755525726171577,0.00012001318828,56,30,4.592439143736674,-1.0829999543344702,-2.4749959084930557
-1.0761650992509846,-2.475553231200099,9.6950789157e-05,56,30,4.592439143736674,-1.0829999543344702,-2.4749959084930557
-1.0767558730953413,-2.475553690965547,1.4135720505e-07,56,30,4.592439143736674,-1.0829999543344702,-2.4749959084930557
-1.0773384419221974,-2.475551976164683,1.4136153936e-07,56,30,4.592439143736674,-1.0829999543344702,-2.4749959084930557
-1.0779232381847859,-2.4755526720259025,4.0114435251e-05,56,30,4.592439143736674,-1.0829999543344702,-2.4749959084930557
-1.0785238781851527,-2.475550124676793,6.3184495957e-05,56,30,4.592439143736674,-1.0829999543344702,-2.4749959084930557
-1.079080422508651,-2.4755487205282596,6.8319219281e-05,56,30,4.592439143736674,-1.0829999543344702,-2.4749959084930557
-1.0796513381971569,-2.475548844789191,7.2003436799e-05,56,30,4.592439143736674,-1.0829999543344702,-2.4749959084930557
-1.0802292382180427,-2.475551069059879,7.2622460721e-05,56,30,4.592439143736674,-1.0829999543344702,-2.4749959084930557
-1.0808009467226567,-2.475552808712929,7.8150165791e-05,56,30,4.592439143736674,-1.0829999543344702,-2.4749959084930557
-1.0813723154489383,-2.4755517524950066,8.545354649e-05,56,30,4.592439143736674,-1.0829999543344702,-2.4749959084930557
-1.0819382099687587,-2.475551205746905,0.00010507764819,56,30,4.592439143736674,-1.0829999543344702,-2.4749959084930557
-1.0825051112391924,-2.475550323494287,0.0001092665334,56,30,4.592439143736674,-1.0829999543344702,-2.4749959084930557
-1.0830700619303135,-2.4755506838509898,0.00012673228048,56,30,4.592439143736674,-1.0829999543344702,-2.4749959084930557
-1.0836190304554465,-2.4755510814859703,0.00013100828801,56,30,4.592439143736674,-1.0829999543344702,-2.4749959084930557
-1.0841528222150805,-2.4755500501202343,0.00013847135415,56,30,4.592439143736674,-1.0829999543344702,-2.4749959084930557
-1.0846931452693203,-2.475550248937725,0.00014226743951,56,30,4.592439143736674,-1.0829999543344702,-2.4749959084930557
-1.0852220039509475,-2.4755527714346512,0.00013615160424,56,30,4.592439143736674,-1.0829999543344702,-2.4749959084930557
-1.0857560473982348,-2.4755510442076925,0.00012989311654,56,30,4.592439143736674,-1.0829999543344702,-2.4749959084930557
-1.0862850822612216,-2.475550596868336,0.00010280256538,56,30,4.592439143736674,-1.0829999543344702,-2.4749959084930557
-1.0868124811544613,-2.4755511063381563,7.1293419751e-05,56,30,4.592439143736674,-1.0829999543344702,-2.4749959084930557
-1.087341553770594,-2.475550273789911,1.4136207938e-07,56,30,4.592439143736674,-1.0829999543344702,-2.4749959084930557
-1.0878719980844387,-2.4755488323630996,4.216173329e-05,56,30,4.592439143736674,-1.0829999543344702,-2.4749959084930557
-1.0883982266300904,-2.475549702189623,5.8717567299e-05,56,30,4.592439143736674,-1.0829999543344702,-2.4749959084930557
-1.088925789120303,-2.4755486956760735,7.1139918873e-05,56,30,4.592439143736674,-1.0829999543344702,-2.4749959084930557
-1.0894508850715148,-2.4755514294165817,7.0304828114e-05,56,30,4.592439143736674,-1.0829999543344702,-2.4749959084930557
-1.0899763837229695,-2.475548807510913,7.1532944276e-05,56,30,4.592439143736674,-1.0829999543344702,-2.4749959084930557
-1.0904999317951132,-2.475550497459591,7.3359951784e-05,56,30,4.592439143736674,-1.0829999543344702,-2.4749959084930557
-1.091022951323184,-2.4755484471542104,7.9495170212e-05,56,30,4.592439143736674,-1.0829999543344702,-2.4749959084930557
-1.0915372372896828,-2.475552125277801,9.1647489171e-05,56,30,4.592439143736674,-1.0829999543344702,-2.4749959084930557
-1.0920658820368043,-2.4755509323728524,0.00010132124589,56,30,4.592439143736674,-1.0829999543344702,-2.4749959084930557
-1.0925941492524478,-2.475551379712209,0.0001110220619,56,30,4.592439143736674,-1.0829999543344702,-2.4749959084930557
-1.093147698492872,-2.475547142414422,0.00012226641411,56,30,4.592439143736674,-1.0829999543344702,-2.4749959084930557
-1.0936546729330403,-2.4755501122507018,0.00013370256056,56,30,4.592439143736674,-1.0829999543344702,-2.4749959084930557
-1.0941749868188366,-2.475548484432488,0.00013134934125,56,30,4.592439143736674,-1.0829999543344702,-2.4749959084930557
-1.0947067776616268,-2.4755508950945746,0.00013263478468,56,30,4.592439143736674,-1.0829999543344702,-2.4749959084930557
-1.0952259967061326,-2.47555099450332,0.00013821417815,56,30,4.592439143736674,-1.0829999543344702,-2.4749959084930557
-1.0957533955993706,-2.475549987989767,0.00013660696277,56,30,4.592439143736674,-1.0829999543344702,-2.4749959084930557
-1.096303748406597,-2.4755483104671843,0.00013879053586,56,30,4.592439143736674,-1.0829999543344702,-2.4749959084930557
-1.0968020773758722,-2.475550348346473,0.0001414364524,56,30,4.592439143736674,-1.0829999543344702,-2.4749959084930557
-1.097324530606722,-2.4755529578260465,0.00013714205124,56,30,4.592439143736674,-1.0829999543344702,-2.4749959084930557
-1.09784027636161,-2.475549056032776,0.00013807791402,56,30,4.592439143736674,-1.0829999543344702,-2.4749959084930557
-1.0972337468701538,-2.4749578597956163,0.00012335320935,56,30,4.592439143736674,-1.0829999543344702,-2.4749959084930557
-1.096606465731679,-2.474957623699845,0.00011841719243,56,30,4.592439143736674,-1.0829999543344702,-2.4749959084930557
-1.095981374275787,-2.4749530384714467,0.00011515999358,56,30,4.592439143736674,-1.0829999543344702,-2.4749959084930557
-1.0953676591018269,-2.4749549272376146,0.00012242613593,56,30,4.592439143736674,-1.0829999543344702,-2.4749959084930557
-1.094755592481997,-2.4749547532723106,0.00012495850387,56,30,4.592439143736674,-1.0829999543344702,-2.4749959084930557
-1.0941489371467141,-2.4749571763604887,0.00011433517648,56,30,4.592439143736674,-1.0829999543344702,-2.4749959084930557
-1.0935490018717762,-2.4749552006116673,0.00011363450176,56,30,4.592439143736674,-1.0829999543344702,-2.4749959084930557
-1.0929495196346142,-2.4749551509072947,0.00011093152716,56,30,4.592439143736674,-1.0829999543344702,-2.4749959084930557
-1.0923583808431607,-2.47495730062142,9.3346847279e-05,56,30,4.592439143736674,-1.0829999543344702,-2.4749959084930557
-1.0917735090742766,-2.474955623098834,9.0514797193e-05,56,30,4.592439143736674,-1.0829999543344702,-2.4749959084930557
-1.0911937969022862,-2.474958580509022,8.010068268e-05,56,30,4.592439143736674,-1.0829999543344702,-2.4749959084930557
-1.0906323950070766,-2.4749584065437182,7.388566155e-05,56,30,4.592439143736674,-1.0829999543344702,-2.4749959084930557
-1.0900585723261758,-2.4749549272376146,7.0631976996e-05,56,30,4.592439143736674,-1.0829999543344702,-2.4749959084930557
-1.089498617634974,-2.4749551384811994,7.2584363807e-05,56,30,4.592439143736674,-1.0829999543344702,-2.4749959084930557
-1.0889326601932412,-2.4749561077164715,7.2227478086e-05,56,30,4.592439143736674,-1.0829999543344702,-2.4749959084930557
-1.0883733347211728,-2.4749573876040736,5.9885962401e-05,56,30,4.592439143736674,-1.0829999543344702,-2.4749959084930557
-1.08781346812065,-2.4749555733944613,1.4136625737e-07,56,30,4.592439143736674,-1.0829999543344702,-2.4749959084930557
-1.0872581444822706,-2.47495718878658,4.0757971874e-05,56,30,4.592439143736674,-1.0829999543344702,-2.4749959084930557
-1.0866906391614681,-2.474952094088361,8.5155043053e-05,56,30,4.592439143736674,-1.0829999543344702,-2.4749959084930557
-1.0861561930139343,-2.4749502053221897,0.00012044030154,56,30,4.592439143736674,-1.0829999543344702,-2.4749959084930557
-1.0856089233804624,-2.4749492236608264,0.00013209768804,56,30,4.592439143736674,-1.0829999543344702,-2.4749959084930557
-1.0850587341702123,-2.474951559766351,0.00014029395243,56,30,4.592439143736674,-1.0829999543344702,-2.4749959084930557
-1.0845164731210413,-2.474955846768514,0.00014071118494,56,30,4.592439143736674,-1.0829999543344702,-2.4749959084930557
-1.083968662359115,-2.4749548029766832,0.000133575566,56,30,4.592439143736674,-1.0829999543344702,-2.4749959084930557
-1.0834266152444494,-2.4749539455762513,0.00012836045062,56,30,4.592439143736674,-1.0829999543344702,-2.4749959084930557
-1.0828623315256112,-2.4749536349239207,0.0001162246117,56,30,4.592439143736674,-1.0829999543344702,-2.4749959084930557
-1.0822916297716108,-2.4749551757594808,0.00010731559451,56,30,4.592439143736674,-1.0829999543344702,-2.4749959084930557
-1.0817274089746851,-2.474954591733098,9.4413211627e-05,56,30,4.592439143736674,-1.0829999543344702,-2.4749959084930557
-1.0811633140215862,-2.4749540449849965,7.9605793871e-05,56,30,4.592439143736674,-1.0829999543344702,-2.4749959084930557
-1.0805981493959596,-2.474953125454097,7.2476366768e-05,56,30,4.592439143736674,-1.0829999543344702,-2.4749959084930557
-1.0800350234403262,-2.4749528893583257,6.9795634772e-05,56,30,4.592439143736674,-1.0829999543344702,-2.4749959084930557
-1.0794726399632697,-2.474952876932234,7.1923168434e-05,56,30,4.592439143736674,-1.0829999543344702,-2.4749959084930557
-1.0789087715290575,-2.474957337899701,6.6352389695e-05,56,30,4.592439143736674,-1.0829999543344702,-2.4749959084930557
-1.0783521894524115,-2.474955275168226,5.9443376813e-05,56,30,4.592439143736674,-1.0829999543344702,-2.4749959084930557
-1.0777894536126413,-2.4749566917428507,3.7665835407e-05,56,30,4.592439143736674,-1.0829999543344702,-2.4749959084930557
-1.0772282404831728,-2.4749526159842765,2.4839308026e-05,56,30,4.592439143736674,-1.0829999543344702,-2.4749959084930557
-1.076673445388865,-2.4749555733944613,4.866778545e-05,56,30,4.592439143736674,-1.0829999543344702,-2.4749959084930557
-1.0761137423853164,-2.4749558716207,8.3835468104e-05,56,30,4.592439143736674,-1.0829999543344702,-2.4749959084930557
-1.0755809951294437,-2.4749533242715906,0.00010407754598,56,30,4.592439143736674,-1.0829999543344702,-2.4749959084930557
-1.0750549175963848,-2.474955772211955,0.00010148998263,56,30,4.592439143736674,-1.0829999543344702,-2.4749959084930557
-1.0745212265118111,-2.4749547532723106,0.00010356061102,56,30,4.592439143736674,-1.0829999543344702,-2.4749959084930557
-1.0739922545707388,-2.4749532994194046,9.731240425e-05,56,30,4.592439143736674,-1.0829999543344702,-2.4749959084930557
-1.073442367385673,-2.474954865107147,9.861120634e-05,56,30,4.592439143736674,-1.0829999543344702,-2.4749959084930557
-1.0729347511419882,-2.4749547781244967,8.7477470515e-05,56,30,4.592439143736674,-1.0829999543344702,-2.4749959084930557
-1.0724056911102369,-2.47495502664636,8.3104139776e-05,56,30,4.592439143736674,-1.0829999543344702,-2.4749959084930557
-1.0718822059600075,-2.4749552875943173,8.5375955678e-05,56,30,4.592439143736674,-1.0829999543344702,-2.4749959084930557
-1.0713535989660319,-2.474955362150876,8.3721206465e-05,56,30,4.592439143736674,-1.0829999543344702,-2.4749959084930557
-1.0708270306420495,-2.474956244403498,8.4606646851e-05,56,30,4.592439143736674,-1.0829999543344702,-2.4749959084930557
-1.0703045774111999,-2.474954417767794,7.9986908531e-05,56,30,4.592439143736674,-1.0829999543344702,-2.4749959084930557
-1.0697815830518937,-2.4749559958816314,6.9814508606e-05,56,30,4.592439143736674,-1.0829999543344702,-2.4749959084930557
-1.0692356851161322,-2.474956927838622,5.2045015764e-05,56,30,4.592439143736674,-1.0829999543344702,-2.4749959084930557
-1.068729088207444,-2.4749555361161835,2.7507068808e-05,56,30,4.592439143736674,-1.0829999543344702,-2.4749959084930557
-1.0682165766389018,-2.474957884647803,2.312714787e-05,56,30,4.592439143736674,-1.0829999543344702,-2.4749959084930557
-1.0676972820881006,-2.474954852681056,4.6358742111e-05,56,30,4.592439143736674,-1.0829999543344702,-2.4749959084930557
-1.0671694804946161,-2.4749533615498684,1.4135069648e-07,56,30,4.592439143736674,-1.0829999543344702,-2.4749959084930557
-1.066646360291485,-2.474959114831029,9.054041584e-05,56,30,4.592439143736674,-1.0829999543344702,-2.4749959084930557
-1.0672364042416462,-2.4743653339664786,5.3543324611e-05,56,30,4.592439143736674,-1.0829999543344702,-2.4749959084930557
-1.067861848060252,-2.47435990376374,3.9561571612e-05,56,30,4.592439143736674,-1.0829999543344702,-2.4749959084930557
-1.068474392886624,-2.4743614570253945,3.8036461774e-05,56,30,4.592439143736674,-1.0829999543344702,-2.4749959084930557
-1.069088384917002,-2.4743606369032403,5.4857013311e-05,56,30,4.592439143736674,-1.0829999543344702,-2.4749959084930557
-1.069694146761115,-2.4743595682592234,7.3071132647e-05,56,30,4.592439143736674,-1.0829999543344702,-2.4749959084930557
-1.070297618247583,-2.474360239268256,8.2719416241e-05,56,30,4.592439143736674,-1.0829999543344702,-2.4749959084930557
-1.070892079316061,-2.474357443397284,8.6628228019e-05,56,30,4.592439143736674,-1.0829999543344702,-2.4749959084930557
-1.071485672062134,-2.474357691919147,7.9896810348e-05,56,30,4.592439143736674,-1.0829999543344702,-2.4749959084930557
-1.072072934863725,-2.474361643416793,7.4787989433e-05,56,30,4.592439143736674,-1.0829999543344702,-2.4749959084930557
-1.0726555791968784,-2.4743619167908424,7.4614836194e-05,56,30,4.592439143736674,-1.0829999543344702,-2.4749959084930557
-1.073235480134608,-2.4743637558526412,8.3811522927e-05,56,30,4.592439143736674,-1.0829999543344702,-2.4749959084930557
-1.0738084344931054,-2.4743574931016568,8.5517269326e-05,56,30,4.592439143736674,-1.0829999543344702,-2.4749959084930557
-1.0743836666248663,-2.4743584374847423,8.7413318397e-05,56,30,4.592439143736674,-1.0829999543344702,-2.4749959084930557
-1.0749527953310325,-2.4743595682592234,7.4783180025e-05,56,30,4.592439143736674,-1.0829999543344702,-2.4749959084930557
-1.075519079966716,-2.4743589593806576,6.8992361776e-05,56,30,4.592439143736674,-1.0829999543344702,-2.4749959084930557
-1.0760777636352679,-2.474363817983105,5.2779338148e-05,56,30,4.592439143736674,-1.0829999543344702,-2.4749959084930557
-1.0766712179531326,-2.474359916189835,3.4922999475e-05,56,30,4.592439143736674,-1.0829999543344702,-2.4749959084930557
-1.07725620298146,-2.4743583132238074,3.4012628021e-05,56,30,4.592439143736674,-1.0829999543344702,-2.4749959084930557
-1.0778386837176375,-2.4743587232848863,5.3469964769e-05,56,30,4.592439143736674,-1.0829999543344702,-2.4749959084930557
-1.0784159419350083,-2.4743575800843103,6.7487868364e-05,56,30,4.592439143736674,-1.0829999543344702,-2.4749959084930557
-1.078994257240522,-2.47435847476302,7.3741233791e-05,56,30,4.592439143736674,-1.0829999543344702,-2.4749959084930557
-1.0795700556695038,-2.4743590339372163,7.2530689067e-05,56,30,4.592439143736674,-1.0829999543344702,-2.4749959084930557
-1.0801440419473796,-2.4743588848240954,7.2949624155e-05,56,30,4.592439143736674,-1.0829999543344702,-2.4749959084930557
-1.0807144668449602,-2.474357629788683,7.9829136666e-05,56,30,4.592439143736674,-1.0829999543344702,-2.4749959084930557
-1.081286452205994,-2.4743577167713333,8.8758904894e-05,56,30,4.592439143736674,-1.0829999543344702,-2.4749959084930557
-1.0818507107560673,-2.47435889725019,0.00010044919327,56,30,4.592439143736674,-1.0829999543344702,-2.4749959084930557
-1.0824191095680398,-2.4743582759455296,0.00011295604781,56,30,4.592439143736674,-1.0829999543344702,-2.4749959084930557
-1.0830062213570377,-2.4743555049267405,0.00012076897838,56,30,4.592439143736674,-1.0829999543344702,-2.4749959084930557
-1.0835372319681034,-2.474355156996132,0.00012917876302,56,30,4.592439143736674,-1.0829999543344702,-2.4749959084930557
-1.0840694758486695,-2.4743585741717653,0.0001385883952,56,30,4.592439143736674,-1.0829999543344702,-2.4749959084930557
-1.0846067031447717,-2.4743541877608606,0.00013651871996,56,30,4.592439143736674,-1.0829999543344702,-2.4749959084930557
-1.0851402935542833,-2.4743586238761375,0.0001369305246,56,30,4.592439143736674,-1.0829999543344702,-2.4749959084930557
-1.0856682084072113,-2.474357033336209,0.00012793726637,56,30,4.592439143736674,-1.0829999543344702,-2.4749959084930557
-1.0861997601467315,-2.4743588226936315,0.00010909319099,56,30,4.592439143736674,-1.0829999543344702,-2.4749959084930557
-1.0867282916344114,-2.474359928615926,1.4135466131e-07,56,30,4.592439143736674,-1.0829999543344702,-2.4749959084930557
-1.0872562190717208,-2.4743591084937755,1.4136527682e-07,56,30,4.592439143736674,-1.0829999543344702,-2.4749959084930557
-1.0877850903377329,-2.474356660553411,4.1967206926e-05,56,30,4.592439143736674,-1.0829999543344702,-2.4749959084930557
-1.088312262712084,-2.474356188361868,6.1661783548e-05,56,30,4.592439143736674,-1.0829999543344702,-2.4749959084930557
-1.0888392211519295,-2.4743564617359173,6.9731984695e-05,56,30,4.592439143736674,-1.0829999543344702,-2.4749959084930557
-1.0893622532643816,-2.474357232153699,6.9948015152e-05,56,30,4.592439143736674,-1.0829999543344702,-2.4749959084930557
-1.0898918795933539,-2.474357517953843,7.4613199104e-05,56,30,4.592439143736674,-1.0829999543344702,-2.4749959084930557
-1.0904163463254304,-2.4743565238663847,7.4045448855e-05,56,30,4.592439143736674,-1.0829999543344702,-2.4749959084930557
-1.090938371687271,-2.4743568096665287,7.9869925685e-05,56,30,4.592439143736674,-1.0829999543344702,-2.4749959084930557
-1.0914520410190194,-2.4743597173723444,8.4284598415e-05,56,30,4.592439143736674,-1.0829999543344702,-2.4749959084930557
-1.0919797671062066,-2.47435878541535,8.8665015937e-05,56,30,4.592439143736674,-1.0829999543344702,-2.4749959084930557
-1.0925026230373027,-2.4743592948851743,8.7665706815e-05,56,30,4.592439143736674,-1.0829999543344702,-2.4749959084930557
-1.0930366287314424,-2.474357331562444,8.9498287707e-05,56,30,4.592439143736674,-1.0829999543344702,-2.4749959084930557
-1.0935594091562428,-2.4743544362827232,8.3251048636e-05,56,30,4.592439143736674,-1.0829999543344702,-2.4749959084930557
-1.094087714125034,-2.474361544008045,9.2116737505e-05,56,30,4.592439143736674,-1.0829999543344702,-2.4749959084930557
-1.0946098904994657,-2.4743585990239514,8.3626524429e-05,56,30,4.592439143736674,-1.0829999543344702,-2.4749959084930557
-1.0951367105111014,-2.4743574931016568,8.4941835667e-05,56,30,4.592439143736674,-1.0829999543344702,-2.4749959084930557
-1.0956583835102265,-2.4743570830405814,9.623443475e-05,56,30,4.592439143736674,-1.0829999543344702,-2.4749959084930557
-1.096181302363235,-2.474356561144666,8.5792824393e-05,56,30,4.592439143736674,-1.0829999543344702,-2.4749959084930557
-1.0967063228081493,-2.4743586984327,9.5932511613e-05,56,30,4.592439143736674,-1.0829999543344702,-2.4749959084930557
-1.0972223580038403,-2.4743550327351973,9.8468532087e-05,56,30,4.592439143736674,-1.0829999543344702,-2.4749959084930557
-1.0977488382371436,-2.4743581516845983,8.7402353529e-05,56,30,4.592439143736674,-1.0829999543344702,-2.4749959084930557
-1.0971391626500206,-2.4737669554474353,7.3242095823e-05,56,30,4.592439143736674,-1.0829999543344702,-2.4749959084930557
-1.0965154428918407,-2.4737624199234096,7.245955203e-05,56,30,4.592439143736674,-1.0829999543344702,-2.4749959084930557
-1.0958877212999714,-2.4737634140108677,7.1057533205e-05,56,30,4.592439143736674,-1.0829999543344702,-2.4749959084930557
-1.095270784524047,-2.4737611027575297,7.0225745731e-05,56,30,4.592439143736674,-1.0829999543344702,-2.4749959084930557
-1.0946609201711848,-2.473761798618749,7.0643953222e-05,56,30,4.592439143736674,-1.0829999543344702,-2.4749959084930557
-1.0940552338333676,-2.473762370219037,6.9828209234e-05,56,30,4.592439143736674,-1.0829999543344702,-2.4749959084930557
-1.093452014034553,-2.4737593134001035,6.8205961725e-05,56,30,4.592439143736674,-1.0829999543344702,-2.4749959084930557
-1.0928642604420367,-2.473758779078097,7.3271687143e-05,56,30,4.592439143736674,-1.0829999543344702,-2.4749959084930557
-1.09227211489997,-2.4737601583744437,7.8674616816e-05,56,30,4.592439143736674,-1.0829999543344702,-2.4749959084930557
-1.0916846381638732,-2.473758629964979,7.8604054579e-05,56,30,4.592439143736674,-1.0829999543344702,-2.4749959084930557
-1.0911169692460962,-2.473762680871367,7.7285549196e-05,56,30,4.592439143736674,-1.0829999543344702,-2.4749959084930557
-1.0905357343638042,-2.4737587417998155,7.3617542512e-05,56,30,4.592439143736674,-1.0829999543344702,-2.4749959084930557
-1.08997978150629,-2.4737568406075527,7.4911724369e-05,56,30,4.592439143736674,-1.0829999543344702,-2.4749959084930557
-1.0894148433995519,-2.4737607548269183,7.2925307904e-05,56,30,4.592439143736674,-1.0829999543344702,-2.4749959084930557
-1.0888506477713926,-2.4737583814431128,7.1182970714e-05,56,30,4.592439143736674,-1.0829999543344702,-2.4749959084930557
-1.0882864898963795,-2.4737578222689196,6.0513830249e-05,56,30,4.592439143736674,-1.0829999543344702,-2.4749959084930557
-1.087727642630853,-2.4737599222786724,3.4266809962e-05,56,30,4.592439143736674,-1.0829999543344702,-2.4749959084930557
-1.0871745967657356,-2.4737595370697836,3.6838820961e-05,56,30,4.592439143736674,-1.0829999543344702,-2.4749959084930557
-1.0866224443917896,-2.473757188538164,1.8191789422e-05,56,30,4.592439143736674,-1.0829999543344702,-2.4749959084930557
-1.0860705562898785,-2.473757847121106,1.4136116988e-07,56,30,4.592439143736674,-1.0829999543344702,-2.4749959084930557
-1.0855242053163412,-2.4737600216874176,0.00013236908126,56,30,4.592439143736674,-1.0829999543344702,-2.4749959084930557
-1.0849771622017563,-2.4737588536346555,0.00013846768707,56,30,4.592439143736674,-1.0829999543344702,-2.4749959084930557
-1.0844301694247025,-2.4737583938692076,0.00014091566845,56,30,4.592439143736674,-1.0829999543344702,-2.4749959084930557
-1.0838848126173972,-2.4737590027477734,0.00013310706709,56,30,4.592439143736674,-1.0829999543344702,-2.4749959084930557
-1.0833450684447596,-2.4737580335125013,0.00012927695934,56,30,4.592439143736674,-1.0829999543344702,-2.4749959084930557
-1.0827771981768604,-2.473759586774156,0.00011762508802,56,30,4.592439143736674,-1.0829999543344702,-2.4749959084930557
-1.0822094663371709,-2.473757623451426,0.0001041327414,56,30,4.592439143736674,-1.0829999543344702,-2.4749959084930557
-1.0816462900440065,-2.473756082615866,9.241286898e-05,56,30,4.592439143736674,-1.0829999543344702,-2.4749959084930557
-1.0810807227181352,-2.4737569275902067,8.3953578724e-05,56,30,4.592439143736674,-1.0829999543344702,-2.4749959084930557
-1.0805172443997864,-2.473755597998232,7.347708015e-05,56,30,4.592439143736674,-1.0829999543344702,-2.4749959084930557
-1.079953489225018,-2.473757760138452,7.1894144639e-05,56,30,4.592439143736674,-1.0829999543344702,-2.4749959084930557
-1.0793913448512333,-2.473759785591646,7.1973037848e-05,56,30,4.592439143736674,-1.0829999543344702,-2.4749959084930557
-1.0788274890014045,-2.4737575985992395,7.080406067e-05,56,30,4.592439143736674,-1.0829999543344702,-2.4749959084930557
-1.0782690570205062,-2.4737577477123573,6.8833054684e-05,56,30,4.592439143736674,-1.0829999543344702,-2.4749959084930557
-1.077709228173131,-2.4737585554084167,6.1975159042e-05,56,30,4.592439143736674,-1.0829999543344702,-2.4749959084930557
-1.0771478136935402,-2.473758903339028,5.2735867939e-05,56,30,4.592439143736674,-1.0829999543344702,-2.4749959084930557
-1.0765909295917098,-2.4737588784868416,5.2037845307e-05,56,30,4.592439143736674,-1.0829999543344702,-2.4749959084930557
-1.0760350522404927,-2.4737634637152404,5.6642642448e-05,56,30,4.592439143736674,-1.0829999543344702,-2.4749959084930557
-1.0755044317452902,-2.473760518731147,6.6147076723e-05,56,30,4.592439143736674,-1.0829999543344702,-2.4749959084930557
-1.074977498474211,-2.4737605684355195,6.860052963e-05,56,30,4.592439143736674,-1.0829999543344702,-2.4749959084930557
-1.0744457579689517,-2.4737602080788164,6.9346584496e-05,56,30,4.592439143736674,-1.0829999543344702,-2.4749959084930557
-1.0739173271563338,-2.4737578222689196,6.7431181378e-05,56,30,4.592439143736674,-1.0829999543344702,-2.4749959084930557
-1.0733936029028341,-2.47375853055623,6.7102424509e-05,56,30,4.592439143736674,-1.0829999543344702,-2.4749959084930557
-1.0728591693396836,-2.473759686182901,6.6782842623e-05,56,30,4.592439143736674,-1.0829999543344702,-2.4749959084930557
-1.0723360365521677,-2.4737580832168775,6.9854337198e-05,56,30,4.592439143736674,-1.0829999543344702,-2.4749959084930557
-1.0718092417092984,-2.473759512217597,7.2258510045e-05,56,30,4.592439143736674,-1.0829999543344702,-2.4749959084930557
-1.0712828118135242,-2.473760431748493,7.7096570749e-05,56,30,4.592439143736674,-1.0829999543344702,-2.4749959084930557
-1.0707630264717993,-2.473758095642969,7.8927747381e-05,56,30,4.592439143736674,-1.0829999543344702,-2.4749959084930557
-1.0702326828330166,-2.4737556849808855,7.4591029261e-05,56,30,4.592439143736674,-1.0829999543344702,-2.4749959084930557
-1.069710695224324,-2.4737599595569537,7.1681002737e-05,56,30,4.592439143736674,-1.0829999543344702,-2.4749959084930557
-1.069189437509827,-2.473758120495155,6.7361426773e-05,56,30,4.592439143736674,-1.0829999543344702,-2.4749959084930557
-1.068667915523295,-2.4737600341135124,6.1013513914e-05,56,30,4.592439143736674,-1.0829999543344702,-2.4749959084930557
-1.0681520690933448,-2.4737583565909262,5.7879595261e-05,56,30,4.592439143736674,-1.0829999543344702,-2.4749959084930557
-1.0676316922856346,-2.473759698608996,5.9010428231e-05,56,30,4.592439143736674,-1.0829999543344702,-2.4749959084930557
-1.0671066466719539,-2.473755883798376,6.2893086579e-05,56,30,4.592439143736674,-1.0829999543344702,-2.4749959084930557
-1.0665873017836232,-2.473759052452146,7.0103145845e-05,56,30,4.592439143736674,-1.0829999543344702,-2.4749959084930557
-1.0671762257237274,-2.473161369794325,7.1792579547e-05,56,30,4.592439143736674,-1.0829999543344702,-2.4749959084930557
-1.0678036452904123,-2.473158524218977,7.1828151704e-05,56,30,4.592439143736674,-1.0829999543344702,-2.4749959084930557
-1.06841626562308,-2.473157269183561,6.714281335e-05,56,30,4.592439143736674,-1.0829999543344702,-2.4749959084930557
-1.069028659436859,-2.4731558153306548,7.0877955295e-05,56,30,4.592439143736674,-1.0829999543344702,-2.4749959084930557
-1.0696334774522724,-2.47315633722657,7.3927178164e-05,56,30,4.592439143736674,-1.0829999543344702,-2.4749959084930557
-1.0702387610898452,-2.473158064453529,7.4621828389e-05,56,30,4.592439143736674,-1.0829999543344702,-2.4749959084930557
-1.0708391871557064,-2.4731564117831293,7.434575673e-05,56,30,4.592439143736674,-1.0829999543344702,-2.4749959084930557
-1.071422347448548,-2.473156734861554,7.4316099926e-05,56,30,4.592439143736674,-1.0829999543344702,-2.4749959084930557
-1.0720077100083576,-2.473157169774816,7.1918075264e-05,56,30,4.592439143736674,-1.0829999543344702,-2.4749959084930557
-1.0726020200642425,-2.4731558153306548,7.393481792e-05,56,30,4.592439143736674,-1.0829999543344702,-2.4749959084930557
-1.0731714256268268,-2.473159940793602,7.5034164183e-05,56,30,4.592439143736674,-1.0829999543344702,-2.4749959084930557
-1.0737602992294,-2.473156523617969,7.4159448559e-05,56,30,4.592439143736674,-1.0829999543344702,-2.4749959084930557
-1.074316881306046,-2.473155430121766,7.3883078585e-05,56,30,4.592439143736674,-1.0829999543344702,-2.4749959084930557
-1.0748890806015834,-2.473156623026714,7.4535018939e-05,56,30,4.592439143736674,-1.0829999543344702,-2.4749959084930557
-1.0754506460937674,-2.473158636053817,7.0716341725e-05,56,30,4.592439143736674,-1.0829999543344702,-2.4749959084930557
-1.0760154457722955,-2.4731583005492968,6.5521031502e-05,56,30,4.592439143736674,-1.0829999543344702,-2.4749959084930557
-1.0766001413598236,-2.4731581390100876,7.1010035754e-05,56,30,4.592439143736674,-1.0829999543344702,-2.4749959084930557
-1.0771828737836542,-2.4731578283577575,6.767630839e-05,56,30,4.592439143736674,-1.0829999543344702,-2.4749959084930557
-1.077768286680993,-2.4731565484701554,7.1155162004e-05,56,30,4.592439143736674,-1.0829999543344702,-2.4749959084930557
-1.0783450415230555,-2.4731563869309428,7.3665461969e-05,56,30,4.592439143736674,-1.0829999543344702,-2.4749959084930557
-1.0789434540876917,-2.4731535289295032,7.2223680036e-05,56,30,4.592439143736674,-1.0829999543344702,-2.4749959084930557
-1.0794998096454491,-2.47315560408707,7.1283509897e-05,56,30,4.592439143736674,-1.0829999543344702,-2.4749959084930557
-1.0800686237420494,-2.47315622539173,7.3195631558e-05,56,30,4.592439143736674,-1.0829999543344702,-2.4749959084930557
-1.0806660924779845,-2.4731533549641957,7.6741256635e-05,56,30,4.592439143736674,-1.0829999543344702,-2.4749959084930557
-1.0812149980812031,-2.4731560390003313,8.9255016064e-05,56,30,4.592439143736674,-1.0829999543344702,-2.4749959084930557
-1.0817771047018416,-2.4731597046978337,0.00010061728972,56,30,4.592439143736674,-1.0829999543344702,-2.4749959084930557
-1.082346938133437,-2.47315807687962,0.00011152462685,56,30,4.592439143736674,-1.0829999543344702,-2.4749959084930557
-1.0829113602804867,-2.473157915340408,0.00012313897605,56,30,4.592439143736674,-1.0829999543344702,-2.4749959084930557
-1.083469263717312,-2.4731542993472813,0.00013659718388,56,30,4.592439143736674,-1.0829999543344702,-2.4749959084930557
-1.0840013943384346,-2.473156883974672,0.00013733022206,56,30,4.592439143736674,-1.0829999543344702,-2.4749959084930557
-1.084535488123253,-2.473158735462562,0.00013663701247,56,30,4.592439143736674,-1.0829999543344702,-2.4749959084930557
-1.0850704879836228,-2.473158126583993,0.0001350290986,56,30,4.592439143736674,-1.0829999543344702,-2.4749959084930557
-1.085599321496487,-2.4731561881134527,0.00012546645303,56,30,4.592439143736674,-1.0829999543344702,-2.4749959084930557
-1.0861304957045255,-2.4731540508254186,0.00010124653636,56,30,4.592439143736674,-1.0829999543344702,-2.4749959084930557
-1.0866624375599088,-2.4731561756873575,1.4135795823e-07,56,30,4.592439143736674,-1.0829999543344702,-2.4749959084930557
-1.0871900881408003,-2.4731561384090766,1.4136814741e-07,56,30,4.592439143736674,-1.0829999543344702,-2.4749959084930557
-1.0877152973514554,-2.4731575301315187,4.0519604227e-05,56,30,4.592439143736674,-1.0829999543344702,-2.4749959084930557
-1.0882420670255601,-2.473155628939256,5.8618141338e-05,56,30,4.592439143736674,-1.0829999543344702,-2.4749959084930557
-1.0887652249818407,-2.473157095218257,7.1846821811e-05,56,30,4.592439143736674,-1.0829999543344702,-2.4749959084930557
-1.0892937942226684,-2.473158723036467,7.1457710874e-05,56,30,4.592439143736674,-1.0829999543344702,-2.4749959084930557
-1.089817984098327,-2.4731559768698674,7.1363596362e-05,56,30,4.592439143736674,-1.0829999543344702,-2.4749959084930557
-1.0903393047347367,-2.473156598174528,7.1751281212e-05,56,30,4.592439143736674,-1.0829999543344702,-2.4749959084930557
-1.0908635952854573,-2.473156796992018,7.3431816418e-05,56,30,4.592439143736674,-1.0829999543344702,-2.4749959084930557
-1.0913754147129517,-2.473158946706147,7.3710136348e-05,56,30,4.592439143736674,-1.0829999543344702,-2.4749959084930557
-1.0919044621603216,-2.4731588970017744,7.541404193e-05,56,30,4.592439143736674,-1.0829999543344702,-2.4749959084930557
-1.0924309549780082,-2.4731566354528054,7.5780277257e-05,56,30,4.592439143736674,-1.0829999543344702,-2.4749959084930557
-1.0929549183347782,-2.473159369193314,7.1261361882e-05,56,30,4.592439143736674,-1.0829999543344702,-2.4749959084930557
-1.093481851605859,-2.4731566975832733,6.9828842243e-05,56,30,4.592439143736674,-1.0829999543344702,-2.4749959084930557
-1.094009489602369,-2.4731581390100876,6.8895169534e-05,56,30,4.592439143736674,-1.0829999543344702,-2.4749959084930557
-1.0945328237400056,-2.473157629540264,6.9142435677e-05,56,30,4.592439143736674,-1.0829999543344702,-2.4749959084930557
-1.0950548994393752,-2.473157480427146,7.2238966823e-05,56,30,4.592439143736674,-1.0829999543344702,-2.4749959084930557
-1.0955802093250926,-2.473159294636755,7.031091809e-05,56,30,4.592439143736674,-1.0829999543344702,-2.4749959084930557
-1.09610486482291,-2.4731577165229175,7.5298841693e-05,56,30,4.592439143736674,-1.0829999543344702,-2.4749959084930557
-1.096625317136916,-2.473158536645068,7.3236304161e-05,56,30,4.592439143736674,-1.0829999543344702,-2.4749959084930557
-1.0971420822268005,-2.4731581887144602,7.359621668e-05,56,30,4.592439143736674,-1.0829999543344702,-2.4749959084930557
-1.0976692168480022,-2.4731595431586215,7.1982918598e-05,56,30,4.592439143736674,-1.0829999543344702,-2.4749959084930557
-1.097057099890641,-2.4725662344856105,7.5867741543e-05,56,30,4.592439143736674,-1.0829999543344702,-2.4749959084930557
-1.0964320713566633,-2.4725612143439504,7.5929980085e-05,56,30,4.592439143736674,-1.0829999543344702,-2.4749959084930557
-1.0958044756086207,-2.4725617362398657,7.5627969636e-05,56,30,4.592439143736674,-1.0829999543344702,-2.4749959084930557
-1.0951885078301637,-2.4725623078401537,7.5151670899e-05,56,30,4.592439143736674,-1.0829999543344702,-2.4749959084930557
-1.094576164353914,-2.4725610776569242,7.3558330769e-05,56,30,4.592439143736674,-1.0829999543344702,-2.4749959084930557
-1.0939714973510934,-2.472559549247459,7.35179201e-05,56,30,4.592439143736674,-1.0829999543344702,-2.4749959084930557
-1.0933711719602925,-2.4725637368408737,7.3423965659e-05,56,30,4.592439143736674,-1.0829999543344702,-2.4749959084930557
-1.092773891990098,-2.472559723212763,7.3869741755e-05,56,30,4.592439143736674,-1.0829999543344702,-2.4749959084930557
-1.0921838857930848,-2.4725594498387142,7.2444461694e-05,56,30,4.592439143736674,-1.0829999543344702,-2.4749959084930557
-1.0915939676867503,-2.4725613137526956,7.2242350143e-05,56,30,4.592439143736674,-1.0829999543344702,-2.4749959084930557
-1.0910250403307065,-2.4725626681968564,7.2469621955e-05,56,30,4.592439143736674,-1.0829999543344702,-2.4749959084930557
-1.0904558612870092,-2.472558157525017,7.0323687396e-05,56,30,4.592439143736674,-1.0829999543344702,-2.4749959084930557
-1.089889866092127,-2.4725589155167036,7.5067153375e-05,56,30,4.592439143736674,-1.0829999543344702,-2.4749959084930557
-1.089325443945079,-2.4725608539872477,7.4053321441e-05,56,30,4.592439143736674,-1.0829999543344702,-2.4749959084930557
-1.0887633624932052,-2.472558269359857,7.1043337812e-05,56,30,4.592439143736674,-1.0829999543344702,-2.4749959084930557
-1.0882002868751028,-2.472559338003874,5.7587803894e-05,56,30,4.592439143736674,-1.0829999543344702,-2.4749959084930557
-1.087643943901727,-2.472562978849187,3.4300428524e-05,56,30,4.592439143736674,-1.0829999543344702,-2.4749959084930557
-1.0870755954272855,-2.47255554804544,3.7951180275e-05,56,30,4.592439143736674,-1.0829999543344702,-2.4749959084930557
-1.0865379150934076,-2.4725595616735507,1.4138886684e-07,56,30,4.592439143736674,-1.0829999543344702,-2.4749959084930557
-1.085989147918397,-2.472557225568026,1.4135601134e-07,56,30,4.592439143736674,-1.0829999543344702,-2.4749959084930557
-1.085439235564565,-2.4725576480551967,0.00013387433137,56,30,4.592439143736674,-1.0829999543344702,-2.4749959084930557
-1.0848929726817065,-2.4725608167089663,0.00013906086679,56,30,4.592439143736674,-1.0829999543344702,-2.4749959084930557
-1.0843491385847028,-2.4725597107866717,0.000136301358,56,30,4.592439143736674,-1.0829999543344702,-2.4749959084930557
-1.0838014284978386,-2.4725579214292455,0.00013251729251,56,30,4.592439143736674,-1.0829999543344702,-2.4749959084930557
-1.0832602622899596,-2.472559126760289,0.0001270462526,56,30,4.592439143736674,-1.0829999543344702,-2.4749959084930557
-1.0826938266416848,-2.4725595616735507,0.00011698689923,56,30,4.592439143736674,-1.0829999543344702,-2.4749959084930557
-1.0821240309632358,-2.4725578592987816,0.00010843679047,56,30,4.592439143736674,-1.0829999543344702,-2.4749959084930557
-1.081560602982418,-2.4725559829587054,9.6130534075e-05,56,30,4.592439143736674,-1.0829999543344702,-2.4749959084930557
-1.0809949349814865,-2.4725544172709593,8.5438834503e-05,56,30,4.592439143736674,-1.0829999543344702,-2.4749959084930557
-1.0804332436454758,-2.472558927942799,7.6596537838e-05,56,30,4.592439143736674,-1.0829999543344702,-2.4749959084930557
-1.0798700421835468,-2.472558343916416,7.3628369137e-05,56,30,4.592439143736674,-1.0829999543344702,-2.4749959084930557
-1.0793100749079618,-2.4725573001245853,7.3819232057e-05,56,30,4.592439143736674,-1.0829999543344702,-2.4749959084930557
-1.0787492267255918,-2.4725578220205007,7.3171446275e-05,56,30,4.592439143736674,-1.0829999543344702,-2.4749959084930557
-1.0781902158630892,-2.4725567285242973,7.4325595051e-05,56,30,4.592439143736674,-1.0829999543344702,-2.4749959084930557
-1.0776291034086827,-2.472554777627662,7.3902294389e-05,56,30,4.592439143736674,-1.0829999543344702,-2.4749959084930557
-1.0770496806774936,-2.472555200114832,7.2848284617e-05,56,30,4.592439143736674,-1.0829999543344702,-2.4749959084930557
-1.0765151716080474,-2.4725550137234333,7.4006929935e-05,56,30,4.592439143736674,-1.0829999543344702,-2.4749959084930557
-1.0759630066497181,-2.4725518326435685,7.677882968e-05,56,30,4.592439143736674,-1.0829999543344702,-2.4749959084930557
-1.0754340472930273,-2.4725545166797045,7.7859527664e-05,56,30,4.592439143736674,-1.0829999543344702,-2.4749959084930557
-1.074903061850728,-2.4725568652113235,7.6443568105e-05,56,30,4.592439143736674,-1.0829999543344702,-2.4749959084930557
-1.0743730957434254,-2.4725571758636535,7.6757256465e-05,56,30,4.592439143736674,-1.0829999543344702,-2.4749959084930557
-1.073826367238408,-2.4725565794111795,7.6320473454e-05,56,30,4.592439143736674,-1.0829999543344702,-2.4749959084930557
-1.07331873841034,-2.4725541066186287,7.4897936429e-05,56,30,4.592439143736674,-1.0829999543344702,-2.4749959084930557
-1.0727907480511163,-2.472556343315408,7.4914387369e-05,56,30,4.592439143736674,-1.0829999543344702,-2.4749959084930557
-1.0722606309312206,-2.472556119645728,7.3924966273e-05,56,30,4.592439143736674,-1.0829999543344702,-2.4749959084930557
-1.0717377372469767,-2.4725563930197807,7.2727962106e-05,56,30,4.592439143736674,-1.0829999543344702,-2.4749959084930557
-1.0712138619808858,-2.472553708983645,7.2588612966e-05,56,30,4.592439143736674,-1.0829999543344702,-2.4749959084930557
-1.0706862994906714,-2.4725548273320346,7.2958348028e-05,56,30,4.592439143736674,-1.0829999543344702,-2.4749959084930557
-1.0701638085066738,-2.4725533610530337,7.2370596172e-05,56,30,4.592439143736674,-1.0829999543344702,-2.4749959084930557
-1.0696403233564442,-2.4725562563327546,7.3003313446e-05,56,30,4.592439143736674,-1.0829999543344702,-2.4749959084930557
-1.0691150763926411,-2.4725546782189167,7.2980554251e-05,56,30,4.592439143736674,-1.0829999543344702,-2.4749959084930557
-1.068575458063832,-2.472552926139772,7.4134411989e-05,56,30,4.592439143736674,-1.0829999543344702,-2.4749959084930557
-1.0680786140517107,-2.4725551379843647,7.4286384915e-05,56,30,4.592439143736674,-1.0829999543344702,-2.4749959084930557
-1.0675576457780147,-2.472556405445872,7.5065756391e-05,56,30,4.592439143736674,-1.0829999543344702,-2.4749959084930557
-1.067035570078645,-2.4725562687588494,7.540997467e-05,56,30,4.592439143736674,-1.0829999543344702,-2.4749959084930557
-1.0665151806865514,-2.4725548149059398,7.6212141721e-05,56,30,4.592439143736674,-1.0829999543344702,-2.4749959084930557
-1.0671023931506132,-2.471961270137161,7.4107476394e-05,56,30,4.592439143736674,-1.0829999543344702,-2.4749959084930557
-1.0677328958910524,-2.471957828109338,7.5071453466e-05,56,30,4.592439143736674,-1.0829999543344702,-2.4749959084930557
-1.068344559810636,-2.4719551564992974,7.419429312e-05,56,30,4.592439143736674,-1.0829999543344702,-2.4749959084930557
-1.06895668935238,-2.471957318639518,7.2295879363e-05,56,30,4.592439143736674,-1.0829999543344702,-2.4749959084930557
-1.0695662894332076,-2.471955057090549,7.2399692726e-05,56,30,4.592439143736674,-1.0829999543344702,-2.4749959084930557
-1.0701660862799354,-2.4719555044299053,7.124167314e-05,56,30,4.592439143736674,-1.0829999543344702,-2.4749959084930557
-1.0707635046783415,-2.47195509436883,7.2475631896e-05,56,30,4.592439143736674,-1.0829999543344702,-2.4749959084930557
-1.071356329777071,-2.4719520499759917,7.2491602623e-05,56,30,4.592439143736674,-1.0829999543344702,-2.4749959084930557
-1.0719426361655797,-2.4719549079774312,7.3004841397e-05,56,30,4.592439143736674,-1.0829999543344702,-2.4749959084930557
-1.072526387924407,-2.4719530067851685,7.2995877417e-05,56,30,4.592439143736674,-1.0829999543344702,-2.4749959084930557
-1.073104262776528,-2.4719551192210165,7.3553273978e-05,56,30,4.592439143736674,-1.0829999543344702,-2.4749959084930557
-1.0736933628979883,-2.4719549701078987,7.1128131822e-05,56,30,4.592439143736674,-1.0829999543344702,-2.4749959084930557
-1.074251203412901,-2.4719573931960768,7.2379603807e-05,56,30,4.592439143736674,-1.0829999543344702,-2.4749959084930557
-1.0748199420032059,-2.471958287874786,7.1364855103e-05,56,30,4.592439143736674,-1.0829999543344702,-2.4749959084930557
-1.0753869061955537,-2.4719553180385065,7.1477268648e-05,56,30,4.592439143736674,-1.0829999543344702,-2.4749959084930557
-1.075947251002617,-2.4719560263258207,7.0938040153e-05,56,30,4.592439143736674,-1.0829999543344702,-2.4749959084930557
-1.0765438514161487,-2.471955168925389,7.1175847552e-05,56,30,4.592439143736674,-1.0829999543344702,-2.4749959084930557
-1.0771154844144653,-2.471952745837211,7.1891692642e-05,56,30,4.592439143736674,-1.0829999543344702,-2.4749959084930557
-1.0776958006368242,-2.4719581263355774,7.1892303822e-05,56,30,4.592439143736674,-1.0829999543344702,-2.4749959084930557
-1.0782728826728376,-2.4719571446742106,7.2000344517e-05,56,30,4.592439143736674,-1.0829999543344702,-2.4749959084930557
-1.0788534254140836,-2.4719557902300493,7.089767314e-05,56,30,4.592439143736674,-1.0829999543344702,-2.4749959084930557
-1.0794292615962116,-2.4719573310656093,6.9418783823e-05,56,30,4.592439143736674,-1.0829999543344702,-2.4749959084930557
-1.0799960496072019,-2.4719549079774312,7.2336843004e-05,56,30,4.592439143736674,-1.0829999543344702,-2.4749959084930557
-1.0805934428368413,-2.4719545848990094,7.644740981e-05,56,30,4.592439143736674,-1.0829999543344702,-2.4749959084930557
-1.0811402971856854,-2.47195795237027,8.7513755716e-05,56,30,4.592439143736674,-1.0829999543344702,-2.4749959084930557
-1.0817070977810588,-2.47195641153471,0.00010022040078,56,30,4.592439143736674,-1.0829999543344702,-2.4749959084930557
-1.082274401751739,-2.4719561878650333,0.00011118797556,56,30,4.592439143736674,-1.0829999543344702,-2.4749959084930557
-1.082840044583906,-2.471956622778295,0.00012262180098,56,30,4.592439143736674,-1.0829999543344702,-2.4749959084930557
-1.0834022141264568,-2.471956249995501,0.00012978739687,56,30,4.592439143736674,-1.0829999543344702,-2.4749959084930557
-1.0839322305712904,-2.4719544109337024,0.00013689241314,56,30,4.592439143736674,-1.0829999543344702,-2.4749959084930557
-1.0844679351570912,-2.4719555665603727,0.00013645733998,56,30,4.592439143736674,-1.0829999543344702,-2.4749959084930557
-1.0850184389769086,-2.4719556908213045,0.00013541933731,56,30,4.592439143736674,-1.0829999543344702,-2.4749959084930557
-1.0855328507872342,-2.47195293222861,0.00012436024554,56,30,4.592439143736674,-1.0829999543344702,-2.4749959084930557
-1.0860601741741767,-2.4719565979261087,9.8410739156e-05,56,30,4.592439143736674,-1.0829999543344702,-2.4749959084930557
-1.0865882903772268,-2.471956175438942,6.56159973e-05,56,30,4.592439143736674,-1.0829999543344702,-2.4749959084930557
-1.0871162933208354,-2.4719546470294738,1.4135716242e-07,56,30,4.592439143736674,-1.0829999543344702,-2.4749959084930557
-1.0876429245667303,-2.4719547215860325,4.3123203795e-05,56,30,4.592439143736674,-1.0829999543344702,-2.4749959084930557
-1.0881695935657747,-2.4719543736554246,6.3340019551e-05,56,30,4.592439143736674,-1.0829999543344702,-2.4749959084930557
-1.088698011794011,-2.4719549701078987,7.1003225457e-05,56,30,4.592439143736674,-1.0829999543344702,-2.4749959084930557
-1.089223044823307,-2.471953565959365,7.008848479e-05,56,30,4.592439143736674,-1.0829999543344702,-2.4749959084930557
-1.0897485057216154,-2.47195641153471,6.9860107033e-05,56,30,4.592439143736674,-1.0829999543344702,-2.4749959084930557
-1.0902714623277736,-2.4719553677428827,6.9371664722e-05,56,30,4.592439143736674,-1.0829999543344702,-2.4749959084930557
-1.0907962688381825,-2.471957418048263,6.9573638029e-05,56,30,4.592439143736674,-1.0829999543344702,-2.4749959084930557
-1.091307811409259,-2.4719558275083306,6.967553054e-05,56,30,4.592439143736674,-1.0829999543344702,-2.4749959084930557
-1.0918305163277637,-2.4719546843077547,6.9956040534e-05,56,30,4.592439143736674,-1.0829999543344702,-2.4749959084930557
-1.0923525039364546,-2.4719606488325003,7.0271329605e-05,56,30,4.592439143736674,-1.0829999543344702,-2.4749959084930557
-1.092881991837217,-2.471956461239086,7.013285358e-05,56,30,4.592439143736674,-1.0829999543344702,-2.4749959084930557
-1.093409390730455,-2.4719576789962208,7.059671043e-05,56,30,4.592439143736674,-1.0829999543344702,-2.4749959084930557
-1.093933366671608,-2.4719553304646014,7.0258516644e-05,56,30,4.592439143736674,-1.0829999543344702,-2.4749959084930557
-1.0944602621895412,-2.4719575671613807,7.2872870078e-05,56,30,4.592439143736674,-1.0829999543344702,-2.4749959084930557
-1.0949829922768106,-2.471956461239086,7.4120238423e-05,56,30,4.592439143736674,-1.0829999543344702,-2.4749959084930557
-1.0955317720362026,-2.471954820994781,7.4122821388e-05,56,30,4.592439143736674,-1.0829999543344702,-2.4749959084930557
-1.096028465035731,-2.4719532677331264,7.4359486462e-05,56,30,4.592439143736674,-1.0829999543344702,-2.4749959084930557
-1.096547885430359,-2.47195641153471,7.3404611612e-05,56,30,4.592439143736674,-1.0829999543344702,-2.4749959084930557
-1.0970700618047908,-2.471955268334134,7.2144830483e-05,56,30,4.592439143736674,-1.0829999543344702,-2.4749959084930557
-1.097588299267446,-2.471954597325101,7.2710958193e-05,56,30,4.592439143736674,-1.0829999543344702,-2.4749959084930557
-1.0969794164964308,-2.471354044239746,7.0656176831e-05,56,30,4.592439143736674,-1.0829999543344702,-2.4749959084930557
-1.096352047267277,-2.471350316411779,7.2537761298e-05,56,30,4.592439143736674,-1.0829999543344702,-2.4749959084930557
-1.0957283904310093,-2.47135104955128,7.3091337981e-05,56,30,4.592439143736674,-1.0829999543344702,-2.4749959084930557
-1.0951093017256501,-2.4713490489502687,7.1116322943e-05,56,30,4.592439143736674,-1.0829999543344702,-2.4749959084930557
-1.0945043452820282,-2.4713499063507003,7.1012495027e-05,56,30,4.592439143736674,-1.0829999543344702,-2.4749959084930557
-1.0938919892213954,-2.471348440071703,7.0009620686e-05,56,30,4.592439143736674,-1.0829999543344702,-2.4749959084930557
-1.093299113785135,-2.471350428246616,6.9279070885e-05,56,30,4.592439143736674,-1.0829999543344702,-2.4749959084930557
-1.0926981088376693,-2.4713459921313388,6.7921500886e-05,56,30,4.592439143736674,-1.0829999543344702,-2.4749959084930557
-1.0921162950737733,-2.47134754539299,6.8520224886e-05,56,30,4.592439143736674,-1.0829999543344702,-2.4749959084930557
-1.091527887093359,-2.4713496578288376,6.9457717473e-05,56,30,4.592439143736674,-1.0829999543344702,-2.4749959084930557
-1.0909512329263567,-2.4713473838537774,7.1348789788e-05,56,30,4.592439143736674,-1.0829999543344702,-2.4749959084930557
-1.0903886732679442,-2.471351608725473,6.9986126618e-05,56,30,4.592439143736674,-1.0829999543344702,-2.4749959084930557
-1.0898212308690542,-2.4713496329766516,6.9992274803e-05,56,30,4.592439143736674,-1.0829999543344702,-2.4749959084930557
-1.089256078827811,-2.4713494590113476,7.0485548349e-05,56,30,4.592439143736674,-1.0829999543344702,-2.4749959084930557
-1.0886923739905752,-2.471349322324321,6.8693138019e-05,56,30,4.592439143736674,-1.0829999543344702,-2.4749959084930557
-1.0881169153399255,-2.471347445984245,5.6435004808e-05,56,30,4.592439143736674,-1.0829999543344702,-2.4749959084930557
-1.087576768467045,-2.471348750724033,3.124450086e-05,56,30,4.592439143736674,-1.0829999543344702,-2.4749959084930557
-1.0870231185515604,-2.4713486761674743,3.1046885852e-05,56,30,4.592439143736674,-1.0829999543344702,-2.4749959084930557
-1.0864698335831726,-2.4713502542813117,1.4100766066e-07,56,30,4.592439143736674,-1.0829999543344702,-2.4749959084930557
-1.0859190151537874,-2.4713512235165838,1.4171702389e-07,56,30,4.592439143736674,-1.0829999543344702,-2.4749959084930557
-1.085370562588346,-2.4713534353611766,0.00013474412845,56,30,4.592439143736674,-1.0829999543344702,-2.4749959084930557
-1.0848236704863525,-2.471348725871847,0.00013522378867,56,30,4.592439143736674,-1.0829999543344702,-2.4749959084930557
-1.084274588701778,-2.471352205177947,0.00013621264952,56,30,4.592439143736674,-1.0829999543344702,-2.4749959084930557
-1.083733082715567,-2.4713483903673303,0.00013192067854,56,30,4.592439143736674,-1.0829999543344702,-2.4749959084930557
-1.0831872980392505,-2.4713530128740064,0.0001274595852,56,30,4.592439143736674,-1.0829999543344702,-2.4749959084930557
-1.0826247257964532,-2.4713497448114916,0.00011672287656,56,30,4.592439143736674,-1.0829999543344702,-2.4749959084930557
-1.0820512554782657,-2.4713483903673303,0.00010696144454,56,30,4.592439143736674,-1.0829999543344702,-2.4749959084930557
-1.0814865061372687,-2.47135136020361,9.6831674455e-05,56,30,4.592439143736674,-1.0829999543344702,-2.4749959084930557
-1.080924764463729,-2.4713537087352258,8.2226892118e-05,56,30,4.592439143736674,-1.0829999543344702,-2.4749959084930557
-1.0803619657020445,-2.471351571447195,7.2758586612e-05,56,30,4.592439143736674,-1.0829999543344702,-2.4749959084930557
-1.0798023759579396,-2.471351993934362,7.0505659096e-05,56,30,4.592439143736674,-1.0829999543344702,-2.4749959084930557
-1.079236607281946,-2.4713511241078385,7.0275818871e-05,56,30,4.592439143736674,-1.0829999543344702,-2.4749959084930557
-1.0786789681171554,-2.4713498317941416,7.2291732067e-05,56,30,4.592439143736674,-1.0829999543344702,-2.4749959084930557
-1.0781184345443513,-2.471355386257812,7.1020142059e-05,56,30,4.592439143736674,-1.0829999543344702,-2.4749959084930557
-1.0775602668354878,-2.4713490986546414,7.1863236371e-05,56,30,4.592439143736674,-1.0829999543344702,-2.4749959084930557
-1.0770015076606403,-2.471347359001591,7.2292947152e-05,56,30,4.592439143736674,-1.0829999543344702,-2.4749959084930557
-1.0764258602442516,-2.471349869072423,7.2905953857e-05,56,30,4.592439143736674,-1.0829999543344702,-2.4749959084930557
-1.0758949754770142,-2.471346576157718,7.2368144174e-05,56,30,4.592439143736674,-1.0829999543344702,-2.4749959084930557
-1.0753719937020914,-2.471353919978811,7.0825168223e-05,56,30,4.592439143736674,-1.0829999543344702,-2.4749959084930557
-1.0748404042094233,-2.4713464643228815,7.1794660471e-05,56,30,4.592439143736674,-1.0829999543344702,-2.4749959084930557
-1.0743138233010578,-2.47135104955128,7.3925250035e-05,56,30,4.592439143736674,-1.0829999543344702,-2.4749959084930557
-1.0737814032391342,-2.4713488874110596,7.3030445492e-05,56,30,4.592439143736674,-1.0829999543344702,-2.4749959084930557
-1.0732566093131086,-2.471353348378523,7.3056136898e-05,56,30,4.592439143736674,-1.0829999543344702,-2.4749959084930557
-1.0727306450394931,-2.471349893924609,7.335729606e-05,56,30,4.592439143736674,-1.0829999543344702,-2.4749959084930557
-1.0722027301865653,-2.471350291559593,7.3927389167e-05,56,30,4.592439143736674,-1.0829999543344702,-2.4749959084930557
-1.0716782131169575,-2.471351472038447,7.240222476e-05,56,30,4.592439143736674,-1.0829999543344702,-2.4749959084930557
-1.0711553949390094,-2.471350353690057,7.1621863754e-05,56,30,4.592439143736674,-1.0829999543344702,-2.4749959084930557
-1.0706305380910695,-2.4713528513347938,7.265167369e-05,56,30,4.592439143736674,-1.0829999543344702,-2.4749959084930557
-1.070104989102082,-2.4713525779607446,7.1379770816e-05,56,30,4.592439143736674,-1.0829999543344702,-2.4749959084930557
-1.0695849394883223,-2.4713504158205244,7.2450326115e-05,56,30,4.592439143736674,-1.0829999543344702,-2.4749959084930557
-1.0690617186101277,-2.471351633577659,7.3293769674e-05,56,30,4.592439143736674,-1.0829999543344702,-2.4749959084930557
-1.0685405741550758,-2.4713511365339302,7.0015710662e-05,56,30,4.592439143736674,-1.0829999543344702,-2.4749959084930557
-1.0680282639366558,-2.4713495459939976,7.3563976912e-05,56,30,4.592439143736674,-1.0829999543344702,-2.4749959084930557
-1.067506880378332,-2.471351646003754,7.4323514127e-05,56,30,4.592439143736674,-1.0829999543344702,-2.4749959084930557
-1.0669824262306369,-2.471348539480448,7.3755611083e-05,56,30,4.592439143736674,-1.0829999543344702,-2.4749959084930557
-1.0664601240123786,-2.471347930601879,7.5518415542e-05,56,30,4.592439143736674,-1.0829999543344702,-2.4749959084930557
-1.0670517032572262,-2.470686514511929,7.3166156653e-05,56,30,4.592439143736674,-1.0829999543344702,-2.4749959084930557
-1.0676814886878532,-2.470684551189199,7.2770191764e-05,56,30,4.592439143736674,-1.0829999543344702,-2.4749959084930557
-1.0683019994284522,-2.4706831097623847,7.4232280895e-05,56,30,4.592439143736674,-1.0829999543344702,-2.4749959084930557
-1.0689050178771444,-2.470680363595785,7.2079208621e-05,56,30,4.592439143736674,-1.0829999543344702,-2.4749959084930557
-1.06952210566566,-2.470678064768538,7.2862974775e-05,56,30,4.592439143736674,-1.0829999543344702,-2.4749959084930557
-1.0701135087291485,-2.4706779529336984,7.2817005275e-05,56,30,4.592439143736674,-1.0829999543344702,-2.4749959084930557
-1.0707090394701524,-2.4706804381523435,7.1500922786e-05,56,30,4.592439143736674,-1.0829999543344702,-2.4749959084930557
-1.0713024812036338,-2.4706790215777152,7.0929068897e-05,56,30,4.592439143736674,-1.0829999543344702,-2.4749959084930557
-1.0718892909674493,-2.470678623942731,7.2322640335e-05,56,30,4.592439143736674,-1.0829999543344702,-2.4749959084930557
-1.0724692296583282,-2.470683929884539,7.2597053077e-05,56,30,4.592439143736674,-1.0829999543344702,-2.4749959084930557
-1.0730496088025998,-2.470681904431345,7.1071335697e-05,56,30,4.592439143736674,-1.0829999543344702,-2.4749959084930557
-1.0736244004809665,-2.4706814819441743,7.2473754699e-05,56,30,4.592439143736674,-1.0829999543344702,-2.4749959084930557
-1.0741985000182874,-2.4706818795791547,7.3830720794e-05,56,30,4.592439143736674,-1.0829999543344702,-2.4749959084930557
-1.0747816225579812,-2.4706818671530635,7.3827024607e-05,56,30,4.592439143736674,-1.0829999543344702,-2.4749959084930557
-1.0753327178437844,-2.4706825754403776,7.0656853495e-05,56,30,4.592439143736674,-1.0829999543344702,-2.4749959084930557
-1.0758900927365385,-2.470684016867189,7.2422655649e-05,56,30,4.592439143736674,-1.0829999543344702,-2.4749959084930557
-1.0764716799815457,-2.470686576642393,6.8123772508e-05,56,30,4.592439143736674,-1.0829999543344702,-2.4749959084930557
-1.0770708601935253,-2.4706797671433107,7.0161942858e-05,56,30,4.592439143736674,-1.0829999543344702,-2.4749959084930557
-1.077637660788897,-2.470685868355079,6.8574721809e-05,56,30,4.592439143736674,-1.0829999543344702,-2.4749959084930557
-1.078216341041509,-2.4706821529532075,6.8516623287e-05,56,30,4.592439143736674,-1.0829999543344702,-2.4749959084930557
-1.0787971354704087,-2.470684663024039,7.0343041443e-05,56,30,4.592439143736674,-1.0829999543344702,-2.4749959084930557
-1.0793692089221194,-2.470682774257868,7.2892122262e-05,56,30,4.592439143736674,-1.0829999543344702,-2.4749959084930557
-1.07993977224791,-2.4706810718830954,7.5624011515e-05,56,30,4.592439143736674,-1.0829999543344702,-2.4749959084930557
-1.0805117953620915,-2.4706822523619527,8.064044232e-05,56,30,4.592439143736674,-1.0829999543344702,-2.4749959084930557
-1.0810864863653962,-2.4706836316583,9.3585542345e-05,56,30,4.592439143736674,-1.0829999543344702,-2.4749959084930557
-1.0816503799683728,-2.470684526337013,0.00010507265688,56,30,4.592439143736674,-1.0829999543344702,-2.4749959084930557
-1.0822122726545056,-2.4706844517804543,0.00011372449808,56,30,4.592439143736674,-1.0829999543344702,-2.4749959084930557
-1.082779727637777,-2.470684302667333,0.00012402053108,56,30,4.592439143736674,-1.0829999543344702,-2.4749959084930557
-1.0833401982886688,-2.4706819665618087,0.00013267055328,56,30,4.592439143736674,-1.0829999543344702,-2.4749959084930557
-1.0838758147837888,-2.4706853464591636,0.00013650013716,56,30,4.592439143736674,-1.0829999543344702,-2.4749959084930557
-1.0844079454049114,-2.470682948223172,0.00013752111408,56,30,4.592439143736674,-1.0829999543344702,-2.4749959084930557
-1.0849432724592318,-2.4706816683355735,0.00013696780661,56,30,4.592439143736674,-1.0829999543344702,-2.4749959084930557
-1.0854715396748753,-2.4706872227992402,0.00012997312297,56,30,4.592439143736674,-1.0829999543344702,-2.4749959084930557
-1.0860037709710582,-2.4706841784064015,9.7324023955e-05,56,30,4.592439143736674,-1.0829999543344702,-2.4749959084930557
-1.086529370297575,-2.47068394231063,1.4135576976e-07,56,30,4.592439143736674,-1.0829999543344702,-2.4749959084930557
-1.0870574361630958,-2.4706844642065455,1.4135744664e-07,56,30,4.592439143736674,-1.0829999543344702,-2.4749959084930557
-1.087580933897707,-2.4706868127381645,4.3167663534e-05,56,30,4.592439143736674,-1.0829999543344702,-2.4749959084930557
-1.0881107112392703,-2.4706829979275478,6.3919076638e-05,56,30,4.592439143736674,-1.0829999543344702,-2.4749959084930557
-1.088632837276171,-2.4706859180594516,7.2579321568e-05,56,30,4.592439143736674,-1.0829999543344702,-2.4749959084930557
-1.0891607395447176,-2.47068209082274,7.0241025242e-05,56,30,4.592439143736674,-1.0829999543344702,-2.4749959084930557
-1.0896840359292064,-2.470685557702749,7.0272086305e-05,56,30,4.592439143736674,-1.0829999543344702,-2.4749959084930557
-1.0902069421978335,-2.47068733463408,7.0490088547e-05,56,30,4.592439143736674,-1.0829999543344702,-2.4749959084930557
-1.0907296597007197,-2.4706877446951556,7.062037912e-05,56,30,4.592439143736674,-1.0829999543344702,-2.4749959084930557
-1.0912423726193843,-2.4706854582940037,7.1078713518e-05,56,30,4.592439143736674,-1.0829999543344702,-2.4749959084930557
-1.0917641840467192,-2.470687521025479,7.0960115409e-05,56,30,4.592439143736674,-1.0829999543344702,-2.4749959084930557
-1.0922915074336614,-2.470688192034512,6.9975372753e-05,56,30,4.592439143736674,-1.0829999543344702,-2.4749959084930557
-1.0928182016014722,-2.4706837062148588,6.6772256105e-05,56,30,4.592439143736674,-1.0829999543344702,-2.4749959084930557
-1.0933442162126168,-2.4706861044508504,6.7344357376e-05,56,30,4.592439143736674,-1.0829999543344702,-2.4749959084930557
-1.0938672357406876,-2.470684215684683,7.0232214057e-05,56,30,4.592439143736674,-1.0829999543344702,-2.4749959084930557
-1.0943944206994218,-2.470685122789487,7.079711213e-05,56,30,4.592439143736674,-1.0829999543344702,-2.4749959084930557
-1.0949438045091808,-2.470684016867189,7.0971043897e-05,56,30,4.592439143736674,-1.0829999543344702,-2.4749959084930557
-1.0954412651560523,-2.4706815565007334,7.3862851423e-05,56,30,4.592439143736674,-1.0829999543344702,-2.4749959084930557
-1.0959621956766006,-2.4706815565007334,7.3534436524e-05,56,30,4.592439143736674,-1.0829999543344702,-2.4749959084930557
-1.096483931597638,-2.4706821529532075,7.4268085882e-05,56,30,4.592439143736674,-1.0829999543344702,-2.4749959084930557
-1.0970051767277538,-2.4706815813529195,7.3195522418e-05,56,30,4.592439143736674,-1.0829999543344702,-2.4749959084930557
-1.0975265099485467,-2.4706818795791547,7.425637159e-05,56,30,4.592439143736674,-1.0829999543344702,-2.4749959084930557
-1.0969130212934737,-2.4700261794920846,7.2504335549e-05,56,30,4.592439143736674,-1.0829999543344702,-2.4749959084930557
-1.096287816578138,-2.4700200037237536,7.4807350757e-05,56,30,4.592439143736674,-1.0829999543344702,-2.4749959084930557
-1.0956630774849614,-2.4700212339069836,7.466867828e-05,56,30,4.592439143736674,-1.0829999543344702,-2.4749959084930557
-1.0950391563766573,-2.4700175682094843,7.4825402407e-05,56,30,4.592439143736674,-1.0829999543344702,-2.4749959084930557
-1.0944298205678664,-2.470020339228274,7.413860294e-05,56,30,4.592439143736674,-1.0829999543344702,-2.4749959084930557
-1.0938249018773925,-2.470019071766763,7.2599701525e-05,56,30,4.592439143736674,-1.0829999543344702,-2.4749959084930557
-1.093222349050859,-2.470018860523178,7.0083289756e-05,56,30,4.592439143736674,-1.0829999543344702,-2.4749959084930557
-1.0926255724559715,-2.4700184628881976,7.0234804298e-05,56,30,4.592439143736674,-1.0829999543344702,-2.4749959084930557
-1.0920324579164389,-2.470020786567627,7.3213064752e-05,56,30,4.592439143736674,-1.0829999543344702,-2.4749959084930557
-1.0914468185002115,-2.4700192333059756,7.1254595241e-05,56,30,4.592439143736674,-1.0829999543344702,-2.4749959084930557
-1.0908790111542246,-2.470018674131779,7.3516763223e-05,56,30,4.592439143736674,-1.0829999543344702,-2.4749959084930557
-1.0903068244430703,-2.4700163256001635,7.2570175689e-05,56,30,4.592439143736674,-1.0829999543344702,-2.4749959084930557
-1.089742528139849,-2.47001685992217,7.0361107646e-05,56,30,4.592439143736674,-1.0829999543344702,-2.4749959084930557
-1.08917678463262,-2.4700165119915587,7.2859162174e-05,56,30,4.592439143736674,-1.0829999543344702,-2.4749959084930557
-1.0886118087727343,-2.4700206747327904,7.0011512435e-05,56,30,4.592439143736674,-1.0829999543344702,-2.4749959084930557
-1.0880522064442462,-2.4700191090450443,5.686041186e-05,56,30,4.592439143736674,-1.0829999543344702,-2.4749959084930557
-1.08749463020137,-2.4700178167313473,1.413655184e-07,56,30,4.592439143736674,-1.0829999543344702,-2.4749959084930557
-1.0869401119634798,-2.4700157415737807,3.4604916436e-05,56,30,4.592439143736674,-1.0829999543344702,-2.4749959084930557
-1.0863892306121823,-2.4700173942441803,8.0160993093e-05,56,30,4.592439143736674,-1.0829999543344702,-2.4749959084930557
-1.0858385002734776,-2.470019469401747,1.4137681603e-07,56,30,4.592439143736674,-1.0829999543344702,-2.4749959084930557
-1.0852750471238934,-2.4700176427660434,0.00013175787171,56,30,4.592439143736674,-1.0829999543344702,-2.4749959084930557
-1.0847498756663878,-2.470020190115153,0.00013605222921,56,30,4.592439143736674,-1.0829999543344702,-2.4749959084930557
-1.0842045817809949,-2.4700205628979504,0.00013659671822,56,30,4.592439143736674,-1.0829999543344702,-2.4749959084930557
-1.0836631009635505,-2.4700213830201045,0.00013298110571,56,30,4.592439143736674,-1.0829999543344702,-2.4749959084930557
-1.0831128362470028,-2.470021507281036,0.00012745698041,56,30,4.592439143736674,-1.0829999543344702,-2.4749959084930557
-1.0825415178582523,-2.470021221480892,0.00011750609701,56,30,4.592439143736674,-1.0829999543344702,-2.4749959084930557
-1.0819766049202788,-2.470018860523178,0.00010906186799,56,30,4.592439143736674,-1.0829999543344702,-2.4749959084930557
-1.0814113018664442,-2.47001786643572,9.7251067928e-05,56,30,4.592439143736674,-1.0829999543344702,-2.4749959084930557
-1.0808472069133452,-2.470017878861815,8.4292783868e-05,56,30,4.592439143736674,-1.0829999543344702,-2.4749959084930557
-1.0802830867914799,-2.4700206623066956,7.7178417996e-05,56,30,4.592439143736674,-1.0829999543344702,-2.4749959084930557
-1.0797252588609503,-2.470019780054077,7.311180525e-05,56,30,4.592439143736674,-1.0829999543344702,-2.4749959084930557
-1.0791624349304993,-2.470020426210924,7.3490664363e-05,56,30,4.592439143736674,-1.0829999543344702,-2.4749959084930557
-1.0786047831813257,-2.470020935680748,7.2065340646e-05,56,30,4.592439143736674,-1.0829999543344702,-2.4749959084930557
-1.0780455206311716,-2.470021606689781,7.1864938946e-05,56,30,4.592439143736674,-1.0829999543344702,-2.4749959084930557
-1.0774652169931958,-2.47001840075773,7.0756999776e-05,56,30,4.592439143736674,-1.0829999543344702,-2.4749959084930557
-1.0769264544024069,-2.4700162386175095,7.2611015639e-05,56,30,4.592439143736674,-1.0829999543344702,-2.4749959084930557
-1.0763707532325477,-2.4700180901053996,6.9736182922e-05,56,30,4.592439143736674,-1.0829999543344702,-2.4749959084930557
-1.075823508767842,-2.470018723836155,6.9960842666e-05,56,30,4.592439143736674,-1.0829999543344702,-2.4749959084930557
-1.075299948111317,-2.4700166362524936,7.2461800301e-05,56,30,4.592439143736674,-1.0829999543344702,-2.4749959084930557
-1.0747707748201205,-2.47002036408046,7.1909540566e-05,56,30,4.592439143736674,-1.0829999543344702,-2.4749959084930557
-1.0742408590503487,-2.4700205628979504,7.2046772402e-05,56,30,4.592439143736674,-1.0829999543344702,-2.4749959084930557
-1.07371402645433,-2.4700200907064076,7.2497299698e-05,56,30,4.592439143736674,-1.0829999543344702,-2.4749959084930557
-1.073187093183249,-2.470021581837595,7.3812749179e-05,56,30,4.592439143736674,-1.0829999543344702,-2.4749959084930557
-1.0726658732218997,-2.470020612602323,7.3134426202e-05,56,30,4.592439143736674,-1.0829999543344702,-2.4749959084930557
-1.0721325219156599,-2.4700182640707036,7.4400246376e-05,56,30,4.592439143736674,-1.0829999543344702,-2.4749959084930557
-1.0716111886948672,-2.470020749289349,7.0913403761e-05,56,30,4.592439143736674,-1.0829999543344702,-2.4749959084930557
-1.0710867597159366,-2.4700163131740687,7.0728696301e-05,56,30,4.592439143736674,-1.0829999543344702,-2.4749959084930557
-1.070562569840278,-2.4700208735502804,7.0551024692e-05,56,30,4.592439143736674,-1.0829999543344702,-2.4749959084930557
-1.0700388581711615,-2.470018674131779,7.2482565884e-05,56,30,4.592439143736674,-1.0829999543344702,-2.4749959084930557
-1.0695225461190525,-2.4700207368632543,7.252265641e-05,56,30,4.592439143736674,-1.0829999543344702,-2.4749959084930557
-1.0689966951048826,-2.470018587149129,7.1937982284e-05,56,30,4.592439143736674,-1.0829999543344702,-2.4749959084930557
-1.0684754373903853,-2.4700186244274067,7.2429720603e-05,56,30,4.592439143736674,-1.0829999543344702,-2.4749959084930557
-1.0679681986781806,-2.4700189226536455,7.3970812082e-05,56,30,4.592439143736674,-1.0829999543344702,-2.4749959084930557
-1.0674445876841243,-2.470020339228274,7.351381646e-05,56,30,4.592439143736674,-1.0829999543344702,-2.4749959084930557
-1.066901798090882,-2.470018164661959,7.3635528679e-05,56,30,4.592439143736674,-1.0829999543344702,-2.4749959084930557
-1.0663977809806415,-2.470019295436443,7.3189927207e-05,56,30,4.592439143736674,-1.0829999543344702,-2.4749959084930557
-1.0669894105630184,-2.4693524118654735,7.2137685493e-05,56,30,4.592439143736674,-1.0829999543344702,-2.4749959084930557
-1.0676265326887406,-2.4693469443844567,7.3913361121e-05,56,30,4.592439143736674,-1.0829999543344702,-2.4749959084930557
-1.0682375673891926,-2.469350709490701,7.1730828495e-05,56,30,4.592439143736674,-1.0829999543344702,-2.4749959084930557
-1.0688444366589809,-2.4693511568300575,7.2519404057e-05,56,30,4.592439143736674,-1.0829999543344702,-2.4749959084930557
-1.0694519854854319,-2.469349292916076,6.9807858381e-05,56,30,4.592439143736674,-1.0829999543344702,-2.4749959084930557
-1.0700530785235762,-2.4693479757501926,6.8285880843e-05,56,30,4.592439143736674,-1.0829999543344702,-2.4749959084930557
-1.0706633959142158,-2.469349317768262,6.8154397013e-05,56,30,4.592439143736674,-1.0829999543344702,-2.4749959084930557
-1.0712404905346105,-2.469350349133998,6.9444249675e-05,56,30,4.592439143736674,-1.0829999543344702,-2.4749959084930557
-1.0718305219003885,-2.4693474538542772,7.0599613537e-05,56,30,4.592439143736674,-1.0829999543344702,-2.4749959084930557
-1.0724123985861989,-2.4693499763512006,7.0607376983e-05,56,30,4.592439143736674,-1.0829999543344702,-2.4749959084930557
-1.0729919597455977,-2.469348385811268,7.1491180279e-05,56,30,4.592439143736674,-1.0829999543344702,-2.4749959084930557
-1.0735676323307513,-2.4693508710299135,7.1355323598e-05,56,30,4.592439143736674,-1.0829999543344702,-2.4749959084930557
-1.0741395170167212,-2.4693495165857526,6.9746783993e-05,56,30,4.592439143736674,-1.0829999543344702,-2.4749959084930557
-1.0747119428311473,-2.469351243812711,6.9588524639e-05,56,30,4.592439143736674,-1.0829999543344702,-2.4749959084930557
-1.075273344726355,-2.469348609480948,7.110410661e-05,56,30,4.592439143736674,-1.0829999543344702,-2.4749959084930557
-1.0758388742990783,-2.469351802986904,7.0084046456e-05,56,30,4.592439143736674,-1.0829999543344702,-2.4749959084930557
-1.0764125963049191,-2.4693509828647535,7.0230089477e-05,56,30,4.592439143736674,-1.0829999543344702,-2.4749959084930557
-1.076998953030959,-2.469352734943895,6.9780318881e-05,56,30,4.592439143736674,-1.0829999543344702,-2.4749959084930557
-1.0775797474598583,-2.4693492307856086,6.9970476034e-05,56,30,4.592439143736674,-1.0829999543344702,-2.4749959084930557
-1.0781581508560507,-2.4693526231090583,7.1125235991e-05,56,30,4.592439143736674,-1.0829999543344702,-2.4749959084930557
-1.0787355726703962,-2.4693522254740743,7.1852002293e-05,56,30,4.592439143736674,-1.0829999543344702,-2.4749959084930557
-1.0793097728827774,-2.469349081672491,7.0644193329e-05,56,30,4.592439143736674,-1.0829999543344702,-2.4749959084930557
-1.0798802229491244,-2.469351778134718,7.3749652074e-05,56,30,4.592439143736674,-1.0829999543344702,-2.4749959084930557
-1.080451956622503,-2.4693514302041066,7.8844073869e-05,56,30,4.592439143736674,-1.0829999543344702,-2.4749959084930557
-1.0810247222152614,-2.4693522876045417,9.0544403065e-05,56,30,4.592439143736674,-1.0829999543344702,-2.4749959084930557
-1.0815906293194648,-2.4693518402651855,0.00010334320541,56,30,4.592439143736674,-1.0829999543344702,-2.4749959084930557
-1.0821569894614442,-2.469350808899446,0.00011330659618,56,30,4.592439143736674,-1.0829999543344702,-2.4749959084930557
-1.0827190205757853,-2.4693525112742183,0.00012663578673,56,30,4.592439143736674,-1.0829999543344702,-2.4749959084930557
-1.0832801833677246,-2.469349392324821,0.00013627203589,56,30,4.592439143736674,-1.0829999543344702,-2.4749959084930557
-1.083817234482469,-2.469350249725253,0.00013889756519,56,30,4.592439143736674,-1.0829999543344702,-2.4749959084930557
-1.0843485093655694,-2.469350026055573,0.00014067131269,56,30,4.592439143736674,-1.0829999543344702,-2.4749959084930557
-1.0848802498708288,-2.4693536047704217,0.00013920041965,56,30,4.592439143736674,-1.0829999543344702,-2.4749959084930557
-1.0854370332975989,-2.4693471183497606,0.00012372096535,56,30,4.592439143736674,-1.0829999543344702,-2.4749959084930557
-1.085942686377586,-2.4693535674921407,9.6626165032e-05,56,30,4.592439143736674,-1.0829999543344702,-2.4749959084930557
-1.0864670901877502,-2.469348783446252,1.4135814297e-07,56,30,4.592439143736674,-1.0829999543344702,-2.4749959084930557
-1.0869982518114072,-2.469350175168694,1.4136215043e-07,56,30,4.592439143736674,-1.0829999543344702,-2.4749959084930557
-1.0875211077425035,-2.4693493426204487,3.9285139792e-05,56,30,4.592439143736674,-1.0829999543344702,-2.4749959084930557
-1.088048066182349,-2.4693539402749383,5.9310339566e-05,56,30,4.592439143736674,-1.0829999543344702,-2.4749959084930557
-1.0885718281889964,-2.469352349735006,6.953204138e-05,56,30,4.592439143736674,-1.0829999543344702,-2.4749959084930557
-1.0890959928958905,-2.469355207736449,7.0705929829e-05,56,30,4.592439143736674,-1.0829999543344702,-2.4749959084930557
-1.0896196290587115,-2.469353704179167,7.0119429438e-05,56,30,4.592439143736674,-1.0829999543344702,-2.4749959084930557
-1.0901423088084499,-2.4693544870230397,7.0908856287e-05,56,30,4.592439143736674,-1.0829999543344702,-2.4749959084930557
-1.0906647746236828,-2.4693544621708536,7.2964729043e-05,56,30,4.592439143736674,-1.0829999543344702,-2.4749959084930557
-1.0911865357134867,-2.469354996492864,7.2438117058e-05,56,30,4.592439143736674,-1.0829999543344702,-2.4749959084930557
-1.0917239014377986,-2.4693521260653295,7.0909001806e-05,56,30,4.592439143736674,-1.0829999543344702,-2.4749959084930557
-1.092229139233158,-2.4693544870230397,7.2128779721e-05,56,30,4.592439143736674,-1.0829999543344702,-2.4749959084930557
-1.0927561102573868,-2.4693544497447624,6.9305257057e-05,56,30,4.592439143736674,-1.0829999543344702,-2.4749959084930557
-1.0932805769894651,-2.469351691152064,6.8292822107e-05,56,30,4.592439143736674,-1.0829999543344702,-2.4749959084930557
-1.0938014571724806,-2.469350920734286,7.0657202741e-05,56,30,4.592439143736674,-1.0829999543344702,-2.4749959084930557
-1.0943263769423346,-2.4693546112839715,7.2197886766e-05,56,30,4.592439143736674,-1.0829999543344702,-2.4749959084930557
-1.0948482764603484,-2.469352275178447,7.3599207099e-05,56,30,4.592439143736674,-1.0829999543344702,-2.4749959084930557
-1.095372466336007,-2.4693519396739303,7.4399737059e-05,56,30,4.592439143736674,-1.0829999543344702,-2.4749959084930557
-1.095894743385499,-2.4693545740056937,7.4218354712e-05,56,30,4.592439143736674,-1.0829999543344702,-2.4749959084930557
-1.0964139120924736,-2.4693526852395222,7.4076262536e-05,56,30,4.592439143736674,-1.0829999543344702,-2.4749959084930557
-1.096938089383749,-2.4693535799182356,7.3447423347e-05,56,30,4.592439143736674,-1.0829999543344702,-2.4749959084930557
-1.0974545776172158,-2.469352449143751,7.2427064879e-05,56,30,4.592439143736674,-1.0829999543344702,-2.4749959084930557
-1.0968432157228147,-2.4686947608817675,7.0605412475e-05,56,30,4.592439143736674,-1.0829999543344702,-2.4749959084930557
-1.0962188793298826,-2.468695357334242,7.3506045737e-05,56,30,4.592439143736674,-1.0829999543344702,-2.4749959084930557
-1.0955926552795505,-2.46869222595875,7.3047616752e-05,56,30,4.592439143736674,-1.0829999543344702,-2.4749959084930557
-1.0949728492643789,-2.4686940153161725,7.2999377153e-05,56,30,4.592439143736674,-1.0829999543344702,-2.4749959084930557
-1.0943604554506,-2.4686937667943094,7.2598930274e-05,56,30,4.592439143736674,-1.0829999543344702,-2.4749959084930557
-1.093752013132979,-2.468692039567351,7.2391238064e-05,56,30,4.592439143736674,-1.0829999543344702,-2.4749959084930557
-1.0931518135860046,-2.468694673899114,7.2895287303e-05,56,30,4.592439143736674,-1.0829999543344702,-2.4749959084930557
-1.0925519915705104,-2.4686911697408243,7.2675604315e-05,56,30,4.592439143736674,-1.0829999543344702,-2.4749959084930557
-1.091970718935069,-2.468694823012232,7.5027717685e-05,56,30,4.592439143736674,-1.0829999543344702,-2.4749959084930557
-1.0913845258060038,-2.4686939407596133,7.2453556641e-05,56,30,4.592439143736674,-1.0829999543344702,-2.4749959084930557
-1.0908155229436642,-2.468689579200895,7.2574868682e-05,56,30,4.592439143736674,-1.0829999543344702,-2.4749959084930557
-1.090246532665708,-2.4686914058365956,7.0856636739e-05,56,30,4.592439143736674,-1.0829999543344702,-2.4749959084930557
-1.0896774165439234,-2.468692996376528,7.1404501796e-05,56,30,4.592439143736674,-1.0829999543344702,-2.4749959084930557
-1.089109118407013,-2.468694350820689,7.2028349678e-05,56,30,4.592439143736674,-1.0829999543344702,-2.4749959084930557
-1.0885467475143396,-2.4686901756533692,6.9332032581e-05,56,30,4.592439143736674,-1.0829999543344702,-2.4749959084930557
-1.0879856476443146,-2.468691318853945,5.7891702454e-05,56,30,4.592439143736674,-1.0829999543344702,-2.4749959084930557
-1.0874328786356167,-2.46869222595875,3.6370129237e-05,56,30,4.592439143736674,-1.0829999543344702,-2.4749959084930557
-1.0868634479042663,-2.468687864400028,3.830465721e-05,56,30,4.592439143736674,-1.0829999543344702,-2.4749959084930557
-1.086329643560249,-2.4686894549399603,1.4135879667e-07,56,30,4.592439143736674,-1.0829999543344702,-2.4749959084930557
-1.085779328506172,-2.468693605255097,1.4136284676e-07,56,30,4.592439143736674,-1.0829999543344702,-2.4749959084930557
-1.08522979368382,-2.468692213532655,6.5130319854e-05,56,30,4.592439143736674,-1.0829999543344702,-2.4749959084930557
-1.0846839460855895,-2.468691318853945,0.0001357045403,56,30,4.592439143736674,-1.0829999543344702,-2.4749959084930557
-1.0841395079382172,-2.46868936795731,0.00013677788957,56,30,4.592439143736674,-1.0829999543344702,-2.4749959084930557
-1.083599839271877,-2.468690759679749,0.00013493835286,56,30,4.592439143736674,-1.0829999543344702,-2.4749959084930557
-1.0830451574370143,-2.4686899519836896,0.00012760399841,56,30,4.592439143736674,-1.0829999543344702,-2.4749959084930557
-1.0824792880859586,-2.4686935804029106,0.00011671669927,56,30,4.592439143736674,-1.0829999543344702,-2.4749959084930557
-1.0819080452035037,-2.46869427626413,0.00010616473446,56,30,4.592439143736674,-1.0829999543344702,-2.4749959084930557
-1.0813448185728083,-2.4686923999240538,9.3442075013e-05,56,30,4.592439143736674,-1.0829999543344702,-2.4749959084930557
-1.0807821456549505,-2.4686942017075713,8.0197598436e-05,56,30,4.592439143736674,-1.0829999543344702,-2.4749959084930557
-1.080221310056962,-2.468691753767207,7.3417388194e-05,56,30,4.592439143736674,-1.0829999543344702,-2.4749959084930557
-1.0796566739754085,-2.468692611167639,6.9520800025e-05,56,30,4.592439143736674,-1.0829999543344702,-2.4749959084930557
-1.079099412342098,-2.468693505846352,7.1699978434e-05,56,30,4.592439143736674,-1.0829999543344702,-2.4749959084930557
-1.0785378342655325,-2.4686939407596133,7.0186746598e-05,56,30,4.592439143736674,-1.0829999543344702,-2.4749959084930557
-1.0779798930755577,-2.4686953324820555,7.0853340731e-05,56,30,4.592439143736674,-1.0829999543344702,-2.4749959084930557
-1.0774204543440458,-2.4686894922182416,7.2061928222e-05,56,30,4.592439143736674,-1.0829999543344702,-2.4749959084930557
-1.076862236297653,-2.4686939780378947,6.8973917223e-05,56,30,4.592439143736674,-1.0829999543344702,-2.4749959084930557
-1.0763058555711291,-2.468692350219681,6.9970599725e-05,56,30,4.592439143736674,-1.0829999543344702,-2.4749959084930557
-1.0757663127486141,-2.46869233779359,6.926109927e-05,56,30,4.592439143736674,-1.0829999543344702,-2.4749959084930557
-1.0752410154472818,-2.4686934561419793,7.0167821832e-05,56,30,4.592439143736674,-1.0829999543344702,-2.4749959084930557
-1.0747114017026926,-2.4686941644292935,7.2565104347e-05,56,30,4.592439143736674,-1.0829999543344702,-2.4749959084930557
-1.0741630372279285,-2.468693220046208,7.2876551712e-05,56,30,4.592439143736674,-1.0829999543344702,-2.4749959084930557
-1.0736551315434426,-2.468693990463986,7.2972805356e-05,56,30,4.592439143736674,-1.0829999543344702,-2.4749959084930557
-1.0731304005393294,-2.4686947360295814,7.362641918e-05,56,30,4.592439143736674,-1.0829999543344702,-2.4749959084930557
-1.072604574693924,-2.468694847864418,7.3238341429e-05,56,30,4.592439143736674,-1.0829999543344702,-2.4749959084930557
-1.0720812783094353,-2.4686911448886377,7.1488066169e-05,56,30,4.592439143736674,-1.0829999543344702,-2.4749959084930557
-1.0715542695320588,-2.468691008201615,6.9956855441e-05,56,30,4.592439143736674,-1.0829999543344702,-2.4749959084930557
-1.0710305326941758,-2.4686925738893613,7.0094240073e-05,56,30,4.592439143736674,-1.0829999543344702,-2.4749959084930557
-1.0704865601689622,-2.468691890454233,6.9784924563e-05,56,30,4.592439143736674,-1.0829999543344702,-2.4749959084930557
-1.069984241950381,-2.4686920022890733,6.8454908615e-05,56,30,4.592439143736674,-1.0829999543344702,-2.4749959084930557
-1.0694633240142162,-2.4686922011065633,7.0108304499e-05,56,30,4.592439143736674,-1.0829999543344702,-2.4749959084930557
-1.068922573090967,-2.468688647243901,6.8722627475e-05,56,30,4.592439143736674,-1.0829999543344702,-2.4749959084930557
-1.0684198647565226,-2.4686911697408243,6.984751235e-05,56,30,4.592439143736674,-1.0829999543344702,-2.4749959084930557
-1.0679111159183976,-2.4686917164889257,7.0511923695e-05,56,30,4.592439143736674,-1.0829999543344702,-2.4749959084930557
-1.0673864604205803,-2.468694065020545,6.9233414251e-05,56,30,4.592439143736674,-1.0829999543344702,-2.4749959084930557
-1.0668647874214552,-2.4686919153064193,6.9637593697e-05,56,30,4.592439143736674,-1.0829999543344702,-2.4749959084930557
-1.0663441589260914,-2.4686895916269864,6.8680892582e-05,56,30,4.592439143736674,-1.0829999543344702,-2.4749959084930557
-1.0669362415462458,-2.468028709859044,7.179719978e-05,56,30,4.592439143736674,-1.0829999543344702,-2.4749959084930557
-1.067563497515956,-2.468027579084559,7.0453541412e-05,56,30,4.592439143736674,-1.0829999543344702,-2.4749959084930557
-1.068188576387465,-2.468025069013731,7.2362403444e-05,56,30,4.592439143736674,-1.0829999543344702,-2.4749959084930557
-1.0687959867857078,-2.4680249323267045,7.2721428296e-05,56,30,4.592439143736674,-1.0829999543344702,-2.4749959084930557
-1.0693997225442124,-2.468026435883983,7.2810216807e-05,56,30,4.592439143736674,-1.0829999543344702,-2.4749959084930557
-1.070003269536976,-2.4680252057007537,7.0612484706e-05,56,30,4.592439143736674,-1.0829999543344702,-2.4749959084930557
-1.0705982591495256,-2.46802556605746,7.0969254011e-05,56,30,4.592439143736674,-1.0829999543344702,-2.4749959084930557
-1.0711925817897938,-2.468022844743043,7.0549322118e-05,56,30,4.592439143736674,-1.0829999543344702,-2.4749959084930557
-1.0717774787274426,-2.4680238015522202,7.1559101343e-05,56,30,4.592439143736674,-1.0829999543344702,-2.4749959084930557
-1.0723592547381908,-2.4680243110220443,7.151610771e-05,56,30,4.592439143736674,-1.0829999543344702,-2.4749959084930557
-1.072944277519668,-2.468024472561253,7.1493246651e-05,56,30,4.592439143736674,-1.0829999543344702,-2.4749959084930557
-1.0735137082510184,-2.4680258021532278,7.2059941886e-05,56,30,4.592439143736674,-1.0829999543344702,-2.4749959084930557
-1.074093005138381,-2.468023130543187,7.0921814768e-05,56,30,4.592439143736674,-1.0829999543344702,-2.4749959084930557
-1.0746543189429099,-2.4680247210831197,7.0322988904e-05,56,30,4.592439143736674,-1.0829999543344702,-2.4749959084930557
-1.0752234728178423,-2.4680226210733665,7.2546579759e-05,56,30,4.592439143736674,-1.0829999543344702,-2.4749959084930557
-1.0757857430354536,-2.4680236897173837,7.3418370448e-05,56,30,4.592439143736674,-1.0829999543344702,-2.4749959084930557
-1.076357992668522,-2.468024944752796,6.9813118898e-05,56,30,4.592439143736674,-1.0829999543344702,-2.4749959084930557
-1.0769395421603833,-2.4680264607361697,7.2143520811e-05,56,30,4.592439143736674,-1.0829999543344702,-2.4749959084930557
-1.0775239105539607,-2.4680229441517882,7.1928348916e-05,56,30,4.592439143736674,-1.0829999543344702,-2.4749959084930557
-1.0781029809224345,-2.468020347098306,7.2098817327e-05,56,30,4.592439143736674,-1.0829999543344702,-2.4749959084930557
-1.0786801132959787,-2.468021664264186,7.23596022e-05,56,30,4.592439143736674,-1.0829999543344702,-2.4749959084930557
-1.079255861387428,-2.468022235864474,7.2042166721e-05,56,30,4.592439143736674,-1.0829999543344702,-2.4749959084930557
-1.0798288283303086,-2.468025131144195,7.1968832344e-05,56,30,4.592439143736674,-1.0829999543344702,-2.4749959084930557
-1.0803975669206114,-2.468020347098306,7.8530611063e-05,56,30,4.592439143736674,-1.0829999543344702,-2.4749959084930557
-1.080968973400041,-2.4680201358547214,9.0084213298e-05,56,30,4.592439143736674,-1.0829999543344702,-2.4749959084930557
-1.0815331438594373,-2.468023205099746,0.00010189366003,56,30,4.592439143736674,-1.0829999543344702,-2.4749959084930557
-1.082096987124883,-2.468022558942899,0.00011378881027,56,30,4.592439143736674,-1.0829999543344702,-2.4749959084930557
-1.0826645805363644,-2.4680228944474156,0.00012394913938,56,30,4.592439143736674,-1.0829999543344702,-2.4749959084930557
-1.0832234026331242,-2.468021937638239,0.00013221970585,56,30,4.592439143736674,-1.0829999543344702,-2.4749959084930557
-1.0837614856672486,-2.4680227204821117,0.00013719272101,56,30,4.592439143736674,-1.0829999543344702,-2.4749959084930557
-1.0842930499911518,-2.468021676690281,0.00013743134332,56,30,4.592439143736674,-1.0829999543344702,-2.4749959084930557
-1.0848214178818556,-2.4680218382294936,0.00013600868988,56,30,4.592439143736674,-1.0829999543344702,-2.4749959084930557
-1.0853585570872806,-2.4680256903183913,0.00012254359899,56,30,4.592439143736674,-1.0829999543344702,-2.4749959084930557
-1.0858856539553343,-2.4680245098395344,9.7587937489e-05,56,30,4.592439143736674,-1.0829999543344702,-2.4749959084930557
-1.0864137575740032,-2.4680246838048383,1.4136651316e-07,56,30,4.592439143736674,-1.0829999543344702,-2.4749959084930557
-1.0869425281649532,-2.4680205459157967,1.4136465154e-07,56,30,4.592439143736674,-1.0829999543344702,-2.4749959084930557
-1.0874668187156722,-2.468024385578603,4.4101470849e-05,56,30,4.592439143736674,-1.0829999543344702,-2.4749959084930557
-1.087990366787816,-2.468024882622332,6.2935927417e-05,56,30,4.592439143736674,-1.0829999543344702,-2.4749959084930557
-1.0885175391621669,-2.468024882622332,7.1794493124e-05,56,30,4.592439143736674,-1.0829999543344702,-2.4749959084930557
-1.0890415780252325,-2.4680225092385264,7.0899142884e-05,56,30,4.592439143736674,-1.0829999543344702,-2.4749959084930557
-1.0895639054122572,-2.4680233293606775,7.3745832196e-05,56,30,4.592439143736674,-1.0829999543344702,-2.4749959084930557
-1.0900875667438428,-2.4680249199006097,7.307092892e-05,56,30,4.592439143736674,-1.0829999543344702,-2.4749959084930557
-1.090607226241741,-2.468024137056737,7.447884127e-05,56,30,4.592439143736674,-1.0829999543344702,-2.4749959084930557
-1.0911266592207522,-2.4680214778727874,7.4514719017e-05,56,30,4.592439143736674,-1.0829999543344702,-2.4749959084930557
-1.0916386674139875,-2.468023279656305,7.4424118793e-05,56,30,4.592439143736674,-1.0829999543344702,-2.4749959084930557
-1.092168293742958,-2.4680246341004657,7.5598887634e-05,56,30,4.592439143736674,-1.0829999543344702,-2.4749959084930557
-1.0926912503491162,-2.468020396802679,7.1897382441e-05,56,30,4.592439143736674,-1.0829999543344702,-2.4749959084930557
-1.093216006521994,-2.4680247210831197,6.9648413046e-05,56,30,4.592439143736674,-1.0829999543344702,-2.4749959084930557
-1.0937419833799926,-2.4680227701864843,7.1264323196e-05,56,30,4.592439143736674,-1.0829999543344702,-2.4749959084930557
-1.0942644869483733,-2.468024696230933,7.0750953455e-05,56,30,4.592439143736674,-1.0829999543344702,-2.4749959084930557
-1.0947818812573913,-2.468024944752796,7.1804533945e-05,56,30,4.592439143736674,-1.0829999543344702,-2.4749959084930557
-1.0953075560902037,-2.468023242378027,7.4868563388e-05,56,30,4.592439143736674,-1.0829999543344702,-2.4749959084930557
-1.0958266618752641,-2.4680224471080594,7.4746727478e-05,56,30,4.592439143736674,-1.0829999543344702,-2.4749959084930557
-1.096348372627537,-2.4680227701864843,7.2888855357e-05,56,30,4.592439143736674,-1.0829999543344702,-2.4749959084930557
-1.096864558835819,-2.4680252181268485,7.2373477451e-05,56,30,4.592439143736674,-1.0829999543344702,-2.4749959084930557
-1.0973854767719842,-2.4680241867611095,7.0244823291e-05,56,30,4.592439143736674,-1.0829999543344702,-2.4749959084930557
-1.0967739009430777,-2.467370934614403,6.8879176979e-05,56,30,4.592439143736674,-1.0829999543344702,-2.4749959084930557
-1.096146292610652,-2.467367542290957,7.1414964623e-05,56,30,4.592439143736674,-1.0829999543344702,-2.4749959084930557
-1.0955241333159231,-2.4673650819244974,7.060488133e-05,56,30,4.592439143736674,-1.0829999543344702,-2.4749959084930557
-1.0949023137995246,-2.467367604421421,6.9800902565e-05,56,30,4.592439143736674,-1.0829999543344702,-2.4749959084930557
-1.094290133920251,-2.467363764758618,7.1798349381e-05,56,30,4.592439143736674,-1.0829999543344702,-2.4749959084930557
-1.0936836547663242,-2.467362894932091,7.3610397521e-05,56,30,4.592439143736674,-1.0829999543344702,-2.4749959084930557
-1.0930837069070034,-2.4673683002826436,7.2773051215e-05,56,30,4.592439143736674,-1.0829999543344702,-2.4749959084930557
-1.092486061989712,-2.4673679274998457,7.2621704021e-05,56,30,4.592439143736674,-1.0829999543344702,-2.4749959084930557
-1.0918923182310463,-2.467365839916184,7.3305178375e-05,56,30,4.592439143736674,-1.0829999543344702,-2.4749959084930557
-1.0913133359532514,-2.467368200873895,7.3501360021e-05,56,30,4.592439143736674,-1.0829999543344702,-2.4749959084930557
-1.0907481209900938,-2.4673674925865843,7.297922275e-05,56,30,4.592439143736674,-1.0829999543344702,-2.4749959084930557
-1.0901765886668375,-2.467365678376972,7.165750867e-05,56,30,4.592439143736674,-1.0829999543344702,-2.4749959084930557
-1.0896093098649238,-2.467367840517192,7.2992042988e-05,56,30,4.592439143736674,-1.0829999543344702,-2.4749959084930557
-1.0890408481310387,-2.467365032220125,7.2466216807e-05,56,30,4.592439143736674,-1.0829999543344702,-2.4749959084930557
-1.0884788925229933,-2.46736524346371,7.1766698966e-05,56,30,4.592439143736674,-1.0829999543344702,-2.4749959084930557
-1.087920133348144,-2.467363106175676,5.4590953368e-05,56,30,4.592439143736674,-1.0829999543344702,-2.4749959084930557
-1.0873634002589068,-2.467366287255541,3.4473629057e-05,56,30,4.592439143736674,-1.0829999543344702,-2.4749959084930557
-1.0868087435928087,-2.467365690803067,3.2044328691e-05,56,30,4.592439143736674,-1.0829999543344702,-2.4749959084930557
-1.086259498211258,-2.467362683688506,1.413424684e-07,56,30,4.592439143736674,-1.0829999543344702,-2.4749959084930557
-1.085712367005994,-2.4673665357774035,1.4157421901e-07,56,30,4.592439143736674,-1.0829999543344702,-2.4749959084930557
-1.0851600258663072,-2.4673634168280065,0.00013223184214,56,30,4.592439143736674,-1.0829999543344702,-2.4749959084930557
-1.0846166448070793,-2.467367604421421,0.00013948880951,56,30,4.592439143736674,-1.0829999543344702,-2.4749959084930557
-1.0840749626395123,-2.46736504464622,0.00013738790585,56,30,4.592439143736674,-1.0829999543344702,-2.4749959084930557
-1.0835332427187976,-2.46736328014098,0.00013573961041,56,30,4.592439143736674,-1.0829999543344702,-2.4749959084930557
-1.0829592564409203,-2.4673630564713034,0.00012595193402,56,30,4.592439143736674,-1.0829999543344702,-2.4749959084930557
-1.0824115589384373,-2.46736524346371,0.00011538011313,56,30,4.592439143736674,-1.0829999543344702,-2.4749959084930557
-1.081824484902587,-2.4673621866447766,0.00010613230552,56,30,4.592439143736674,-1.0829999543344702,-2.4749959084930557
-1.0812820350876768,-2.4673625842797606,9.7746502433e-05,56,30,4.592439143736674,-1.0829999543344702,-2.4749959084930557
-1.0807196767793852,-2.46736513162887,8.3303668362e-05,56,30,4.592439143736674,-1.0829999543344702,-2.4749959084930557
-1.0801530523653693,-2.46736535529855,7.3586772487e-05,56,30,4.592439143736674,-1.0829999543344702,-2.4749959084930557
-1.0795962941073656,-2.467363541088938,7.288933557e-05,56,30,4.592439143736674,-1.0829999543344702,-2.4749959084930557
-1.079029493511994,-2.467364535176396,7.3209179391e-05,56,30,4.592439143736674,-1.0829999543344702,-2.4749959084930557
-1.0784745222363283,-2.467367430456117,7.4319519626e-05,56,30,4.592439143736674,-1.0829999543344702,-2.4749959084930557
-1.0779137747290186,-2.4673637771847092,7.3785457062e-05,56,30,4.592439143736674,-1.0829999543344702,-2.4749959084930557
-1.0773610812266163,-2.467363242862702,7.081284275e-05,56,30,4.592439143736674,-1.0829999543344702,-2.4749959084930557
-1.0767988235933865,-2.4673660760119556,7.1254158684e-05,56,30,4.592439143736674,-1.0829999543344702,-2.4749959084930557
-1.0762425812950727,-2.46736439848937,6.9138535764e-05,56,30,4.592439143736674,-1.0829999543344702,-2.4749959084930557
-1.0756867920345345,-2.4673628825059994,7.1794347605e-05,56,30,4.592439143736674,-1.0829999543344702,-2.4749959084930557
-1.0751797043349227,-2.467366138142423,7.2859009379e-05,56,30,4.592439143736674,-1.0829999543344702,-2.4749959084930557
-1.0746500276684197,-2.4673662499772595,7.3197064921e-05,56,30,4.592439143736674,-1.0829999543344702,-2.4749959084930557
-1.0741266306088706,-2.4673660511597695,7.0700159995e-05,56,30,4.592439143736674,-1.0829999543344702,-2.4749959084930557
-1.0735970420330463,-2.4673658523422795,7.3279778007e-05,56,30,4.592439143736674,-1.0829999543344702,-2.4749959084930557
-1.073070486293447,-2.467363677775964,7.2435024776e-05,56,30,4.592439143736674,-1.0829999543344702,-2.4749959084930557
-1.072544534604215,-2.467366113290237,7.2670271038e-05,56,30,4.592439143736674,-1.0829999543344702,-2.4749959084930557
-1.0719986492528348,-2.4673662375511682,7.2042901593e-05,56,30,4.592439143736674,-1.0829999543344702,-2.4749959084930557
-1.071497664978818,-2.4673655665421355,7.3752766184e-05,56,30,4.592439143736674,-1.0829999543344702,-2.4749959084930557
-1.070974343425563,-2.4673633422714474,7.0056375989e-05,56,30,4.592439143736674,-1.0829999543344702,-2.4749959084930557
-1.070452066376069,-2.467367915073751,7.1361733717e-05,56,30,4.592439143736674,-1.0829999543344702,-2.4749959084930557
-1.0699279394223247,-2.4673650073679387,7.2670729423e-05,56,30,4.592439143736674,-1.0829999543344702,-2.4749959084930557
-1.0694055616977707,-2.4673655665421355,7.059242489e-05,56,30,4.592439143736674,-1.0829999543344702,-2.4749959084930557
-1.0688880792980737,-2.4673661878467956,7.0120528108e-05,56,30,4.592439143736674,-1.0829999543344702,-2.4749959084930557
-1.068368520475236,-2.4673661505685147,7.2396222095e-05,56,30,4.592439143736674,-1.0829999543344702,-2.4749959084930557
-1.0678586767958205,-2.467367268916904,7.2318645834e-05,56,30,4.592439143736674,-1.0829999543344702,-2.4749959084930557
-1.0673103123210563,-2.4673649700896574,7.0815323852e-05,56,30,4.592439143736674,-1.0829999543344702,-2.4749959084930557
-1.066810712329131,-2.4673655913943215,7.1310802014e-05,56,30,4.592439143736674,-1.0829999543344702,-2.4749959084930557
-1.0662916946347494,-2.4673633298453526,6.9527130108e-05,56,30,4.592439143736674,-1.0829999543344702,-2.4749959084930557
-1.066883009607559,-2.4667037031128256,7.162480324e-05,56,30,4.592439143736674,-1.0829999543344702,-2.4749959084930557
-1.0675232526601834,-2.4666952533694344,7.1694375947e-05,56,30,4.592439143736674,-1.0829999543344702,-2.4749959084930557
-1.0681352689424823,-2.466694383542911,7.1235263022e-05,56,30,4.592439143736674,-1.0829999543344702,-2.4749959084930557
-1.0687404015674635,-2.46669630958736,6.9741305197e-05,56,30,4.592439143736674,-1.0829999543344702,-2.4749959084930557
-1.0693504924392145,-2.466698595988512,7.3453782534e-05,56,30,4.592439143736674,-1.0829999543344702,-2.4749959084930557
-1.0699522650340216,-2.4666957876914446,7.1198730438e-05,56,30,4.592439143736674,-1.0829999543344702,-2.4749959084930557
-1.07054885286317,-2.4666976888837073,7.3144590715e-05,56,30,4.592439143736674,-1.0829999543344702,-2.4749959084930557
-1.071136493196241,-2.466698521431953,7.4415904237e-05,56,30,4.592439143736674,-1.0829999543344702,-2.4749959084930557
-1.071737045105931,-2.4666983598927406,7.4389070505e-05,56,30,4.592439143736674,-1.0829999543344702,-2.4749959084930557
-1.0723042609859321,-2.466695700708791,7.3827708547e-05,56,30,4.592439143736674,-1.0829999543344702,-2.4749959084930557
-1.0728874464475384,-2.46669599893503,7.4387069617e-05,56,30,4.592439143736674,-1.0829999543344702,-2.4749959084930557
-1.073457619657466,-2.4666988942147507,7.4538053013e-05,56,30,4.592439143736674,-1.0829999543344702,-2.4749959084930557
-1.0740335816834221,-2.4666980865186914,7.3506344052e-05,56,30,4.592439143736674,-1.0829999543344702,-2.4749959084930557
-1.074603113089833,-2.466699155162708,7.2365211963e-05,56,30,4.592439143736674,-1.0829999543344702,-2.4749959084930557
-1.0751688691814452,-2.466697303674818,7.2194678069e-05,56,30,4.592439143736674,-1.0829999543344702,-2.4749959084930557
-1.075727275993579,-2.4666986829711655,7.2884940892e-05,56,30,4.592439143736674,-1.0829999543344702,-2.4749959084930557
-1.0762975750473331,-2.466700087119699,7.391996769e-05,56,30,4.592439143736674,-1.0829999543344702,-2.4749959084930557
-1.0768824216474526,-2.4666993788323848,7.4415940617e-05,56,30,4.592439143736674,-1.0829999543344702,-2.4749959084930557
-1.0774830616478195,-2.466698347466649,7.6298965723e-05,56,30,4.592439143736674,-1.0829999543344702,-2.4749959084930557
-1.0780422612760612,-2.4666986456928846,7.4657320511e-05,56,30,4.592439143736674,-1.0829999543344702,-2.4749959084930557
-1.0786203248939215,-2.466695489465206,7.2394926974e-05,56,30,4.592439143736674,-1.0829999543344702,-2.4749959084930557
-1.0791908252977995,-2.4666959368045625,7.2345705121e-05,56,30,4.592439143736674,-1.0829999543344702,-2.4749959084930557
-1.0797649374195017,-2.46669599893503,7.4045485235e-05,56,30,4.592439143736674,-1.0829999543344702,-2.4749959084930557
-1.0803343807352355,-2.4666977758663613,7.7809127106e-05,56,30,4.592439143736674,-1.0829999543344702,-2.4749959084930557
-1.0809054474363329,-2.466696843909367,9.1502595751e-05,56,30,4.592439143736674,-1.0829999543344702,-2.4749959084930557
-1.0814957808272951,-2.466696098343775,0.00010536454647,56,30,4.592439143736674,-1.0829999543344702,-2.4749959084930557
-1.0820388976144866,-2.4666938243687144,0.00011553862714,56,30,4.592439143736674,-1.0829999543344702,-2.4749959084930557
-1.0826005386129662,-2.466695564021765,0.00012424844317,56,30,4.592439143736674,-1.0829999543344702,-2.4749959084930557
-1.0831605436416973,-2.4666980740925966,0.00013334541291,56,30,4.592439143736674,-1.0829999543344702,-2.4749959084930557
-1.0837022132248828,-2.466698595988512,0.00013601743558,56,30,4.592439143736674,-1.0829999543344702,-2.4749959084930557
-1.0842341173271166,-2.4666949302910126,0.00013669184409,56,30,4.592439143736674,-1.0829999543344702,-2.4749959084930557
-1.0847678713336029,-2.4666958498219085,0.00013523899543,56,30,4.592439143736674,-1.0829999543344702,-2.4749959084930557
-1.08529611338048,-2.4666958995262847,0.00012403730943,56,30,4.592439143736674,-1.0829999543344702,-2.4749959084930557
-1.0858259033064266,-2.4666993788323848,9.6805895737e-05,56,30,4.592439143736674,-1.0829999543344702,-2.4749959084930557
-1.0863542208596009,-2.466698347466649,1.4136671211e-07,56,30,4.592439143736674,-1.0829999543344702,-2.4749959084930557
-1.0868808395211143,-2.4666967569267166,1.4135784454e-07,56,30,4.592439143736674,-1.0829999543344702,-2.4749959084930557
-1.087430550524824,-2.4666959616567485,4.2050331103e-05,56,30,4.592439143736674,-1.0829999543344702,-2.4749959084930557
-1.087934831907101,-2.4666972042660698,6.0612579546e-05,56,30,4.592439143736674,-1.0829999543344702,-2.4749959084930557
-1.0884570334502974,-2.4666990930322408,6.8035507866e-05,56,30,4.592439143736674,-1.0829999543344702,-2.4749959084930557
-1.0889806066912058,-2.4666995279455026,7.0027104812e-05,56,30,4.592439143736674,-1.0829999543344702,-2.4749959084930557
-1.0895036765568074,-2.466701801920563,6.843511801e-05,56,30,4.592439143736674,-1.0829999543344702,-2.4749959084930557
-1.0900259032687702,-2.4666999628587676,7.0163951023e-05,56,30,4.592439143736674,-1.0829999543344702,-2.4749959084930557
-1.0905710587259532,-2.466695303073807,7.2231443482e-05,56,30,4.592439143736674,-1.0829999543344702,-2.4749959084930557
-1.0910721185062675,-2.4667015658247915,7.2798902693e-05,56,30,4.592439143736674,-1.0829999543344702,-2.4749959084930557
-1.0915781239489701,-2.4666994285367574,7.3617404269e-05,56,30,4.592439143736674,-1.0829999543344702,-2.4749959084930557
-1.0921090716381217,-2.46670152854651,7.0983456681e-05,56,30,4.592439143736674,-1.0829999543344702,-2.4749959084930557
-1.0926273720226927,-2.466701801920563,7.1960435889e-05,56,30,4.592439143736674,-1.0829999543344702,-2.4749959084930557
-1.0931547079940183,-2.466699652206434,7.096536865e-05,56,30,4.592439143736674,-1.0829999543344702,-2.4749959084930557
-1.0936793383230694,-2.466699130310522,7.0294241596e-05,56,30,4.592439143736674,-1.0829999543344702,-2.4749959084930557
-1.0942021942541655,-2.466701317302929,6.9623303716e-05,56,30,4.592439143736674,-1.0829999543344702,-2.4749959084930557
-1.094724874003904,-2.466699329128012,7.1523718361e-05,56,30,4.592439143736674,-1.0829999543344702,-2.4749959084930557
-1.0952448858645176,-2.4667021374250795,7.0440677518e-05,56,30,4.592439143736674,-1.0829999543344702,-2.4749959084930557
-1.0957691889996197,-2.46669970191081,7.1325084718e-05,56,30,4.592439143736674,-1.0829999543344702,-2.4749959084930557
-1.0962889995101093,-2.466699801319555,7.106592966e-05,56,30,4.592439143736674,-1.0829999543344702,-2.4749959084930557
-1.0968085835017116,-2.466702907842861,6.9303387136e-05,56,30,4.592439143736674,-1.0829999543344702,-2.4749959084930557
-1.0973248955538206,-2.466698881788656,6.9253321271e-05,56,30,4.592439143736674,-1.0829999543344702,-2.4749959084930557
-1.0967166797550867,-2.4660423243011533,6.9746201916e-05,56,30,4.592439143736674,-1.0829999543344702,-2.4749959084930557
-1.0960887945662412,-2.466039192925661,7.1084490628e-05,56,30,4.592439143736674,-1.0829999543344702,-2.4749959084930557
-1.0954645210952234,-2.4660349432017794,7.0537571446e-05,56,30,4.592439143736674,-1.0829999543344702,-2.4749959084930557
-1.09484281483827,-2.4660383230991343,7.197681407e-05,56,30,4.592439143736674,-1.0829999543344702,-2.4749959084930557
-1.094228294263819,-2.4660364964634343,7.0863658038e-05,56,30,4.592439143736674,-1.0829999543344702,-2.4749959084930557
-1.0936257414372856,-2.4660355148020674,6.9008863647e-05,56,30,4.592439143736674,-1.0829999543344702,-2.4749959084930557
-1.093020696902985,-2.4660382236903895,6.9770336268e-05,56,30,4.592439143736674,-1.0829999543344702,-2.4749959084930557
-1.0924240839050703,-2.4660375526813563,6.9909052399e-05,56,30,4.592439143736674,-1.0829999543344702,-2.4749959084930557
-1.0918322529725708,-2.4660369065245096,7.026525418e-05,56,30,4.592439143736674,-1.0829999543344702,-2.4749959084930557
-1.0912469910878235,-2.4660362106632903,7.2026174166e-05,56,30,4.592439143736674,-1.0829999543344702,-2.4749959084930557
-1.090689729454513,-2.4660369810810683,7.1694637882e-05,56,30,4.592439143736674,-1.0829999543344702,-2.4749959084930557
-1.0901156802547232,-2.466038198838203,6.9546804298e-05,56,30,4.592439143736674,-1.0829999543344702,-2.4749959084930557
-1.0895456328886226,-2.466036173385009,7.0749862061e-05,56,30,4.592439143736674,-1.0829999543344702,-2.4749959084930557
-1.0889832997490971,-2.466037776351033,7.2632166848e-05,56,30,4.592439143736674,-1.0829999543344702,-2.4749959084930557
-1.0884165494912545,-2.466038012446804,6.7285778641e-05,56,30,4.592439143736674,-1.0829999543344702,-2.4749959084930557
-1.0878547448958005,-2.466035688767375,5.8938250731e-05,56,30,4.592439143736674,-1.0829999543344702,-2.4749959084930557
-1.0873019633027212,-2.466036844394042,3.490671952e-05,56,30,4.592439143736674,-1.0829999543344702,-2.4749959084930557
-1.086748137205879,-2.4660366580026434,3.0840263207e-05,56,30,4.592439143736674,-1.0829999543344702,-2.4749959084930557
-1.0861966643885956,-2.4660388698472397,7.0226131356e-05,56,30,4.592439143736674,-1.0829999543344702,-2.4749959084930557
-1.0856486145233972,-2.466035527228162,1.4136698212e-07,56,30,4.592439143736674,-1.0829999543344702,-2.4749959084930557
-1.0850981484567275,-2.466037913038059,1.4130012005e-07,56,30,4.592439143736674,-1.0829999543344702,-2.4749959084930557
-1.0845566298861349,-2.466039143221289,0.00013570037845,56,30,4.592439143736674,-1.0829999543344702,-2.4749959084930557
-1.0840120910637023,-2.4660365958721795,0.00013888427929,56,30,4.592439143736674,-1.0829999543344702,-2.4749959084930557
-1.083475895686978,-2.4660394041692464,0.00013421043695,56,30,4.592439143736674,-1.0829999543344702,-2.4749959084930557
-1.0829128200688758,-2.4660388201428636,0.00012644953676,56,30,4.592439143736674,-1.0829999543344702,-2.4749959084930557
-1.0823455790201097,-2.4660381242816443,0.00011672751862,56,30,4.592439143736674,-1.0829999543344702,-2.4749959084930557
-1.0817801501224467,-2.466039627838923,0.00010755610856,56,30,4.592439143736674,-1.0829999543344702,-2.4749959084930557
-1.0812178295673043,-2.466036571019993,9.5392701041e-05,56,30,4.592439143736674,-1.0829999543344702,-2.4749959084930557
-1.0806552699088903,-2.4660346946799168,8.3847058704e-05,56,30,4.592439143736674,-1.0829999543344702,-2.4749959084930557
-1.0800941071169528,-2.4660360242718915,7.2414033639e-05,56,30,4.592439143736674,-1.0829999543344702,-2.4749959084930557
-1.079530301604655,-2.4660379006119677,7.258340338e-05,56,30,4.592439143736674,-1.0829999543344702,-2.4749959084930557
-1.0789733294121455,-2.4660369686549735,7.3949013313e-05,56,30,4.592439143736674,-1.0829999543344702,-2.4749959084930557
-1.078409385471638,-2.466039702395485,7.4730247434e-05,56,30,4.592439143736674,-1.0829999543344702,-2.4749959084930557
-1.077856188593929,-2.46604092015262,7.4389216024e-05,56,30,4.592439143736674,-1.0829999543344702,-2.4749959084930557
-1.0772982474039559,-2.4660376645161963,7.386435027e-05,56,30,4.592439143736674,-1.0829999543344702,-2.4749959084930557
-1.0767403691358934,-2.466041094117924,7.1714348451e-05,56,30,4.592439143736674,-1.0829999543344702,-2.4749959084930557
-1.0761868576486187,-2.4660359124370514,7.2440001532e-05,56,30,4.592439143736674,-1.0829999543344702,-2.4749959084930557
-1.0756557337781094,-2.4660386213253735,7.2356291639e-05,56,30,4.592439143736674,-1.0829999543344702,-2.4749959084930557
-1.0751258557614856,-2.466039764525949,7.0249392593e-05,56,30,4.592439143736674,-1.0829999543344702,-2.4749959084930557
-1.0745969467423258,-2.4660366207243656,7.1369038778e-05,56,30,4.592439143736674,-1.0829999543344702,-2.4749959084930557
-1.0740690570581624,-2.4660363224981268,7.2217881097e-05,56,30,4.592439143736674,-1.0829999543344702,-2.4749959084930557
-1.0735460375300918,-2.4660395035779916,7.4129267887e-05,56,30,4.592439143736674,-1.0829999543344702,-2.4749959084930557
-1.0730205766317849,-2.4660393544648738,7.3711737059e-05,56,30,4.592439143736674,-1.0829999543344702,-2.4749959084930557
-1.0724957323682265,-2.466036856820137,7.2307229857e-05,56,30,4.592439143736674,-1.0829999543344702,-2.4749959084930557
-1.0719708629359053,-2.466036384628594,7.1977054176e-05,56,30,4.592439143736674,-1.0829999543344702,-2.4749959084930557
-1.0714259339976093,-2.4660338869838574,7.3570758104e-05,56,30,4.592439143736674,-1.0829999543344702,-2.4749959084930557
-1.0709262962525363,-2.4660363100720355,7.2008660936e-05,56,30,4.592439143736674,-1.0829999543344702,-2.4749959084930557
-1.0704058942760595,-2.466033762722926,7.3317263741e-05,56,30,4.592439143736674,-1.0829999543344702,-2.4749959084930557
-1.0698592161085732,-2.4660332159748206,7.4535986641e-05,56,30,4.592439143736674,-1.0829999543344702,-2.4749959084930557
-1.0693610003987413,-2.466033675740272,7.2993141657e-05,56,30,4.592439143736674,-1.0829999543344702,-2.4749959084930557
-1.0688426748454074,-2.4660366207243656,7.3977425927e-05,56,30,4.592439143736674,-1.0829999543344702,-2.4749959084930557
-1.0683218449999212,-2.4660363722024994,7.241309504e-05,56,30,4.592439143736674,-1.0829999543344702,-2.4749959084930557
-1.067810453441436,-2.466033427218406,7.2864284448e-05,56,30,4.592439143736674,-1.0829999543344702,-2.4749959084930557
-1.0672877988604623,-2.4660350426105246,7.2594753874e-05,56,30,4.592439143736674,-1.0829999543344702,-2.4749959084930557
-1.0667670948588028,-2.4660337502968313,7.2156915849e-05,56,30,4.592439143736674,-1.0829999543344702,-2.4749959084930557
-1.0662505437034238,-2.4660356142108126,7.2502931289e-05,56,30,4.592439143736674,-1.0829999543344702,-2.4749959084930557
-1.0668401346158092,-2.4653751425039485,7.3482086009e-05,56,30,4.592439143736674,-1.0829999543344702,-2.4749959084930557
-1.067471077809641,-2.4653728933810743,7.3789735325e-05,56,30,4.592439143736674,-1.0829999543344702,-2.4749959084930557
-1.0680937782328264,-2.4653693892227846,7.3937437264e-05,56,30,4.592439143736674,-1.0829999543344702,-2.4749959084930557
-1.0687024722381007,-2.4653709673366255,7.2724629717e-05,56,30,4.592439143736674,-1.0829999543344702,-2.4749959084930557
-1.06930963094869,-2.4653701844927522,7.3755443736e-05,56,30,4.592439143736674,-1.0829999543344702,-2.4749959084930557
-1.0699129388381836,-2.465367637143643,7.2693277616e-05,56,30,4.592439143736674,-1.0829999543344702,-2.4749959084930557
-1.0705057010150005,-2.4653691034226406,7.2415139584e-05,56,30,4.592439143736674,-1.0829999543344702,-2.4749959084930557
-1.0711003382648365,-2.4653672767869366,7.3677016189e-05,56,30,4.592439143736674,-1.0829999543344702,-2.4749959084930557
-1.071689262204939,-2.4653694265010655,7.2321359767e-05,56,30,4.592439143736674,-1.0829999543344702,-2.4749959084930557
-1.0722725609259904,-2.4653685566745387,7.1365466283e-05,56,30,4.592439143736674,-1.0829999543344702,-2.4749959084930557
-1.0728503854405806,-2.4653705697016415,7.2247785283e-05,56,30,4.592439143736674,-1.0829999543344702,-2.4749959084930557
-1.073427316464001,-2.465367599865362,7.1281647251e-05,56,30,4.592439143736674,-1.0829999543344702,-2.4749959084930557
-1.0740002959912647,-2.465371625919567,7.1619804658e-05,56,30,4.592439143736674,-1.0829999543344702,-2.4749959084930557
-1.0745638749846738,-2.465370047805726,7.176775398e-05,56,30,4.592439143736674,-1.0829999543344702,-2.4749959084930557
-1.0751329659376923,-2.465370606979923,7.1960421337e-05,56,30,4.592439143736674,-1.0829999543344702,-2.4749959084930557
-1.0756977026943078,-2.465369202831389,6.9545159931e-05,56,30,4.592439143736674,-1.0829999543344702,-2.4749959084930557
-1.0762590668363676,-2.465367450752244,7.1996008046e-05,56,30,4.592439143736674,-1.0829999543344702,-2.4749959084930557
-1.076845134121606,-2.4653687182137514,7.1911053965e-05,56,30,4.592439143736674,-1.0829999543344702,-2.4749959084930557
-1.0774279923892633,-2.465368084482996,7.1761918662e-05,56,30,4.592439143736674,-1.0829999543344702,-2.4749959084930557
-1.0780028595739275,-2.4653699111187,7.292029477e-05,56,30,4.592439143736674,-1.0829999543344702,-2.4749959084930557
-1.0785813636451802,-2.4653699981013535,7.2603543231e-05,56,30,4.592439143736674,-1.0829999543344702,-2.4749959084930557
-1.079153965640964,-2.465370321179779,7.1906979429e-05,56,30,4.592439143736674,-1.0829999543344702,-2.4749959084930557
-1.0797286692286518,-2.465368134187372,7.3382092523e-05,56,30,4.592439143736674,-1.0829999543344702,-2.4749959084930557
-1.0803003022269702,-2.4653692649618533,7.8041317465e-05,56,30,4.592439143736674,-1.0829999543344702,-2.4749959084930557
-1.08087029925554,-2.465369625318556,8.9592744189e-05,56,30,4.592439143736674,-1.0829999543344702,-2.4749959084930557
-1.0814566433971964,-2.465367338917404,0.00010258152906,56,30,4.592439143736674,-1.0829999543344702,-2.4749959084930557
-1.0820034222397448,-2.465369873840422,0.00011448954319,56,30,4.592439143736674,-1.0829999543344702,-2.4749959084930557
-1.0825613005078072,-2.4653669040041426,0.00012941978639,56,30,4.592439143736674,-1.0829999543344702,-2.4749959084930557
-1.0831184488816723,-2.465370346031965,0.00013127351122,56,30,4.592439143736674,-1.0829999543344702,-2.4749959084930557
-1.0836665742531664,-2.4653688549007775,0.00013747431512,56,30,4.592439143736674,-1.0829999543344702,-2.4749959084930557
-1.0841984783554002,-2.4653708555017855,0.00013651672634,56,30,4.592439143736674,-1.0829999543344702,-2.4749959084930557
-1.0847293631226391,-2.465369550761997,0.00013353438408,56,30,4.592439143736674,-1.0829999543344702,-2.4749959084930557
-1.0852558559403258,-2.465369749579491,0.00012539784075,56,30,4.592439143736674,-1.0829999543344702,-2.4749959084930557
-1.085788011730213,-2.465367885665506,9.8193406302e-05,56,30,4.592439143736674,-1.0829999543344702,-2.4749959084930557
-1.086316731983632,-2.465371116449743,1.4136514892e-07,56,30,4.592439143736674,-1.0829999543344702,-2.4749959084930557
-1.0868427591791598,-2.4653673637695905,1.417381128e-07,56,30,4.592439143736674,-1.0829999543344702,-2.4749959084930557
-1.0873948234624287,-2.465364617602987,4.5883243729e-05,56,30,4.592439143736674,-1.0829999543344702,-2.4749959084930557
-1.087918019171857,-2.465365847786217,6.4853236836e-05,56,30,4.592439143736674,-1.0829999543344702,-2.4749959084930557
-1.088419431314885,-2.4653668170214886,7.170693425e-05,56,30,4.592439143736674,-1.0829999543344702,-2.4749959084930557
-1.0889395186817943,-2.465366891578048,7.0953552495e-05,56,30,4.592439143736674,-1.0829999543344702,-2.4749959084930557
-1.089464136426464,-2.4653696128924643,7.3045332101e-05,56,30,4.592439143736674,-1.0829999543344702,-2.4749959084930557
-1.089986891682498,-2.4653683827092348,7.264209853e-05,56,30,4.592439143736674,-1.0829999543344702,-2.4749959084930557
-1.0905059597144107,-2.4653699732491674,7.3212897405e-05,56,30,4.592439143736674,-1.0829999543344702,-2.4749959084930557
-1.091028350023348,-2.4653672519347505,7.3453673394e-05,56,30,4.592439143736674,-1.0829999543344702,-2.4749959084930557
-1.0915395905692418,-2.465368780344219,7.1729606134e-05,56,30,4.592439143736674,-1.0829999543344702,-2.4749959084930557
-1.0920660708025454,-2.465368444839702,7.3504794273e-05,56,30,4.592439143736674,-1.0829999543344702,-2.4749959084930557
-1.0925893923558003,-2.46536663063009,7.2716502473e-05,56,30,4.592439143736674,-1.0829999543344702,-2.4749959084930557
-1.0931144128007146,-2.465367450752244,7.1715730883e-05,56,30,4.592439143736674,-1.0829999543344702,-2.4749959084930557
-1.0936632177288712,-2.4653665809257173,7.3144299677e-05,56,30,4.592439143736674,-1.0829999543344702,-2.4749959084930557
-1.094164768300111,-2.4653683578570487,7.1160211519e-05,56,30,4.592439143736674,-1.0829999543344702,-2.4749959084930557
-1.0947095839789616,-2.4653658229340305,7.2512557381e-05,56,30,4.592439143736674,-1.0829999543344702,-2.4749959084930557
-1.095206327316021,-2.465366021751524,7.2056471254e-05,56,30,4.592439143736674,-1.0829999543344702,-2.4749959084930557
-1.0957262007484248,-2.46536685429977,7.1045629738e-05,56,30,4.592439143736674,-1.0829999543344702,-2.4749959084930557
-1.0962747162357802,-2.465364704585641,7.1630915045e-05,56,30,4.592439143736674,-1.0829999543344702,-2.4749959084930557
-1.0967688294368627,-2.46536694128242,7.3098046414e-05,56,30,4.592439143736674,-1.0829999543344702,-2.4749959084930557
-1.0972851540733548,-2.465366195716828,7.4224895798e-05,56,30,4.592439143736674,-1.0829999543344702,-2.4749959084930557
