y_mm,z_mm,r,n_y,n_z,start_x_mm,start_y_mm,start_z_mm
-2.9472568459962925,-4.974818119875355,0.0001452586439,56,22,4.592468220679558,-1.4999928871614436,-4.749984589159324
-2.8971655161862624,-4.974814976073771,0.00014560013369,56,22,4.592468220679558,-1.4999928871614436,-4.749984589159324
-2.8467006189767265,-4.974811919254838,0.00014691702381,56,22,4.592468220679558,-1.4999928871614436,-4.749984589159324
-2.795760837502827,-4.974811509193763,0.00014919850219,56,22,4.592468220679558,-1.4999928871614436,-4.749984589159324
-2.745207597926963,-4.974817250048832,0.00014760934573,56,22,4.592468220679558,-1.4999928871614436,-4.749984589159324
-2.6947849464900466,-4.9748097695407125,0.00014743724023,56,22,4.592468220679558,-1.4999928871614436,-4.749984589159324
-2.6442709953568704,-4.974811931680933,0.00014576510875,56,22,4.592468220679558,-1.4999928871614436,-4.749984589159324
-2.5941535026152724,-4.974811993811397,0.00014586720499,56,22,4.592468220679558,-1.4999928871614436,-4.749984589159324
-2.544162495503873,-4.9748154855435915,0.00014905075659,56,22,4.592468220679558,-1.4999928871614436,-4.749984589159324
-2.4933604626826598,-4.974805880173534,0.00014906427532,56,22,4.592468220679558,-1.4999928871614436,-4.749984589159324
-2.441839974870538,-4.974815324004383,0.00015021822765,56,22,4.592468220679558,-1.4999928871614436,-4.749984589159324
-2.3902041386068813,-4.974812180202796,0.0001473534503,56,22,4.592468220679558,-1.4999928871614436,-4.749984589159324
-2.338829730308772,-4.974812801507456,0.00014868735161,56,22,4.592468220679558,-1.4999928871614436,-4.749984589159324
-2.287374391845726,-4.974811496767671,0.00014682050096,56,22,4.592468220679558,-1.4999928871614436,-4.749984589159324
-2.2351499840046802,-4.974811794993907,0.00014583287702,56,22,4.592468220679558,-1.4999928871614436,-4.749984589159324
-2.1830350099553177,-4.974814106247245,0.00014532495697,56,22,4.592468220679558,-1.4999928871614436,-4.749984589159324
-2.130869849387873,-4.974813721038355,0.00014799009659,56,22,4.592468220679558,-1.4999928871614436,-4.749984589159324
-2.0789729123526173,-4.974813323403372,0.00014877720969,56,22,4.592468220679558,-1.4999928871614436,-4.749984589159324
-2.0269785470267454,-4.974813820447101,0.00014980565174,56,22,4.592468220679558,-1.4999928871614436,-4.749984589159324
-1.9746945017962356,-4.974812726950898,0.00014447594003,56,22,4.592468220679558,-1.4999928871614436,-4.749984589159324
-1.922033428460989,-4.97481574649155,0.00014548729814,56,22,4.592468220679558,-1.4999928871614436,-4.749984589159324
-1.8690424429497148,-4.974811857124374,0.00014355925668,56,22,4.592468220679558,-1.4999928871614436,-4.749984589159324
-1.8149962443673329,-4.974812851211833,0.00014462685795,56,22,4.592468220679558,-1.4999928871614436,-4.749984589159324
-1.7610559559494872,-4.974811173689246,0.00014390845899,56,22,4.592468220679558,-1.4999928871614436,-4.749984589159324
-1.7071556984529086,-4.974810875463008,0.00014512837515,56,22,4.592468220679558,-1.4999928871614436,-4.749984589159324
-1.6535931932027594,-4.97480971983634,0.00014462784748,56,22,4.592468220679558,-1.4999928871614436,-4.749984589159324
-1.599958931802637,-4.974809061253398,0.00014490794274,56,22,4.592468220679558,-1.4999928871614436,-4.749984589159324
-1.5460865612980519,-4.974810875463008,0.00014584681776,56,22,4.592468220679558,-1.4999928871614436,-4.749984589159324
-1.492387955949347,-4.974809819245085,0.00014362960064,56,22,4.592468220679558,-1.4999928871614436,-4.749984589159324
-1.4386880166560798,-4.974810192027883,0.00014513429778,56,22,4.592468220679558,-1.4999928871614436,-4.749984589159324
-1.3847720916030803,-4.974808812731536,0.00013380781456,56,22,4.592468220679558,-1.4999928871614436,-4.749984589159324
-1.3310008491976155,-4.974809844097272,9.9490025605e-05,56,22,4.592468220679558,-1.4999928871614436,-4.749984589159324
-1.277159096496061,-4.974810850610821,0.00013977658818,56,22,4.592468220679558,-1.4999928871614436,-4.749984589159324
-1.2231726485625871,-4.974809061253398,0.00014275878493,56,22,4.592468220679558,-1.4999928871614436,-4.749984589159324
-1.1690259636846014,-4.974806551182566,0.00014161736181,56,22,4.592468220679558,-1.4999928871614436,-4.749984589159324
-1.1152616552739871,-4.974809334627451,0.00014284756617,56,22,4.592468220679558,-1.4999928871614436,-4.749984589159324
-1.0614918852412947,-4.974810291436628,0.00012431964569,56,22,4.592468220679558,-1.4999928871614436,-4.749984589159324
-1.0078658917805854,-4.9748079429050085,1.9138436275e-15,56,22,4.592468220679558,-1.4999928871614436,-4.749984589159324
-0.954159748386663,-4.974810788480357,0.00013334404503,56,22,4.592468220679558,-1.4999928871614436,-4.749984589159324
-0.901345812555146,-4.974809235218702,0.00013812044926,56,22,4.592468220679558,-1.4999928871614436,-4.749984589159324
-0.8482448395393509,-4.974808775453255,0.00013755021791,56,22,4.592468220679558,-1.4999928871614436,-4.749984589159324
-0.7955963002492412,-4.974810950019569,0.00013732579828,56,22,4.592468220679558,-1.4999928871614436,-4.749984589159324
-0.743351342111299,-4.9748060541388375,0.0001370148384,56,22,4.592468220679558,-1.4999928871614436,-4.749984589159324
-0.6909653885499422,-4.974808576635764,0.00013462858624,56,22,4.592468220679558,-1.4999928871614436,-4.749984589159324
-0.6380764246289583,-4.974808390244365,0.00013442273485,56,22,4.592468220679558,-1.4999928871614436,-4.749984589159324
-0.5851774938769004,-4.9748097695407125,0.00013097281044,56,22,4.592468220679558,-1.4999928871614436,-4.749984589159324
-0.5322690367471627,-4.974809694984153,0.00013046352251,56,22,4.592468220679558,-1.4999928871614436,-4.749984589159324
-0.4789480006316509,-4.974810390845373,0.00013380339078,56,22,4.592468220679558,-1.4999928871614436,-4.749984589159324
-0.4263026200215913,-4.9748073713047205,0.00013306179608,56,22,4.592468220679558,-1.4999928871614436,-4.749984589159324
-0.3744734373026214,-4.97480837781827,0.00012921323651,56,22,4.592468220679558,-1.4999928871614436,-4.749984589159324
-0.3218424280575678,-4.974810080193043,0.00012933935795,56,22,4.592468220679558,-1.4999928871614436,-4.749984589159324
-0.268582187094725,-4.974811360080645,0.00012824033911,56,22,4.592468220679558,-1.4999928871614436,-4.749984589159324
-0.21536665844350267,-4.974808141722499,0.00012820794655,56,22,4.592468220679558,-1.4999928871614436,-4.749984589159324
-0.16251350967559294,-4.974811434637203,0.00012863606389,56,22,4.592468220679558,-1.4999928871614436,-4.749984589159324
-0.10973363976795811,-4.974809993210389,0.00012615320156,56,22,4.592468220679558,-1.4999928871614436,-4.749984589159324
-0.05641437805040117,-4.974809322201356,0.00012654767488,56,22,4.592468220679558,-1.4999928871614436,-4.749984589159324
-0.11083794451585173,-4.949316769471898,0.00012526840146,56,22,4.592468220679558,-1.4999928871614436,-4.749984589159324
-0.1645375062776389,-4.949315849940999,0.00012690684525,56,22,4.592468220679558,-1.4999928871614436,-4.749984589159324
-0.21783123428276152,-4.949316036332398,0.00012552969565,56,22,4.592468220679558,-1.4999928871614436,-4.749984589159324
-0.2702432249318577,-4.9493150670971255,0.00012424192391,56,22,4.592468220679558,-1.4999928871614436,-4.749984589159324
-0.3221105886678441,-4.949313986027017,0.00012546555081,56,22,4.592468220679558,-1.4999928871614436,-4.749984589159324
-0.37451892984596663,-4.949313066496118,0.00013035234588,56,22,4.592468220679558,-1.4999928871614436,-4.749984589159324
-0.4276717505183533,-4.9493105564252895,0.00012955568673,56,22,4.592468220679558,-1.4999928871614436,-4.749984589159324
-0.4799843748819026,-4.94931260673067,0.00013124874386,56,22,4.592468220679558,-1.4999928871614436,-4.749984589159324
-0.5320781190777044,-4.9493115505127445,0.00013237366511,56,22,4.592468220679558,-1.4999928871614436,-4.749984589159324
-0.5844107651940788,-4.949309860564067,0.00013131322339,56,22,4.592468220679558,-1.4999928871614436,-4.749984589159324
-0.6369990882131218,-4.949313600818128,0.00013112425222,56,22,4.592468220679558,-1.4999928871614436,-4.749984589159324
-0.6894572887153755,-4.949310506720914,0.00013203285926,56,22,4.592468220679558,-1.4999928871614436,-4.749984589159324
-0.7425361887239708,-4.9493076362933826,0.00013453437714,56,22,4.592468220679558,-1.4999928871614436,-4.749984589159324
-0.7958964377758772,-4.949314793723077,0.00013631783077,56,22,4.592468220679558,-1.4999928871614436,-4.749984589159324
-0.8491208510012626,-4.9493128676786275,0.00013752614905,56,22,4.592468220679558,-1.4999928871614436,-4.749984589159324
-0.9030173583518055,-4.9493122090956865,0.00013689171465,56,22,4.592468220679558,-1.4999928871614436,-4.749984589159324
-0.9560667857361916,-4.949311463530094,1.9690858458e-15,56,22,4.592468220679558,-1.4999928871614436,-4.749984589159324
-1.0090979405969445,-4.949311388973535,9.6099647635e-05,56,22,4.592468220679558,-1.4999928871614436,-4.749984589159324
-1.062173744847402,-4.949314309105443,0.00013595752534,56,22,4.592468220679558,-1.4999928871614436,-4.749984589159324
-1.1154223200875117,-4.949313265313612,0.00013650047185,56,22,4.592468220679558,-1.4999928871614436,-4.749984589159324
-1.1681324221776337,-4.9493109292080835,0.00013843858324,56,22,4.592468220679558,-1.4999928871614436,-4.749984589159324
-1.2207334176700235,-4.949313874192177,0.00014113314683,56,22,4.592468220679558,-1.4999928871614436,-4.749984589159324
-1.2731057800980974,-4.949436817958505,0.00013911422866,56,22,4.592468220679558,-1.4999928871614436,-4.749984589159324
-1.3251394338666591,-4.949450896722121,0.00014212302631,56,22,4.592468220679558,-1.4999928871614436,-4.749984589159324
-1.37730930099322,-4.949445826876088,0.00014060969988,56,22,4.592468220679558,-1.4999928871614436,-4.749984589159324
-1.4294513818028514,-4.949448013868495,0.00013274113007,56,22,4.592468220679558,-1.4999928871614436,-4.749984589159324
-1.4815174026036362,-4.9494476783639785,0.0001368309313,56,22,4.592468220679558,-1.4999928871614436,-4.749984589159324
-1.5340211208179997,-4.9494477032161655,0.00014077666856,56,22,4.592468220679558,-1.4999928871614436,-4.749984589159324
-1.5865078878689112,-4.949451977792233,0.00014089074102,56,22,4.592468220679558,-1.4999928871614436,-4.749984589159324
-1.638976332058657,-4.949449728669359,0.00014038401423,56,22,4.592468220679558,-1.4999928871614436,-4.749984589159324
-1.6914370871905922,-4.949445193145333,0.00014401742374,56,22,4.592468220679558,-1.4999928871614436,-4.749984589159324
-1.743427853383021,-4.949446125102328,0.0001446250244,56,22,4.592468220679558,-1.4999928871614436,-4.749984589159324
-1.7952901581971739,-4.949448001442404,0.00014688716328,56,22,4.592468220679558,-1.4999928871614436,-4.749984589159324
-1.8468127853543472,-4.949447815051005,0.00014634348918,56,22,4.592468220679558,-1.4999928871614436,-4.749984589159324
-1.8991472562062093,-4.949446038119674,0.00014486572763,56,22,4.592468220679558,-1.4999928871614436,-4.749984589159324
-1.9512038638887577,-4.9494481878337995,0.00014439832012,56,22,4.592468220679558,-1.4999928871614436,-4.749984589159324
-2.0030482107888417,-4.949447864755378,0.00014539080439,56,22,4.592468220679558,-1.4999928871614436,-4.749984589159324
-2.054191683080608,-4.949447889607564,0.0001487491536,56,22,4.592468220679558,-1.4999928871614436,-4.749984589159324
-2.105024082017201,-4.949447429842112,0.00015040885773,56,22,4.592468220679558,-1.4999928871614436,-4.749984589159324
-2.1554576063607422,-4.949450896722121,0.00015119032469,56,22,4.592468220679558,-1.4999928871614436,-4.749984589159324
-2.2059441864616147,-4.949451654713808,0.00014953118807,56,22,4.592468220679558,-1.4999928871614436,-4.749984589159324
-2.256263922817072,-4.9494494180170285,0.00014829888823,56,22,4.592468220679558,-1.4999928871614436,-4.749984589159324
-2.306467970942661,-4.949449480147496,0.00014847129933,56,22,4.592468220679558,-1.4999928871614436,-4.749984589159324
-2.357201167190681,-4.949445168293147,0.00014852480672,56,22,4.592468220679558,-1.4999928871614436,-4.749984589159324
-2.407521444674593,-4.9494507351829125,0.00014732305135,56,22,4.592468220679558,-1.4999928871614436,-4.749984589159324
-2.457166582612741,-4.949451915661766,0.00014926673612,56,22,4.592468220679558,-1.4999928871614436,-4.749984589159324
-2.506398336164626,-4.949448349373012,0.00015045615146,56,22,4.592468220679558,-1.4999928871614436,-4.749984589159324
-2.555940911384029,-4.9494494428692155,0.00015088442888,56,22,4.592468220679558,-1.4999928871614436,-4.749984589159324
-2.6055986588736126,-4.949450847017749,0.00015077269927,56,22,4.592468220679558,-1.4999928871614436,-4.749984589159324
-2.655354338029119,-4.949452400279403,0.00014954387734,56,22,4.592468220679558,-1.4999928871614436,-4.749984589159324
-2.704548388770529,-4.949448212685986,0.00014761868806,56,22,4.592468220679558,-1.4999928871614436,-4.749984589159324
-2.753523722941166,-4.949452077200978,0.0001459291525,56,22,4.592468220679558,-1.4999928871614436,-4.749984589159324
-2.8023226240667958,-4.9494512819310135,0.0001453734003,56,22,4.592468220679558,-1.4999928871614436,-4.749984589159324
-2.851093764044261,-4.949449939912944,0.00014897510118,56,22,4.592468220679558,-1.4999928871614436,-4.749984589159324
-2.8999982481404762,-4.9494487345819005,0.00014849856962,56,22,4.592468220679558,-1.4999928871614436,-4.749984589159324
-2.9487630330046946,-4.9494547363849275,0.00014806519903,56,22,4.592468220679558,-1.4999928871614436,-4.749984589159324
-2.8964613570540663,-4.92569234317115,0.00014849084255,56,22,4.592468220679558,-1.4999928871614436,-4.749984589159324
-2.8458646258517004,-4.9256897958220405,0.00014791813737,56,22,4.592468220679558,-1.4999928871614436,-4.749984589159324
-2.794883441758822,-4.92569192068398,0.00014568427287,56,22,4.592468220679558,-1.4999928871614436,-4.749984589159324
-2.744319480288925,-4.925693051458464,0.00014460006787,56,22,4.592468220679558,-1.4999928871614436,-4.749984589159324
-2.693912458655282,-4.92568598101142,0.00014728582755,56,22,4.592468220679558,-1.4999928871614436,-4.749984589159324
-2.6433024635135838,-4.925687621255726,0.00014875784109,56,22,4.592468220679558,-1.4999928871614436,-4.749984589159324
-2.593040942512349,-4.92568625438547,0.00014969488257,56,22,4.592468220679558,-1.4999928871614436,-4.749984589159324
-2.542823831797549,-4.925689199369563,0.00014917210501,56,22,4.592468220679558,-1.4999928871614436,-4.749984589159324
-2.4917895793629596,-4.925687807647124,0.00014726178779,56,22,4.592468220679558,-1.4999928871614436,-4.749984589159324
-2.440146985285812,-4.925685285150201,0.000146306018,56,22,4.592468220679558,-1.4999928871614436,-4.749984589159324
-2.3884237001469932,-4.925686838411853,0.00014783718507,56,22,4.592468220679558,-1.4999928871614436,-4.749984589159324
-2.3370317366350637,-4.925687658534007,0.00014882201503,56,22,4.592468220679558,-1.4999928871614436,-4.749984589159324
-2.2854623207431284,-4.925687397586049,0.00014595476387,56,22,4.592468220679558,-1.4999928871614436,-4.749984589159324
-2.233171404439682,-4.925689982213436,0.00014882670075,56,22,4.592468220679558,-1.4999928871614436,-4.749984589159324
-2.180997761998321,-4.92569026801358,0.0001493855525,56,22,4.592468220679558,-1.4999928871614436,-4.749984589159324
-2.1287512937344566,-4.92569149819681,0.000148727544,56,22,4.592468220679558,-1.4999928871614436,-4.749984589159324
-2.076734188429104,-4.925690715352936,0.00014624332835,56,22,4.592468220679558,-1.4999928871614436,-4.749984589159324
-2.0245908365968246,-4.925689820674227,0.00014451243624,56,22,4.592468220679558,-1.4999928871614436,-4.749984589159324
-1.9722588071152003,-4.925688366821317,0.00014583666052,56,22,4.592468220679558,-1.4999928871614436,-4.749984589159324
-1.9195350006323535,-4.925688118299455,0.00014679179003,56,22,4.592468220679558,-1.4999928871614436,-4.749984589159324
-1.866467225218037,-4.925687397586049,0.00014735446894,56,22,4.592468220679558,-1.4999928871614436,-4.749984589159324
-1.8123666369337637,-4.925689261500031,0.00014796972391,56,22,4.592468220679558,-1.4999928871614436,-4.749984589159324
-1.7582833647600427,-4.9256879070558695,0.00014653107792,56,22,4.592468220679558,-1.4999928871614436,-4.749984589159324
-1.704328038004908,-4.925686527759522,0.00014746375382,56,22,4.592468220679558,-1.4999928871614436,-4.749984589159324
-1.6505969397801554,-4.925689497595802,0.00014521747653,56,22,4.592468220679558,-1.4999928871614436,-4.749984589159324
-1.5969740169088174,-4.9256874472904215,0.00014501188707,56,22,4.592468220679558,-1.4999928871614436,-4.749984589159324
-1.543107359713962,-4.9256879319080555,0.00014335414744,56,22,4.592468220679558,-1.4999928871614436,-4.749984589159324
-1.489250417662527,-4.9256891620912855,0.000142564415,56,22,4.592468220679558,-1.4999928871614436,-4.749984589159324
-1.435510648798115,-4.925685819472208,0.00014005017874,56,22,4.592468220679558,-1.4999928871614436,-4.749984589159324
-1.3814053162015776,-4.9256884413778765,0.0001356753346,56,22,4.592468220679558,-1.4999928871614436,-4.749984589159324
-1.327337749337425,-4.925685720063463,0.00013759093417,56,22,4.592468220679558,-1.4999928871614436,-4.749984589159324
-1.2735841879896095,-4.925687434864327,0.00014057887893,56,22,4.592468220679558,-1.4999928871614436,-4.749984589159324
-1.219454982819149,-4.92568412952353,0.00014144742454,56,22,4.592468220679558,-1.4999928871614436,-4.749984589159324
-1.165295587714669,-4.925686937820598,0.0001395498839,56,22,4.592468220679558,-1.4999928871614436,-4.749984589159324
-1.1114583150533437,-4.925685036628335,0.00013675776427,56,22,4.592468220679558,-1.4999928871614436,-4.749984589159324
-1.0576907221188525,-4.925687981612429,1.6553914975e-05,56,22,4.592468220679558,-1.4999928871614436,-4.749984589159324
-1.004029429464759,-4.9256863040898455,3.9758699131e-05,56,22,4.592468220679558,-1.4999928871614436,-4.749984589159324
-0.950291963542375,-4.925684539584606,0.0001380827016,56,22,4.592468220679558,-1.4999928871614436,-4.749984589159324
-0.8969710406863066,-4.925684440175861,0.00013690366177,56,22,4.592468220679558,-1.4999928871614436,-4.749984589159324
-0.8441292807847105,-4.925683831297292,0.00013657438103,56,22,4.592468220679558,-1.4999928871614436,-4.749984589159324
-0.7913956081458516,-4.9256844153236745,0.00013483296789,56,22,4.592468220679558,-1.4999928871614436,-4.749984589159324
-0.7390222389671627,-4.92568462656726,0.0001326588972,56,22,4.592468220679558,-1.4999928871614436,-4.749984589159324
-0.686288100706145,-4.925684266210557,0.00013245047012,56,22,4.592468220679558,-1.4999928871614436,-4.749984589159324
-0.6334172960493507,-4.925684390471488,0.00012628144759,56,22,4.592468220679558,-1.4999928871614436,-4.749984589159324
-0.5804911326931992,-4.925686341368123,0.00013141040108,56,22,4.592468220679558,-1.4999928871614436,-4.749984589159324
-0.5273626376325092,-4.92568535970676,0.00013189620222,56,22,4.592468220679558,-1.4999928871614436,-4.749984589159324
-0.4739852738201745,-4.9256874472904215,0.00013375154231,56,22,4.592468220679558,-1.4999928871614436,-4.749984589159324
-0.4213904698440584,-4.9256848999413085,0.0001298465213,56,22,4.592468220679558,-1.4999928871614436,-4.749984589159324
-0.3693254306251226,-4.925684713549913,0.00012841976422,56,22,4.592468220679558,-1.4999928871614436,-4.749984589159324
-0.3163359426553852,-4.925682712948902,0.00012592572602,56,22,4.592468220679558,-1.4999928871614436,-4.749984589159324
-0.26287222480918077,-4.925684340767115,0.00012660548964,56,22,4.592468220679558,-1.4999928871614436,-4.749984589159324
-0.20954517335875292,-4.925683893427759,0.00012487599452,56,22,4.592468220679558,-1.4999928871614436,-4.749984589159324
-0.15660310334290883,-4.92568721119465,0.00012436999532,56,22,4.592468220679558,-1.4999928871614436,-4.749984589159324
-0.10360222650685792,-4.925682178626896,0.00012442383741,56,22,4.592468220679558,-1.4999928871614436,-4.749984589159324
-0.050016138123588905,-4.925684278636648,0.00012484965555,56,22,4.592468220679558,-1.4999928871614436,-4.749984589159324
0.0031515698734954634,-4.925687795221029,0.00012198610784,56,22,4.592468220679558,-1.4999928871614436,-4.749984589159324
-0.05096190481863015,-4.901654152818336,0.00012426839385,56,22,4.592468220679558,-1.4999928871614436,-4.749984589159324
-0.10403543129582603,-4.901653394826649,0.00012845497986,56,22,4.592468220679558,-1.4999928871614436,-4.749984589159324
-0.15775646201444427,-4.901654314357549,0.00012902349408,56,22,4.592468220679558,-1.4999928871614436,-4.749984589159324
-0.21117463697977248,-4.901650909608008,0.00012757760123,56,22,4.592468220679558,-1.4999928871614436,-4.749984589159324
-0.2636861449270087,-4.901651841564998,0.0001272662048,56,22,4.592468220679558,-1.4999928871614436,-4.749984589159324
-0.3157779259591147,-4.90165466228816,0.00012678018538,56,22,4.592468220679558,-1.4999928871614436,-4.749984589159324
-0.3683875291692479,-4.90165053682521,0.00012670665456,56,22,4.592468220679558,-1.4999928871614436,-4.749984589159324
-0.42174129726408116,-4.901655967027948,0.0001297397248,56,22,4.592468220679558,-1.4999928871614436,-4.749984589159324
-0.4742377920427931,-4.901650524399114,0.0001296504488,56,22,4.592468220679558,-1.4999928871614436,-4.749984589159324
-0.5264040474515299,-4.901655507262497,0.00013140705414,56,22,4.592468220679558,-1.4999928871614436,-4.749984589159324
-0.5789196453231324,-4.9016529723394795,0.00012784481805,56,22,4.592468220679558,-1.4999928871614436,-4.749984589159324
-0.6315199360900932,-4.90165216464342,8.0252364569e-05,56,22,4.592468220679558,-1.4999928871614436,-4.749984589159324
-0.6841547458187116,-4.901652065234675,0.00011130065832,56,22,4.592468220679558,-1.4999928871614436,-4.749984589159324
-0.7373514985709941,-4.901653382400558,0.00013311680232,56,22,4.592468220679558,-1.4999928871614436,-4.749984589159324
-0.7906938022932148,-4.901658501950963,0.00013603671687,56,22,4.592468220679558,-1.4999928871614436,-4.749984589159324
-0.8440327334008815,-4.901653556365862,0.00013651300105,56,22,4.592468220679558,-1.4999928871614436,-4.749984589159324
-0.89770721448801,-4.901654898383931,0.00013582175598,56,22,4.592468220679558,-1.4999928871614436,-4.749984589159324
-0.9510554706232341,-4.901655842767013,0.00013650010806,56,22,4.592468220679558,-1.4999928871614436,-4.749984589159324
-1.004281419143306,-4.901655706079991,4.1730950293e-12,56,22,4.592468220679558,-1.4999928871614436,-4.749984589159324
-1.0574202837353146,-4.901658899585947,7.571480819e-05,56,22,4.592468220679558,-1.4999928871614436,-4.749984589159324
-1.1106632715095193,-4.901654972940491,0.00012932144455,56,22,4.592468220679558,-1.4999928871614436,-4.749984589159324
-1.1635889818278935,-4.901656128567158,0.00013923148799,56,22,4.592468220679558,-1.4999928871614436,-4.749984589159324
-1.2162162283425297,-4.901652649261058,0.00013870316616,56,22,4.592468220679558,-1.4999928871614436,-4.749984589159324
-1.2686900208949086,-4.901656588332609,0.00013895514712,56,22,4.592468220679558,-1.4999928871614436,-4.749984589159324
-1.3209465566649068,-4.901656538628236,0.00014353466395,56,22,4.592468220679558,-1.4999928871614436,-4.749984589159324
-1.3732244355479095,-4.901653978853032,0.00014312777785,56,22,4.592468220679558,-1.4999928871614436,-4.749984589159324
-1.4252483238355196,-4.901657843368025,0.00014265891514,56,22,4.592468220679558,-1.4999928871614436,-4.749984589159324
-1.4774837052582528,-4.901654140392245,0.00014263406047,56,22,4.592468220679558,-1.4999928871614436,-4.749984589159324
-1.5300498168418861,-4.9016582658551915,0.00014312168059,56,22,4.592468220679558,-1.4999928871614436,-4.749984589159324
-1.5826042752871676,-4.901657035671966,0.00014437109348,56,22,4.592468220679558,-1.4999928871614436,-4.749984589159324
-1.6350988824084811,-4.901657172358989,0.00014341391216,56,22,4.592468220679558,-1.4999928871614436,-4.749984589159324
-1.6874400984894529,-4.901655991880135,0.00014496187214,56,22,4.592468220679558,-1.4999928871614436,-4.749984589159324
-1.7395699850322779,-4.901657917924584,0.00014640804147,56,22,4.592468220679558,-1.4999928871614436,-4.749984589159324
-1.7914199571514144,-4.901658800177202,0.000142837147,56,22,4.592468220679558,-1.4999928871614436,-4.749984589159324
-1.8430708569211247,-4.9016601794735495,0.0001430548873,56,22,4.592468220679558,-1.4999928871614436,-4.749984589159324
-1.8954040441659536,-4.901658651064085,0.00014501319674,56,22,4.592468220679558,-1.4999928871614436,-4.749984589159324
-1.9475806816903907,-4.901659011420787,0.00014557801478,56,22,4.592468220679558,-1.4999928871614436,-4.749984589159324
-1.9995171336872237,-4.901660154621363,0.00014593594824,56,22,4.592468220679558,-1.4999928871614436,-4.749984589159324
-2.050858117864967,-4.901660925039141,0.00014727798407,56,22,4.592468220679558,-1.4999928871614436,-4.749984589159324
-2.101751286785462,-4.9016583776900315,0.00014703786292,56,22,4.592468220679558,-1.4999928871614436,-4.749984589159324
-2.152380133332398,-4.901664441623523,0.00014672586985,56,22,4.592468220679558,-1.4999928871614436,-4.749984589159324
-2.2028598926978633,-4.901660142195268,0.00014612151426,56,22,4.592468220679558,-1.4999928871614436,-4.749984589159324
-2.253464124192299,-4.901658812603293,0.00014805633691,56,22,4.592468220679558,-1.4999928871614436,-4.749984589159324
-2.303763712951105,-4.901655333297193,0.00014585147437,56,22,4.592468220679558,-1.4999928871614436,-4.749984589159324
-2.3545668909511415,-4.9016607510738375,0.00014665312483,56,22,4.592468220679558,-1.4999928871614436,-4.749984589159324
-2.40503222861407,-4.901661024447886,0.00014910264872,56,22,4.592468220679558,-1.4999928871614436,-4.749984589159324
-2.4548294739855283,-4.90165667531526,0.00014931173064,56,22,4.592468220679558,-1.4999928871614436,-4.749984589159324
-2.5041730901149486,-4.9016597197081015,0.00014882610412,56,22,4.592468220679558,-1.4999928871614436,-4.749984589159324
-2.5537142181303456,-4.901660055212618,0.00015070702648,56,22,4.592468220679558,-1.4999928871614436,-4.749984589159324
-2.6034384866667133,-4.901659098403437,0.00014967187599,56,22,4.592468220679558,-1.4999928871614436,-4.749984589159324
-2.653295419765167,-4.901660390717135,0.00014692894183,56,22,4.592468220679558,-1.4999928871614436,-4.749984589159324
-2.7025435581832844,-4.901656215549812,0.00014638324501,56,22,4.592468220679558,-1.4999928871614436,-4.749984589159324
-2.7516089839494438,-4.901657594846158,0.00014766999811,56,22,4.592468220679558,-1.4999928871614436,-4.749984589159324
-2.8004767216482684,-4.901662267057211,0.00014655884297,56,22,4.592468220679558,-1.4999928871614436,-4.749984589159324
-2.8494302974212733,-4.901657035671966,0.00014710899268,56,22,4.592468220679558,-1.4999928871614436,-4.749984589159324
-2.898487077716538,-4.9016602416040165,0.00014946619922,56,22,4.592468220679558,-1.4999928871614436,-4.749984589159324
-2.84587161018408,-4.878834527297215,0.00014985409507,56,22,4.592468220679558,-1.4999928871614436,-4.749984589159324
-2.7946306592641688,-4.878833744453342,0.00014865602134,56,22,4.592468220679558,-1.4999928871614436,-4.749984589159324
-2.7439992329187852,-4.8788286746073055,0.00014792333241,56,22,4.592468220679558,-1.4999928871614436,-4.749984589159324
-2.6935441263589674,-4.878831060417206,0.00014450593153,56,22,4.592468220679558,-1.4999928871614436,-4.749984589159324
-2.6429392278922506,-4.878829705973045,0.00014931453916,56,22,4.592468220679558,-1.4999928871614436,-4.749984589159324
-2.592650411365008,-4.878829146798848,0.00015003763838,56,22,4.592468220679558,-1.4999928871614436,-4.749984589159324
-2.5424448405291162,-4.8788310479911114,0.0001503561798,56,22,4.592468220679558,-1.4999928871614436,-4.749984589159324
-2.4914503924969056,-4.878831023138925,0.00015000320855,56,22,4.592468220679558,-1.4999928871614436,-4.749984589159324
-2.439832992353858,-4.878830836747526,0.0001491192088,56,22,4.592468220679558,-1.4999928871614436,-4.749984589159324
-2.388061395769978,-4.878828276972322,0.00014818152704,56,22,4.592468220679558,-1.4999928871614436,-4.749984589159324
-2.3366716848625453,-4.878828699459492,0.00014666070638,56,22,4.592468220679558,-1.4999928871614436,-4.749984589159324
-2.2851128020989036,-4.878828935555264,0.00014787327382,56,22,4.592468220679558,-1.4999928871614436,-4.749984589159324
-2.2328755959406843,-4.878828426085443,0.00015119437012,56,22,4.592468220679558,-1.4999928871614436,-4.749984589159324
-2.1807190179222204,-4.878826524893181,0.00014755791926,56,22,4.592468220679558,-1.4999928871614436,-4.749984589159324
-2.1284343560569603,-4.8788323030265275,0.00014868417929,56,22,4.592468220679558,-1.4999928871614436,-4.749984589159324
-2.076396411013908,-4.878830787043153,0.00014947303862,56,22,4.592468220679558,-1.4999928871614436,-4.749984589159324
-2.024238197025697,-4.878829705973045,0.00014577928232,56,22,4.592468220679558,-1.4999928871614436,-4.749984589159324
-1.9718633932273855,-4.878831532608749,0.0001452248689,56,22,4.592468220679558,-1.4999928871614436,-4.749984589159324
-1.9190882550476351,-4.878832203617782,0.00014591911167,56,22,4.592468220679558,-1.4999928871614436,-4.749984589159324
-1.8659932344448418,-4.878829942068816,0.00014421359811,56,22,4.592468220679558,-1.4999928871614436,-4.749984589159324
-1.8119331427039944,-4.878828525494188,0.00014415978512,56,22,4.592468220679558,-1.4999928871614436,-4.749984589159324
-1.7578974898342907,-4.8788316444435855,0.00014425453264,56,22,4.592468220679558,-1.4999928871614436,-4.749984589159324
-1.7041003487692947,-4.878827357441426,0.00014452738105,56,22,4.592468220679558,-1.4999928871614436,-4.749984589159324
-1.6504553277219904,-4.878830911304085,0.00014443242981,56,22,4.592468220679558,-1.4999928871614436,-4.749984589159324
-1.5968608581398651,-4.878827767502501,0.00014430828742,56,22,4.592468220679558,-1.4999928871614436,-4.749984589159324
-1.5430510194327576,-4.87883123438251,0.00014256544819,56,22,4.592468220679558,-1.4999928871614436,-4.749984589159324
-1.4891736025907203,-4.878828339102789,0.00014272006229,56,22,4.592468220679558,-1.4999928871614436,-4.749984589159324
-1.4354177257164935,-4.878828600050747,0.00014152296353,56,22,4.592468220679558,-1.4999928871614436,-4.749984589159324
-1.3812691405967243,-4.878827978746086,0.00014182036102,56,22,4.592468220679558,-1.4999928871614436,-4.749984589159324
-1.3271845596472056,-4.878827779928596,0.00014154396194,56,22,4.592468220679558,-1.4999928871614436,-4.749984589159324
-1.2734374415033154,-4.878825866310239,0.00014220835874,56,22,4.592468220679558,-1.4999928871614436,-4.749984589159324
-1.219278612696056,-4.878828264546231,0.00014258672309,56,22,4.592468220679558,-1.4999928871614436,-4.749984589159324
-1.16505259586973,-4.8788259284407065,0.00013849585957,56,22,4.592468220679558,-1.4999928871614436,-4.749984589159324
-1.1111695034711107,-4.878826487614899,0.00013876684534,56,22,4.592468220679558,-1.4999928871614436,-4.749984589159324
-1.0574263368233785,-4.878826823119415,0.00013091882283,56,22,4.592468220679558,-1.4999928871614436,-4.749984589159324
-1.0036910857523438,-4.878823107717544,0.00012352070189,56,22,4.592468220679558,-1.4999928871614436,-4.749984589159324
-0.9499510652002784,-4.878825021335898,0.0001365745411,56,22,4.592468220679558,-1.4999928871614436,-4.749984589159324
-0.8965867765615352,-4.878827568685011,0.00013777593267,56,22,4.592468220679558,-1.4999928871614436,-4.749984589159324
-0.8437086729627934,-4.878830190590679,0.00013599135855,56,22,4.592468220679558,-1.4999928871614436,-4.749984589159324
-0.7908554864417359,-4.8788281278592045,0.00013624182611,56,22,4.592468220679558,-1.4999928871614436,-4.749984589159324
-0.738448818986508,-4.8788269349542555,0.00013706796744,56,22,4.592468220679558,-1.4999928871614436,-4.749984589159324
-0.6857086653905726,-4.878826487614899,0.00012995723228,56,22,4.592468220679558,-1.4999928871614436,-4.749984589159324
-0.6327853838580533,-4.878828339102789,9.7058902611e-05,56,22,4.592468220679558,-1.4999928871614436,-4.749984589159324
-0.5798695522800725,-4.878825418970882,1.9686568236e-15,56,22,4.592468220679558,-1.4999928871614436,-4.749984589159324
-0.5267423408264141,-4.878826127258196,0.00013221001427,56,22,4.592468220679558,-1.4999928871614436,-4.749984589159324
-0.4733471323594557,-4.878829221355407,0.0001316889975,56,22,4.592468220679558,-1.4999928871614436,-4.749984589159324
-0.42067707377498387,-4.8788240148223485,0.00013067651889,56,22,4.592468220679558,-1.4999928871614436,-4.749984589159324
-0.36850593562577294,-4.87882672371067,0.0001293560199,56,22,4.592468220679558,-1.4999928871614436,-4.749984589159324
-0.3154113428919907,-4.878824785240127,0.00012813761714,56,22,4.592468220679558,-1.4999928871614436,-4.749984589159324
-0.2619139869909151,-4.878828264546231,0.00012774229981,56,22,4.592468220679558,-1.4999928871614436,-4.749984589159324
-0.20850720089190222,-4.878830327277706,0.00012489857909,56,22,4.592468220679558,-1.4999928871614436,-4.749984589159324
-0.15554868308791103,-4.878907257220833,0.00012443048763,56,22,4.592468220679558,-1.4999928871614436,-4.749984589159324
-0.10284258283147808,-4.878904461349861,0.00012267899001,56,22,4.592468220679558,-1.4999928871614436,-4.749984589159324
-0.04950060630320649,-4.878906561359614,0.00012055791012,56,22,4.592468220679558,-1.4999928871614436,-4.749984589159324
0.003475114351893585,-4.878901988557311,0.00011979767442,56,22,4.592468220679558,-1.4999928871614436,-4.749984589159324
0.055648643533811465,-4.878902746548993,0.0001219082551,56,22,4.592468220679558,-1.4999928871614436,-4.749984589159324
0.0010100728904758466,-4.8556632681901295,0.00011868859292,56,22,4.592468220679558,-1.4999928871614436,-4.749984589159324
-0.05168760841395281,-4.855663032094358,0.00011946976156,56,22,4.592468220679558,-1.4999928871614436,-4.749984589159324
-0.10453581151947597,-4.8556603480582226,0.00011946433369,56,22,4.592468220679558,-1.4999928871614436,-4.749984589159324
-0.15797964604106346,-4.8556608699541375,0.00011863989494,56,22,4.592468220679558,-1.4999928871614436,-4.749984589159324
-0.21113395167060567,-4.855662882981241,0.00012342369882,56,22,4.592468220679558,-1.4999928871614436,-4.749984589159324
-0.2634111132437961,-4.855665020269274,0.00012325114221,56,22,4.592468220679558,-1.4999928871614436,-4.749984589159324
-0.31536931105387994,-4.85566123031084,0.00012508232612,56,22,4.592468220679558,-1.4999928871614436,-4.749984589159324
-0.36777758931008997,-4.8556614415544255,0.00012796251394,56,22,4.592468220679558,-1.4999928871614436,-4.749984589159324
-0.42090220838091746,-4.855662771146401,0.00012628886907,56,22,4.592468220679558,-1.4999928871614436,-4.749984589159324
-0.4732651576907568,-4.8556586705356395,0.00012665770191,56,22,4.592468220679558,-1.4999928871614436,-4.749984589159324
-0.5253142902500001,-4.855658471718146,0.00012841452553,56,22,4.592468220679558,-1.4999928871614436,-4.749984589159324
-0.5776798822801996,-4.85565886935313,3.8429467941e-10,56,22,4.592468220679558,-1.4999928871614436,-4.749984589159324
-0.6300068150868424,-4.855662920259522,6.6370645072e-05,56,22,4.592468220679558,-1.4999928871614436,-4.749984589159324
-0.6825228282430728,-4.855661143328191,0.00011524048023,56,22,4.592468220679558,-1.4999928871614436,-4.749984589159324
-0.7354711023595719,-4.855659577640444,0.00013213358761,56,22,4.592468220679558,-1.4999928871614436,-4.749984589159324
-0.7886108101052194,-4.85566060900618,0.00013511496945,56,22,4.592468220679558,-1.4999928871614436,-4.749984589159324
-0.8417380970651734,-4.855662659311564,0.00013285255409,56,22,4.592468220679558,-1.4999928871614436,-4.749984589159324
-0.8949589237414994,-4.855663094224825,0.00013414358546,56,22,4.592468220679558,-1.4999928871614436,-4.749984589159324
-0.9484025065754336,-4.85566388949479,0.00013662937272,56,22,4.592468220679558,-1.4999928871614436,-4.749984589159324
-1.0014212658192578,-4.855659913144961,0.00013877301535,56,22,4.592468220679558,-1.4999928871614436,-4.749984589159324
-1.054476519772819,-4.855661627945825,0.0001392421691,56,22,4.592468220679558,-1.4999928871614436,-4.749984589159324
-1.1074759745736285,-4.855662907833427,0.00013901593047,56,22,4.592468220679558,-1.4999928871614436,-4.749984589159324
-1.1604365184632297,-4.855660708414925,0.00013900142221,56,22,4.592468220679558,-1.4999928871614436,-4.749984589159324
-1.2129699861582224,-4.855665567017376,0.00013776469859,56,22,4.592468220679558,-1.4999928871614436,-4.749984589159324
-1.2651779462111208,-4.855662746294214,0.00013607749133,56,22,4.592468220679558,-1.4999928871614436,-4.749984589159324
-1.3174698440964143,-4.855661516110985,0.00013703941659,56,22,4.592468220679558,-1.4999928871614436,-4.749984589159324
-1.3696875570458813,-4.855665380625977,0.00013910024427,56,22,4.592468220679558,-1.4999928871614436,-4.749984589159324
-1.4215256746765454,-4.8556628954073355,0.00014029616432,56,22,4.592468220679558,-1.4999928871614436,-4.749984589159324
-1.4737057603218338,-4.855665517313003,0.00014102472051,56,22,4.592468220679558,-1.4999928871614436,-4.749984589159324
-1.5261751483402788,-4.855662522624538,0.00014500202087,56,22,4.592468220679558,-1.4999928871614436,-4.749984589159324
-1.5786585050234867,-4.85566357884246,0.00014368923439,56,22,4.592468220679558,-1.4999928871614436,-4.749984589159324
-1.6311270624726777,-4.8556639019208845,0.00014458797523,56,22,4.592468220679558,-1.4999928871614436,-4.749984589159324
-1.6833397794222236,-4.855665417904258,0.00014120542619,56,22,4.592468220679558,-1.4999928871614436,-4.749984589159324
-1.7354715284536841,-4.855663479433715,0.00014020166418,56,22,4.592468220679558,-1.4999928871614436,-4.749984589159324
-1.787170840343518,-4.855663976477444,0.00014103065769,56,22,4.592468220679558,-1.4999928871614436,-4.749984589159324
-1.8388531129792194,-4.855664485947267,0.00014098393149,56,22,4.592468220679558,-1.4999928871614436,-4.749984589159324
-1.8909603476332422,-4.855662920259522,0.00014346391254,56,22,4.592468220679558,-1.4999928871614436,-4.749984589159324
-1.9432195638767487,-4.855663243337943,0.00014474052296,56,22,4.592468220679558,-1.4999928871614436,-4.749984589159324
-1.9950078095988983,-4.855664162868843,0.00014492507034,56,22,4.592468220679558,-1.4999928871614436,-4.749984589159324
-2.046397243649913,-4.8556645232255455,0.00014344508236,56,22,4.592468220679558,-1.4999928871614436,-4.749984589159324
-2.0971922166324495,-4.855665492460817,0.00014338566689,56,22,4.592468220679558,-1.4999928871614436,-4.749984589159324
-2.147930975177608,-4.85566319363357,0.00014700062457,56,22,4.592468220679558,-1.4999928871614436,-4.749984589159324
-2.1983943496768408,-4.855666536252648,0.00014733812714,56,22,4.592468220679558,-1.4999928871614436,-4.749984589159324
-2.2490881945602568,-4.855662348659234,0.00014563294826,56,22,4.592468220679558,-1.4999928871614436,-4.749984589159324
-2.2993692087702433,-4.8556627835724955,0.00014692479454,56,22,4.592468220679558,-1.4999928871614436,-4.749984589159324
-2.3500546724548026,-4.855665330921605,0.00014817356714,56,22,4.592468220679558,-1.4999928871614436,-4.749984589159324
-2.400712450497491,-4.85566308179873,0.00014639119036,56,22,4.592468220679558,-1.4999928871614436,-4.749984589159324
-2.4506467523805893,-4.85566453565164,0.00014636512788,56,22,4.592468220679558,-1.4999928871614436,-4.749984589159324
-2.500074495108147,-4.855666001930638,0.00014610386279,56,22,4.592468220679558,-1.4999928871614436,-4.749984589159324
-2.5496411064984454,-4.855663504285901,0.00014682645269,56,22,4.592468220679558,-1.4999928871614436,-4.749984589159324
-2.5994451726053107,-4.855664995417088,0.00014771144197,56,22,4.592468220679558,-1.4999928871614436,-4.749984589159324
-2.6492168842643364,-4.855660136814637,0.00014854239998,56,22,4.592468220679558,-1.4999928871614436,-4.749984589159324
-2.698598316463675,-4.855665579443471,0.00014902187104,56,22,4.592468220679558,-1.4999928871614436,-4.749984589159324
-2.747727305946692,-4.855664075886189,0.00014892633772,56,22,4.592468220679558,-1.4999928871614436,-4.749984589159324
-2.796417352162243,-4.85566543033035,0.00014667982759,56,22,4.592468220679558,-1.4999928871614436,-4.749984589159324
-2.845385009859452,-4.855660782971487,0.00014554882364,56,22,4.592468220679558,-1.4999928871614436,-4.749984589159324
-2.792426542392992,-4.833328272730707,0.00014705893409,56,22,4.592468220679558,-1.4999928871614436,-4.749984589159324
-2.741854224893002,-4.83332361294575,0.00015225075185,56,22,4.592468220679558,-1.4999928871614436,-4.749984589159324
-2.6915549255749975,-4.83332156264037,0.00015065976186,56,22,4.592468220679558,-1.4999928871614436,-4.749984589159324
-2.6410518976859776,-4.833321947849259,0.00014764055959,56,22,4.592468220679558,-1.4999928871614436,-4.749984589159324
-2.59086794681951,-4.833325675677226,0.00015141794574,56,22,4.592468220679558,-1.4999928871614436,-4.749984589159324
-2.5407467291006425,-4.833323140754207,0.000149630534,56,22,4.592468220679558,-1.4999928871614436,-4.749984589159324
-2.4897443403229698,-4.833324644311486,0.00014613849635,56,22,4.592468220679558,-1.4999928871614436,-4.749984589159324
-2.438169198536922,-4.833319524761081,0.00014613496023,56,22,4.592468220679558,-1.4999928871614436,-4.749984589159324
-2.386378171666202,-4.833321053170546,0.00014568360348,56,22,4.592468220679558,-1.4999928871614436,-4.749984589159324
-2.3350383955891942,-4.833321040744455,0.0001463926601,56,22,4.592468220679558,-1.4999928871614436,-4.749984589159324
-2.283479600916233,-4.833321314118503,0.00013088033302,56,22,4.592468220679558,-1.4999928871614436,-4.749984589159324
-2.2313213365904914,-4.833323327145607,3.8363287547e-10,56,22,4.592468220679558,-1.4999928871614436,-4.749984589159324
-2.179202247447996,-4.833318456117064,7.487431867e-05,56,22,4.592468220679558,-1.4999928871614436,-4.749984589159324
-2.1270209159488225,-4.83332287980625,0.00013940864301,56,22,4.592468220679558,-1.4999928871614436,-4.749984589159324
-2.0750974258661388,-4.833320245474487,0.00014753812866,56,22,4.592468220679558,-1.4999928871614436,-4.749984589159324
-2.0230454995739424,-4.8333209040574285,0.00014737286256,56,22,4.592468220679558,-1.4999928871614436,-4.749984589159324
-1.9708872352482003,-4.833322941936717,0.00014676872524,56,22,4.592468220679558,-1.4999928871614436,-4.749984589159324
-1.918287070325068,-4.83332319045858,0.00014754096628,56,22,4.592468220679558,-1.4999928871614436,-4.749984589159324
-1.8653653240872319,-4.833318207595197,0.00014522000856,56,22,4.592468220679558,-1.4999928871614436,-4.749984589159324
-1.8115032098545216,-4.833320605831189,0.00014098570682,56,22,4.592468220679558,-1.4999928871614436,-4.749984589159324
-1.75764171225656,-4.833318108186453,0.00014089969045,56,22,4.592468220679558,-1.4999928871614436,-4.749984589159324
-1.703954797799355,-4.833321189857572,0.00014168854977,56,22,4.592468220679558,-1.4999928871614436,-4.749984589159324
-1.650464929605966,-4.833321786310046,0.00014059687965,56,22,4.592468220679558,-1.4999928871614436,-4.749984589159324
-1.5970285576233003,-4.833318493395342,0.0001401618938,56,22,4.592468220679558,-1.4999928871614436,-4.749984589159324
-1.5433796857549,-4.833320667961657,0.00014106577146,56,22,4.592468220679558,-1.4999928871614436,-4.749984589159324
-1.489682150078723,-4.833320170917927,0.00014062650735,56,22,4.592468220679558,-1.4999928871614436,-4.749984589159324
-1.435998721495517,-4.833319934822156,0.00014229060616,56,22,4.592468220679558,-1.4999928871614436,-4.749984589159324
-1.3819965179149434,-4.8333225940061055,0.00014041224495,56,22,4.592468220679558,-1.4999928871614436,-4.749984589159324
-1.328093126907081,-4.8333185058214365,0.00013864085486,56,22,4.592468220679558,-1.4999928871614436,-4.749984589159324
-1.2743731029390744,-4.833317722977563,0.00013908787514,56,22,4.592468220679558,-1.4999928871614436,-4.749984589159324
-1.2203279236916893,-4.833319872691693,0.00013756066619,56,22,4.592468220679558,-1.4999928871614436,-4.749984589159324
-1.1661760540480453,-4.833320295178859,0.00013555953046,56,22,4.592468220679558,-1.4999928871614436,-4.749984589159324
-1.1123388443086326,-4.833321289266317,0.0001358888403,56,22,4.592468220679558,-1.4999928871614436,-4.749984589159324
-1.0585774932279461,-4.833318617656277,0.000134554939,56,22,4.592468220679558,-1.4999928871614436,-4.749984589159324
-1.0049413315860405,-4.833319723578571,0.00013533627498,56,22,4.592468220679558,-1.4999928871614436,-4.749984589159324
-0.95119383591067,-4.833320568552912,0.00013520737411,56,22,4.592468220679558,-1.4999928871614436,-4.749984589159324
-0.898007968649396,-4.833317573864446,0.00013454136206,56,22,4.592468220679558,-1.4999928871614436,-4.749984589159324
-0.8450347145333003,-4.833318406412691,0.00013309746282,56,22,4.592468220679558,-1.4999928871614436,-4.749984589159324
-0.792246186570391,-4.833320183344022,0.00013198587112,56,22,4.592468220679558,-1.4999928871614436,-4.749984589159324
-0.7398236124554706,-4.8333178720906815,0.00013206066797,56,22,4.592468220679558,-1.4999928871614436,-4.749984589159324
-0.6870877123808794,-4.833319773282944,0.00013081046927,56,22,4.592468220679558,-1.4999928871614436,-4.749984589159324
-0.634169779210993,-4.833317064394622,0.00013127851707,56,22,4.592468220679558,-1.4999928871614436,-4.749984589159324
-0.5812263249130555,-4.833322904658436,8.3801511209e-05,56,22,4.592468220679558,-1.4999928871614436,-4.749984589159324
-0.5281148187689673,-4.833320991040082,4.4590398041e-09,56,22,4.592468220679558,-1.4999928871614436,-4.749984589159324
-0.4747652161047975,-4.833318145464734,0.00013041679631,56,22,4.592468220679558,-1.4999928871614436,-4.749984589159324
-0.4221645603907399,-4.833319860265598,0.00012607748795,56,22,4.592468220679558,-1.4999928871614436,-4.749984589159324
-0.3701231294736904,-4.833319860265598,0.00012725092529,56,22,4.592468220679558,-1.4999928871614436,-4.749984589159324
-0.31722748324550937,-4.833319785709039,0.00012860806601,56,22,4.592468220679558,-1.4999928871614436,-4.749984589159324
-0.26387082074266244,-4.8333191644043785,0.00012615790183,56,22,4.592468220679558,-1.4999928871614436,-4.749984589159324
-0.21064713741147068,-4.833317275638207,0.00012343558774,56,22,4.592468220679558,-1.4999928871614436,-4.749984589159324
-0.15780908990276238,-4.8333155359851565,8.9961307822e-05,56,22,4.592468220679558,-1.4999928871614436,-4.749984589159324
-0.10499419765816302,-4.83331743717742,1.9686773641e-15,56,22,4.592468220679558,-1.4999928871614436,-4.749984589159324
-0.05170106111902599,-4.833312901653394,0.00012410740601,56,22,4.592468220679558,-1.4999928871614436,-4.749984589159324
0.0014449639867200603,-4.833315262611104,0.0001235097734,56,22,4.592468220679558,-1.4999928871614436,-4.749984589159324
0.05376605763980635,-4.833317499307887,0.00012341757247,56,22,4.592468220679558,-1.4999928871614436,-4.749984589159324
0.10581885225440478,-4.833317076820717,0.00012335363135,56,22,4.592468220679558,-1.4999928871614436,-4.749984589159324
0.05072565820280102,-4.810416197076024,0.00012271894957,56,22,4.592468220679558,-1.4999928871614436,-4.749984589159324
-0.0025565928453274295,-4.810413836118309,9.0245965112e-05,56,22,4.592468220679558,-1.4999928871614436,-4.749984589159324
-0.055379023135146074,-4.8104151408580975,6.2489154516e-05,56,22,4.592468220679558,-1.4999928871614436,-4.749984589159324
-0.10837640151281636,-4.810416197076024,0.00010031442798,56,22,4.592468220679558,-1.4999928871614436,-4.749984589159324
-0.1619577581682026,-4.810415948554157,0.00012372358469,56,22,4.592468220679558,-1.4999928871614436,-4.749984589159324
-0.21521982386653143,-4.810416694119753,0.00012468139175,56,22,4.592468220679558,-1.4999928871614436,-4.749984589159324
-0.2675913053878185,-4.810417066902547,0.00012495092233,56,22,4.592468220679558,-1.4999928871614436,-4.749984589159324
-0.3195153114301935,-4.810416259206487,0.00012478869758,56,22,4.592468220679558,-1.4999928871614436,-4.749984589159324
-0.37203189088364474,-4.810415873997599,0.00012500623416,56,22,4.592468220679558,-1.4999928871614436,-4.749984589159324
-0.4252280521699417,-4.810415762162759,0.00012785558647,56,22,4.592468220679558,-1.4999928871614436,-4.749984589159324
-0.4776107589605696,-4.810413724283473,0.00012378812244,56,22,4.592468220679558,-1.4999928871614436,-4.749984589159324
-0.529711676254492,-4.8104141094923625,0.00012567586964,56,22,4.592468220679558,-1.4999928871614436,-4.749984589159324
-0.5821303240420208,-4.8104169426416155,0.00013120913354,56,22,4.592468220679558,-1.4999928871614436,-4.749984589159324
-0.6347116753130655,-4.810416917789429,0.00013261093409,56,22,4.592468220679558,-1.4999928871614436,-4.749984589159324
-0.6871182672619978,-4.810415426658242,0.0001332169777,56,22,4.592468220679558,-1.4999928871614436,-4.749984589159324
-0.7401550725105663,-4.810415886423693,0.00013259745901,56,22,4.592468220679558,-1.4999928871614436,-4.749984589159324
-0.793340599993508,-4.810417178737387,0.00013472915452,56,22,4.592468220679558,-1.4999928871614436,-4.749984589159324
-0.8464989703786517,-4.810415650327922,0.00013313052477,56,22,4.592468220679558,-1.4999928871614436,-4.749984589159324
-0.900325105861315,-4.810416756250216,0.00013660288823,56,22,4.592468220679558,-1.4999928871614436,-4.749984589159324
-0.953304199130969,-4.810419788216964,0.0001376610744,56,22,4.592468220679558,-1.4999928871614436,-4.749984589159324
-1.0063960610537122,-4.810416097667275,0.00013646032312,56,22,4.592468220679558,-1.4999928871614436,-4.749984589159324
-1.0594530768208468,-4.810419166912303,0.00013508916891,56,22,4.592468220679558,-1.4999928871614436,-4.749984589159324
-1.112652774318672,-4.810418943242623,0.00013540433429,56,22,4.592468220679558,-1.4999928871614436,-4.749984589159324
-1.1653916317231912,-4.810419564547284,0.00013578603102,56,22,4.592468220679558,-1.4999928871614436,-4.749984589159324
-1.217931655881554,-4.810419191764489,0.00014016317436,56,22,4.592468220679558,-1.4999928871614436,-4.749984589159324
-1.2703419728077556,-4.810420533782556,0.0001375949214,56,22,4.592468220679558,-1.4999928871614436,-4.749984589159324
-1.3224446770840181,-4.810419750938682,0.00014091920457,56,22,4.592468220679558,-1.4999928871614436,-4.749984589159324
-1.3746198296512997,-4.810422509531377,0.00014269525127,56,22,4.592468220679558,-1.4999928871614436,-4.749984589159324
-1.426649481586174,-4.810421453313455,0.00014133189688,56,22,4.592468220679558,-1.4999928871614436,-4.749984589159324
-1.4788315555639229,-4.810420285260693,0.00014099966211,56,22,4.592468220679558,-1.4999928871614436,-4.749984589159324
-1.5314072061096191,-4.810421962783275,0.00014103720605,56,22,4.592468220679558,-1.4999928871614436,-4.749984589159324
-1.5839236848880085,-4.810423168114319,0.00014146626927,56,22,4.592468220679558,-1.4999928871614436,-4.749984589159324
-1.6363665198590258,-4.8104229692968286,0.00014219431614,56,22,4.592468220679558,-1.4999928871614436,-4.749984589159324
-1.688694031547271,-4.810420670469582,0.0001415675215,56,22,4.592468220679558,-1.4999928871614436,-4.749984589159324
-1.7407611471893478,-4.810424336167081,0.00014403082605,56,22,4.592468220679558,-1.4999928871614436,-4.749984589159324
-1.7925683701605615,-4.810424472854107,0.0001423391077,56,22,4.592468220679558,-1.4999928871614436,-4.749984589159324
-1.8441540702436674,-4.810423180540414,0.00014466262655,56,22,4.592468220679558,-1.4999928871614436,-4.749984589159324
-1.8964139157063071,-4.8104229692968286,0.0001465381938,56,22,4.592468220679558,-1.4999928871614436,-4.749984589159324
-1.9484641556912259,-4.8104224722531,0.00014614494285,56,22,4.592468220679558,-1.4999928871614436,-4.749984589159324
-2.000395901128941,-4.810423230244786,0.00014577108959,56,22,4.592468220679558,-1.4999928871614436,-4.749984589159324
-2.0516328753839295,-4.8104245722628525,0.00011319368059,56,22,4.592468220679558,-1.4999928871614436,-4.749984589159324
-2.10254370019331,-4.810425032028304,1.9686398829e-15,56,22,4.592468220679558,-1.4999928871614436,-4.749984589159324
-2.1531648450980514,-4.810420421947719,3.0364826671e-05,56,22,4.592468220679558,-1.4999928871614436,-4.749984589159324
-2.2037022283517542,-4.810427753342717,7.1889786341e-05,56,22,4.592468220679558,-1.4999928871614436,-4.749984589159324
-2.2544303782623243,-4.810425466941566,7.6942465967e-05,56,22,4.592468220679558,-1.4999928871614436,-4.749984589159324
-2.304889763512251,-4.810424659245506,7.804249617e-05,56,22,4.592468220679558,-1.4999928871614436,-4.749984589159324
-2.355887936521729,-4.8104246343933195,7.2960989201e-05,56,22,4.592468220679558,-1.4999928871614436,-4.749984589159324
-2.40646351337683,-4.810424621967225,8.7188360339e-05,56,22,4.592468220679558,-1.4999928871614436,-4.749984589159324
-2.4565313229756547,-4.810423466340557,0.00010312808445,56,22,4.592468220679558,-1.4999928871614436,-4.749984589159324
-2.5062403769933757,-4.8104229692968286,0.0001226914319,56,22,4.592468220679558,-1.4999928871614436,-4.749984589159324
-2.556081189497631,-4.810423441488371,0.00014444522094,56,22,4.592468220679558,-1.4999928871614436,-4.749984589159324
-2.6058842236851185,-4.810422111896397,0.00014894966444,56,22,4.592468220679558,-1.4999928871614436,-4.749984589159324
-2.6557490723602695,-4.810420608339115,0.00014907585864,56,22,4.592468220679558,-1.4999928871614436,-4.749984589159324
-2.7050807459105384,-4.8104247462281595,0.00014660945453,56,22,4.592468220679558,-1.4999928871614436,-4.749984589159324
-2.7542396862243033,-4.810424858062996,0.00014780317724,56,22,4.592468220679558,-1.4999928871614436,-4.749984589159324
-2.8032098985511964,-4.810423391783999,0.00014798359189,56,22,4.592468220679558,-1.4999928871614436,-4.749984589159324
-2.7504478858825685,-4.788377762757405,0.00014817996998,56,22,4.592468220679558,-1.4999928871614436,-4.749984589159324
-2.6999672959478453,-4.788373873390227,0.00014855405607,56,22,4.592468220679558,-1.4999928871614436,-4.749984589159324
-2.649502952451149,-4.788375165703924,0.00014883901167,56,22,4.592468220679558,-1.4999928871614436,-4.749984589159324
-2.5990359158965615,-4.788374072207721,0.00015025705216,56,22,4.592468220679558,-1.4999928871614436,-4.749984589159324
-2.5486303792200715,-4.7883773526963305,0.00014871012536,56,22,4.592468220679558,-1.4999928871614436,-4.749984589159324
-2.4977436660878847,-4.788373214807285,0.00014695114805,56,22,4.592468220679558,-1.4999928871614436,-4.749984589159324
-2.446026685724783,-4.788374358007864,0.00014553242363,56,22,4.592468220679558,-1.4999928871614436,-4.749984589159324
-2.394191965877439,-4.788375252686574,0.00014564108278,56,22,4.592468220679558,-1.4999928871614436,-4.749984589159324
-2.3426142694617096,-4.7883724319634124,0.00014579370327,56,22,4.592468220679558,-1.4999928871614436,-4.749984589159324
-2.2909886391323973,-4.788376681687294,0.00014427379938,56,22,4.592468220679558,-1.4999928871614436,-4.749984589159324
-2.238918704588604,-4.788374507120982,0.00014642532915,56,22,4.592468220679558,-1.4999928871614436,-4.749984589159324
-2.1869708511410724,-4.788374942034244,0.00014575994282,56,22,4.592468220679558,-1.4999928871614436,-4.749984589159324
-2.134945628908898,-4.7883754887823455,0.0001468116825,56,22,4.592468220679558,-1.4999928871614436,-4.749984589159324
-2.0829479790591496,-4.78837454439926,0.00013559465879,56,22,4.592468220679558,-1.4999928871614436,-4.749984589159324
-2.0310469520995276,-4.788375774582489,8.6077299784e-05,56,22,4.592468220679558,-1.4999928871614436,-4.749984589159324
-1.978910005718027,-4.78837302841589,7.5286239735e-05,56,22,4.592468220679558,-1.4999928871614436,-4.749984589159324
-1.9264697253766911,-4.788372593502625,8.711306873e-05,56,22,4.592468220679558,-1.4999928871614436,-4.749984589159324
-1.8735983921758255,-4.788374109485998,0.00014532892965,56,22,4.592468220679558,-1.4999928871614436,-4.749984589159324
-1.819857553638886,-4.7883760106782605,0.00014560214186,56,22,4.592468220679558,-1.4999928871614436,-4.749984589159324
-1.7661056911827313,-4.78837476806894,0.00014540567645,56,22,4.592468220679558,-1.4999928871614436,-4.749984589159324
-1.7123722270940365,-4.788371897641405,0.00014470172755,56,22,4.592468220679558,-1.4999928871614436,-4.749984589159324
-1.6592032732430686,-4.788374693512381,0.00014037929941,56,22,4.592468220679558,-1.4999928871614436,-4.749984589159324
-1.6054496112201908,-4.788374395286142,0.00013519728964,56,22,4.592468220679558,-1.4999928871614436,-4.749984589159324
-1.5517683219820368,-4.788374034929439,0.00013865889923,56,22,4.592468220679558,-1.4999928871614436,-4.749984589159324
-1.4982612509375424,-4.788375637895463,0.00014011777239,56,22,4.592468220679558,-1.4999928871614436,-4.749984589159324
-1.4443460809475013,-4.788374146764279,0.0001420477638,56,22,4.592468220679558,-1.4999928871614436,-4.749984589159324
-1.3902777464360072,-4.7883746562341,0.0001411356352,56,22,4.592468220679558,-1.4999928871614436,-4.749984589159324
-1.3365710493292473,-4.788370791719107,0.0001416883315,56,22,4.592468220679558,-1.4999928871614436,-4.749984589159324
-1.282668413384345,-4.788371214206277,0.00013879586186,56,22,4.592468220679558,-1.4999928871614436,-4.749984589159324
-1.2286504415722888,-4.78837302841589,0.00013586926798,56,22,4.592468220679558,-1.4999928871614436,-4.749984589159324
-1.1746360185561442,-4.788372344980762,0.00013808652875,56,22,4.592468220679558,-1.4999928871614436,-4.749984589159324
-1.1205820176565084,-4.788371500006421,0.00013716294779,56,22,4.592468220679558,-1.4999928871614436,-4.749984589159324
-1.0668556763284032,-4.788373947946786,0.00013851329277,56,22,4.592468220679558,-1.4999928871614436,-4.749984589159324
-1.0131798235435627,-4.78837487990378,0.00013850352843,56,22,4.592468220679558,-1.4999928871614436,-4.749984589159324
-0.9597016462416751,-4.7883743207295835,0.00013673712965,56,22,4.592468220679558,-1.4999928871614436,-4.749984589159324
-0.9064577146387695,-4.788371077519251,0.00013547671551,56,22,4.592468220679558,-1.4999928871614436,-4.749984589159324
-0.8533069578051407,-4.788371301188931,0.00013303733431,56,22,4.592468220679558,-1.4999928871614436,-4.749984589159324
-0.8005252757464012,-4.788372158589363,0.00013331747323,56,22,4.592468220679558,-1.4999928871614436,-4.749984589159324
-0.7482302821029703,-4.788371810658751,0.00013221909467,56,22,4.592468220679558,-1.4999928871614436,-4.749984589159324
-0.6958089286731688,-4.7883732893638475,0.00013291327923,56,22,4.592468220679558,-1.4999928871614436,-4.749984589159324
-0.6427661835959799,-4.788374333155678,0.00013233858044,56,22,4.592468220679558,-1.4999928871614436,-4.749984589159324
-0.5898885959569264,-4.788371077519251,0.00013222996495,56,22,4.592468220679558,-1.4999928871614436,-4.749984589159324
-0.5369935160259662,-4.788370791719107,0.00013047047833,56,22,4.592468220679558,-1.4999928871614436,-4.749984589159324
-0.4836502055531305,-4.788369810057744,0.00012614567822,56,22,4.592468220679558,-1.4999928871614436,-4.749984589159324
-0.4310457871086557,-4.788369412422759,0.00012617885659,56,22,4.592468220679558,-1.4999928871614436,-4.749984589159324
-0.37920262314054126,-4.788371723676101,0.00012660126959,56,22,4.592468220679558,-1.4999928871614436,-4.749984589159324
-0.3264921561033224,-4.788371537284703,0.00012701854575,56,22,4.592468220679558,-1.4999928871614436,-4.749984589159324
-0.273148921136784,-4.788369250883551,0.00012747263827,56,22,4.592468220679558,-1.4999928871614436,-4.749984589159324
-0.2198331201244616,-4.788369797631653,0.00012732965115,56,22,4.592468220679558,-1.4999928871614436,-4.749984589159324
-0.16687852864786212,-4.788368592300609,0.00012284202967,56,22,4.592468220679558,-1.4999928871614436,-4.749984589159324
-0.11404611894258801,-4.7883684307613965,0.00012263440294,56,22,4.592468220679558,-1.4999928871614436,-4.749984589159324
-0.06078689731474178,-4.788368940231217,0.00012271526793,56,22,4.592468220679558,-1.4999928871614436,-4.749984589159324
-0.00743768476643529,-4.788369710648999,9.3887007097e-05,56,22,4.592468220679558,-1.4999928871614436,-4.749984589159324
0.04471539479364642,-4.788369623666345,1.1510784134e-05,56,22,4.592468220679558,-1.4999928871614436,-4.749984589159324
0.09692023391964268,-4.788370841423483,7.5896612543e-05,56,22,4.592468220679558,-1.4999928871614436,-4.749984589159324
0.1495692891694423,-4.7883696609446265,0.00012242255616,56,22,4.592468220679558,-1.4999928871614436,-4.749984589159324
0.09505160410601572,-4.7660341311631935,5.6646618759e-05,56,22,4.592468220679558,-1.4999928871614436,-4.749984589159324
0.04120388640707802,-4.766032565475448,5.9709163907e-05,56,22,4.592468220679558,-1.4999928871614436,-4.749984589159324
-0.011727562389794027,-4.766033671397746,5.8478515712e-05,56,22,4.592468220679558,-1.4999928871614436,-4.749984589159324
-0.06461193301110502,-4.766031049492074,5.5906431953e-05,56,22,4.592468220679558,-1.4999928871614436,-4.749984589159324
-0.11785442999438615,-4.7660376228953885,5.6885233789e-05,56,22,4.592468220679558,-1.4999928871614436,-4.749984589159324
-0.1715065612178969,-4.766034503945991,5.6616481743e-05,56,22,4.592468220679558,-1.4999928871614436,-4.749984589159324
-0.22475268250338534,-4.766035224659397,1.6071829197e-12,56,22,4.592468220679558,-1.4999928871614436,-4.749984589159324
-0.27718401534864223,-4.7660355850161,0.00012795790099,56,22,4.592468220679558,-1.4999928871614436,-4.749984589159324
-0.3293301860826398,-4.766036355433881,0.00012814790534,56,22,4.592468220679558,-1.4999928871614436,-4.749984589159324
-0.3821524401911008,-4.766034230571939,0.00012774603965,56,22,4.592468220679558,-1.4999928871614436,-4.749984589159324
-0.4351967457317408,-4.766035150102838,0.00012848261395,56,22,4.592468220679558,-1.4999928871614436,-4.749984589159324
-0.48714010655465967,-4.76603549803345,0.0001297173585,56,22,4.592468220679558,-1.4999928871614436,-4.749984589159324
-0.5392317114054079,-4.766040331783711,0.00012891837105,56,22,4.592468220679558,-1.4999928871614436,-4.749984589159324
-0.5917295652974487,-4.766035162528933,0.00013020646293,56,22,4.592468220679558,-1.4999928871614436,-4.749984589159324
-0.6442746609620267,-4.7660364175643455,0.00013104936806,56,22,4.592468220679558,-1.4999928871614436,-4.749984589159324
-0.6968892098345499,-4.766037809286788,0.00012996437727,56,22,4.592468220679558,-1.4999928871614436,-4.749984589159324
-0.7499617798986616,-4.766036927034169,0.00013351105736,56,22,4.592468220679558,-1.4999928871614436,-4.749984589159324
-0.8029922174496024,-4.766040431192456,0.00013237862731,56,22,4.592468220679558,-1.4999928871614436,-4.749984589159324
-0.8562271008813686,-4.766041238888516,0.00013384775957,56,22,4.592468220679558,-1.4999928871614436,-4.749984589159324
-0.9100096943999991,-4.7660388779308045,0.00013463899086,56,22,4.592468220679558,-1.4999928871614436,-4.749984589159324
-0.9632509455293949,-4.766040418766364,0.00013367729844,56,22,4.592468220679558,-1.4999928871614436,-4.749984589159324
-1.016110940201478,-4.7660407915491625,0.0001333700784,56,22,4.592468220679558,-1.4999928871614436,-4.749984589159324
-1.0692257812069723,-4.7660394495310925,0.00013310684881,56,22,4.592468220679558,-1.4999928871614436,-4.749984589159324
-1.1224051800955548,-4.766043786237628,0.00013322173618,56,22,4.592468220679558,-1.4999928871614436,-4.749984589159324
-1.1752115023755585,-4.76603908917439,0.00013543578098,56,22,4.592468220679558,-1.4999928871614436,-4.749984589159324
-1.2274649549718024,-4.76604156196694,0.0001381002221,56,22,4.592468220679558,-1.4999928871614436,-4.749984589159324
-1.2797716898442624,-4.7660387909481505,0.00013974549074,56,22,4.592468220679558,-1.4999928871614436,-4.749984589159324
-1.332126434136601,-4.766039064322204,0.00014158023987,56,22,4.592468220679558,-1.4999928871614436,-4.749984589159324
-1.3839530370571234,-4.766041922323643,0.00013751156803,56,22,4.592468220679558,-1.4999928871614436,-4.749984589159324
-1.436055300879993,-4.766041785636617,0.00014062259288,56,22,4.592468220679558,-1.4999928871614436,-4.749984589159324
-1.4882287419712321,-4.766041996880202,0.00014074944193,56,22,4.592468220679558,-1.4999928871614436,-4.749984589159324
-1.5408676164554522,-4.766039747757332,0.00014093685604,56,22,4.592468220679558,-1.4999928871614436,-4.749984589159324
-1.593709967823034,-4.766041499836473,0.00014064866991,56,22,4.592468220679558,-1.4999928871614436,-4.749984589159324
-1.6458444350811503,-4.766043115228592,0.00014159143029,56,22,4.592468220679558,-1.4999928871614436,-4.749984589159324
-1.698251983443165,-4.7660440223334,0.00014611869119,56,22,4.592468220679558,-1.4999928871614436,-4.749984589159324
-1.7502118801449098,-4.766041698653966,0.00011414398614,56,22,4.592468220679558,-1.4999928871614436,-4.749984589159324
-1.802097453482615,-4.766044345411821,1.9686894344e-15,56,22,4.592468220679558,-1.4999928871614436,-4.749984589159324
-1.8537895419367973,-4.766046606960787,7.3089009675e-05,56,22,4.592468220679558,-1.4999928871614436,-4.749984589159324
-1.906193340152778,-4.766042655463144,9.6172952908e-05,56,22,4.592468220679558,-1.4999928871614436,-4.749984589159324
-1.9582168509089097,-4.7660424814978395,0.00014383342932,56,22,4.592468220679558,-1.4999928871614436,-4.749984589159324
-2.0100331346356444,-4.766041984454111,0.00014356929751,56,22,4.592468220679558,-1.4999928871614436,-4.749984589159324
-2.061197585093318,-4.7660423323847185,0.00014484871645,56,22,4.592468220679558,-1.4999928871614436,-4.749984589159324
-2.1121129276960757,-4.766043835942001,0.00014587478654,56,22,4.592468220679558,-1.4999928871614436,-4.749984589159324
-2.1627052921176557,-4.766044954290391,0.0001487856789,56,22,4.592468220679558,-1.4999928871614436,-4.749984589159324
-2.213656537964166,-4.766042928837196,0.00014624260075,56,22,4.592468220679558,-1.4999928871614436,-4.749984589159324
-2.264161566770029,-4.766044656064151,0.00014603314048,56,22,4.592468220679558,-1.4999928871614436,-4.749984589159324
-2.3148595896684903,-4.766044693342432,0.00014398166968,56,22,4.592468220679558,-1.4999928871614436,-4.749984589159324
-2.365878766012642,-4.766045588021146,0.00014818256022,56,22,4.592468220679558,-1.4999928871614436,-4.749984589159324
-2.416500716317875,-4.7660412264624235,0.00014891830506,56,22,4.592468220679558,-1.4999928871614436,-4.749984589159324
-2.466810561348556,-4.766043463159203,0.00014536216622,56,22,4.592468220679558,-1.4999928871614436,-4.749984589159324
-2.516480175910994,-4.766045016420854,0.00014876108617,56,22,4.592468220679558,-1.4999928871614436,-4.749984589159324
-2.5663974888774903,-4.766040866105721,0.0001495587785,56,22,4.592468220679558,-1.4999928871614436,-4.749984589159324
-2.616421227968211,-4.766039797461704,0.00014940966503,56,22,4.592468220679558,-1.4999928871614436,-4.749984589159324
-2.6660544736647385,-4.7660413382972635,0.00014789801207,56,22,4.592468220679558,-1.4999928871614436,-4.749984589159324
-2.7153745192454224,-4.766041102201492,0.00014694718993,56,22,4.592468220679558,-1.4999928871614436,-4.749984589159324
-2.7647418569361726,-4.7660402199488745,0.00014620655566,56,22,4.592468220679558,-1.4999928871614436,-4.749984589159324
-2.712383966548165,-4.7445057009886344,0.00014912920597,56,22,4.592468220679558,-1.4999928871614436,-4.749984589159324
-2.6618683668608605,-4.7445017246388055,0.00014931267651,56,22,4.592468220679558,-1.4999928871614436,-4.749984589159324
-2.6114905787481546,-4.744502606891424,1.9687296684e-15,56,22,4.592468220679558,-1.4999928871614436,-4.749984589159324
-2.5609126863666445,-4.744504334118382,7.3526833148e-05,56,22,4.592468220679558,-1.4999928871614436,-4.749984589159324
-2.5102080692516635,-4.7445012027428906,7.4786672485e-05,56,22,4.592468220679558,-1.4999928871614436,-4.749984589159324
-2.4584272608996707,-4.74450406074433,7.6103322499e-05,56,22,4.592468220679558,-1.4999928871614436,-4.749984589159324
-2.4064585551300586,-4.744504234709634,7.641515549e-05,56,22,4.592468220679558,-1.4999928871614436,-4.749984589159324
-2.354988127992192,-4.744503837074653,7.8871649748e-05,56,22,4.592468220679558,-1.4999928871614436,-4.749984589159324
-2.3032325387430665,-4.744502544760956,7.6610813267e-05,56,22,4.592468220679558,-1.4999928871614436,-4.749984589159324
-2.251470279771125,-4.744500245933709,7.7017604781e-05,56,22,4.592468220679558,-1.4999928871614436,-4.749984589159324
-2.1993752897214396,-4.744503513996228,7.5384734373e-05,56,22,4.592468220679558,-1.4999928871614436,-4.749984589159324
-2.1474315010295095,-4.744503600978882,7.6357129728e-05,56,22,4.592468220679558,-1.4999928871614436,-4.749984589159324
-2.0952581480289494,-4.7445039240573035,4.0086293659e-12,56,22,4.592468220679558,-1.4999928871614436,-4.749984589159324
-2.0434712991732744,-4.744502855413287,0.00014696619473,56,22,4.592468220679558,-1.4999928871614436,-4.749984589159324
-1.991376158110996,-4.74450274357845,0.0001441793429,56,22,4.592468220679558,-1.4999928871614436,-4.749984589159324
-1.9390779554499855,-4.744503427013575,0.00011758428445,56,22,4.592468220679558,-1.4999928871614436,-4.749984589159324
-1.8862562047168314,-4.744505303353651,9.0860652563e-05,56,22,4.592468220679558,-1.4999928871614436,-4.749984589159324
-1.8328491040082526,-4.74450314121343,0.0001457962062,56,22,4.592468220679558,-1.4999928871614436,-4.749984589159324
-1.7789009755200031,-4.744498319889261,7.76445886e-05,56,22,4.592468220679558,-1.4999928871614436,-4.749984589159324
-1.7252508577977195,-4.744503203343898,7.4131319707e-05,56,22,4.592468220679558,-1.4999928871614436,-4.749984589159324
-1.6717129298469222,-4.744500270785899,0.00014575337991,56,22,4.592468220679558,-1.4999928871614436,-4.749984589159324
-1.6179584750079368,-4.744503451865761,6.9684465416e-05,56,22,4.592468220679558,-1.4999928871614436,-4.749984589159324
-1.564471249534908,-4.744503650683255,7.2288188676e-05,56,22,4.592468220679558,-1.4999928871614436,-4.749984589159324
-1.5108302554900592,-4.744504545361964,5.9359513832e-12,56,22,4.592468220679558,-1.4999928871614436,-4.749984589159324
-1.4570039060728905,-4.744503178491712,0.00013872850104,56,22,4.592468220679558,-1.4999928871614436,-4.749984589159324
-1.4033037905982655,-4.7445027808567275,6.2263847212e-05,56,22,4.592468220679558,-1.4999928871614436,-4.749984589159324
-1.3491798834529087,-4.74450417257917,0.00010216281953,56,22,4.592468220679558,-1.4999928871614436,-4.749984589159324
-1.2952870129889562,-4.744504271987915,0.00014386978,56,22,4.592468220679558,-1.4999928871614436,-4.749984589159324
-1.2415436701598663,-4.744507850702764,0.00014104957518,56,22,4.592468220679558,-1.4999928871614436,-4.749984589159324
-1.1874001313775477,-4.744503986187771,0.00013845590001,56,22,4.592468220679558,-1.4999928871614436,-4.749984589159324
-1.1333522087347419,-4.744503340030924,0.00013607468281,56,22,4.592468220679558,-1.4999928871614436,-4.749984589159324
-1.0797303429515466,-4.7445035015701365,0.00012768172019,56,22,4.592468220679558,-1.4999928871614436,-4.749984589159324
-1.0261313807448085,-4.744501240021168,0.00013377585856,56,22,4.592468220679558,-1.4999928871614436,-4.749984589159324
-0.972511968916236,-4.744502308665185,0.00013375819253,56,22,4.592468220679558,-1.4999928871614436,-4.749984589159324
-0.9190912141524618,-4.74450151339522,0.00013371364912,56,22,4.592468220679558,-1.4999928871614436,-4.749984589159324
-0.8660118359373244,-4.744498344741447,0.00013515383762,56,22,4.592468220679558,-1.4999928871614436,-4.749984589159324
-0.8133789516192539,-4.744504445953219,0.00013426956139,56,22,4.592468220679558,-1.4999928871614436,-4.749984589159324
-0.7608427405288408,-4.7445004944555755,0.00013021430641,56,22,4.592468220679558,-1.4999928871614436,-4.749984589159324
-0.7083854712709031,-4.744502308665185,0.00013362358732,56,22,4.592468220679558,-1.4999928871614436,-4.749984589159324
-0.6553860542232414,-4.744502917543754,0.00013343743922,56,22,4.592468220679558,-1.4999928871614436,-4.749984589159324
-0.6025564634196852,-4.74449727609743,0.00013210313045,56,22,4.592468220679558,-1.4999928871614436,-4.749984589159324
-0.5498638662058547,-4.744498829359085,0.00013141111413,56,22,4.592468220679558,-1.4999928871614436,-4.749984589159324
-0.49663071941889564,-4.744498543558941,0.00013276591199,56,22,4.592468220679558,-1.4999928871614436,-4.749984589159324
-0.4436596675697676,-4.744496431123093,0.00012874222011,56,22,4.592468220679558,-1.4999928871614436,-4.749984589159324
-0.39141554000108114,-4.74449749976711,0.00012795829389,56,22,4.592468220679558,-1.4999928871614436,-4.749984589159324
-0.33889736233103096,-4.744497959532558,1.1952380275e-13,56,22,4.592468220679558,-1.4999928871614436,-4.749984589159324
-0.28556893918289283,-4.744498555985032,0.00012876121036,56,22,4.592468220679558,-1.4999928871614436,-4.749984589159324
-0.2322256790475881,-4.7444987548025255,0.00012842676369,56,22,4.592468220679558,-1.4999928871614436,-4.749984589159324
-0.17914588554782465,-4.74449727609743,0.00012786786829,56,22,4.592468220679558,-1.4999928871614436,-4.749984589159324
-0.12626159043280932,-4.7444981832022375,1.2413235316e-13,56,22,4.592468220679558,-1.4999928871614436,-4.749984589159324
-0.07303128771633458,-4.744497797993345,5.7290595578e-05,56,22,4.592468220679558,-1.4999928871614436,-4.749984589159324
-0.019467977065696154,-4.744495213365958,5.1682163758e-05,56,22,4.592468220679558,-1.4999928871614436,-4.749984589159324
0.03292406733687234,-4.744499388533278,5.715977386e-05,56,22,4.592468220679558,-1.4999928871614436,-4.749984589159324
0.08520896830540269,-4.744494554783016,5.6072116422e-05,56,22,4.592468220679558,-1.4999928871614436,-4.749984589159324
0.13782346684039493,-4.7444968660363545,5.1964103477e-05,56,22,4.592468220679558,-1.4999928871614436,-4.749984589159324
0.1909921564193281,-4.744495909227178,5.3243544244e-05,56,22,4.592468220679558,-1.4999928871614436,-4.749984589159324
0.13677950420739465,-4.722592981455134,5.4618751165e-05,56,22,4.592468220679558,-1.4999928871614436,-4.749984589159324
0.08316463534096402,-4.722588234687523,5.8508314396e-05,56,22,4.592468220679558,-1.4999928871614436,-4.749984589159324
0.029204702701773194,-4.72258787433082,5.6668675825e-05,56,22,4.592468220679558,-1.4999928871614436,-4.749984589159324
-0.02376317788292323,-4.722588905696556,5.8486722992e-05,56,22,4.592468220679558,-1.4999928871614436,-4.749984589159324
-0.07676715047711183,-4.722588520487666,5.7361819927e-05,56,22,4.592468220679558,-1.4999928871614436,-4.749984589159324
-0.13028581173804393,-4.722588905696556,5.7949535403e-05,56,22,4.592468220679558,-1.4999928871614436,-4.749984589159324
-0.18403788812870575,-4.722591689141437,5.2068657545e-12,56,22,4.592468220679558,-1.4999928871614436,-4.749984589159324
-0.23717390865022997,-4.722590496236488,0.00012843804143,56,22,4.592468220679558,-1.4999928871614436,-4.749984589159324
-0.2897068603855326,-4.722593130568251,0.00012800945842,56,22,4.592468220679558,-1.4999928871614436,-4.749984589159324
-0.34216376469637344,-4.722591527602224,1.9685153691e-15,56,22,4.592468220679558,-1.4999928871614436,-4.749984589159324
-0.3954022724303469,-4.72259146547176,0.00012939203589,56,22,4.592468220679558,-1.4999928871614436,-4.749984589159324
-0.44851180282635617,-4.722589738244801,0.00013129206491,56,22,4.592468220679558,-1.4999928871614436,-4.749984589159324
-0.5008746262923688,-4.722590483810393,0.00013316623517,56,22,4.592468220679558,-1.4999928871614436,-4.749984589159324
-0.5535250909930265,-4.722591167245521,0.00013242175919,56,22,4.592468220679558,-1.4999928871614436,-4.749984589159324
-0.6064791413411698,-4.722591962515489,0.00013295264216,56,22,4.592468220679558,-1.4999928871614436,-4.749984589159324
-0.6591357094674223,-4.722591577306597,0.00013345325715,56,22,4.592468220679558,-1.4999928871614436,-4.749984589159324
-0.7119763241901951,-4.722593751872912,0.00013443932403,56,22,4.592468220679558,-1.4999928871614436,-4.749984589159324
-0.7653064084768464,-4.72259062049742,1.968569791e-15,56,22,4.592468220679558,-1.4999928871614436,-4.749984589159324
-0.8184570394666486,-4.722594099803523,0.00013496933389,56,22,4.592468220679558,-1.4999928871614436,-4.749984589159324
-0.8718207618081727,-4.722592558967963,0.00013573565229,56,22,4.592468220679558,-1.4999928871614436,-4.749984589159324
-0.9254557027649577,-4.72259494477786,8.7553518824e-05,56,22,4.592468220679558,-1.4999928871614436,-4.749984589159324
-0.9786393803436471,-4.722596634726537,6.8852612458e-05,56,22,4.592468220679558,-1.4999928871614436,-4.749984589159324
-1.031706564291978,-4.722594733534275,0.00013144571858,56,22,4.592468220679558,-1.4999928871614436,-4.749984589159324
-1.085025209374783,-4.7225933666640225,0.00013730653154,56,22,4.592468220679558,-1.4999928871614436,-4.749984589159324
-1.1379153688121213,-4.722593490924954,0.0001379273308,56,22,4.592468220679558,-1.4999928871614436,-4.749984589159324
-1.1906767522616157,-4.722595069038792,0.00013827628572,56,22,4.592468220679558,-1.4999928871614436,-4.749984589159324
-1.243099225701476,-4.722596000995786,0.00013989410945,56,22,4.592468220679558,-1.4999928871614436,-4.749984589159324
-1.295273660958945,-4.722595889160946,0.00014098350948,56,22,4.592468220679558,-1.4999928871614436,-4.749984589159324
-1.3476645853514566,-4.722593975542589,0.00014069458121,56,22,4.592468220679558,-1.4999928871614436,-4.749984589159324
-1.3998688707646152,-4.722595379691126,0.00011516830273,56,22,4.592468220679558,-1.4999928871614436,-4.749984589159324
-1.451662653615139,-4.722596050700158,0.00011487628217,56,22,4.592468220679558,-1.4999928871614436,-4.749984589159324
-1.504110409079778,-4.722594559568972,0.00013508858683,56,22,4.592468220679558,-1.4999928871614436,-4.749984589159324
-1.5567918816993316,-4.722598101005539,0.00014250626555,56,22,4.592468220679558,-1.4999928871614436,-4.749984589159324
-1.6094599771201077,-4.722595404543312,0.00014284538338,56,22,4.592468220679558,-1.4999928871614436,-4.749984589159324
-1.6620102827191088,-4.722596771413564,0.0001449065312,56,22,4.592468220679558,-1.4999928871614436,-4.749984589159324
-1.7141588193170485,-4.722598933553784,0.00014051650942,56,22,4.592468220679558,-1.4999928871614436,-4.749984589159324
-1.7662804882579917,-4.722595988569691,0.00014288775856,56,22,4.592468220679558,-1.4999928871614436,-4.749984589159324
-1.8179435445413588,-4.7225951684475405,0.00014123051369,56,22,4.592468220679558,-1.4999928871614436,-4.749984589159324
-1.8700445247571955,-4.722594932351769,0.00014149320486,56,22,4.592468220679558,-1.4999928871614436,-4.749984589159324
-1.9223006955800952,-4.722599865510775,0.00014134272351,56,22,4.592468220679558,-1.4999928871614436,-4.749984589159324
-1.9743342738423615,-4.722597343013852,0.00014629781072,56,22,4.592468220679558,-1.4999928871614436,-4.749984589159324
-2.025957928423595,-4.722599219353929,0.00014913105406,56,22,4.592468220679558,-1.4999928871614436,-4.749984589159324
-2.0772714408939725,-4.722597417570411,0.00014835661568,56,22,4.592468220679558,-1.4999928871614436,-4.749984589159324
-2.1280370670961264,-4.722601008711351,0.00014923994604,56,22,4.592468220679558,-1.4999928871614436,-4.749984589159324
-2.1789317209737793,-4.722601791555224,3.013591438e-14,56,22,4.592468220679558,-1.4999928871614436,-4.749984589159324
-2.229814230922155,-4.722597753074927,7.7946504462e-05,56,22,4.592468220679558,-1.4999928871614436,-4.749984589159324
-2.2805255555130977,-4.722597976744607,7.4257695815e-05,56,22,4.592468220679558,-1.4999928871614436,-4.749984589159324
-2.331366813855087,-4.722602487416447,7.6846052252e-05,56,22,4.592468220679558,-1.4999928871614436,-4.749984589159324
-2.3823435430765008,-4.722600822319956,7.4804192991e-05,56,22,4.592468220679558,-1.4999928871614436,-4.749984589159324
-2.433108451968842,-4.722601257233217,7.6543037721e-05,56,22,4.592468220679558,-1.4999928871614436,-4.749984589159324
-2.483035228391106,-4.722601021137446,7.8441065853e-05,56,22,4.592468220679558,-1.4999928871614436,-4.749984589159324
-2.5328317816215185,-4.722602624103473,7.7807329944e-05,56,22,4.592468220679558,-1.4999928871614436,-4.749984589159324
-2.5830046078937077,-4.7226025992512835,7.7276876254e-05,56,22,4.592468220679558,-1.4999928871614436,-4.749984589159324
-2.6328422113803835,-4.722599144797369,9.0782094048e-05,56,22,4.592468220679558,-1.4999928871614436,-4.749984589159324
-2.682515664179536,-4.7225998530846836,0.00012032025552,56,22,4.592468220679558,-1.4999928871614436,-4.749984589159324
-2.732277572604462,-4.722599616988912,0.00015102673206,56,22,4.592468220679558,-1.4999928871614436,-4.749984589159324
-2.6799183356875105,-4.701390562262313,0.00010996841593,56,22,4.592468220679558,-1.4999928871614436,-4.749984589159324
-2.629484937187794,-4.701387256921513,7.7151467849e-05,56,22,4.592468220679558,-1.4999928871614436,-4.749984589159324
-2.5789958905479207,-4.701385306024878,7.696764078e-05,56,22,4.592468220679558,-1.4999928871614436,-4.749984589159324
-2.5281083216777116,-4.701382559858279,7.768307114e-05,56,22,4.592468220679558,-1.4999928871614436,-4.749984589159324
-2.4767317362814,-4.701385057503015,7.7091048297e-05,56,22,4.592468220679558,-1.4999928871614436,-4.749984589159324
-2.42476421344376,-4.701382373466879,7.6564094343e-05,56,22,4.592468220679558,-1.4999928871614436,-4.749984589159324
-2.372933545767635,-4.701387082956209,7.6422380516e-05,56,22,4.592468220679558,-1.4999928871614436,-4.749984589159324
-2.321414152796807,-4.701385529694558,7.5527677836e-05,56,22,4.592468220679558,-1.4999928871614436,-4.749984589159324
-2.2694145649521276,-4.70138415039821,7.7072945714e-05,56,22,4.592468220679558,-1.4999928871614436,-4.749984589159324
-2.2176309628671818,-4.701384436198355,7.9912191723e-05,56,22,4.592468220679558,-1.4999928871614436,-4.749984589159324
-2.165274469345651,-4.7013871078083955,7.9834528151e-05,56,22,4.592468220679558,-1.4999928871614436,-4.749984589159324
-2.1131677758200844,-4.701389145687685,3.244877457e-12,56,22,4.592468220679558,-1.4999928871614436,-4.749984589159324
-2.061068318314551,-4.701387020825742,0.00014845348778,56,22,4.592468220679558,-1.4999928871614436,-4.749984589159324
-2.0091478484837064,-4.701385169337855,0.00014705395733,56,22,4.592468220679558,-1.4999928871614436,-4.749984589159324
-1.9567632162825304,-4.701383976432903,0.00014562913566,56,22,4.592468220679558,-1.4999928871614436,-4.749984589159324
-1.9042997555083208,-4.701384113119929,0.00014535491937,56,22,4.592468220679558,-1.4999928871614436,-4.749984589159324
-1.8509630895895344,-4.701384784128963,0.00014509599714,56,22,4.592468220679558,-1.4999928871614436,-4.749984589159324
-1.7973776304253988,-4.701384249806956,9.0924513643e-05,56,22,4.592468220679558,-1.4999928871614436,-4.749984589159324
-1.7434226182798316,-4.7013884001220925,0.0001464629604,56,22,4.592468220679558,-1.4999928871614436,-4.749984589159324
-1.689903982187664,-4.701388188878507,0.00014407874551,56,22,4.592468220679558,-1.4999928871614436,-4.749984589159324
-1.6364028258030234,-4.701384100693838,0.00014394905884,56,22,4.592468220679558,-1.4999928871614436,-4.749984589159324
-1.582698444222673,-4.701386399521081,0.00014306079538,56,22,4.592468220679558,-1.4999928871614436,-4.749984589159324
-1.5293408882286579,-4.701385914903447,0.00014476798242,56,22,4.592468220679558,-1.4999928871614436,-4.749984589159324
-1.4754927552450923,-4.701385007798643,0.00014145477326,56,22,4.592468220679558,-1.4999928871614436,-4.749984589159324
-1.4215808823633096,-4.70138145393598,0.00014035752974,56,22,4.592468220679558,-1.4999928871614436,-4.749984589159324
-1.3676264868524926,-4.701386225555777,0.00014165864559,56,22,4.592468220679558,-1.4999928871614436,-4.749984589159324
-1.3136660382536136,-4.701385815494702,0.00014085131988,56,22,4.592468220679558,-1.4999928871614436,-4.749984589159324
-1.2597685870743698,-4.701384187676489,0.00014228202053,56,22,4.592468220679558,-1.4999928871614436,-4.749984589159324
-1.2058969464639782,-4.701383553945736,0.00014255540736,56,22,4.592468220679558,-1.4999928871614436,-4.749984589159324
-1.1518590032366278,-4.701386635616853,0.00012537726434,56,22,4.592468220679558,-1.4999928871614436,-4.749984589159324
-1.0980395878143079,-4.701386014312192,0.00013578379003,56,22,4.592468220679558,-1.4999928871614436,-4.749984589159324
-1.0442818106982994,-4.701384050989462,0.00013684657461,56,22,4.592468220679558,-1.4999928871614436,-4.749984589159324
-0.9909370530214577,-4.701385405433623,0.00013504404342,56,22,4.592468220679558,-1.4999928871614436,-4.749984589159324
-0.9374175108537373,-4.701383690632759,0.00013541941007,56,22,4.592468220679558,-1.4999928871614436,-4.749984589159324
-0.8840367995956132,-4.7013865113559214,0.00013593753101,56,22,4.592468220679558,-1.4999928871614436,-4.749984589159324
-0.8311062694586757,-4.701382050388454,0.00012882446754,56,22,4.592468220679558,-1.4999928871614436,-4.749984589159324
-0.7785069854423284,-4.701383765189318,7.6180564065e-05,56,22,4.592468220679558,-1.4999928871614436,-4.749984589159324
-0.7259314481560774,-4.701387207217141,1.9687656673e-15,56,22,4.592468220679558,-1.4999928871614436,-4.749984589159324
-0.6728714247214856,-4.701385728512048,2.0568889474e-12,56,22,4.592468220679558,-1.4999928871614436,-4.749984589159324
-0.6197071019233384,-4.701386324964522,0.0001302423625,56,22,4.592468220679558,-1.4999928871614436,-4.749984589159324
-0.5666665087755863,-4.701385417859718,0.00013160880189,56,22,4.592468220679558,-1.4999928871614436,-4.749984589159324
-0.5134622934843819,-4.701386834434347,0.00011551810894,56,22,4.592468220679558,-1.4999928871614436,-4.749984589159324
-0.46020875999750255,-4.701385107207388,0.00013209834287,56,22,4.592468220679558,-1.4999928871614436,-4.749984589159324
-0.4077371697120882,-4.7013845977375635,0.00013084548118,56,22,4.592468220679558,-1.4999928871614436,-4.749984589159324
-0.35532531749120183,-4.701386088868751,0.00012878012785,56,22,4.592468220679558,-1.4999928871614436,-4.749984589159324
-0.30205815511789164,-4.70138627526015,0.00013030908303,56,22,4.592468220679558,-1.4999928871614436,-4.749984589159324
-0.24860825492385719,-4.7013845977375635,0.0001284173195,56,22,4.592468220679558,-1.4999928871614436,-4.749984589159324
-0.19537732298824906,-4.701384833833335,0.00012578580936,56,22,4.592468220679558,-1.4999928871614436,-4.749984589159324
-0.14247770009514527,-4.70138279595405,9.7245540613e-13,56,22,4.592468220679558,-1.4999928871614436,-4.749984589159324
-0.08946535888648167,-4.701381888849242,5.7816319895e-05,56,22,4.592468220679558,-1.4999928871614436,-4.749984589159324
-0.03582357202552497,-4.701384386493982,6.1705504777e-05,56,22,4.592468220679558,-1.4999928871614436,-4.749984589159324
0.016954624159215212,-4.7013836533544815,5.6643715652e-05,56,22,4.592468220679558,-1.4999928871614436,-4.749984589159324
0.06932551421451674,-4.701378546230168,5.7825593103e-05,56,22,4.592468220679558,-1.4999928871614436,-4.749984589159324
0.12167264495534236,-4.701382100092827,5.5129079556e-05,56,22,4.592468220679558,-1.4999928871614436,-4.749984589159324
0.17490235620583156,-4.7013817645883105,5.9034860897e-05,56,22,4.592468220679558,-1.4999928871614436,-4.749984589159324
0.2279890962848287,-4.7013842249547695,5.7621022279e-05,56,22,4.592468220679558,-1.4999928871614436,-4.749984589159324
0.17366402778252155,-4.679864430914997,5.5969245295e-05,56,22,4.592468220679558,-1.4999928871614436,-4.749984589159324
0.12045090274838931,-4.679865151628406,5.1848503063e-05,56,22,4.592468220679558,-1.4999928871614436,-4.749984589159324
0.06677182836158611,-4.679862529722734,5.6351993408e-05,56,22,4.592468220679558,-1.4999928871614436,-4.749984589159324
0.012967212173285031,-4.679862852801159,5.855605923e-05,56,22,4.592468220679558,-1.4999928871614436,-4.749984589159324
-0.039924180533553594,-4.679864778845609,5.5450687796e-05,56,22,4.592468220679558,-1.4999928871614436,-4.749984589159324
-0.09311786269646481,-4.679863983575641,5.8095793065e-05,56,22,4.592468220679558,-1.4999928871614436,-4.749984589159324
-0.14691179474388139,-4.679863001914277,6.4583589847e-05,56,22,4.592468220679558,-1.4999928871614436,-4.749984589159324
-0.2005499321338644,-4.679861398948253,2.8314106702e-12,56,22,4.592468220679558,-1.4999928871614436,-4.749984589159324
-0.2535268734740817,-4.679862318479149,1.9488055477e-15,56,22,4.592468220679558,-1.4999928871614436,-4.749984589159324
-0.3060713525039095,-4.679865089497938,0.00010222940182,56,22,4.592468220679558,-1.4999928871614436,-4.749984589159324
-0.3588075420193019,-4.679863921445176,0.00013047568791,56,22,4.592468220679558,-1.4999928871614436,-4.749984589159324
-0.41229808976935356,-4.679865362871988,0.0001324586483,56,22,4.592468220679558,-1.4999928871614436,-4.749984589159324
-0.46517842080382765,-4.679865574115573,0.00013175408822,56,22,4.592468220679558,-1.4999928871614436,-4.749984589159324
-0.5175514124510366,-4.679865760506972,0.0001312927343,56,22,4.592468220679558,-1.4999928871614436,-4.749984589159324
-0.5702343196902129,-4.6798650770718435,0.00013054579904,56,22,4.592468220679558,-1.4999928871614436,-4.749984589159324
-0.623258892918829,-4.679865412576364,0.00012602967035,56,22,4.592468220679558,-1.4999928871614436,-4.749984589159324
-0.6762167815036867,-4.679866182994142,0.00010750590445,56,22,4.592468220679558,-1.4999928871614436,-4.749984589159324
-0.7293523238186707,-4.679862517296643,9.2610454885e-05,56,22,4.592468220679558,-1.4999928871614436,-4.749984589159324
-0.7827627719730403,-4.679864393636719,0.0001373753621,56,22,4.592468220679558,-1.4999928871614436,-4.749984589159324
-0.8358512612812279,-4.679867313768627,0.00013569444127,56,22,4.592468220679558,-1.4999928871614436,-4.749984589159324
-0.8893655054238447,-4.679866978264107,0.00013598146325,56,22,4.592468220679558,-1.4999928871614436,-4.749984589159324
-0.9431818250880252,-4.679866518498659,0.00013674839283,56,22,4.592468220679558,-1.4999928871614436,-4.749984589159324
-0.9964640887205386,-4.679862480018362,0.00013533225865,56,22,4.592468220679558,-1.4999928871614436,-4.749984589159324
-1.0496576702083877,-4.679865089497938,0.00013681627752,56,22,4.592468220679558,-1.4999928871614436,-4.749984589159324
-1.1029475977299437,-4.6798651640544975,0.00013924142695,56,22,4.592468220679558,-1.4999928871614436,-4.749984589159324
-1.1561195592483686,-4.679862790670692,0.00013552269957,56,22,4.592468220679558,-1.4999928871614436,-4.749984589159324
-1.2088864546574725,-4.679861858713701,0.00013791541278,56,22,4.592468220679558,-1.4999928871614436,-4.749984589159324
-1.2611593123717912,-4.679864082984389,0.00014127153554,56,22,4.592468220679558,-1.4999928871614436,-4.749984589159324
-1.3136569145761785,-4.679865598967759,0.00014297713642,56,22,4.592468220679558,-1.4999928871614436,-4.749984589159324
-1.3661053873506301,-4.679864890680449,0.00013952115842,56,22,4.592468220679558,-1.4999928871614436,-4.749984589159324
-1.4181283066407764,-4.6798652510371515,0.00014102979912,56,22,4.592468220679558,-1.4999928871614436,-4.749984589159324
-1.4704205820575498,-4.6798616723223025,0.00014192293747,56,22,4.592468220679558,-1.4999928871614436,-4.749984589159324
-1.5229991521800261,-4.6798681338907775,0.00014200068836,56,22,4.592468220679558,-1.4999928871614436,-4.749984589159324
-1.5758269308324777,-4.679866916133642,0.00014654002734,56,22,4.592468220679558,-1.4999928871614436,-4.749984589159324
-1.6285226238044441,-4.679866468794286,0.00014119366824,56,22,4.592468220679558,-1.4999928871614436,-4.749984589159324
-1.6809638353900962,-4.679864990089193,0.00014391938748,56,22,4.592468220679558,-1.4999928871614436,-4.749984589159324
-1.7334210668948844,-4.679866033881024,0.0001439199259,56,22,4.592468220679558,-1.4999928871614436,-4.749984589159324
-1.7852830067619403,-4.679865362871988,0.000143126701,56,22,4.592468220679558,-1.4999928871614436,-4.749984589159324
-1.837225876793934,-4.679867127377228,0.00014288161765,56,22,4.592468220679558,-1.4999928871614436,-4.749984589159324
-1.8894263239703797,-4.679865946898371,0.00014629487123,56,22,4.592468220679558,-1.4999928871614436,-4.749984589159324
-1.9418068788315708,-4.6798646794368635,0.0001478302147,56,22,4.592468220679558,-1.4999928871614436,-4.749984589159324
-1.9937918939611203,-4.679865064645752,0.00014710138203,56,22,4.592468220679558,-1.4999928871614436,-4.749984589159324
-2.045482585548828,-4.679868655786692,0.00014652186655,56,22,4.592468220679558,-1.4999928871614436,-4.749984589159324
-2.096573278939683,-4.679865996602743,0.00015027276822,56,22,4.592468220679558,-1.4999928871614436,-4.749984589159324
-2.1476374947894046,-4.6798664439421,1.9686710114e-15,56,22,4.592468220679558,-1.4999928871614436,-4.749984589159324
-2.1984378664721067,-4.679866717316148,7.5234980613e-05,56,22,4.592468220679558,-1.4999928871614436,-4.749984589159324
-2.2495715229453905,-4.679862032679005,8.0990401329e-05,56,22,4.592468220679558,-1.4999928871614436,-4.749984589159324
-2.3003444984270245,-4.67986543742855,7.6729971624e-05,56,22,4.592468220679558,-1.4999928871614436,-4.749984589159324
-2.3514722276560716,-4.679864343932347,7.6798554801e-05,56,22,4.592468220679558,-1.4999928871614436,-4.749984589159324
-2.4024565830133815,-4.6798669906902015,7.6599259046e-05,56,22,4.592468220679558,-1.4999928871614436,-4.749984589159324
-2.452951191950395,-4.679867251638159,7.7370736108e-05,56,22,4.592468220679558,-1.4999928871614436,-4.749984589159324
-2.5030507896998397,-4.679862728540228,7.817990263e-05,56,22,4.592468220679558,-1.4999928871614436,-4.749984589159324
-2.553059503037653,-4.679864443341092,7.9394034401e-05,56,22,4.592468220679558,-1.4999928871614436,-4.749984589159324
-2.6030819081838112,-4.6798665060725675,8.0004836491e-05,56,22,4.592468220679558,-1.4999928871614436,-4.749984589159324
-2.6532066369454426,-4.679866704890057,8.0262841948e-05,56,22,4.592468220679558,-1.4999928871614436,-4.749984589159324
-2.7028565443646246,-4.679867388325185,7.7204480476e-05,56,22,4.592468220679558,-1.4999928871614436,-4.749984589159324
-2.650708901257855,-4.658887744131625,0.0001470400457,56,22,4.592468220679558,-1.4999928871614436,-4.749984589159324
-2.599881435399267,-4.658885308617352,7.6956181147e-05,56,22,4.592468220679558,-1.4999928871614436,-4.749984589159324
-2.549108887786646,-4.658883320442439,7.9142482718e-05,56,22,4.592468220679558,-1.4999928871614436,-4.749984589159324
-2.497945569923412,-4.658880400310532,8.0108708062e-05,56,22,4.592468220679558,-1.4999928871614436,-4.749984589159324
-2.446033091175562,-4.658877803257046,7.6973177784e-05,56,22,4.592468220679558,-1.4999928871614436,-4.749984589159324
-2.3939957627672603,-4.658883183755413,7.4804906035e-05,56,22,4.592468220679558,-1.4999928871614436,-4.749984589159324
-2.3422315280472414,-4.658880238771319,7.5304786151e-05,56,22,4.592468220679558,-1.4999928871614436,-4.749984589159324
-2.2905187760367176,-4.658879828710244,7.7100354247e-05,56,22,4.592468220679558,-1.4999928871614436,-4.749984589159324
-2.2383713091113053,-4.658884650034413,7.7276432421e-05,56,22,4.592468220679558,-1.4999928871614436,-4.749984589159324
-2.18627212846219,-4.658883047068387,7.6467338658e-05,56,22,4.592468220679558,-1.4999928871614436,-4.749984589159324
-2.134017543271506,-4.658881841737343,7.3053553933e-05,56,22,4.592468220679558,-1.4999928871614436,-4.749984589159324
-2.0819147257358,-4.6588810713195645,5.4299737449e-12,56,22,4.592468220679558,-1.4999928871614436,-4.749984589159324
-2.029813166638361,-4.658884836425809,0.0001195069126,56,22,4.592468220679558,-1.4999928871614436,-4.749984589159324
-1.977633458524553,-4.65888159321548,0.00013276078971,56,22,4.592468220679558,-1.4999928871614436,-4.749984589159324
-1.9250428577322483,-4.658883829912259,0.00014580805146,56,22,4.592468220679558,-1.4999928871614436,-4.749984589159324
-1.8720592089160673,-4.65888271156387,0.00014461352839,56,22,4.592468220679558,-1.4999928871614436,-4.749984589159324
-1.8183437404945875,-4.65888456305176,0.00014218316937,56,22,4.592468220679558,-1.4999928871614436,-4.749984589159324
-1.7645463854950878,-4.6588816677720395,0.00014547538012,56,22,4.592468220679558,-1.4999928871614436,-4.749984589159324
-1.710786796227973,-4.658883183755413,3.0889516205e-13,56,22,4.592468220679558,-1.4999928871614436,-4.749984589159324
-1.6574796406865437,-4.658887768983811,0.00014197078417,56,22,4.592468220679558,-1.4999928871614436,-4.749984589159324
-1.6036964934550753,-4.658887060696497,0.00014299851318,56,22,4.592468220679558,-1.4999928871614436,-4.749984589159324
-1.5500301670479146,-4.658887818688184,0.00014309988183,56,22,4.592468220679558,-1.4999928871614436,-4.749984589159324
-1.4965106374645771,-4.658888141766608,0.00014441317762,56,22,4.592468220679558,-1.4999928871614436,-4.749984589159324
-1.442582920845016,-4.658885209208607,0.00014622145682,56,22,4.592468220679558,-1.4999928871614436,-4.749984589159324
-1.388463934193283,-4.6588823512071675,0.00014409632422,56,22,4.592468220679558,-1.4999928871614436,-4.749984589159324
-1.3347185149410536,-4.658883767781796,0.00014168729831,56,22,4.592468220679558,-1.4999928871614436,-4.749984589159324
-1.2807354773752833,-4.658883171329318,0.00014091547928,56,22,4.592468220679558,-1.4999928871614436,-4.749984589159324
-1.2267170021879203,-4.658884650034413,0.00013817758008,56,22,4.592468220679558,-1.4999928871614436,-4.749984589159324
-1.1725800827908848,-4.6588794683535415,0.00014094809012,56,22,4.592468220679558,-1.4999928871614436,-4.749984589159324
-1.118654266413107,-4.658883643520861,0.00013983594545,56,22,4.592468220679558,-1.4999928871614436,-4.749984589159324
-1.064894903664881,-4.658885408026101,0.00014021480456,56,22,4.592468220679558,-1.4999928871614436,-4.749984589159324
-1.0111500381254894,-4.658882127537487,0.00013995353947,56,22,4.592468220679558,-1.4999928871614436,-4.749984589159324
-0.9575873566939828,-4.658879443501352,0.00013681124256,56,22,4.592468220679558,-1.4999928871614436,-4.749984589159324
-0.9043943540877359,-4.658880686110676,0.000137186551,56,22,4.592468220679558,-1.4999928871614436,-4.749984589159324
-0.8510795472416455,-4.658879890840708,0.00013666934683,56,22,4.592468220679558,-1.4999928871614436,-4.749984589159324
-0.7981415293970198,-4.658882040554837,0.00013503260561,56,22,4.592468220679558,-1.4999928871614436,-4.749984589159324
-0.745446239125298,-4.658879555336191,0.00013455591397,56,22,4.592468220679558,-1.4999928871614436,-4.749984589159324
-0.6928042059610278,-4.658876684908657,0.00013457908062,56,22,4.592468220679558,-1.4999928871614436,-4.749984589159324
-0.6396055277981989,-4.658883109198854,0.00013248273171,56,22,4.592468220679558,-1.4999928871614436,-4.749984589159324
-0.5864990931603257,-4.6588805245714635,0.00013349970686,56,22,4.592468220679558,-1.4999928871614436,-4.749984589159324
-0.53334415831165,-4.658878859474972,0.00013028374815,56,22,4.592468220679558,-1.4999928871614436,-4.749984589159324
-0.47977714785250697,-4.658879592614473,0.00010502521764,56,22,4.592468220679558,-1.4999928871614436,-4.749984589159324
-0.4268258912373153,-4.658881816885157,7.7834432886e-05,56,22,4.592468220679558,-1.4999928871614436,-4.749984589159324
-0.37446090325748277,-4.658878772492319,0.00011124731827,56,22,4.592468220679558,-1.4999928871614436,-4.749984589159324
-0.32155980799160666,-4.658881208006592,0.00012635452731,56,22,4.592468220679558,-1.4999928871614436,-4.749984589159324
-0.26811251276478465,-4.658882338781072,0.00012547895312,56,22,4.592468220679558,-1.4999928871614436,-4.749984589159324
-0.21479245823112156,-4.658882562450752,0.00012534542475,56,22,4.592468220679558,-1.4999928871614436,-4.749984589159324
-0.1617332150282546,-4.658881021615192,1.9685791083e-15,56,22,4.592468220679558,-1.4999928871614436,-4.749984589159324
-0.10879933744552782,-4.6588786233792,6.0295096773e-05,56,22,4.592468220679558,-1.4999928871614436,-4.749984589159324
-0.05542245183973345,-4.658882525172471,6.0464182752e-05,56,22,4.592468220679558,-1.4999928871614436,-4.749984589159324
-0.002062781669431163,-4.658881344693614,5.9643891291e-05,56,22,4.592468220679558,-1.4999928871614436,-4.749984589159324
0.05041351517509965,-4.658882463042007,5.7800101786e-05,56,22,4.592468220679558,-1.4999928871614436,-4.749984589159324
0.10268313870307258,-4.658882077833114,5.5030097428e-05,56,22,4.592468220679558,-1.4999928871614436,-4.749984589159324
0.15559846690574655,-4.658882525172471,5.4439264204e-05,56,22,4.592468220679558,-1.4999928871614436,-4.749984589159324
0.2088987639586211,-4.658881717476412,5.4191656091e-05,56,22,4.592468220679558,-1.4999928871614436,-4.749984589159324
0.2615970996509495,-4.658881792032971,5.6841752667e-05,56,22,4.592468220679558,-1.4999928871614436,-4.749984589159324
0.2071520516442847,-4.637752053059399,5.5295124184e-05,56,22,4.592468220679558,-1.4999928871614436,-4.749984589159324
0.15415136357397297,-4.637748648309858,5.5067332141e-05,56,22,4.592468220679558,-1.4999928871614436,-4.749984589159324
0.10084299993180605,-4.637750959563196,5.4158190324e-05,56,22,4.592468220679558,-1.4999928871614436,-4.749984589159324
0.046913899030153264,-4.637755209287078,6.0500140535e-05,56,22,4.592468220679558,-1.4999928871614436,-4.749984589159324
-0.006263222085167372,-4.637752301581262,6.0011334426e-05,56,22,4.592468220679558,-1.4999928871614436,-4.749984589159324
-0.059399431372432476,-4.637755768461271,5.9524227254e-05,56,22,4.592468220679558,-1.4999928871614436,-4.749984589159324
-0.11277300728558363,-4.637753469634028,5.8943376644e-05,56,22,4.592468220679558,-1.4999928871614436,-4.749984589159324
-0.16665224886310698,-4.637754003956034,5.8767753217e-05,56,22,4.592468220679558,-1.4999928871614436,-4.749984589159324
-0.22022161260180917,-4.637751829389723,4.4090038153e-13,56,22,4.592468220679558,-1.4999928871614436,-4.749984589159324
-0.2730568663775659,-4.637757793914468,0.00012658358901,56,22,4.592468220679558,-1.4999928871614436,-4.749984589159324
-0.32562446291835473,-4.637755519939408,0.00013221376867,56,22,4.592468220679558,-1.4999928871614436,-4.749984589159324
-0.37868884054934915,-4.637755905148297,0.00013249635231,56,22,4.592468220679558,-1.4999928871614436,-4.749984589159324
-0.4320277087351033,-4.63775586787002,0.00013162969844,56,22,4.592468220679558,-1.4999928871614436,-4.749984589159324
-0.4845871505959227,-4.637754973191306,0.00012908529607,56,22,4.592468220679558,-1.4999928871614436,-4.749984589159324
-0.5373330175015862,-4.637757570244788,0.00013077058247,56,22,4.592468220679558,-1.4999928871614436,-4.749984589159324
-0.5903544949720664,-4.63775514715661,0.00011816509505,56,22,4.592468220679558,-1.4999928871614436,-4.749984589159324
-0.6433017120004227,-4.637753382651374,0.00013317030971,56,22,4.592468220679558,-1.4999928871614436,-4.749984589159324
-0.6962704986606706,-4.637755954852669,0.00013702457363,56,22,4.592468220679558,-1.4999928871614436,-4.749984589159324
-0.7495310038955483,-4.637753531764491,0.00013748067431,56,22,4.592468220679558,-1.4999928871614436,-4.749984589159324
-0.8027348290708912,-4.63775648917468,0.00013719839626,56,22,4.592468220679558,-1.4999928871614436,-4.749984589159324
-0.8560621825465017,-4.637754215199619,0.00013707285689,56,22,4.592468220679558,-1.4999928871614436,-4.749984589159324
-0.9099427454842043,-4.637752637085782,0.00013655259681,56,22,4.592468220679558,-1.4999928871614436,-4.749984589159324
-0.9633380546262248,-4.637752450694383,0.000138643838,56,22,4.592468220679558,-1.4999928871614436,-4.749984589159324
-1.0163572669078247,-4.637755122304424,0.00013731994841,56,22,4.592468220679558,-1.4999928871614436,-4.749984589159324
-1.0696385992960185,-4.6377549607652115,0.00014105417358,56,22,4.592468220679558,-1.4999928871614436,-4.749984589159324
-1.1230035423226599,-4.637756762548729,0.00014225738414,56,22,4.592468220679558,-1.4999928871614436,-4.749984589159324
-1.1759948424435018,-4.637758713445364,0.00014200087753,56,22,4.592468220679558,-1.4999928871614436,-4.749984589159324
-1.2283471327812212,-4.637756277931095,0.00014233181719,56,22,4.592468220679558,-1.4999928871614436,-4.749984589159324
-1.280759614221241,-4.637756041835323,0.00014090453624,56,22,4.592468220679558,-1.4999928871614436,-4.749984589159324
-1.3332305627031387,-4.637758390366942,0.0001384276693,56,22,4.592468220679558,-1.4999928871614436,-4.749984589159324
-1.3851614146496838,-4.637758601610527,0.00014102170826,56,22,4.592468220679558,-1.4999928871614436,-4.749984589159324
-1.4373568909949748,-4.637759173210815,0.00013910247071,56,22,4.592468220679558,-1.4999928871614436,-4.749984589159324
-1.4896531430766726,-4.637755743609084,0.00014388727141,56,22,4.592468220679558,-1.4999928871614436,-4.749984589159324
-1.542374923473911,-4.637755731182993,0.00013384311751,56,22,4.592468220679558,-1.4999928871614436,-4.749984589159324
-1.5953267967238547,-4.6377586264627135,0.00014378107153,56,22,4.592468220679558,-1.4999928871614436,-4.749984589159324
-1.647658813621094,-4.637760664341999,0.00014647413627,56,22,4.592468220679558,-1.4999928871614436,-4.749984589159324
-1.7002906534354032,-4.637757619949161,0.00014634277613,56,22,4.592468220679558,-1.4999928871614436,-4.749984589159324
-1.7524534481389056,-4.637761447185873,1.9686303538e-15,56,22,4.592468220679558,-1.4999928871614436,-4.749984589159324
-1.8045018633883365,-4.6377590862281615,0.00014387324336,56,22,4.592468220679558,-1.4999928871614436,-4.749984589159324
-1.8565320438672823,-4.637761223516196,0.00014063784329,56,22,4.592468220679558,-1.4999928871614436,-4.749984589159324
-1.9090153879661071,-4.63776204363835,0.00014567033213,56,22,4.592468220679558,-1.4999928871614436,-4.749984589159324
-1.9612671416706917,-4.637759570845796,0.00012915278785,56,22,4.592468220679558,-1.4999928871614436,-4.749984589159324
-2.013266326815125,-4.637756364913745,0.00014917564113,56,22,4.592468220679558,-1.4999928871614436,-4.749984589159324
-2.064754447595022,-4.637756663139983,0.00014651862148,56,22,4.592468220679558,-1.4999928871614436,-4.749984589159324
-2.1157931926542237,-4.637757868471027,0.00014747881505,56,22,4.592468220679558,-1.4999928871614436,-4.749984589159324
-2.1666230747142827,-4.637759732385009,1.9685511562e-15,56,22,4.592468220679558,-1.4999928871614436,-4.749984589159324
-2.2178329925465357,-4.637756066687509,7.593081682e-05,56,22,4.592468220679558,-1.4999928871614436,-4.749984589159324
-2.268607427816559,-4.637759372028306,7.7486198279e-05,56,22,4.592468220679558,-1.4999928871614436,-4.749984589159324
-2.3197666809241895,-4.63776204363835,7.7223230619e-05,56,22,4.592468220679558,-1.4999928871614436,-4.749984589159324
-2.370910530747436,-4.637759061375975,7.9294710304e-05,56,22,4.592468220679558,-1.4999928871614436,-4.749984589159324
-2.4217287848379097,-4.637760018185152,8.1338250311e-05,56,22,4.592468220679558,-1.4999928871614436,-4.749984589159324
-2.4721996722135935,-4.637758800428018,8.0272388004e-05,56,22,4.592468220679558,-1.4999928871614436,-4.749984589159324
-2.5221565756479625,-4.637758775575832,7.9491110228e-05,56,22,4.592468220679558,-1.4999928871614436,-4.749984589159324
-2.572402554936603,-4.637759993332966,7.9191639088e-05,56,22,4.592468220679558,-1.4999928871614436,-4.749984589159324
-2.622504392706162,-4.637761186237914,7.5476098573e-05,56,22,4.592468220679558,-1.4999928871614436,-4.749984589159324
-2.672456287556229,-4.6377621181949085,5.9059150799e-12,56,22,4.592468220679558,-1.4999928871614436,-4.749984589159324
-2.620355206665332,-4.617209683086275,1.0024403183e-12,56,22,4.592468220679558,-1.4999928871614436,-4.749984589159324
-2.569273876055182,-4.617206502006411,7.7508942923e-05,56,22,4.592468220679558,-1.4999928871614436,-4.749984589159324
-2.518295234007602,-4.617209235746919,8.1561600382e-05,56,22,4.592468220679558,-1.4999928871614436,-4.749984589159324
-2.466656553673462,-4.6172085026074186,8.0686120782e-05,56,22,4.592468220679558,-1.4999928871614436,-4.749984589159324
-2.414353342428149,-4.617208701424913,7.9711215221e-05,56,22,4.592468220679558,-1.4999928871614436,-4.749984589159324
-2.362581091456371,-4.617209186042547,7.4799558206e-05,56,22,4.592468220679558,-1.4999928871614436,-4.749984589159324
-2.310615129082181,-4.617209099059893,7.7046388469e-05,56,22,4.592468220679558,-1.4999928871614436,-4.749984589159324
-2.2586689996950753,-4.617205470640675,7.6972137322e-05,56,22,4.592468220679558,-1.4999928871614436,-4.749984589159324
-2.2066021734938013,-4.61720719786763,7.6253527368e-05,56,22,4.592468220679558,-1.4999928871614436,-4.749984589159324
-2.1542928084853625,-4.617203942231207,7.6179436292e-05,56,22,4.592468220679558,-1.4999928871614436,-4.749984589159324
-2.102019799758452,-4.617208825685844,6.0841067427e-13,56,22,4.592468220679558,-1.4999928871614436,-4.749984589159324
-2.049869878878421,-4.617207670059173,7.7473756392e-05,56,22,4.592468220679558,-1.4999928871614436,-4.749984589159324
-1.9978310151754342,-4.617207284850284,0.00014692026889,56,22,4.592468220679558,-1.4999928871614436,-4.749984589159324
-1.9452122631190993,-4.617207073606699,0.0001465993555,56,22,4.592468220679558,-1.4999928871614436,-4.749984589159324
-1.8924322170301087,-4.617206588989065,0.00014604534954,56,22,4.592468220679558,-1.4999928871614436,-4.749984589159324
-1.838946602358062,-4.617206725676091,0.00014287028171,56,22,4.592468220679558,-1.4999928871614436,-4.749984589159324
-1.7850661400954198,-4.617205942832218,0.00014525304141,56,22,4.592468220679558,-1.4999928871614436,-4.749984589159324
-1.731387644590219,-4.61720545821458,0.00014368706616,56,22,4.592468220679558,-1.4999928871614436,-4.749984589159324
-1.6778029782421928,-4.617206464728133,1.9686640234e-15,56,22,4.592468220679558,-1.4999928871614436,-4.749984589159324
-1.6242152287204124,-4.61720402921386,7.3334857007e-05,56,22,4.592468220679558,-1.4999928871614436,-4.749984589159324
-1.5705329327316448,-4.6172044144227495,0.00014318851754,56,22,4.592468220679558,-1.4999928871614436,-4.749984589159324
-1.5169086507469798,-4.6172033582048275,0.00014629941143,56,22,4.592468220679558,-1.4999928871614436,-4.749984589159324
-1.4632604584352438,-4.6172039298051155,0.00014587061014,56,22,4.592468220679558,-1.4999928871614436,-4.749984589159324
-1.40926500008378,-4.617202699621886,0.00014344001829,56,22,4.592468220679558,-1.4999928871614436,-4.749984589159324
-1.3550429221692288,-4.617202687195794,0.00013997155474,56,22,4.592468220679558,-1.4999928871614436,-4.749984589159324
-1.3013725813439976,-4.617205184840531,0.00010316515545,56,22,4.592468220679558,-1.4999928871614436,-4.749984589159324
-1.2474017380450335,-4.617203780691997,0.00013977254275,56,22,4.592468220679558,-1.4999928871614436,-4.749984589159324
-1.1932804610356538,-4.617202886013285,0.00014196145639,56,22,4.592468220679558,-1.4999928871614436,-4.749984589159324
-1.1392518680046255,-4.617203059978588,0.00013997050701,56,22,4.592468220679558,-1.4999928871614436,-4.749984589159324
-1.0856356274404848,-4.617203146961242,0.0001410907571,56,22,4.592468220679558,-1.4999928871614436,-4.749984589159324
-1.031795561046208,-4.617202090743317,0.00013874057913,56,22,4.592468220679558,-1.4999928871614436,-4.749984589159324
-0.9780714345694521,-4.617202525656581,0.00014033555635,56,22,4.592468220679558,-1.4999928871614436,-4.749984589159324
-0.9244635122822534,-4.617199431559367,0.00013879062317,56,22,4.592468220679558,-1.4999928871614436,-4.749984589159324
-0.8713473750853444,-4.6172017552388,0.00013518260675,56,22,4.592468220679558,-1.4999928871614436,-4.749984589159324
-0.8182679842858257,-4.617199443985462,0.00013555251644,56,22,4.592468220679558,-1.4999928871614436,-4.749984589159324
-0.7655349786192481,-4.617198735698148,8.4516002971e-05,56,22,4.592468220679558,-1.4999928871614436,-4.749984589159324
-0.7128148719449043,-4.617200649316505,0.00013714066881,56,22,4.592468220679558,-1.4999928871614436,-4.749984589159324
-0.6597798410942907,-4.617199953455282,0.00013360686717,56,22,4.592468220679558,-1.4999928871614436,-4.749984589159324
-0.6068203291240692,-4.6172033582048275,0.00013488621335,56,22,4.592468220679558,-1.4999928871614436,-4.749984589159324
-0.5537010710002579,-4.617202562934859,0.00013082938676,56,22,4.592468220679558,-1.4999928871614436,-4.749984589159324
-0.5001980647113633,-4.617203072404683,0.00013074355957,56,22,4.592468220679558,-1.4999928871614436,-4.749984589159324
-0.4469056706508049,-4.617199307298436,0.00012980712927,56,22,4.592468220679558,-1.4999928871614436,-4.749984589159324
-0.3943704788953867,-4.61720054990776,0.00013110662985,56,22,4.592468220679558,-1.4999928871614436,-4.749984589159324
-0.3417515254889297,-4.6172024883783,8.7988155428e-05,56,22,4.592468220679558,-1.4999928871614436,-4.749984589159324
-0.2884262987739895,-4.6171981019673956,0.00012909954239,56,22,4.592468220679558,-1.4999928871614436,-4.749984589159324
-0.23496415397561943,-4.617200674168691,0.0001283302845,56,22,4.592468220679558,-1.4999928871614436,-4.749984589159324
-0.18188918029441759,-4.617197791315062,0.0001271400688,56,22,4.592468220679558,-1.4999928871614436,-4.749984589159324
-0.12916578909619691,-4.6171979280020885,5.3271076439e-10,56,22,4.592468220679558,-1.4999928871614436,-4.749984589159324
-0.07612821620028506,-4.617197841019438,6.1905833718e-05,56,22,4.592468220679558,-1.4999928871614436,-4.749984589159324
-0.02265388971949174,-4.61719789072381,6.0690465034e-05,56,22,4.592468220679558,-1.4999928871614436,-4.749984589159324
0.029839647729294067,-4.617201109081953,5.8302113757e-05,56,22,4.592468220679558,-1.4999928871614436,-4.749984589159324
0.08221165779465425,-4.617198176523955,5.8994097344e-05,56,22,4.592468220679558,-1.4999928871614436,-4.749984589159324
0.13474508773649896,-4.617196909062444,5.6134587794e-05,56,22,4.592468220679558,-1.4999928871614436,-4.749984589159324
0.18806943354465233,-4.617198089541301,5.4421729146e-05,56,22,4.592468220679558,-1.4999928871614436,-4.749984589159324
0.24109264765994134,-4.617197828593343,5.4171418014e-05,56,22,4.592468220679558,-1.4999928871614436,-4.749984589159324
0.2934712645262013,-4.617198325637072,5.7528934121e-05,56,22,4.592468220679558,-1.4999928871614436,-4.749984589159324
0.2389114469496037,-4.596362302228957,5.4803895182e-05,56,22,4.592468220679558,-1.4999928871614436,-4.749984589159324
0.18575329049896372,-4.596360960210891,5.5715663621e-05,56,22,4.592468220679558,-1.4999928871614436,-4.749984589159324
0.1326852256438478,-4.596361096897914,5.6601271353e-05,56,22,4.592468220679558,-1.4999928871614436,-4.749984589159324
0.07910437236376827,-4.596359953697338,5.7134158851e-05,56,22,4.592468220679558,-1.4999928871614436,-4.749984589159324
0.025188044610522514,-4.596364849578066,5.3757110436e-05,56,22,4.592468220679558,-1.4999928871614436,-4.749984589159324
-0.02799153045941749,-4.596363544838278,5.8409226767e-05,56,22,4.592468220679558,-1.4999928871614436,-4.749984589159324
-0.08124019379020415,-4.59636165607211,5.8491481468e-05,56,22,4.592468220679558,-1.4999928871614436,-4.749984589159324
-0.13498504674521428,-4.59636420342122,6.0607366322e-05,56,22,4.592468220679558,-1.4999928871614436,-4.749984589159324
-0.18880069943711525,-4.59636235193333,7.5721130754e-12,56,22,4.592468220679558,-1.4999928871614436,-4.749984589159324
-0.24200605990714122,-4.596364762595416,0.00013205896539,56,22,4.592468220679558,-1.4999928871614436,-4.749984589159324
-0.29465676371107086,-4.596361842463509,0.00013020769984,56,22,4.592468220679558,-1.4999928871614436,-4.749984589159324
-0.34722914231727353,-4.596362662585659,0.00013132879394,56,22,4.592468220679558,-1.4999928871614436,-4.749984589159324
-0.40054289207521954,-4.596362438915983,0.00013283753651,56,22,4.592468220679558,-1.4999928871614436,-4.749984589159324
-0.4536933594680489,-4.596364253125592,0.00012975181744,56,22,4.592468220679558,-1.4999928871614436,-4.749984589159324
-0.5062319615911689,-4.596362289802865,1.9686979047e-15,56,22,4.592468220679558,-1.4999928871614436,-4.749984589159324
-0.5590181740276687,-4.596362799272686,0.00013219485118,56,22,4.592468220679558,-1.4999928871614436,-4.749984589159324
-0.6121342986401944,-4.596365408752263,0.00013363129983,56,22,4.592468220679558,-1.4999928871614436,-4.749984589159324
-0.6652019733794506,-4.5963629359597125,0.00013709833729,56,22,4.592468220679558,-1.4999928871614436,-4.749984589159324
-0.7179748841234685,-4.596362501046447,0.00013525992108,56,22,4.592468220679558,-1.4999928871614436,-4.749984589159324
-0.7713429984145432,-4.596365073247746,0.00013675294758,56,22,4.592468220679558,-1.4999928871614436,-4.749984589159324
-0.8246539166863899,-4.596363445429533,0.00013840514293,56,22,4.592468220679558,-1.4999928871614436,-4.749984589159324
-0.8781289730613768,-4.596365085673837,0.00013170787133,56,22,4.592468220679558,-1.4999928871614436,-4.749984589159324
-0.9320293564017822,-4.596365433604449,0.00013735932589,56,22,4.592468220679558,-1.4999928871614436,-4.749984589159324
-0.9851189153824973,-4.596364489221363,0.00013599985687,56,22,4.592468220679558,-1.4999928871614436,-4.749984589159324
-1.0383637908141021,-4.596364799873694,0.00013780609879,56,22,4.592468220679558,-1.4999928871614436,-4.749984589159324
-1.0918332723075674,-4.596365570291475,0.00014105344599,56,22,4.592468220679558,-1.4999928871614436,-4.749984589159324
-1.145183277671982,-4.5963686519625915,0.00014368188567,56,22,4.592468220679558,-1.4999928871614436,-4.749984589159324
-1.1975537021051263,-4.596367943675281,0.00010000637121,56,22,4.592468220679558,-1.4999928871614436,-4.749984589159324
-1.2501081479660245,-4.596365806387246,7.1308961196e-05,56,22,4.592468220679558,-1.4999928871614436,-4.749984589159324
-1.3026565659076272,-4.5963646756127625,9.6930663858e-05,56,22,4.592468220679558,-1.4999928871614436,-4.749984589159324
-1.3549063312797496,-4.59636821704933,0.00014224702318,56,22,4.592468220679558,-1.4999928871614436,-4.749984589159324
-1.4071930569837676,-4.596369919424102,0.00014278519666,56,22,4.592468220679558,-1.4999928871614436,-4.749984589159324
-1.4593684989918505,-4.596366141891763,0.00014574280067,56,22,4.592468220679558,-1.4999928871614436,-4.749984589159324
-1.5118693479669667,-4.596368676814778,0.00014290970284,56,22,4.592468220679558,-1.4999928871614436,-4.749984589159324
-1.5648096184160896,-4.5963652472130505,0.00014411157463,56,22,4.592468220679558,-1.4999928871614436,-4.749984589159324
-1.6174573145525604,-4.59636555786538,0.00014647148782,56,22,4.592468220679558,-1.4999928871614436,-4.749984589159324
-1.6701918429294411,-4.596365694552407,0.00014413280587,56,22,4.592468220679558,-1.4999928871614436,-4.749984589159324
-1.7227639446792242,-4.596366763196424,0.00014689160162,56,22,4.592468220679558,-1.4999928871614436,-4.749984589159324
-1.7748879668997262,-4.596367396927179,0.00014425728295,56,22,4.592468220679558,-1.4999928871614436,-4.749984589159324
-1.8269261762148148,-4.596367272666244,0.00014472591283,56,22,4.592468220679558,-1.4999928871614436,-4.749984589159324
-1.8791595567207025,-4.596367968527467,2.9316992085e-13,56,22,4.592468220679558,-1.4999928871614436,-4.749984589159324
-1.9316907088892838,-4.596366763196424,0.00014744584041,56,22,4.592468220679558,-1.4999928871614436,-4.749984589159324
-1.983735978043048,-4.596363519986092,0.00014901097165,56,22,4.592468220679558,-1.4999928871614436,-4.749984589159324
-2.035713278946022,-4.596367111127035,0.00014737361926,56,22,4.592468220679558,-1.4999928871614436,-4.749984589159324
-2.0870315483130475,-4.596367496335924,0.00014783738879,56,22,4.592468220679558,-1.4999928871614436,-4.749984589159324
-2.138140778499574,-4.596364712891043,1.9686712232e-15,56,22,4.592468220679558,-1.4999928871614436,-4.749984589159324
-2.189060097767254,-4.596367682727323,7.4630966992e-05,56,22,4.592468220679558,-1.4999928871614436,-4.749984589159324
-2.240193540306034,-4.596368999893203,7.7940771007e-05,56,22,4.592468220679558,-1.4999928871614436,-4.749984589159324
-2.2912789985937,-4.5963657069784984,7.5918709626e-05,56,22,4.592468220679558,-1.4999928871614436,-4.749984589159324
-2.3424030280142434,-4.596367533614202,7.8290977399e-05,56,22,4.592468220679558,-1.4999928871614436,-4.749984589159324
-2.3937172074569024,-4.59636821704933,7.5804353401e-05,56,22,4.592468220679558,-1.4999928871614436,-4.749984589159324
-2.4443381510115216,-4.59636779456216,7.9412122432e-05,56,22,4.592468220679558,-1.4999928871614436,-4.749984589159324
-2.4944101386253914,-4.596368875632272,7.9893201473e-05,56,22,4.592468220679558,-1.4999928871614436,-4.749984589159324
-2.5446078568064983,-4.596368030657931,7.991091843e-05,56,22,4.592468220679558,-1.4999928871614436,-4.749984589159324
-2.5947391797846477,-4.596371646651058,7.8046905401e-05,56,22,4.592468220679558,-1.4999928871614436,-4.749984589159324
-2.644835165816267,-4.596366924735636,4.3669447398e-12,56,22,4.592468220679558,-1.4999928871614436,-4.749984589159324
-2.5925004181079867,-4.575952816896735,7.5794639997e-05,56,22,4.592468220679558,-1.4999928871614436,-4.749984589159324
-2.541459357522374,-4.575950990261032,7.8337361629e-05,56,22,4.592468220679558,-1.4999928871614436,-4.749984589159324
-2.4899031048947107,-4.575948355929269,7.7742130088e-05,56,22,4.592468220679558,-1.4999928871614436,-4.749984589159324
-2.4379073930398936,-4.575949673095152,7.7645738202e-05,56,22,4.592468220679558,-1.4999928871614436,-4.749984589159324
-2.3856626362520736,-4.5759507417391685,8.0079837062e-05,56,22,4.592468220679558,-1.4999928871614436,-4.749984589159324
-2.3338891016732624,-4.575950754165261,8.419243386e-05,56,22,4.592468220679558,-1.4999928871614436,-4.749984589159324
-2.28198656458772,-4.5759483932075495,7.990677841e-05,56,22,4.592468220679558,-1.4999928871614436,-4.749984589159324
-2.229766372514869,-4.575950331678094,7.6422882557e-05,56,22,4.592468220679558,-1.4999928871614436,-4.749984589159324
-2.1774754436270394,-4.575947262433065,7.9009878391e-05,56,22,4.592468220679558,-1.4999928871614436,-4.749984589159324
-2.1250317529180016,-4.575947995572566,4.9737531801e-12,56,22,4.592468220679558,-1.4999928871614436,-4.749984589159324
-2.0729398712108336,-4.575950866000101,0.00014851296146,56,22,4.592468220679558,-1.4999928871614436,-4.749984589159324
-2.020710907823263,-4.57595117665243,0.00014924102288,56,22,4.592468220679558,-1.4999928871614436,-4.749984589159324
-1.9685308473467393,-4.575953587314517,0.00014968738833,56,22,4.592468220679558,-1.4999928871614436,-4.749984589159324
-1.9158321467073156,-4.575948554746763,0.00014668898075,56,22,4.592468220679558,-1.4999928871614436,-4.749984589159324
-1.8628539469288317,-4.575950182564973,0.00015081540914,56,22,4.592468220679558,-1.4999928871614436,-4.749984589159324
-1.8090461468917156,-4.575949449425475,0.00014603776799,56,22,4.592468220679558,-1.4999928871614436,-4.749984589159324
-1.7550967473808181,-4.575948691433789,0.0001426365925,56,22,4.592468220679558,-1.4999928871614436,-4.749984589159324
-1.7014750326102157,-4.575949784929992,0.00014428794384,56,22,4.592468220679558,-1.4999928871614436,-4.749984589159324
-1.6479082360855764,-4.575944628101306,0.00014477003424,56,22,4.592468220679558,-1.4999928871614436,-4.749984589159324
-1.5944110563658587,-4.575948007998661,0.00014500346151,56,22,4.592468220679558,-1.4999928871614436,-4.749984589159324
-1.5407390166489663,-4.575950468365116,0.00011536389502,56,22,4.592468220679558,-1.4999928871614436,-4.749984589159324
-1.4869382638661444,-4.575947933442102,0.00014314269356,56,22,4.592468220679558,-1.4999928871614436,-4.749984589159324
-1.4332451578926673,-4.575948716285975,0.00014519861725,56,22,4.592468220679558,-1.4999928871614436,-4.749984589159324
-1.3790910230601412,-4.575944777214423,0.00014708394883,56,22,4.592468220679558,-1.4999928871614436,-4.749984589159324
-1.3251243326074575,-4.57594797072038,0.00014155684039,56,22,4.592468220679558,-1.4999928871614436,-4.749984589159324
-1.2715414658261512,-4.575947548233209,0.00014090619516,56,22,4.592468220679558,-1.4999928871614436,-4.749984589159324
-1.2175180701451647,-4.575946106806398,0.00013881106861,56,22,4.592468220679558,-1.4999928871614436,-4.749984589159324
-1.1632707605433654,-4.575947523381023,0.00013912345457,56,22,4.592468220679558,-1.4999928871614436,-4.749984589159324
-1.1092584391191267,-4.575950070730136,0.0001388550736,56,22,4.592468220679558,-1.4999928871614436,-4.749984589159324
-1.0555835427473685,-4.575943074839651,0.00013961717195,56,22,4.592468220679558,-1.4999928871614436,-4.749984589159324
-1.0017882767553912,-4.575947498528836,3.684592631e-10,56,22,4.592468220679558,-1.4999928871614436,-4.749984589159324
-0.9480726447369369,-4.575947411546187,8.5124134785e-05,56,22,4.592468220679558,-1.4999928871614436,-4.749984589159324
-0.8946605354440539,-4.575944814492701,0.00013885959925,56,22,4.592468220679558,-1.4999928871614436,-4.749984589159324
-0.8418497582925871,-4.575942801465602,0.00014000695955,56,22,4.592468220679558,-1.4999928871614436,-4.749984589159324
-0.7888464778394462,-4.575945684319228,0.00013801638852,56,22,4.592468220679558,-1.4999928871614436,-4.749984589159324
-0.7361942639095963,-4.575945808580159,0.00013726468023,56,22,4.592468220679558,-1.4999928871614436,-4.749984589159324
-0.6832797411074134,-4.575943745848684,0.00013589535956,56,22,4.592468220679558,-1.4999928871614436,-4.749984589159324
-0.6301413421375638,-4.5759457340236,0.00013263335859,56,22,4.592468220679558,-1.4999928871614436,-4.749984589159324
-0.5773076488252583,-4.5759447896405145,9.137125744e-05,56,22,4.592468220679558,-1.4999928871614436,-4.749984589159324
-0.5241311695134542,-4.575946516867473,0.00012781687838,56,22,4.592468220679558,-1.4999928871614436,-4.749984589159324
-0.4705038295237992,-4.575947597937585,0.00012959982269,56,22,4.592468220679558,-1.4999928871614436,-4.749984589159324
-0.41766816046341465,-4.575945187275499,0.00012991808762,56,22,4.592468220679558,-1.4999928871614436,-4.749984589159324
-0.365265683607615,-4.5759442180402266,0.00012943054026,56,22,4.592468220679558,-1.4999928871614436,-4.749984589159324
-0.3121330608694111,-4.575945149997221,0.00012997706654,56,22,4.592468220679558,-1.4999928871614436,-4.749984589159324
-0.25864817609155993,-4.575942689630762,0.00012177049939,56,22,4.592468220679558,-1.4999928871614436,-4.749984589159324
-0.20532854942690615,-4.57594531153643,0.00012985013018,56,22,4.592468220679558,-1.4999928871614436,-4.749984589159324
-0.15241512146601383,-4.575941571282372,1.9685928726e-15,56,22,4.592468220679558,-1.4999928871614436,-4.749984589159324
-0.09957256874830976,-4.575943969518364,5.7810455473e-05,56,22,4.592468220679558,-1.4999928871614436,-4.749984589159324
-0.04615668414062815,-4.575944889049263,6.2230436015e-05,56,22,4.592468220679558,-1.4999928871614436,-4.749984589159324
0.006586904991773626,-4.575944677805678,5.8885761973e-05,56,22,4.592468220679558,-1.4999928871614436,-4.749984589159324
0.05902069179165165,-4.575939856481508,5.9836427681e-05,56,22,4.592468220679558,-1.4999928871614436,-4.749984589159324
0.11129103262943509,-4.575943807979152,6.0650138039e-05,56,22,4.592468220679558,-1.4999928871614436,-4.749984589159324
0.16437799922732094,-4.575941360038787,5.4848373111e-05,56,22,4.592468220679558,-1.4999928871614436,-4.749984589159324
0.21770400617398752,-4.575942055900006,5.4719064792e-05,56,22,4.592468220679558,-1.4999928871614436,-4.749984589159324
0.27032147462328904,-4.5759412233517605,5.5916403653e-05,56,22,4.592468220679558,-1.4999928871614436,-4.749984589159324
0.3224650907276052,-4.57594140974316,5.4855147027e-05,56,22,4.592468220679558,-1.4999928871614436,-4.749984589159324
0.2679723227418628,-4.5553700869728315,5.8610341512e-05,56,22,4.592468220679558,-1.4999928871614436,-4.749984589159324
0.2147191038645493,-4.555367502345444,5.6345921621e-05,56,22,4.592468220679558,-1.4999928871614436,-4.749984589159324
0.16155877031570792,-4.555370571590469,5.6159340602e-05,56,22,4.592468220679558,-1.4999928871614436,-4.749984589159324
0.10816757626682175,-4.555374460957644,5.8655161411e-05,56,22,4.592468220679558,-1.4999928871614436,-4.749984589159324
0.05433631894041259,-4.555367962110892,5.9801761381e-05,56,22,4.592468220679558,-1.4999928871614436,-4.749984589159324
0.0005844061467252804,-4.555367353232323,6.4745174313e-05,56,22,4.592468220679558,-1.4999928871614436,-4.749984589159324
-0.05274132394352156,-4.555372808287248,5.9176712966e-05,56,22,4.592468220679558,-1.4999928871614436,-4.749984589159324
-0.1062404416581706,-4.5553700869728315,5.9519054048e-05,56,22,4.592468220679558,-1.4999928871614436,-4.749984589159324
-0.160202287123528,-4.555373168643951,6.138435856e-05,56,22,4.592468220679558,-1.4999928871614436,-4.749984589159324
-0.21381255010590078,-4.555375927236645,2.7906192981e-12,56,22,4.592468220679558,-1.4999928871614436,-4.749984589159324
-0.2666311924965359,-4.555370907094986,0.00013298040722,56,22,4.592468220679558,-1.4999928871614436,-4.749984589159324
-0.3191793587504852,-4.555374709479511,0.00013144934201,56,22,4.592468220679558,-1.4999928871614436,-4.749984589159324
-0.37216123316870764,-4.555371068634198,0.00012668831914,56,22,4.592468220679558,-1.4999928871614436,-4.749984589159324
-0.4257099585198345,-4.555370832538427,8.9390116045e-05,56,22,4.592468220679558,-1.4999928871614436,-4.749984589159324
-0.4784379052645803,-4.5553737526703335,0.0001014696827,56,22,4.592468220679558,-1.4999928871614436,-4.749984589159324
-0.5310538510035802,-4.5553732059222325,0.00012820912525,56,22,4.592468220679558,-1.4999928871614436,-4.749984589159324
-0.5840374620666114,-4.555372037869467,0.00013227270392,56,22,4.592468220679558,-1.4999928871614436,-4.749984589159324
-0.637127876785347,-4.555374113027036,0.00013589681475,56,22,4.592468220679558,-1.4999928871614436,-4.749984589159324
-0.6900175076786138,-4.555371839051976,0.00013474463776,56,22,4.592468220679558,-1.4999928871614436,-4.749984589159324
-0.7432423236042439,-4.555373827226893,0.00013581458188,56,22,4.592468220679558,-1.4999928871614436,-4.749984589159324
-0.796650292635228,-4.5553737775225205,0.00013615647913,56,22,4.592468220679558,-1.4999928871614436,-4.749984589159324
-0.8499429635522061,-4.555374610070766,0.00012990561663,56,22,4.592468220679558,-1.4999928871614436,-4.749984589159324
-0.9039182113851056,-4.555375604158224,0.00013952667359,56,22,4.592468220679558,-1.4999928871614436,-4.749984589159324
-0.9572054961863012,-4.555375678714783,0.00014143869339,56,22,4.592468220679558,-1.4999928871614436,-4.749984589159324
-1.010451630056173,-4.5553761509063255,0.00014250447566,56,22,4.592468220679558,-1.4999928871614436,-4.749984589159324
-1.0637654049828853,-4.555373653261585,0.00014055489737,56,22,4.592468220679558,-1.4999928871614436,-4.749984589159324
-1.1172925858708838,-4.555375902384459,0.00014056316286,56,22,4.592468220679558,-1.4999928871614436,-4.749984589159324
-1.1701588223967698,-4.555374547940298,0.00013856931764,56,22,4.592468220679558,-1.4999928871614436,-4.749984589159324
-1.2227537648010958,-4.555373889357357,0.00014024917618,56,22,4.592468220679558,-1.4999928871614436,-4.749984589159324
-1.2752529400533175,-4.555377542628764,0.00014174322132,56,22,4.592468220679558,-1.4999928871614436,-4.749984589159324
-1.3275523759838301,-4.555374125453128,0.00013994591427,56,22,4.592468220679558,-1.4999928871614436,-4.749984589159324
-1.379806306786616,-4.555374460957644,0.00014545027807,56,22,4.592468220679558,-1.4999928871614436,-4.749984589159324
-1.4320015314442536,-4.555374373974995,0.00014597635891,56,22,4.592468220679558,-1.4999928871614436,-4.749984589159324
-1.4842275878394275,-4.555373740244239,0.00014596863184,56,22,4.592468220679558,-1.4999928871614436,-4.749984589159324
-1.5370128690316096,-4.555377194698156,1.9686576706e-15,56,22,4.592468220679558,-1.4999928871614436,-4.749984589159324
-1.5899672591580867,-4.555374697053416,0.00014472770272,56,22,4.592468220679558,-1.4999928871614436,-4.749984589159324
-1.6425239827922484,-4.555373740244239,0.00014431758609,56,22,4.592468220679558,-1.4999928871614436,-4.749984589159324
-1.6952807351889223,-4.555375231375426,0.00014481939434,56,22,4.592468220679558,-1.4999928871614436,-4.749984589159324
-1.747576886595558,-4.55537335503535,0.00014445620764,56,22,4.592468220679558,-1.4999928871614436,-4.749984589159324
-1.7997302178432948,-4.555373827226893,0.00014710972027,56,22,4.592468220679558,-1.4999928871614436,-4.749984589159324
-1.8517144779098844,-4.555376237888976,0.00014491649927,56,22,4.592468220679558,-1.4999928871614436,-4.749984589159324
-1.9043003092211586,-4.555376933750199,0.00014583340089,56,22,4.592468220679558,-1.4999928871614436,-4.749984589159324
-1.9565349985028422,-4.555376188184603,0.0001474453602,56,22,4.592468220679558,-1.4999928871614436,-4.749984589159324
-2.0086896762795248,-4.555376001793205,0.00014908611774,56,22,4.592468220679558,-1.4999928871614436,-4.749984589159324
-2.06024928893736,-4.555373280478791,0.00014672751422,56,22,4.592468220679558,-1.4999928871614436,-4.749984589159324
-2.1115965023845233,-4.555377617185323,0.00014497581287,56,22,4.592468220679558,-1.4999928871614436,-4.749984589159324
-2.1626059132477256,-4.555376374576002,1.9686849874e-15,56,22,4.592468220679558,-1.4999928871614436,-4.749984589159324
-2.2139860348555658,-4.555374075748755,7.5752956036e-05,56,22,4.592468220679558,-1.4999928871614436,-4.749984589159324
-2.2649549617597233,-4.555377231976434,7.8355224105e-05,56,22,4.592468220679558,-1.4999928871614436,-4.749984589159324
-2.316181327380125,-4.555378785238089,7.9045443272e-05,56,22,4.592468220679558,-1.4999928871614436,-4.749984589159324
-2.367535147628188,-4.555374224861876,7.8802513599e-05,56,22,4.592468220679558,-1.4999928871614436,-4.749984589159324
-2.4184616399939904,-4.555381431995944,7.786398055e-05,56,22,4.592468220679558,-1.4999928871614436,-4.749984589159324
-2.4691753052801073,-4.555381531404688,7.7098578913e-05,56,22,4.592468220679558,-1.4999928871614436,-4.749984589159324
-2.5192617145965155,-4.555376387002097,7.7138502093e-05,56,22,4.592468220679558,-1.4999928871614436,-4.749984589159324
-2.56946314517051,-4.5553771449937805,7.5038209616e-05,56,22,4.592468220679558,-1.4999928871614436,-4.749984589159324
-2.619849968869971,-4.555377592333136,7.589434972e-05,56,22,4.592468220679558,-1.4999928871614436,-4.749984589159324
-2.567086634841162,-4.535227514122994,7.9400131654e-05,56,22,4.592468220679558,-1.4999928871614436,-4.749984589159324
-2.5158038030957295,-4.535225861452593,7.7080563642e-05,56,22,4.592468220679558,-1.4999928871614436,-4.749984589159324
-2.4639922133437295,-4.53522372416456,7.6821364928e-05,56,22,4.592468220679558,-1.4999928871614436,-4.749984589159324
-2.411588994009353,-4.535225911156966,7.7864460764e-05,56,22,4.592468220679558,-1.4999928871614436,-4.749984589159324
-2.3596288330355737,-4.535223798721119,7.9716992332e-05,56,22,4.592468220679558,-1.4999928871614436,-4.749984589159324
-2.307462653133134,-4.535223413512229,8.0387551861e-05,56,22,4.592468220679558,-1.4999928871614436,-4.749984589159324
-2.25538300344592,-4.53522403481689,8.0730897025e-05,56,22,4.592468220679558,-1.4999928871614436,-4.749984589159324
-2.202999189229617,-4.535221972085415,7.4924420915e-05,56,22,4.592468220679558,-1.4999928871614436,-4.749984589159324
-2.1506652595062112,-4.5352260478439925,7.6630400144e-05,56,22,4.592468220679558,-1.4999928871614436,-4.749984589159324
-2.09822447578957,-4.535226346070232,9.9220444099e-05,56,22,4.592468220679558,-1.4999928871614436,-4.749984589159324
-2.046119581830723,-4.53522314013818,5.6712146034e-05,56,22,4.592468220679558,-1.4999928871614436,-4.749984589159324
-1.9939512122456993,-4.535225202869652,2.1794320363e-13,56,22,4.592468220679558,-1.4999928871614436,-4.749984589159324
-1.9413926890448143,-4.5352237365906545,0.0001504409156,56,22,4.592468220679558,-1.4999928871614436,-4.749984589159324
-1.8884682875022363,-4.535225960861339,0.00014908889716,56,22,4.592468220679558,-1.4999928871614436,-4.749984589159324
-1.835079811680006,-4.5352245691389,0.00014720691252,56,22,4.592468220679558,-1.4999928871614436,-4.749984589159324
-1.7811810643093475,-4.535226383348509,0.00014840287622,56,22,4.592468220679558,-1.4999928871614436,-4.749984589159324
-1.7275052870308025,-4.535221412911222,0.00014803146769,56,22,4.592468220679558,-1.4999928871614436,-4.749984589159324
-1.6738842014793338,-4.535223053155526,0.00014701129112,56,22,4.592468220679558,-1.4999928871614436,-4.749984589159324
-1.6201154507816378,-4.535221089832796,3.8362837906e-10,56,22,4.592468220679558,-1.4999928871614436,-4.749984589159324
-1.5665394550732694,-4.535221238945917,0.00014557920804,56,22,4.592468220679558,-1.4999928871614436,-4.749984589159324
-1.5128591096638162,-4.535220518232508,0.00014662978356,56,22,4.592468220679558,-1.4999928871614436,-4.749984589159324
-1.4591047554998928,-4.535220393971577,0.00014636748529,56,22,4.592468220679558,-1.4999928871614436,-4.749984589159324
-1.405276984047481,-4.5352207667543745,0.0001450375421,56,22,4.592468220679558,-1.4999928871614436,-4.749984589159324
-1.3511286254466008,-4.53522168628527,0.00014582596486,56,22,4.592468220679558,-1.4999928871614436,-4.749984589159324
-1.2973378269104698,-4.5352201951540865,0.00014348566765,56,22,4.592468220679558,-1.4999928871614436,-4.749984589159324
-1.2436110325445888,-4.5352201703019,0.00014072968042,56,22,4.592468220679558,-1.4999928871614436,-4.749984589159324
-1.189483261993753,-4.535222841911941,0.00014086996089,56,22,4.592468220679558,-1.4999928871614436,-4.749984589159324
-1.1353655086115202,-4.535220182727992,0.00014223266044,56,22,4.592468220679558,-1.4999928871614436,-4.749984589159324
-1.0817853097193404,-4.535220356693296,0.00013830109674,56,22,4.592468220679558,-1.4999928871614436,-4.749984589159324
-1.0279868472941651,-4.5352202200062735,0.00014004819968,56,22,4.592468220679558,-1.4999928871614436,-4.749984589159324
-0.9743097360710579,-4.535220990424051,0.00013936309551,56,22,4.592468220679558,-1.4999928871614436,-4.749984589159324
-0.9208301115651608,-4.535220095745339,0.00014148271293,56,22,4.592468220679558,-1.4999928871614436,-4.749984589159324
-0.8676796819254811,-4.535222208181186,0.00014024591655,56,22,4.592468220679558,-1.4999928871614436,-4.749984589159324
-0.8147046534114286,-4.535220257284551,0.00013938506891,56,22,4.592468220679558,-1.4999928871614436,-4.749984589159324
-0.7618938385068139,-4.5352201330236195,8.3365057208e-14,56,22,4.592468220679558,-1.4999928871614436,-4.749984589159324
-0.7091342797928054,-4.535219983910502,0.00013458452304,56,22,4.592468220679558,-1.4999928871614436,-4.749984589159324
-0.6559997064752872,-4.535217896326841,0.00013671230408,56,22,4.592468220679558,-1.4999928871614436,-4.749984589159324
-0.6029912160877213,-4.535219685684263,0.00013703621516,56,22,4.592468220679558,-1.4999928871614436,-4.749984589159324
-0.5500686896181602,-4.535216815256728,0.00013257087267,56,22,4.592468220679558,-1.4999928871614436,-4.749984589159324
-0.49653193201495105,-4.535219201066629,0.00013331655646,56,22,4.592468220679558,-1.4999928871614436,-4.749984589159324
-0.44324512542029576,-4.535217051352499,0.00013232408674,56,22,4.592468220679558,-1.4999928871614436,-4.749984589159324
-0.3907726793968627,-4.535218144848703,0.00013349180517,56,22,4.592468220679558,-1.4999928871614436,-4.749984589159324
-0.33798586290999416,-4.535214926490561,1.9686134132e-15,56,22,4.592468220679558,-1.4999928871614436,-4.749984589159324
-0.28458305347590573,-4.535217436561389,0.00013051059796,56,22,4.592468220679558,-1.4999928871614436,-4.749984589159324
-0.23108495509625154,-4.535216517030493,0.00012682387023,56,22,4.592468220679558,-1.4999928871614436,-4.749984589159324
-0.17789892423800308,-4.535213907550916,0.00012771673209,56,22,4.592468220679558,-1.4999928871614436,-4.749984589159324
-0.124995626705161,-4.535215522943035,1.7733771529e-05,56,22,4.592468220679558,-1.4999928871614436,-4.749984589159324
-0.07186310464201741,-4.535214988621025,6.0212089011e-05,56,22,4.592468220679558,-1.4999928871614436,-4.749984589159324
-0.018473886341208515,-4.535215498090849,6.1504339101e-05,56,22,4.592468220679558,-1.4999928871614436,-4.749984589159324
0.03380888786665148,-4.535216566734865,5.995498941e-05,56,22,4.592468220679558,-1.4999928871614436,-4.749984589159324
0.08620086934730577,-4.535216305786908,5.9392867115e-05,56,22,4.592468220679558,-1.4999928871614436,-4.749984589159324
0.13880918895040756,-4.535214802229629,5.3068964917e-05,56,22,4.592468220679558,-1.4999928871614436,-4.749984589159324
0.19215582170026801,-4.535213932403102,5.6091219449e-05,56,22,4.592468220679558,-1.4999928871614436,-4.749984589159324
0.24511425141358034,-4.535214864360093,5.5807020544e-05,56,22,4.592468220679558,-1.4999928871614436,-4.749984589159324
0.29763728665534,-4.5352141312205925,5.6333195971e-05,56,22,4.592468220679558,-1.4999928871614436,-4.749984589159324
0.34970909627215185,-4.535211807541163,6.1708407481e-12,56,22,4.592468220679558,-1.4999928871614436,-4.749984589159324
0.29514686249408095,-4.51486644084996,5.7153625676e-05,56,22,4.592468220679558,-1.4999928871614436,-4.749984589159324
0.24176250176498326,-4.514863856222569,5.7889152231e-05,56,22,4.592468220679558,-1.4999928871614436,-4.749984589159324
0.1884705859109652,-4.514864999423145,5.391681043e-05,56,22,4.592468220679558,-1.4999928871614436,-4.749984589159324
0.13531470723358863,-4.514866254458561,5.540363054e-05,56,22,4.592468220679558,-1.4999928871614436,-4.749984589159324
0.08171449917296694,-4.51486458936207,6.1706385168e-05,56,22,4.592468220679558,-1.4999928871614436,-4.749984589159324
0.02771686372330176,-4.514864850310028,5.7708697568e-05,56,22,4.592468220679558,-1.4999928871614436,-4.749984589159324
-0.025725548763044434,-4.514867745589749,5.7443561673e-05,56,22,4.592468220679558,-1.4999928871614436,-4.749984589159324
-0.07912249387481002,-4.514865459188597,6.0011847381e-05,56,22,4.592468220679558,-1.4999928871614436,-4.749984589159324
-0.13297919682297465,-4.514867608902722,5.9898411564e-05,56,22,4.592468220679558,-1.4999928871614436,-4.749984589159324
-0.18687549023901384,-4.514864291135831,1.395588289e-12,56,22,4.592468220679558,-1.4999928871614436,-4.749984589159324
-0.24018356444037783,-4.514870268086671,0.00013028977264,56,22,4.592468220679558,-1.4999928871614436,-4.749984589159324
-0.2929906543677231,-4.514869534947171,0.00013018146274,56,22,4.592468220679558,-1.4999928871614436,-4.749984589159324
-0.34574332942441044,-4.514869273999214,0.0001297503477,56,22,4.592468220679558,-1.4999928871614436,-4.749984589159324
-0.39924804718934753,-4.514869385834054,0.00013150612358,56,22,4.592468220679558,-1.4999928871614436,-4.749984589159324
-0.4524868191953576,-4.514867012450248,0.00013068587577,56,22,4.592468220679558,-1.4999928871614436,-4.749984589159324
-0.5051673731549747,-4.514869771042942,1.0397749285e-12,56,22,4.592468220679558,-1.4999928871614436,-4.749984589159324
-0.5580877351107176,-4.51486829233785,0.00013489955745,56,22,4.592468220679558,-1.4999928871614436,-4.749984589159324
-0.6113806199622013,-4.51486644084996,0.00013653284987,56,22,4.592468220679558,-1.4999928871614436,-4.749984589159324
-0.6645790212686121,-4.5148680189637975,0.00013588213187,56,22,4.592468220679558,-1.4999928871614436,-4.749984589159324
-0.7174326734118303,-4.514869348555772,0.0001365255448,56,22,4.592468220679558,-1.4999928871614436,-4.749984589159324
-0.7709105612729167,-4.514868416598781,0.00013777469576,56,22,4.592468220679558,-1.4999928871614436,-4.749984589159324
-0.8242718044910551,-4.514869858025596,0.0001395179861,56,22,4.592468220679558,-1.4999928871614436,-4.749984589159324
-0.8777858095304001,-4.514870827260868,0.0001388288656,56,22,4.592468220679558,-1.4999928871614436,-4.749984589159324
-0.9317920652821918,-4.514865359779848,0.00013907797984,56,22,4.592468220679558,-1.4999928871614436,-4.749984589159324
-0.9849813303267861,-4.514870355069325,0.00014291584375,56,22,4.592468220679558,-1.4999928871614436,-4.749984589159324
-1.038279991409914,-4.5148680189637975,0.0001415793231,56,22,4.592468220679558,-1.4999928871614436,-4.749984589159324
-1.0917481892963476,-4.514872405374706,0.00014223880135,56,22,4.592468220679558,-1.4999928871614436,-4.749984589159324
-1.1451975735306923,-4.514870814834773,0.00014024684788,56,22,4.592468220679558,-1.4999928871614436,-4.749984589159324
-1.1976513317458644,-4.514868888790325,0.00013985313126,56,22,4.592468220679558,-1.4999928871614436,-4.749984589159324
-1.2502480233793825,-4.51487249235736,0.00014133716468,56,22,4.592468220679558,-1.4999928871614436,-4.749984589159324
-1.3028352012196023,-4.514873287627323,0.00014105388254,56,22,4.592468220679558,-1.4999928871614436,-4.749984589159324
-1.3550743327883692,-4.514871920757072,0.00014363179798,56,22,4.592468220679558,-1.4999928871614436,-4.749984589159324
-1.407345718129914,-4.514872542061732,0.00014390755678,56,22,4.592468220679558,-1.4999928871614436,-4.749984589159324
-1.4595041838057783,-4.514873101235925,0.00014347565593,56,22,4.592468220679558,-1.4999928871614436,-4.749984589159324
-1.51201830930461,-4.514871473417715,0.00014518910029,56,22,4.592468220679558,-1.4999928871614436,-4.749984589159324
-1.5649561635522595,-4.5148733994621635,0.00014610914513,56,22,4.592468220679558,-1.4999928871614436,-4.749984589159324
-1.6176331309628171,-4.514871858626604,0.00014433050819,56,22,4.592468220679558,-1.4999928871614436,-4.749984589159324
-1.6704025180796882,-4.514874294140873,0.00014775108139,56,22,4.592468220679558,-1.4999928871614436,-4.749984589159324
-1.72303823388386,-4.514871448565529,1.9937175639e-15,56,22,4.592468220679558,-1.4999928871614436,-4.749984589159324
-1.7751894509553077,-4.514874505384459,7.6130083471e-05,56,22,4.592468220679558,-1.4999928871614436,-4.749984589159324
-1.8273238804602747,-4.5148728775662486,8.4296625573e-05,56,22,4.592468220679558,-1.4999928871614436,-4.749984589159324
-1.8796370081991305,-4.514874033192916,8.1488731666e-05,56,22,4.592468220679558,-1.4999928871614436,-4.749984589159324
-1.9322301887898832,-4.514872554487823,0.00014820542128,56,22,4.592468220679558,-1.4999928871614436,-4.749984589159324
-1.9842925852884588,-4.514875984089555,0.00014740020561,56,22,4.592468220679558,-1.4999928871614436,-4.749984589159324
-2.0363578761950496,-4.5148770527335715,0.00014722673222,56,22,4.592468220679558,-1.4999928871614436,-4.749984589159324
-2.0877695342658553,-4.514875487045825,0.00014796687174,56,22,4.592468220679558,-1.4999928871614436,-4.749984589159324
-2.1390664479354946,-4.514876356872349,1.9685572972e-15,56,22,4.592468220679558,-1.4999928871614436,-4.749984589159324
-2.190094320088071,-4.514873175792484,7.8689918155e-05,56,22,4.592468220679558,-1.4999928871614436,-4.749984589159324
-2.2413845262817462,-4.514875126689122,8.1257123384e-05,56,22,4.592468220679558,-1.4999928871614436,-4.749984589159324
-2.2926308255642924,-4.514872803009689,7.6972632087e-05,56,22,4.592468220679558,-1.4999928871614436,-4.749984589159324
-2.343969833993957,-4.5148750272803735,7.8100834799e-05,56,22,4.592468220679558,-1.4999928871614436,-4.749984589159324
-2.3954306214947,-4.514877475220739,7.9745244875e-05,56,22,4.592468220679558,-1.4999928871614436,-4.749984589159324
-2.446309494556485,-4.5148750521325605,7.7746066381e-05,56,22,4.592468220679558,-1.4999928871614436,-4.749984589159324
-2.496688817963876,-4.514876766933427,7.8004675743e-05,56,22,4.592468220679558,-1.4999928871614436,-4.749984589159324
-2.547043903850249,-4.5148740828972915,7.6928459748e-05,56,22,4.592468220679558,-1.4999928871614436,-4.749984589159324
-2.5973581030773323,-4.5148757976981555,7.8040640801e-05,56,22,4.592468220679558,-1.4999928871614436,-4.749984589159324
