y_mm,z_mm,r,n_y,n_z,start_x_mm,start_y_mm,start_z_mm
-1.0873832961679053,-2.494401527032255,0.00013694801601,87,52,4.592441435952119,-1.0629907355545996,-2.4800046554267414
-1.0867865573261637,-2.494401564310536,0.00014868870494,87,52,4.592441435952119,-1.0629907355545996,-2.4800046554267414
-1.0861855397943168,-2.4943994643007796,0.0001500157523,87,52,4.592441435952119,-1.0629907355545996,-2.4800046554267414
-1.0855949169625532,-2.4943988802744004,0.00015009263007,87,52,4.592441435952119,-1.0629907355545996,-2.4800046554267414
-1.0850048855967753,-2.4943957116206303,0.00015081797028,87,52,4.592441435952119,-1.0629907355545996,-2.4800046554267414
-1.0844211590067125,-2.4943968051168337,0.0001514047035,87,52,4.592441435952119,-1.0629907355545996,-2.4800046554267414
-1.0838440014644037,-2.4943988678483056,0.00015060715668,87,52,4.592441435952119,-1.0629907355545996,-2.4800046554267414
-1.0832653715493226,-2.4943985447698838,0.0001523077517,87,52,4.592441435952119,-1.0629907355545996,-2.4800046554267414
-1.0826628564759386,-2.4943984329350437,0.00014902083785,87,52,4.592441435952119,-1.0629907355545996,-2.4800046554267414
-1.0820605553370586,-2.4943973145866543,0.00014850197476,87,52,4.592441435952119,-1.0629907355545996,-2.4800046554267414
-1.0814598020772466,-2.4943982838219263,0.00013980688527,87,52,4.592441435952119,-1.0629907355545996,-2.4800046554267414
-1.080865001230438,-2.494399128796263,0.00014635495609,87,52,4.592441435952119,-1.0629907355545996,-2.4800046554267414
-1.0802727172601612,-2.4943971406213503,0.00014645016927,87,52,4.592441435952119,-1.0629907355545996,-2.4800046554267414
-1.0796813267810543,-2.494398644178629,0.0001398671302,87,52,4.592441435952119,-1.0629907355545996,-2.4800046554267414
-1.079093346669651,-2.4943988927004916,0.00014561897842,87,52,4.592441435952119,-1.0629907355545996,-2.4800046554267414
-1.0785055804927532,-2.4943961216817057,0.00014610413928,87,52,4.592441435952119,-1.0629907355545996,-2.4800046554267414
-1.0779218035651614,-2.494398942404868,0.00014252495021,87,52,4.592441435952119,-1.0629907355545996,-2.4800046554267414
-1.0773363906678226,-2.494398631752534,0.00014066349831,87,52,4.592441435952119,-1.0629907355545996,-2.4800046554267414
-1.0767537589190523,-2.4943978737608505,0.0001385378855,87,52,4.592441435952119,-1.0629907355545996,-2.4800046554267414
-1.076167892983938,-2.4943984826394163,0.00014322744391,87,52,4.592441435952119,-1.0629907355545996,-2.4800046554267414
-1.0756104425848865,-2.4943968548212063,0.00014571889187,87,52,4.592441435952119,-1.0629907355545996,-2.4800046554267414
-1.0750542380397206,-2.4943991909267305,0.00014426735288,87,52,4.592441435952119,-1.0629907355545996,-2.4800046554267414
-1.0745023876909572,-2.4943965690210623,0.0001433587895,87,52,4.592441435952119,-1.0629907355545996,-2.4800046554267414
-1.0739499081230606,-2.494398221691459,0.00014398706844,87,52,4.592441435952119,-1.0629907355545996,-2.4800046554267414
-1.0733967993360305,-2.494396904525579,0.00013594132906,87,52,4.592441435952119,-1.0629907355545996,-2.4800046554267414
-1.072825594206725,-2.494395748898908,0.00014115018712,87,52,4.592441435952119,-1.0629907355545996,-2.4800046554267414
-1.0722931238072702,-2.494396618725435,0.00014468512381,87,52,4.592441435952119,-1.0629907355545996,-2.4800046554267414
-1.0717433750504126,-2.4943958855859343,0.00014471582836,87,52,4.592441435952119,-1.0629907355545996,-2.4800046554267414
-1.0711957027166943,-2.4943966932819936,0.00014328233374,87,52,4.592441435952119,-1.0629907355545996,-2.4800046554267414
-1.0706446829371885,-2.4943955873596955,0.0001389204408,87,52,4.592441435952119,-1.0629907355545996,-2.4800046554267414
-1.0700945440644678,-2.49439682996902,0.00014212795941,87,52,4.592441435952119,-1.0629907355545996,-2.4800046554267414
-1.0695503827735149,-2.4943961216817057,0.00013895343,87,52,4.592441435952119,-1.0629907355545996,-2.4800046554267414
-1.0690004578352996,-2.4943968672472976,0.00014395856124,87,52,4.592441435952119,-1.0629907355545996,-2.4800046554267414
-1.0684555163126224,-2.494396531742781,0.00014374373131,87,52,4.592441435952119,-1.0629907355545996,-2.4800046554267414
-1.0679186665479983,-2.4943971406213503,0.00013362189929,87,52,4.592441435952119,-1.0629907355545996,-2.4800046554267414
-1.067364878204304,-2.494395077889875,0.00013456723536,87,52,4.592441435952119,-1.0629907355545996,-2.4800046554267414
-1.066818514646385,-2.494395537655323,0.00013666176528,87,52,4.592441435952119,-1.0629907355545996,-2.4800046554267414
-1.0662691056678597,-2.4943952021508062,0.00013591822062,87,52,4.592441435952119,-1.0629907355545996,-2.4800046554267414
-1.0657183753291535,-2.494396892099484,0.00013455335284,87,52,4.592441435952119,-1.0629907355545996,-2.4800046554267414
-1.0651726284059848,-2.4943954879509502,0.00013098308409,87,52,4.592441435952119,-1.0629907355545996,-2.4800046554267414
-1.064622011326722,-2.494393760723992,0.00013790010416,87,52,4.592441435952119,-1.0629907355545996,-2.4800046554267414
-1.0640720863885085,-2.4943957986032808,0.0001305682672,87,52,4.592441435952119,-1.0629907355545996,-2.4800046554267414
-1.0635242127046678,-2.4943945311417735,0.00013114088506,87,52,4.592441435952119,-1.0629907355545996,-2.4800046554267414
-1.0629717457211543,-2.4943952767073654,0.00012983552006,87,52,4.592441435952119,-1.0629907355545996,-2.4800046554267414
-1.0624318757046902,-2.494394071376322,0.00013126197155,87,52,4.592441435952119,-1.0629907355545996,-2.4800046554267414
-1.0618814348067867,-2.4943938477066454,0.00013308717462,87,52,4.592441435952119,-1.0629907355545996,-2.4800046554267414
-1.0613104561963682,-2.494391437044562,0.00013293034863,87,52,4.592441435952119,-1.0629907355545996,-2.4800046554267414
-1.0607848065323204,-2.494395860733748,0.0001362204639,87,52,4.592441435952119,-1.0629907355545996,-2.4800046554267414
-1.0602372474580457,-2.4943933630890114,0.00013527367264,87,52,4.592441435952119,-1.0629907355545996,-2.4800046554267414
-1.0597207466401977,-2.4943952021508062,0.0001304664911,87,52,4.592441435952119,-1.0629907355545996,-2.4800046554267414
-1.059181984049409,-2.4943932388280765,0.00013442806085,87,52,4.592441435952119,-1.0629907355545996,-2.4800046554267414
-1.0586445679875676,-2.4943939471153906,0.00013456474699,87,52,4.592441435952119,-1.0629907355545996,-2.4800046554267414
-1.0581108013966982,-2.4943935743325962,0.00012933483231,87,52,4.592441435952119,-1.0629907355545996,-2.4800046554267414
-1.0575524952596265,-2.494392542966857,0.0001344744087,87,52,4.592441435952119,-1.0629907355545996,-2.4800046554267414
-1.0570361832075177,-2.4943938104283645,0.00012616401364,87,52,4.592441435952119,-1.0629907355545996,-2.4800046554267414
-1.0565070854226186,-2.494393760723992,0.00012585932564,87,52,4.592441435952119,-1.0629907355545996,-2.4800046554267414
-1.055969795204602,-2.4943956743423494,0.00012945932394,87,52,4.592441435952119,-1.0629907355545996,-2.4800046554267414
-1.0554346695004058,-2.494392928175746,0.0001328682556,87,52,4.592441435952119,-1.0629907355545996,-2.4800046554267414
-1.0549001226778099,-2.494396047125147,0.00013425271027,87,52,4.592441435952119,-1.0629907355545996,-2.4800046554267414
-1.0543668594622488,-2.4943937482979,0.00012461566075,87,52,4.592441435952119,-1.0629907355545996,-2.4800046554267414
-1.0538362137982802,-2.4943944193069334,0.00013739918359,87,52,4.592441435952119,-1.0629907355545996,-2.4800046554267414
-1.0533019186633394,-2.4943951151681527,0.00012957329454,87,52,4.592441435952119,-1.0629907355545996,-2.4800046554267414
-1.052774066732324,-2.4943937110196193,0.00013518994092,87,52,4.592441435952119,-1.0629907355545996,-2.4800046554267414
-1.052223890106457,-2.494395425820483,0.00013027497334,87,52,4.592441435952119,-1.0629907355545996,-2.4800046554267414
-1.0516727318987396,-2.4943927417843472,0.00013209151803,87,52,4.592441435952119,-1.0629907355545996,-2.4800046554267414
-1.0511233858421283,-2.4943957737510942,0.00013013083662,87,52,4.592441435952119,-1.0629907355545996,-2.4800046554267414
-1.050549500239313,-2.4943928908974686,0.00012662968948,87,52,4.592441435952119,-1.0629907355545996,-2.4800046554267414
-1.0500199116634887,-2.4943932636802626,0.00013080536155,87,52,4.592441435952119,-1.0629907355545996,-2.4800046554267414
-1.0494677089520117,-2.494395326411738,0.00013166308054,87,52,4.592441435952119,-1.0629907355545996,-2.4800046554267414
-1.048921232134648,-2.4943930772888674,0.00012913050887,87,52,4.592441435952119,-1.0629907355545996,-2.4800046554267414
-1.0483705143803246,-2.4943929157496547,0.00012565295037,87,52,4.592441435952119,-1.0629907355545996,-2.4800046554267414
-1.0478195071852003,-2.4943940216719493,0.00012035328837,87,52,4.592441435952119,-1.0629907355545996,-2.4800046554267414
-1.0472716712545076,-2.4943936737413415,0.00011937367526,87,52,4.592441435952119,-1.0629907355545996,-2.4800046554267414
-1.0467216833943798,-2.494392766636537,0.00012990657706,87,52,4.592441435952119,-1.0629907355545996,-2.4800046554267414
-1.046174464098439,-2.4943930275844948,0.0001230287744,87,52,4.592441435952119,-1.0629907355545996,-2.4800046554267414
-1.0456271818805838,-2.4943951400203392,0.00012255260663,87,52,4.592441435952119,-1.0629907355545996,-2.4800046554267414
-1.0450898413250365,-2.4943953015595515,0.00012750164024,87,52,4.592441435952119,-1.0629907355545996,-2.4800046554267414
-1.0445684703510958,-2.494393798002273,0.00012949793017,87,52,4.592441435952119,-1.0629907355545996,-2.4800046554267414
-1.0440375226619443,-2.49439517729862,0.00012251707085,87,52,4.592441435952119,-1.0629907355545996,-2.4800046554267414
-1.0435125148014133,-2.4943946429766135,0.00012310832972,87,52,4.592441435952119,-1.0629907355545996,-2.4800046554267414
-1.0429874566033492,-2.4943901695830517,0.00012754766794,87,52,4.592441435952119,-1.0629907355545996,-2.4800046554267414
-1.0424638581936763,-2.494393586758688,0.00011883150728,87,52,4.592441435952119,-1.0629907355545996,-2.4800046554267414
-1.0419417069880108,-2.4943954879509502,0.00012417437392,87,52,4.592441435952119,-1.0629907355545996,-2.4800046554267414
-1.0413928643067047,-2.494392766636537,0.00012070939556,87,52,4.592441435952119,-1.0629907355545996,-2.4800046554267414
-1.0408646600129756,-2.4943910394095785,0.00012056103151,87,52,4.592441435952119,-1.0629907355545996,-2.4800046554267414
-1.0403638141671667,-2.4943908405920845,0.00011961948621,87,52,4.592441435952119,-1.0629907355545996,-2.4800046554267414
-1.0398415245332897,-2.4943938104283645,0.00012359948596,87,52,4.592441435952119,-1.0629907355545996,-2.4800046554267414
-1.087419363008631,-2.493791890472753,0.00013132355525,87,52,4.592441435952119,-1.0629907355545996,-2.4800046554267414
-1.0868218439351647,-2.493788846079915,0.00014485591964,87,52,4.592441435952119,-1.0629907355545996,-2.4800046554267414
-1.0862243877836126,-2.4937878271402703,0.00014784511586,87,52,4.592441435952119,-1.0629907355545996,-2.4800046554267414
-1.0856303923372934,-2.4937875413401263,0.00014706399816,87,52,4.592441435952119,-1.0629907355545996,-2.4800046554267414
-1.0850388508455953,-2.493787839566365,0.00015037329285,87,52,4.592441435952119,-1.0629907355545996,-2.4800046554267414
-1.0844525570414698,-2.4937877898619925,0.00015035238175,87,52,4.592441435952119,-1.0629907355545996,-2.4800046554267414
-1.0838721778971983,-2.4937861123394063,0.00014469301095,87,52,4.592441435952119,-1.0629907355545996,-2.4800046554267414
-1.0832970967780304,-2.4937861993220602,0.00013785790361,87,52,4.592441435952119,-1.0629907355545996,-2.4800046554267414
-1.0826902904301545,-2.4937878519924563,0.00013610810856,87,52,4.592441435952119,-1.0629907355545996,-2.4800046554267414
-1.0820935012508839,-2.4937854537564648,0.00013045924425,87,52,4.592441435952119,-1.0629907355545996,-2.4800046554267414
-1.0814996568171575,-2.4937854289042787,0.00012778495147,87,52,4.592441435952119,-1.0629907355545996,-2.4800046554267414
-1.0808996460359224,-2.4937851803824156,0.00012133809651,87,52,4.592441435952119,-1.0629907355545996,-2.4800046554267414
-1.0803123077280357,-2.4937877153054337,0.00010138852667,87,52,4.592441435952119,-1.0629907355545996,-2.4800046554267414
-1.079721634558741,-2.493787094000773,0.00012087835057,87,52,4.592441435952119,-1.0629907355545996,-2.4800046554267414
-1.079132018477591,-2.49378577683489,0.00011086522136,87,52,4.592441435952119,-1.0629907355545996,-2.4800046554267414
-1.0785467188396958,-2.493786410565645,0.00010436878802,87,52,4.592441435952119,-1.0629907355545996,-2.4800046554267414
-1.0779621616803774,-2.4937858886697297,0.00010896309686,87,52,4.592441435952119,-1.0629907355545996,-2.4800046554267414
-1.0773803479164814,-2.49378597565238,0.0001180422114,87,52,4.592441435952119,-1.0629907355545996,-2.4800046554267414
-1.076794054112356,-2.4937874295052898,0.00010108269635,87,52,4.592441435952119,-1.0629907355545996,-2.4800046554267414
-1.0762140524995645,-2.4937864602700177,0.00011372846348,87,52,4.592441435952119,-1.0629907355545996,-2.4800046554267414
-1.0756577095261886,-2.493790225376262,0.00010236912203,87,52,4.592441435952119,-1.0629907355545996,-2.4800046554267414
-1.0751048398424286,-2.493788870932101,0.00010840764298,87,52,4.592441435952119,-1.0629907355545996,-2.4800046554267414
-1.0745496294634944,-2.4937860129306615,9.9180724646e-05,87,52,4.592441435952119,-1.0629907355545996,-2.4800046554267414
-1.073998181814976,-2.493791157333256,0.00010652625497,87,52,4.592441435952119,-1.0629907355545996,-2.4800046554267414
-1.0734463818037436,-2.4937905236025006,0.00010985464905,87,52,4.592441435952119,-1.0629907355545996,-2.4800046554267414
-1.072896532371824,-2.493790734846086,0.00010751183436,87,52,4.592441435952119,-1.0629907355545996,-2.4800046554267414
-1.0723454370860208,-2.4937902129501706,0.00011147758778,87,52,4.592441435952119,-1.0629907355545996,-2.4800046554267414
-1.0717980541931054,-2.4937884732971205,0.00010658260726,87,52,4.592441435952119,-1.0629907355545996,-2.4800046554267414
-1.071248745889642,-2.493788411166653,0.00010703849694,87,52,4.592441435952119,-1.0629907355545996,-2.4800046554267414
-1.0706976380194557,-2.493788696966797,0.00010804108751,87,52,4.592441435952119,-1.0629907355545996,-2.4800046554267414
-1.0701499782701205,-2.4937902005240757,0.00010743632447,87,52,4.592441435952119,-1.0629907355545996,-2.4800046554267414
-1.0696045333721365,-2.493788895784287,9.6412244602e-05,87,52,4.592441435952119,-1.0629907355545996,-2.4800046554267414
-1.0690599316277896,-2.493790511176406,0.00010164500418,87,52,4.592441435952119,-1.0629907355545996,-2.4800046554267414
-1.068512964019502,-2.4937909833679486,9.2730617325e-05,87,52,4.592441435952119,-1.0629907355545996,-2.4800046554267414
-1.0679809844109707,-2.493788299331813,0.0001007233659,87,52,4.592441435952119,-1.0629907355545996,-2.4800046554267414
-1.0674270324703035,-2.493788597558052,9.5920288004e-05,87,52,4.592441435952119,-1.0629907355545996,-2.4800046554267414
-1.06688419253953,-2.493790871533112,0.00011129069753,87,52,4.592441435952119,-1.0629907355545996,-2.4800046554267414
-1.0663331853444056,-2.493790237802357,9.0571527835e-05,87,52,4.592441435952119,-1.0629907355545996,-2.4800046554267414
-1.0657838267034112,-2.4937906354373407,9.594331641e-05,87,52,4.592441435952119,-1.0629907355545996,-2.4800046554267414
-1.0652381049490074,-2.4937902750806344,9.8500582681e-05,87,52,4.592441435952119,-1.0629907355545996,-2.4800046554267414
-1.0646882303483232,-2.4937906727156185,0.00011032097245,87,52,4.592441435952119,-1.0629907355545996,-2.4800046554267414
-1.0641432384881129,-2.493790449045942,9.8574913864e-05,87,52,4.592441435952119,-1.0629907355545996,-2.4800046554267414
-1.0635936910813795,-2.4937887590972645,0.00010838908929,87,52,4.592441435952119,-1.0629907355545996,-2.4800046554267414
-1.0630466605511777,-2.493789753184719,9.8629294371e-05,87,52,4.592441435952119,-1.0629907355545996,-2.4800046554267414
-1.0625000327212208,-2.4937892437148985,0.00010112313612,87,52,4.592441435952119,-1.0629907355545996,-2.4800046554267414
-1.06195460040762,-2.49379090881139,9.7161064332e-05,87,52,4.592441435952119,-1.0629907355545996,-2.4800046554267414
-1.0614062988547681,-2.493788982766941,9.1979236458e-05,87,52,4.592441435952119,-1.0629907355545996,-2.4800046554267414
-1.0608617348635707,-2.4937892188627124,8.8785272965e-05,87,52,4.592441435952119,-1.0629907355545996,-2.4800046554267414
-1.0603344618141577,-2.493788411166653,9.4418719527e-05,87,52,4.592441435952119,-1.0629907355545996,-2.4800046554267414
-1.0597991221754557,-2.4937897780369056,9.9189237517e-05,87,52,4.592441435952119,-1.0629907355545996,-2.4800046554267414
-1.0592637196148396,-2.4937881999230678,9.8919656011e-05,87,52,4.592441435952119,-1.0629907355545996,-2.4800046554267414
-1.0587227421727015,-2.4937891443061537,8.9455832494e-05,87,52,4.592441435952119,-1.0629907355545996,-2.4800046554267414
-1.0581887238941787,-2.4937906354373407,9.4323666417e-05,87,52,4.592441435952119,-1.0629907355545996,-2.4800046554267414
-1.0576300024724792,-2.493788025957764,9.3045789981e-05,87,52,4.592441435952119,-1.0629907355545996,-2.4800046554267414
-1.0571167861785062,-2.4937908591070173,8.5595878772e-05,87,52,4.592441435952119,-1.0629907355545996,-2.4800046554267414
-1.0565821386808518,-2.4937903869154745,9.1592432e-05,87,52,4.592441435952119,-1.0629907355545996,-2.4800046554267414
-1.0560521222360164,-2.4937889703408462,8.3285201981e-05,87,52,4.592441435952119,-1.0629907355545996,-2.4800046554267414
-1.0555155744965787,-2.4937876531749663,8.9543245849e-05,87,52,4.592441435952119,-1.0629907355545996,-2.4800046554267414
-1.0549824245404595,-2.4937889330625684,8.4936305939e-05,87,52,4.592441435952119,-1.0629907355545996,-2.4800046554267414
-1.0544506966195835,-2.493790449045942,9.1494752269e-05,87,52,4.592441435952119,-1.0629907355545996,-2.4800046554267414
-1.0539197363460489,-2.493788436018839,8.4503211838e-05,87,52,4.592441435952119,-1.0629907355545996,-2.4800046554267414
-1.0533857432362923,-2.4937909212374847,8.5426487203e-05,87,52,4.592441435952119,-1.0629907355545996,-2.4800046554267414
-1.0528562301667654,-2.493786696365789,8.7844535301e-05,87,52,4.592441435952119,-1.0629907355545996,-2.4800046554267414
-1.0523182603920846,-2.493786422991737,8.5956773546e-05,87,52,4.592441435952119,-1.0629907355545996,-2.4800046554267414
-1.0517675426377615,-2.493790449045942,9.0891029686e-05,87,52,4.592441435952119,-1.0629907355545996,-2.4800046554267414
-1.0512173156743636,-2.493788523001493,8.5193467385e-05,87,52,4.592441435952119,-1.0629907355545996,-2.4800046554267414
-1.0506667741013962,-2.493788846079915,8.5543098976e-05,87,52,4.592441435952119,-1.0629907355545996,-2.4800046554267414
-1.0501150118433118,-2.4937878271402703,8.9845663751e-05,87,52,4.592441435952119,-1.0629907355545996,-2.4800046554267414
-1.0495678680536666,-2.4937887342450784,7.9954523244e-05,87,52,4.592441435952119,-1.0629907355545996,-2.4800046554267414
-1.0490219952866715,-2.493786845478907,8.0942751083e-05,87,52,4.592441435952119,-1.0629907355545996,-2.4800046554267414
-1.048468206942977,-2.493788696966797,7.9930381617e-05,87,52,4.592441435952119,-1.0629907355545996,-2.4800046554267414
-1.0478972157481752,-2.493785814113171,8.7455096946e-05,87,52,4.592441435952119,-1.0629907355545996,-2.4800046554267414
-1.047369099545125,-2.4937865721048578,8.0542260548e-05,87,52,4.592441435952119,-1.0629907355545996,-2.4800046554267414
-1.0468228240778834,-2.4937907845504586,8.6950552941e-05,87,52,4.592441435952119,-1.0629907355545996,-2.4800046554267414
-1.0462795814468653,-2.4937895046628564,8.9917230071e-05,87,52,4.592441435952119,-1.0629907355545996,-2.4800046554267414
-1.0457345266647426,-2.49379102064623,8.2459308032e-05,87,52,4.592441435952119,-1.0629907355545996,-2.4800046554267414
-1.0451924166281645,-2.4937880880882277,8.2190039393e-05,87,52,4.592441435952119,-1.0629907355545996,-2.4800046554267414
-1.0446696487877474,-2.49378959164551,8.821409574e-05,87,52,4.592441435952119,-1.0629907355545996,-2.4800046554267414
-1.0441243297335898,-2.4937876780271524,8.3488273958e-05,87,52,4.592441435952119,-1.0629907355545996,-2.4800046554267414
-1.0436224519684012,-2.4937879389751103,8.2228245446e-05,87,52,4.592441435952119,-1.0629907355545996,-2.4800046554267414
-1.0430956697099134,-2.493785217660697,7.8661432781e-05,87,52,4.592441435952119,-1.0629907355545996,-2.4800046554267414
-1.042576236730904,-2.493785590443491,9.1253976279e-05,87,52,4.592441435952119,-1.0629907355545996,-2.4800046554267414
-1.042054425303569,-2.493787988679483,7.9384721175e-05,87,52,4.592441435952119,-1.0629907355545996,-2.4800046554267414
-1.0415310911659326,-2.493785814113171,7.6681746577e-05,87,52,4.592441435952119,-1.0629907355545996,-2.4800046554267414
-1.0410069390434218,-2.493786646661417,7.5732132245e-05,87,52,4.592441435952119,-1.0629907355545996,-2.4800046554267414
-1.0404823087143689,-2.493785491034746,8.5886465968e-05,87,52,4.592441435952119,-1.0629907355545996,-2.4800046554267414
-1.0399622591006092,-2.493786994592025,7.9388650192e-05,87,52,4.592441435952119,-1.0629907355545996,-2.4800046554267414
-1.0874185701925232,-2.493193226153566,0.00012931707897,87,52,4.592441435952119,-1.0629907355545996,-2.4800046554267414
-1.0868232156328768,-2.493195400719881,0.00014319017646,87,52,4.592441435952119,-1.0629907355545996,-2.4800046554267414
-1.086225809818854,-2.493193872310416,0.00014686798386,87,52,4.592441435952119,-1.0629907355545996,-2.4800046554267414
-1.0856275734355774,-2.493194630302103,0.00014821693185,87,52,4.592441435952119,-1.0629907355545996,-2.4800046554267414
-1.0850418333442877,-2.493194530893354,0.00015127046208,87,52,4.592441435952119,-1.0629907355545996,-2.4800046554267414
-1.0844555772933102,-2.4931924184575065,0.00014557124814,87,52,4.592441435952119,-1.0629907355545996,-2.4800046554267414
-1.0838725050911473,-2.493192791240304,0.00014043247211,87,52,4.592441435952119,-1.0629907355545996,-2.4800046554267414
-1.083298946682281,-2.4931922072139248,0.00012065699411,87,52,4.592441435952119,-1.0629907355545996,-2.4800046554267414
-1.0826958653116763,-2.493190479986966,0.00011055827781,87,52,4.592441435952119,-1.0629907355545996,-2.4800046554267414
-1.0820967606059944,-2.4931920705268986,9.3874135928e-05,87,52,4.592441435952119,-1.0629907355545996,-2.4800046554267414
-1.0815030294317116,-2.4931925302923466,8.1741374743e-05,87,52,4.592441435952119,-1.0629907355545996,-2.4800046554267414
-1.0809077755471255,-2.493193251005752,8.0720339611e-05,87,52,4.592441435952119,-1.0629907355545996,-2.4800046554267414
-1.0803169136120918,-2.49319208295299,7.6586657087e-05,87,52,4.592441435952119,-1.0629907355545996,-2.4800046554267414
-1.0797288831631575,-2.49319076578711,6.9042442192e-05,87,52,4.592441435952119,-1.0629907355545996,-2.4800046554267414
-1.0791426648653277,-2.4931939841452526,6.8343171733e-05,87,52,4.592441435952119,-1.0629907355545996,-2.4800046554267414
-1.0785554020637367,-2.4931948663978707,7.5773867138e-05,87,52,4.592441435952119,-1.0629907355545996,-2.4800046554267414
-1.0779721159270683,-2.4931924308836013,7.4497860624e-05,87,52,4.592441435952119,-1.0629907355545996,-2.4800046554267414
-1.0773883515838596,-2.493192903075144,7.0338814112e-05,87,52,4.592441435952119,-1.0629907355545996,-2.4800046554267414
-1.0767875983240476,-2.4931918095789407,7.1856557042e-05,87,52,4.592441435952119,-1.0629907355545996,-2.4800046554267414
-1.076231041416166,-2.4931929155012353,7.0813104685e-05,87,52,4.592441435952119,-1.0629907355545996,-2.4800046554267414
-1.075671451672063,-2.4931935989363634,6.832460349e-05,87,52,4.592441435952119,-1.0629907355545996,-2.4800046554267414
-1.0750989881044888,-2.493195326163322,7.0142756158e-05,87,52,4.592441435952119,-1.0629907355545996,-2.4800046554267414
-1.0745695757100222,-2.493194642728194,7.4495495937e-05,87,52,4.592441435952119,-1.0629907355545996,-2.4800046554267414
-1.0740163914166965,-2.4931950527892695,7.5555151852e-05,87,52,4.592441435952119,-1.0629907355545996,-2.4800046554267414
-1.0734678381761933,-2.493195040363178,7.1609400038e-05,87,52,4.592441435952119,-1.0629907355545996,-2.4800046554267414
-1.0729132318476244,-2.4931952391806687,6.8362656748e-05,87,52,4.592441435952119,-1.0629907355545996,-2.4800046554267414
-1.0723682525717992,-2.4931935989363634,6.8974259193e-05,87,52,4.592441435952119,-1.0629907355545996,-2.4800046554267414
-1.0718183024648194,-2.493195102493642,6.6437351052e-05,87,52,4.592441435952119,-1.0629907355545996,-2.4800046554267414
-1.071270063833882,-2.493192791240304,6.6342916398e-05,87,52,4.592441435952119,-1.0629907355545996,-2.4800046554267414
-1.0707240023011457,-2.493193188875288,7.0453097578e-05,87,52,4.592441435952119,-1.0629907355545996,-2.4800046554267414
-1.0701787210001343,-2.493193648640736,6.5339743742e-05,87,52,4.592441435952119,-1.0629907355545996,-2.4800046554267414
-1.069612637714575,-2.493190169334636,6.6148342739e-05,87,52,4.592441435952119,-1.0629907355545996,-2.4800046554267414
-1.069083728695415,-2.4931928285185854,6.558723544e-05,87,52,4.592441435952119,-1.0629907355545996,-2.4800046554267414
-1.068542512150007,-2.49319362378855,6.9428657298e-05,87,52,4.592441435952119,-1.0629907355545996,-2.4800046554267414
-1.0680090224155554,-2.4931956989461197,6.9106223236e-05,87,52,4.592441435952119,-1.0629907355545996,-2.4800046554267414
-1.067438748530566,-2.4931940959800927,6.8175198976e-05,87,52,4.592441435952119,-1.0629907355545996,-2.4800046554267414
-1.06691055682122,-2.4931904178564985,6.6645829065e-05,87,52,4.592441435952119,-1.0629907355545996,-2.4800046554267414
-1.0663636521348452,-2.4931916728919146,6.6014072218e-05,87,52,4.592441435952119,-1.0629907355545996,-2.4800046554267414
-1.065816458007669,-2.493192331474856,6.5541171352e-05,87,52,4.592441435952119,-1.0629907355545996,-2.4800046554267414
-1.0652702077091938,-2.4931932634318468,6.5579049988e-05,87,52,4.592441435952119,-1.0629907355545996,-2.4800046554267414
-1.064724070670162,-2.4931948415456846,6.9180314313e-05,87,52,4.592441435952119,-1.0629907355545996,-2.4800046554267414
-1.0641777700341557,-2.4931934249710594,6.7044828029e-05,87,52,4.592441435952119,-1.0629907355545996,-2.4800046554267414
-1.0636084525622487,-2.4931897965518384,6.7180495535e-05,87,52,4.592441435952119,-1.0629907355545996,-2.4800046554267414
-1.0630823876135713,-2.493193151597007,6.8132561864e-05,87,52,4.592441435952119,-1.0629907355545996,-2.4800046554267414
-1.0625392582419986,-2.4931909646046004,6.708210276e-05,87,52,4.592441435952119,-1.0629907355545996,-2.4800046554267414
-1.061992705918339,-2.493193014909984,6.7879533162e-05,87,52,4.592441435952119,-1.0629907355545996,-2.4800046554267414
-1.0614457005569018,-2.493192679405464,6.6931424954e-05,87,52,4.592441435952119,-1.0629907355545996,-2.4800046554267414
-1.0609034269233493,-2.4931927788142128,6.8804234616e-05,87,52,4.592441435952119,-1.0629907355545996,-2.4800046554267414
-1.0603715731586465,-2.493190629100084,6.5387226641e-05,87,52,4.592441435952119,-1.0629907355545996,-2.4800046554267414
-1.0598365732982749,-2.493194655154289,6.7976034188e-05,87,52,4.592441435952119,-1.0629907355545996,-2.4800046554267414
-1.0593009316343887,-2.4931943072236775,6.5696942329e-05,87,52,4.592441435952119,-1.0629907355545996,-2.4800046554267414
-1.058763880519644,-2.493191623187542,6.5027168603e-05,87,52,4.592441435952119,-1.0629907355545996,-2.4800046554267414
-1.0582317121453737,-2.4931934622493372,6.4283711254e-05,87,52,4.592441435952119,-1.0629907355545996,-2.4800046554267414
-1.0576942960835307,-2.4931947794152207,6.7220593337e-05,87,52,4.592441435952119,-1.0629907355545996,-2.4800046554267414
-1.0571609699460556,-2.493190368152126,6.6519191023e-05,87,52,4.592441435952119,-1.0629907355545996,-2.4800046554267414
-1.056627807405553,-2.4931917474484733,6.7022832809e-05,87,52,4.592441435952119,-1.0629907355545996,-2.4800046554267414
-1.0560970610665257,-2.4931916604658233,6.740848039e-05,87,52,4.592441435952119,-1.0629907355545996,-2.4800046554267414
-1.0555641753824432,-2.493192579996719,6.8707267928e-05,87,52,4.592441435952119,-1.0629907355545996,-2.4800046554267414
-1.0550360340106264,-2.493192878222958,6.8305336754e-05,87,52,4.592441435952119,-1.0629907355545996,-2.4800046554267414
-1.0545022296666091,-2.4931900699258907,6.9048350269e-05,87,52,4.592441435952119,-1.0629907355545996,-2.4800046554267414
-1.0539701493830176,-2.493190479986966,6.7511609814e-05,87,52,4.592441435952119,-1.0629907355545996,-2.4800046554267414
-1.0534404853008994,-2.493193474675432,6.6059234086e-05,87,52,4.592441435952119,-1.0629907355545996,-2.4800046554267414
-1.052887879889176,-2.49318869062954,6.4245716203e-05,87,52,4.592441435952119,-1.0629907355545996,-2.4800046554267414
-1.052374474829464,-2.4931924184575065,6.5030653786e-05,87,52,4.592441435952119,-1.0629907355545996,-2.4800046554267414
-1.0518268528332768,-2.4931921326573625,6.6275744757e-05,87,52,4.592441435952119,-1.0629907355545996,-2.4800046554267414
-1.0512548674722448,-2.493192219640016,6.647752889e-05,87,52,4.592441435952119,-1.0629907355545996,-2.4800046554267414
-1.0507255179996924,-2.493190865195855,6.6794491431e-05,87,52,4.592441435952119,-1.0629907355545996,-2.4800046554267414
-1.0501540989358797,-2.4931893492124817,6.5996238845e-05,87,52,4.592441435952119,-1.0629907355545996,-2.4800046554267414
-1.0496219808991403,-2.493190554543525,6.5795029514e-05,87,52,4.592441435952119,-1.0629907355545996,-2.4800046554267414
-1.0490800344595368,-2.4931894983255996,6.3033170591e-05,87,52,4.592441435952119,-1.0629907355545996,-2.4800046554267414
-1.0485310407656392,-2.4931953137372274,6.5492276917e-05,87,52,4.592441435952119,-1.0629907355545996,-2.4800046554267414
-1.0479830664067384,-2.493192058100804,6.4516258135e-05,87,52,4.592441435952119,-1.0629907355545996,-2.4800046554267414
-1.0474365014986955,-2.4931909770306953,6.7825370934e-05,87,52,4.592441435952119,-1.0629907355545996,-2.4800046554267414
-1.0468912201976859,-2.493192865796863,6.8447021476e-05,87,52,4.592441435952119,-1.0629907355545996,-2.4800046554267414
-1.0463445671989642,-2.4931902438911946,6.6808708652e-05,87,52,4.592441435952119,-1.0629907355545996,-2.4800046554267414
-1.0457983043161059,-2.4931918841355,7.0124013291e-05,87,52,4.592441435952119,-1.0629907355545996,-2.4800046554267414
-1.0452575282240903,-2.493193188875288,6.5931526478e-05,87,52,4.592441435952119,-1.0629907355545996,-2.4800046554267414
-1.0447392152551378,-2.4931928533707715,6.5329695644e-05,87,52,4.592441435952119,-1.0629907355545996,-2.4800046554267414
-1.0442123197372046,-2.4931924308836013,6.5471700509e-05,87,52,4.592441435952119,-1.0629907355545996,-2.4800046554267414
-1.0436884696398783,-2.493193797753854,6.4724656113e-05,87,52,4.592441435952119,-1.0629907355545996,-2.4800046554267414
-1.0431704586961101,-2.493193089466543,6.4348758315e-05,87,52,4.592441435952119,-1.0629907355545996,-2.4800046554267414
-1.0426431353091676,-2.4931936734929225,6.4619904151e-05,87,52,4.592441435952119,-1.0629907355545996,-2.4800046554267414
-1.0421221041135575,-2.493192058100804,6.5700420237e-05,87,52,4.592441435952119,-1.0629907355545996,-2.4800046554267414
-1.0416004185300511,-2.4931924930140688,6.4842228312e-05,87,52,4.592441435952119,-1.0629907355545996,-2.4800046554267414
-1.041078367999446,-2.493192766388118,6.4652274887e-05,87,52,4.592441435952119,-1.0629907355545996,-2.4800046554267414
-1.0405335271518288,-2.493190591821806,6.5396015998e-05,87,52,4.592441435952119,-1.0629907355545996,-2.4800046554267414
-1.0400349590792817,-2.493193089466543,6.4463369199e-05,87,52,4.592441435952119,-1.0629907355545996,-2.4800046554267414
-1.0874089431397813,-2.4926042914653714,0.00012781847909,87,52,4.592441435952119,-1.0629907355545996,-2.4800046554267414
-1.0868164955725317,-2.492600538785219,0.0001436646271,87,52,4.592441435952119,-1.0629907355545996,-2.4800046554267414
-1.0862154654563017,-2.492602564238413,0.00014650214871,87,52,4.592441435952119,-1.0629907355545996,-2.4800046554267414
-1.0856204758437522,-2.492599221619339,0.00015069026267,87,52,4.592441435952119,-1.0629907355545996,-2.4800046554267414
-1.0850308094250711,-2.492601992638125,0.00015139307652,87,52,4.592441435952119,-1.0629907355545996,-2.4800046554267414
-1.0844478882354995,-2.4925993334541756,0.00014364042727,87,52,4.592441435952119,-1.0629907355545996,-2.4800046554267414
-1.0838660870559866,-2.492597531670658,0.00013185248827,87,52,4.592441435952119,-1.0629907355545996,-2.4800046554267414
-1.083291949765518,-2.4925976186533116,0.00011298958998,87,52,4.592441435952119,-1.0629907355545996,-2.4800046554267414
-1.08268937177022,-2.492597531670658,8.3555816673e-05,87,52,4.592441435952119,-1.0629907355545996,-2.4800046554267414
-1.0820914625808906,-2.4925996192543196,7.0292822784e-05,87,52,4.592441435952119,-1.0629907355545996,-2.4800046554267414
-1.081484920505053,-2.492594636390941,6.446664338e-05,87,52,4.592441435952119,-1.0629907355545996,-2.4800046554267414
-1.08091123625236,-2.492595518643559,6.6990229243e-05,87,52,4.592441435952119,-1.0629907355545996,-2.4800046554267414
-1.0803198080201053,-2.4925971961661415,6.7205153755e-05,87,52,4.592441435952119,-1.0629907355545996,-2.4800046554267414
-1.0797292606946376,-2.4925997435152545,6.2923310907e-05,87,52,4.592441435952119,-1.0629907355545996,-2.4800046554267414
-1.0791427026184754,-2.492599544697761,6.3289320678e-05,87,52,4.592441435952119,-1.0629907355545996,-2.4800046554267414
-1.078559278053599,-2.4925993086019895,6.4659012423e-05,87,52,4.592441435952119,-1.0629907355545996,-2.4800046554267414
-1.0779738651562585,-2.4925993707324565,6.4877072873e-05,87,52,4.592441435952119,-1.0629907355545996,-2.4800046554267414
-1.0773952729943268,-2.4925944251473555,6.7730754381e-05,87,52,4.592441435952119,-1.0629907355545996,-2.4800046554267414
-1.0768110556133408,-2.492598712149515,6.5687316237e-05,87,52,4.592441435952119,-1.0629907355545996,-2.4800046554267414
-1.0762100506658754,-2.4925943878690746,6.6917978984e-05,87,52,4.592441435952119,-1.0629907355545996,-2.4800046554267414
-1.0756762589062414,-2.492596090243847,6.9727917435e-05,87,52,4.592441435952119,-1.0629907355545996,-2.4800046554267414
-1.0751221811217455,-2.4925960653916603,6.845639291e-05,87,52,4.592441435952119,-1.0629907355545996,-2.4800046554267414
-1.0745745213724123,-2.4925973825575403,6.6693603003e-05,87,52,4.592441435952119,-1.0629907355545996,-2.4800046554267414
-1.0740213119103201,-2.4925964257483635,6.8229121098e-05,87,52,4.592441435952119,-1.0629907355545996,-2.4800046554267414
-1.0734527620857564,-2.4925947357996856,6.8803477916e-05,87,52,4.592441435952119,-1.0629907355545996,-2.4800046554267414
-1.0729234377819685,-2.4925935428947374,6.6918248194e-05,87,52,4.592441435952119,-1.0629907355545996,-2.4800046554267414
-1.072375903876462,-2.492595406808719,6.9592388172e-05,87,52,4.592441435952119,-1.0629907355545996,-2.4800046554267414
-1.071829653577985,-2.4925972085922363,6.5982014348e-05,87,52,4.592441435952119,-1.0629907355545996,-2.4800046554267414
-1.0712822958538344,-2.4925950340259213,7.0027374022e-05,87,52,4.592441435952119,-1.0629907355545996,-2.4800046554267414
-1.0707346612732656,-2.4925964133222687,6.6918262746e-05,87,52,4.592441435952119,-1.0629907355545996,-2.4800046554267414
-1.0701909026825576,-2.4925955932001176,6.7541994213e-05,87,52,4.592441435952119,-1.0629907355545996,-2.4800046554267414
-1.0696441238400092,-2.4925945866865646,7.1666509029e-05,87,52,4.592441435952119,-1.0629907355545996,-2.4800046554267414
-1.0690971939848697,-2.492596686696321,7.069682033e-05,87,52,4.592441435952119,-1.0629907355545996,-2.4800046554267414
-1.068554265963419,-2.492594623964846,6.6251130193e-05,87,52,4.592441435952119,-1.0629907355545996,-2.4800046554267414
-1.068019907906564,-2.492597568948939,6.595323066e-05,87,52,4.592441435952119,-1.0629907355545996,-2.4800046554267414
-1.0674758850438213,-2.4925980162882957,6.6176638938e-05,87,52,4.592441435952119,-1.0629907355545996,-2.4800046554267414
-1.0669271807907248,-2.4925971340356776,6.87836e-05,87,52,4.592441435952119,-1.0629907355545996,-2.4800046554267414
-1.0663791686786745,-2.492596798531161,7.261915016e-05,87,52,4.592441435952119,-1.0629907355545996,-2.4800046554267414
-1.0658293444155211,-2.492597867175178,6.8738845584e-05,87,52,4.592441435952119,-1.0629907355545996,-2.4800046554267414
-1.0652851076182728,-2.492596972496465,7.0944894105e-05,87,52,4.592441435952119,-1.0629907355545996,-2.4800046554267414
-1.0647407701459624,-2.4925974819662855,7.0314126788e-05,87,52,4.592441435952119,-1.0629907355545996,-2.4800046554267414
-1.0641936515250818,-2.492600638193964,6.8686509621e-05,87,52,4.592441435952119,-1.0629907355545996,-2.4800046554267414
-1.063629896350315,-2.4925940026601854,7.0319940278e-05,87,52,4.592441435952119,-1.0629907355545996,-2.4800046554267414
-1.0631017927316462,-2.4925960653916603,7.0138688898e-05,87,52,4.592441435952119,-1.0629907355545996,-2.4800046554267414
-1.0625623254154286,-2.492595903852448,7.2287148214e-05,87,52,4.592441435952119,-1.0629907355545996,-2.4800046554267414
-1.0620140364469601,-2.492594363016888,7.2837843618e-05,87,52,4.592441435952119,-1.0629907355545996,-2.4800046554267414
-1.0614698374028595,-2.492595046452016,7.0119182055e-05,87,52,4.592441435952119,-1.0629907355545996,-2.4800046554267414
-1.0609270729783835,-2.4925944251473555,7.2410613939e-05,87,52,4.592441435952119,-1.0629907355545996,-2.4800046554267414
-1.0603998376821182,-2.4925970097747427,7.0543384936e-05,87,52,4.592441435952119,-1.0629907355545996,-2.4800046554267414
-1.0598406506382596,-2.49259174111122,7.1332069638e-05,87,52,4.592441435952119,-1.0629907355545996,-2.4800046554267414
-1.0593291080671832,-2.492594164199398,6.7239867349e-05,87,52,4.592441435952119,-1.0629907355545996,-2.4800046554267414
-1.058773545325532,-2.492594052364558,7.3510491347e-05,87,52,4.592441435952119,-1.0629907355545996,-2.4800046554267414
-1.0582601276814385,-2.4925961772264973,7.232533244e-05,87,52,4.592441435952119,-1.0629907355545996,-2.4800046554267414
-1.0577281354885257,-2.492596487878831,7.5648560596e-05,87,52,4.592441435952119,-1.0629907355545996,-2.4800046554267414
-1.0571947590135178,-2.492596289061337,7.5800977356e-05,87,52,4.592441435952119,-1.0629907355545996,-2.4800046554267414
-1.0566614328760426,-2.492596003261193,7.520885265e-05,87,52,4.592441435952119,-1.0629907355545996,-2.4800046554267414
-1.056132687453859,-2.492595903852448,7.5649295468e-05,87,52,4.592441435952119,-1.0629907355545996,-2.4800046554267414
-1.0555960390393593,-2.492594375442983,7.3580114986e-05,87,52,4.592441435952119,-1.0629907355545996,-2.4800046554267414
-1.0550638580807057,-2.4925961772264973,7.7207805589e-05,87,52,4.592441435952119,-1.0629907355545996,-2.4800046554267414
-1.0545352762554965,-2.4925944002951694,7.512713637e-05,87,52,4.592441435952119,-1.0629907355545996,-2.4800046554267414
-1.0540054234076373,-2.492593977807999,7.6648429967e-05,87,52,4.592441435952119,-1.0629907355545996,-2.4800046554267414
-1.0534751175220007,-2.4925939156775314,7.6665834058e-05,87,52,4.592441435952119,-1.0629907355545996,-2.4800046554267414
-1.0529490399889418,-2.4925935801730152,7.6734853792e-05,87,52,4.592441435952119,-1.0629907355545996,-2.4800046554267414
-1.052417651846398,-2.4925945245561008,7.4234259955e-05,87,52,4.592441435952119,-1.0629907355545996,-2.4800046554267414
-1.0518675003892939,-2.492596786105066,7.4667339504e-05,87,52,4.592441435952119,-1.0629907355545996,-2.4800046554267414
-1.0513185696173106,-2.4925923872680666,7.827149966e-05,87,52,4.592441435952119,-1.0629907355545996,-2.4800046554267414
-1.0507702806488421,-2.4925950091737348,7.7527736721e-05,87,52,4.592441435952119,-1.0629907355545996,-2.4800046554267414
-1.0502253139573985,-2.492594164199398,7.670569903e-05,87,52,4.592441435952119,-1.0629907355545996,-2.4800046554267414
-1.0496735642836972,-2.4925960281133794,7.7322074503e-05,87,52,4.592441435952119,-1.0629907355545996,-2.4800046554267414
-1.0491252753152287,-2.4925917908155926,7.3819348472e-05,87,52,4.592441435952119,-1.0629907355545996,-2.4800046554267414
-1.048581025933597,-2.492594077216744,7.600531535e-05,87,52,4.592441435952119,-1.0629907355545996,-2.4800046554267414
-1.0480332529248186,-2.4925944251473555,7.1485534136e-05,87,52,4.592441435952119,-1.0629907355545996,-2.4800046554267414
-1.0474893684902837,-2.4925958417219807,7.1893002314e-05,87,52,4.592441435952119,-1.0629907355545996,-2.4800046554267414
-1.0469454211338367,-2.4925930707031947,7.4610979937e-05,87,52,4.592441435952119,-1.0629907355545996,-2.4800046554267414
-1.0463994854449272,-2.4925938162687866,7.6158263255e-05,87,52,4.592441435952119,-1.0629907355545996,-2.4800046554267414
-1.0458562679826755,-2.492596835809439,7.5637377449e-05,87,52,4.592441435952119,-1.0629907355545996,-2.4800046554267414
-1.0453136294020244,-2.4925935801730152,7.5374722655e-05,87,52,4.592441435952119,-1.0629907355545996,-2.4800046554267414
-1.044795467445665,-2.4925963263396183,7.5395626482e-05,87,52,4.592441435952119,-1.0629907355545996,-2.4800046554267414
-1.0442724227488278,-2.4925936671556688,7.2420050856e-05,87,52,4.592441435952119,-1.0629907355545996,-2.4800046554267414
-1.0437519704348217,-2.492594648817032,7.4943360232e-05,87,52,4.592441435952119,-1.0629907355545996,-2.4800046554267414
-1.0432293913601454,-2.492594648817032,7.2866685514e-05,87,52,4.592441435952119,-1.0629907355545996,-2.4800046554267414
-1.0427103107438496,-2.4925922505810405,7.3146853538e-05,87,52,4.592441435952119,-1.0629907355545996,-2.4800046554267414
-1.0421885119008978,-2.4925938162687866,7.34732821e-05,87,52,4.592441435952119,-1.0629907355545996,-2.4800046554267414
-1.0416670150831304,-2.4925944872778194,7.1287860919e-05,87,52,4.592441435952119,-1.0629907355545996,-2.4800046554267414
-1.0411486895297948,-2.4925934186338026,7.3355353379e-05,87,52,4.592441435952119,-1.0629907355545996,-2.4800046554267414
-1.0406281239563453,-2.4925966121397622,7.3134120612e-05,87,52,4.592441435952119,-1.0629907355545996,-2.4800046554267414
-1.0401115224634352,-2.4925951955651335,7.1627750003e-05,87,52,4.592441435952119,-1.0629907355545996,-2.4800046554267414
-1.0874145306056862,-2.4920045460760756,0.00012001903815,87,52,4.592441435952119,-1.0629907355545996,-2.4800046554267414
-1.0868186978394978,-2.492000756117642,0.00013774343824,87,52,4.592441435952119,-1.0629907355545996,-2.4800046554267414
-1.0862213801161555,-2.4920004081870304,0.00014436531637,87,52,4.592441435952119,-1.0629907355545996,-2.4800046554267414
-1.0856277496169333,-2.492001041917786,0.00015062336752,87,52,4.592441435952119,-1.0629907355545996,-2.4800046554267414
-1.0850401847901596,-2.492001153752626,0.00014843881945,87,52,4.592441435952119,-1.0629907355545996,-2.4800046554267414
-1.084458446532559,-2.4919992649864544,0.00014013059263,87,52,4.592441435952119,-1.0629907355545996,-2.4800046554267414
-1.0838799802144523,-2.4919990661689644,0.00011596408876,87,52,4.592441435952119,-1.0629907355545996,-2.4800046554267414
-1.0833007714177687,-2.4920008182481093,9.4277653261e-05,87,52,4.592441435952119,-1.0629907355545996,-2.4800046554267414
-1.0827005970395591,-2.4919989791863104,8.23247683e-05,87,52,4.592441435952119,-1.0629907355545996,-2.4800046554267414
-1.0821054689988014,-2.4919989791863104,7.6862299466e-05,87,52,4.592441435952119,-1.0629907355545996,-2.4800046554267414
-1.0815116749026046,-2.492000706413269,7.2750575782e-05,87,52,4.592441435952119,-1.0629907355545996,-2.4800046554267414
-1.0809181576628273,-2.492000482743589,7.4810312071e-05,87,52,4.592441435952119,-1.0629907355545996,-2.4800046554267414
-1.0803285289972941,-2.4920009052307597,7.0975860581e-05,87,52,4.592441435952119,-1.0629907355545996,-2.4800046554267414
-1.0797419457523674,-2.4920008306742005,7.3637544119e-05,87,52,4.592441435952119,-1.0629907355545996,-2.4800046554267414
-1.0791561930766964,-2.49200337802331,7.3475479439e-05,87,52,4.592441435952119,-1.0629907355545996,-2.4800046554267414
-1.0785725168241649,-2.49200152653542,7.4726354796e-05,87,52,4.592441435952119,-1.0629907355545996,-2.4800046554267414
-1.0779885888839817,-2.4920001596651677,7.1423746704e-05,87,52,4.592441435952119,-1.0629907355545996,-2.4800046554267414
-1.0774056299412624,-2.4919997371779976,7.1945760283e-05,87,52,4.592441435952119,-1.0629907355545996,-2.4800046554267414
-1.0768248229279798,-2.491997649594336,7.449194527e-05,87,52,4.592441435952119,-1.0629907355545996,-2.4800046554267414
-1.0762505346249198,-2.492001538961515,7.5861964433e-05,87,52,4.592441435952119,-1.0629907355545996,-2.4800046554267414
-1.0756893214954513,-2.492000768543733,7.6163771155e-05,87,52,4.592441435952119,-1.0629907355545996,-2.4800046554267414
-1.075140050945134,-2.4920006318567105,7.5189309428e-05,87,52,4.592441435952119,-1.0629907355545996,-2.4800046554267414
-1.074588930490566,-2.4920014147005833,7.7809898357e-05,87,52,4.592441435952119,-1.0629907355545996,-2.4800046554267414
-1.074041560182034,-2.491998867351471,7.8487028077e-05,87,52,4.592441435952119,-1.0629907355545996,-2.4800046554267414
-1.0734915345687566,-2.492001079196067,7.5259209552e-05,87,52,4.592441435952119,-1.0629907355545996,-2.4800046554267414
-1.0729467818118184,-2.4920007809698284,7.6304291724e-05,87,52,4.592441435952119,-1.0629907355545996,-2.4800046554267414
-1.0723986564403245,-2.4920003833348443,7.8280470916e-05,87,52,4.592441435952119,-1.0629907355545996,-2.4800046554267414
-1.0718519908572213,-2.4919980969336923,7.797635044e-05,87,52,4.592441435952119,-1.0629907355545996,-2.4800046554267414
-1.0713069738282466,-2.4919996253431576,7.9912206274e-05,87,52,4.592441435952119,-1.0629907355545996,-2.4800046554267414
-1.0707400725578127,-2.4919966058025054,7.9452074715e-05,87,52,4.592441435952119,-1.0629907355545996,-2.4800046554267414
-1.0702176948332587,-2.4919964691154823,7.9643992649e-05,87,52,4.592441435952119,-1.0629907355545996,-2.4800046554267414
-1.0696724261166306,-2.4920005324479653,7.7655829955e-05,87,52,4.592441435952119,-1.0629907355545996,-2.4800046554267414
-1.069128554266479,-2.491999426525667,7.6750133303e-05,87,52,4.592441435952119,-1.0629907355545996,-2.4800046554267414
-1.0685877530056989,-2.491997649594336,7.4733019574e-05,87,52,4.592441435952119,-1.0629907355545996,-2.4800046554267414
-1.0680552574374793,-2.491998544273049,7.4123832746e-05,87,52,4.592441435952119,-1.0629907355545996,-2.4800046554267414
-1.0675081136478342,-2.4919982211946237,7.7159435023e-05,87,52,4.592441435952119,-1.0629907355545996,-2.4800046554267414
-1.0669617249211492,-2.491998121785879,7.8521086834e-05,87,52,4.592441435952119,-1.0629907355545996,-2.4800046554267414
-1.066418721393401,-2.4919977862813623,7.9787248978e-05,87,52,4.592441435952119,-1.0629907355545996,-2.4800046554267414
-1.0658687964551858,-2.4919985069947677,7.9566321801e-05,87,52,4.592441435952119,-1.0629907355545996,-2.4800046554267414
-1.0653037199202382,-2.4919983578816503,7.9868128523e-05,87,52,4.592441435952119,-1.0629907355545996,-2.4800046554267414
-1.0647805242108115,-2.4919956862716095,7.8802433563e-05,87,52,4.592441435952119,-1.0629907355545996,-2.4800046554267414
-1.064237319332941,-2.491997251959352,7.7254262578e-05,87,52,4.592441435952119,-1.0629907355545996,-2.4800046554267414
-1.063692000278782,-2.4920003460565665,7.8763114288e-05,87,52,4.592441435952119,-1.0629907355545996,-2.4800046554267414
-1.063145561214566,-2.4920010170655997,7.944322715e-05,87,52,4.592441435952119,-1.0629907355545996,-2.4800046554267414
-1.0625996255256565,-2.492001141326531,7.9838413512e-05,87,52,4.592441435952119,-1.0629907355545996,-2.4800046554267414
-1.062062586995295,-2.4920014022744885,7.6683412772e-05,87,52,4.592441435952119,-1.0629907355545996,-2.4800046554267414
-1.0615168526565082,-2.4919979105422936,7.8985664004e-05,87,52,4.592441435952119,-1.0629907355545996,-2.4800046554267414
-1.060974730035547,-2.491999004038497,7.954245666e-05,87,52,4.592441435952119,-1.0629907355545996,-2.4800046554267414
-1.0604401832129529,-2.4919964691154823,7.8229510109e-05,87,52,4.592441435952119,-1.0629907355545996,-2.4800046554267414
-1.059911664309656,-2.4920005324479653,7.7787728515e-05,87,52,4.592441435952119,-1.0629907355545996,-2.4800046554267414
-1.0593764882679286,-2.491996369706734,7.7164579125e-05,87,52,4.592441435952119,-1.0629907355545996,-2.4800046554267414
-1.0588401670473777,-2.4919972146810743,7.5675307016e-05,87,52,4.592441435952119,-1.0629907355545996,-2.4800046554267414
-1.058311031509331,-2.4919986685339803,7.7023229096e-05,87,52,4.592441435952119,-1.0629907355545996,-2.4800046554267414
-1.0577772523340783,-2.4919981342119737,7.5977521192e-05,87,52,4.592441435952119,-1.0629907355545996,-2.4800046554267414
-1.0572242442221103,-2.4919979105422936,7.9432364146e-05,87,52,4.592441435952119,-1.0629907355545996,-2.4800046554267414
-1.0566933594548713,-2.491997251959352,8.0195080955e-05,87,52,4.592441435952119,-1.0629907355545996,-2.4800046554267414
-1.0561822447528058,-2.491995835384727,8.1434482126e-05,87,52,4.592441435952119,-1.0629907355545996,-2.4800046554267414
-1.0556280537088667,-2.491997860837921,8.0585174146e-05,87,52,4.592441435952119,-1.0629907355545996,-2.4800046554267414
-1.0550981127703287,-2.4919960342022174,7.6631586126e-05,87,52,4.592441435952119,-1.0629907355545996,-2.4800046554267414
-1.0545905720329394,-2.4919979850988523,7.6589887612e-05,87,52,4.592441435952119,-1.0629907355545996,-2.4800046554267414
-1.0540618895326683,-2.4920009300829458,7.5600677519e-05,87,52,4.592441435952119,-1.0629907355545996,-2.4800046554267414
-1.0535316339845644,-2.4920009425090406,7.7731710917e-05,87,52,4.592441435952119,-1.0629907355545996,-2.4800046554267414
-1.0530013532676943,-2.4919989543341243,7.5539275713e-05,87,52,4.592441435952119,-1.0629907355545996,-2.4800046554267414
-1.052471122888355,-2.4919989543341243,7.7588949353e-05,87,52,4.592441435952119,-1.0629907355545996,-2.4800046554267414
-1.0519232869576622,-2.4920019117443126,7.5188821938e-05,87,52,4.592441435952119,-1.0629907355545996,-2.4800046554267414
-1.0513537807200162,-2.491998656107889,7.6773299952e-05,87,52,4.592441435952119,-1.0629907355545996,-2.4800046554267414
-1.050829100053434,-2.491998233620719,7.5771349657e-05,87,52,4.592441435952119,-1.0629907355545996,-2.4800046554267414
-1.0502827742486613,-2.491996580950319,7.6538977737e-05,87,52,4.592441435952119,-1.0629907355545996,-2.4800046554267414
-1.0497346111240196,-2.4919992028559905,7.6916709077e-05,87,52,4.592441435952119,-1.0629907355545996,-2.4800046554267414
-1.0491876812688798,-2.491997724150895,7.8055774793e-05,87,52,4.592441435952119,-1.0629907355545996,-2.4800046554267414
-1.0486413177109613,-2.4919955744367694,7.4298557593e-05,87,52,4.592441435952119,-1.0629907355545996,-2.4800046554267414
-1.0480960615787145,-2.491998034803225,7.6332231401e-05,87,52,4.592441435952119,-1.0629907355545996,-2.4800046554267414
-1.0475497106051772,-2.4920006939871744,7.6667733083e-05,87,52,4.592441435952119,-1.0629907355545996,-2.4800046554267414
-1.0470090855257546,-2.4920012655874624,7.9201774497e-05,87,52,4.592441435952119,-1.0629907355545996,-2.4800046554267414
-1.0464608594792004,-2.4920009797873184,7.8090684838e-05,87,52,4.592441435952119,-1.0629907355545996,-2.4800046554267414
-1.0459160438003479,-2.491998854925379,7.8545228462e-05,87,52,4.592441435952119,-1.0629907355545996,-2.4800046554267414
-1.045372624987972,-2.491999426525667,7.8937395301e-05,87,52,4.592441435952119,-1.0629907355545996,-2.4800046554267414
-1.0448573700240094,-2.4919994140995723,7.7995107858e-05,87,52,4.592441435952119,-1.0629907355545996,-2.4800046554267414
-1.0443370309694469,-2.4919988922036604,7.724945317e-05,87,52,4.592441435952119,-1.0629907355545996,-2.4800046554267414
-1.0438138855975494,-2.492001004639505,7.8036930063e-05,87,52,4.592441435952119,-1.0629907355545996,-2.4800046554267414
-1.0432708317322705,-2.4919977987074535,7.853149873e-05,87,52,4.592441435952119,-1.0629907355545996,-2.4800046554267414
-1.0427723769191686,-2.491997649594336,7.8342833149e-05,87,52,4.592441435952119,-1.0629907355545996,-2.4800046554267414
-1.0422303046357384,-2.491995822958632,7.8298289736e-05,87,52,4.592441435952119,-1.0629907355545996,-2.4800046554267414
-1.0417304781249261,-2.4920006318567105,7.5168973126e-05,87,52,4.592441435952119,-1.0629907355545996,-2.4800046554267414
-1.0412139521383117,-2.4920009052307597,7.559984806e-05,87,52,4.592441435952119,-1.0629907355545996,-2.4800046554267414
-1.04069290835832,-2.4919984572903955,7.5994837971e-05,87,52,4.592441435952119,-1.0629907355545996,-2.4800046554267414
-1.0401503075308187,-2.491999886291115,7.7373028034e-05,87,52,4.592441435952119,-1.0629907355545996,-2.4800046554267414
-1.0874171984948129,-2.491410951602921,0.00011708487727,87,52,4.592441435952119,-1.0629907355545996,-2.4800046554267414
-1.086821013365909,-2.491407807801337,0.0001430837001,87,52,4.592441435952119,-1.0629907355545996,-2.4800046554267414
-1.0862226511388056,-2.4914051610434793,0.00014937759261,87,52,4.592441435952119,-1.0629907355545996,-2.4800046554267414
-1.0856265163474328,-2.491403669912292,0.00014920586545,87,52,4.592441435952119,-1.0629907355545996,-2.4800046554267414
-1.0850392032083107,-2.491406030870006,0.00014903662668,87,52,4.592441435952119,-1.0629907355545996,-2.4800046554267414
-1.0844544698676346,-2.4914031480163765,0.00013912738359,87,52,4.592441435952119,-1.0629907355545996,-2.4800046554267414
-1.0838795775142078,-2.4914031355902853,0.00011581839499,87,52,4.592441435952119,-1.0629907355545996,-2.4800046554267414
-1.083303930097819,-2.4914052604522245,9.3841095804e-05,87,52,4.592441435952119,-1.0629907355545996,-2.4800046554267414
-1.0827005467020299,-2.4914034213904293,8.0095742305e-05,87,52,4.592441435952119,-1.0629907355545996,-2.4800046554267414
-1.082094356988904,-2.4914021166506406,7.6170668763e-05,87,52,4.592441435952119,-1.0629907355545996,-2.4800046554267414
-1.0815136003131527,-2.491405347434878,7.1882815973e-05,87,52,4.592441435952119,-1.0629907355545996,-2.4800046554267414
-1.0809201711640544,-2.4914055711045546,7.760792505e-05,87,52,4.592441435952119,-1.0629907355545996,-2.4800046554267414
-1.0803286422567393,-2.491405036782548,7.4503652286e-05,87,52,4.592441435952119,-1.0629907355545996,-2.4800046554267414
-1.0797410648455807,-2.4914039805646224,7.861424092e-05,87,52,4.592441435952119,-1.0629907355545996,-2.4800046554267414
-1.0791578667995911,-2.4914053101565967,7.8930250311e-05,87,52,4.592441435952119,-1.0629907355545996,-2.4800046554267414
-1.0785716359173783,-2.4914029491988865,7.7491502452e-05,87,52,4.592441435952119,-1.0629907355545996,-2.4800046554267414
-1.0779890670905221,-2.491406987679183,7.8622761066e-05,87,52,4.592441435952119,-1.0629907355545996,-2.4800046554267414
-1.0774075050142793,-2.4914055835306494,7.9387966252e-05,87,52,4.592441435952119,-1.0629907355545996,-2.4800046554267414
-1.07682671058538,-2.4914046267214727,7.8145851148e-05,87,52,4.592441435952119,-1.0629907355545996,-2.4800046554267414
-1.0762454505343215,-2.4914051610434793,7.8968078014e-05,87,52,4.592441435952119,-1.0629907355545996,-2.4800046554267414
-1.0756878617070622,-2.491406217261405,7.8771146946e-05,87,52,4.592441435952119,-1.0629907355545996,-2.4800046554267414
-1.0751376599124272,-2.4914028622162325,7.7780561696e-05,87,52,4.592441435952119,-1.0629907355545996,-2.4800046554267414
-1.0745878608180401,-2.49140160718082,7.8535500506e-05,87,52,4.592441435952119,-1.0629907355545996,-2.4800046554267414
-1.074037143063717,-2.4914055089740907,7.8875673353e-05,87,52,4.592441435952119,-1.0629907355545996,-2.4800046554267414
-1.0734897979239477,-2.491403321981684,7.7754084487e-05,87,52,4.592441435952119,-1.0629907355545996,-2.4800046554267414
-1.07293967163561,-2.4914048255389627,8.0833859101e-05,87,52,4.592441435952119,-1.0629907355545996,-2.4800046554267414
-1.072395824954225,-2.4914052977305055,7.9287470726e-05,87,52,4.592441435952119,-1.0629907355545996,-2.4800046554267414
-1.0718480519454465,-2.491404639147564,7.9918005213e-05,87,52,4.592441435952119,-1.0629907355545996,-2.4800046554267414
-1.071301738725057,-2.491402452155157,8.0337682448e-05,87,52,4.592441435952119,-1.0629907355545996,-2.4800046554267414
-1.070758080809411,-2.4914001036235383,8.0261081166e-05,87,52,4.592441435952119,-1.0629907355545996,-2.4800046554267414
-1.0702127995083996,-2.4914040799733708,7.9240897321e-05,87,52,4.592441435952119,-1.0629907355545996,-2.4800046554267414
-1.0696687263081257,-2.4914047137041226,7.8173194197e-05,87,52,4.592441435952119,-1.0629907355545996,-2.4800046554267414
-1.0691276859440755,-2.4914022906159445,7.7907105151e-05,87,52,4.592441435952119,-1.0629907355545996,-2.4800046554267414
-1.0685863183860742,-2.4914004888324306,7.787602226e-05,87,52,4.592441435952119,-1.0629907355545996,-2.4800046554267414
-1.0680329830801556,-2.4913992710752924,7.7376054833e-05,87,52,4.592441435952119,-1.0629907355545996,-2.4800046554267414
-1.0675072453254288,-2.491402029667987,7.8179000411e-05,87,52,4.592441435952119,-1.0629907355545996,-2.4800046554267414
-1.0669639397724984,-2.4914013835111404,7.9857156379e-05,87,52,4.592441435952119,-1.0629907355545996,-2.4800046554267414
-1.066417211267481,-2.4914020793723597,8.0174759205e-05,87,52,4.592441435952119,-1.0629907355545996,-2.4800046554267414
-1.0658705708531426,-2.4914007994847607,8.0012592662e-05,87,52,4.592441435952119,-1.0629907355545996,-2.4800046554267414
-1.065325100786392,-2.4914029243467,8.11115533e-05,87,52,4.592441435952119,-1.0629907355545996,-2.4800046554267414
-1.0647812037674742,-2.4914006503716397,7.6763128163e-05,87,52,4.592441435952119,-1.0629907355545996,-2.4800046554267414
-1.0642347143657287,-2.491400787058666,7.7287681052e-05,87,52,4.592441435952119,-1.0629907355545996,-2.4800046554267414
-1.0636922519664354,-2.491403011329354,7.9889439803e-05,87,52,4.592441435952119,-1.0629907355545996,-2.4800046554267414
-1.0631479522472727,-2.4914010852849047,7.7898657764e-05,87,52,4.592441435952119,-1.0629907355545996,-2.4800046554267414
-1.0626055401855103,-2.4914021166506406,7.6935029938e-05,87,52,4.592441435952119,-1.0629907355545996,-2.4800046554267414
-1.0620643739776332,-2.4914052977305055,7.9916033428e-05,87,52,4.592441435952119,-1.0629907355545996,-2.4800046554267414
-1.0615221758503763,-2.491403918434158,7.9323421232e-05,87,52,4.592441435952119,-1.0629907355545996,-2.4800046554267414
-1.0609757116173957,-2.4914031107380987,7.4732517533e-05,87,52,4.592441435952119,-1.0629907355545996,-2.4800046554267414
-1.0604466641700276,-2.491404639147564,7.9102886957e-05,87,52,4.592441435952119,-1.0629907355545996,-2.4800046554267414
-1.059917113347351,-2.4914022036332946,7.6805670687e-05,87,52,4.592441435952119,-1.0629907355545996,-2.4800046554267414
-1.0593831579907427,-2.491400327293218,7.8094555647e-05,87,52,4.592441435952119,-1.0629907355545996,-2.4800046554267414
-1.0588496934250575,-2.4914032474251253,8.0107573012e-05,87,52,4.592441435952119,-1.0629907355545996,-2.4800046554267414
-1.0583151843556113,-2.49140466399975,7.8978155216e-05,87,52,4.592441435952119,-1.0629907355545996,-2.4800046554267414
-1.0577867409586101,-2.4914025142856246,7.7298442193e-05,87,52,4.592441435952119,-1.0629907355545996,-2.4800046554267414
-1.0572555038286575,-2.4914021290767354,8.197400166e-05,87,52,4.592441435952119,-1.0629907355545996,-2.4800046554267414
-1.0566982044421993,-2.491401868128778,8.2771875896e-05,87,52,4.592441435952119,-1.0629907355545996,-2.4800046554267414
-1.056169282838658,-2.4914013710850487,8.2365695562e-05,87,52,4.592441435952119,-1.0629907355545996,-2.4800046554267414
-1.0556638185244098,-2.4914054219914368,8.2447098976e-05,87,52,4.592441435952119,-1.0629907355545996,-2.4800046554267414
-1.055130869918413,-2.4914035580774554,8.0131016148e-05,87,52,4.592441435952119,-1.0629907355545996,-2.4800046554267414
-1.0546015581990082,-2.491405533826277,7.859285688e-05,87,52,4.592441435952119,-1.0629907355545996,-2.4800046554267414
-1.0540726617642315,-2.4914039060080633,7.9255616583e-05,87,52,4.592441435952119,-1.0629907355545996,-2.4800046554267414
-1.0535408835058244,-2.491407534427285,7.7926197264e-05,87,52,4.592441435952119,-1.0629907355545996,-2.4800046554267414
-1.0530161147485635,-2.4914061302787514,7.8049793956e-05,87,52,4.592441435952119,-1.0629907355545996,-2.4800046554267414
-1.052484927956142,-2.4914062669657775,7.6981537859e-05,87,52,4.592441435952119,-1.0629907355545996,-2.4800046554267414
-1.0519421509472826,-2.491403632634014,7.6723430539e-05,87,52,4.592441435952119,-1.0629907355545996,-2.4800046554267414
-1.0513925280342518,-2.491407671114311,7.8957928054e-05,87,52,4.592441435952119,-1.0629907355545996,-2.4800046554267414
-1.0508497887785402,-2.4914034213904293,7.7083328506e-05,87,52,4.592441435952119,-1.0629907355545996,-2.4800046554267414
-1.0502977622484193,-2.491407845079615,7.720306894e-05,87,52,4.592441435952119,-1.0629907355545996,-2.4800046554267414
-1.0497559919901736,-2.49140334683387,7.5575087976e-05,87,52,4.592441435952119,-1.0629907355545996,-2.4800046554267414
-1.0492120068805784,-2.491403321981684,7.913459558e-05,87,52,4.592441435952119,-1.0629907355545996,-2.4800046554267414
-1.0486667004108026,-2.491401818424402,8.102125139e-05,87,52,4.592441435952119,-1.0629907355545996,-2.4800046554267414
-1.0481199215682542,-2.49140345866871,7.8065560956e-05,87,52,4.592441435952119,-1.0629907355545996,-2.4800046554267414
-1.0475759364586592,-2.4914036823383867,7.9307013948e-05,87,52,4.592441435952119,-1.0629907355545996,-2.4800046554267414
-1.0470349590165213,-2.4914059935917248,7.9255092714e-05,87,52,4.592441435952119,-1.0629907355545996,-2.4800046554267414
-1.0464891995089696,-2.4914050864869206,7.937492046e-05,87,52,4.592441435952119,-1.0629907355545996,-2.4800046554267414
-1.0459472656537474,-2.4914032722773114,7.9351222666e-05,87,52,4.592441435952119,-1.0629907355545996,-2.4800046554267414
-1.0454044005542094,-2.4914048131128714,7.9896679381e-05,87,52,4.592441435952119,-1.0629907355545996,-2.4800046554267414
-1.0448858736507514,-2.491405620808931,7.9914512753e-05,87,52,4.592441435952119,-1.0629907355545996,-2.4800046554267414
-1.0443674474223552,-2.491405769922048,7.9531011579e-05,87,52,4.592441435952119,-1.0629907355545996,-2.4800046554267414
-1.0438207944236337,-2.4914026758248373,8.1000827777e-05,87,52,4.592441435952119,-1.0629907355545996,-2.4800046554267414
-1.043322780063926,-2.4914041296777434,8.0204510596e-05,87,52,4.592441435952119,-1.0629907355545996,-2.4800046554267414
-1.0428038127070736,-2.4914024894334386,8.2919956185e-05,87,52,4.592441435952119,-1.0629907355545996,-2.4800046554267414
-1.0422869469421288,-2.4914031107380987,7.930763968e-05,87,52,4.592441435952119,-1.0629907355545996,-2.4800046554267414
-1.0417664820437396,-2.4914055462523685,7.9822246335e-05,87,52,4.592441435952119,-1.0629907355545996,-2.4800046554267414
-1.0412465834425713,-2.491405645661117,7.8337259765e-05,87,52,4.592441435952119,-1.0629907355545996,-2.4800046554267414
-1.0407324233198991,-2.49140281251186,7.9733865277e-05,87,52,4.592441435952119,-1.0629907355545996,-2.4800046554267414
-1.0402115305524988,-2.4914054716958094,8.0089856056e-05,87,52,4.592441435952119,-1.0629907355545996,-2.4800046554267414
-1.087405545356461,-2.490816151798726,0.00011110716878,87,52,4.592441435952119,-1.0629907355545996,-2.4800046554267414
-1.0868118267665614,-2.490813579597427,0.0001380155154,87,52,4.592441435952119,-1.0629907355545996,-2.4800046554267414
-1.0862091480962015,-2.490809839343369,0.00014592797379,87,52,4.592441435952119,-1.0629907355545996,-2.4800046554267414
-1.085616939632222,-2.4908106470394284,0.0001498159836,87,52,4.592441435952119,-1.0629907355545996,-2.4800046554267414
-1.085026102865953,-2.490813132258074,0.00014907422883,87,52,4.592441435952119,-1.0629907355545996,-2.4800046554267414
-1.0844426531323101,-2.490811541718142,0.00014270521933,87,52,4.592441435952119,-1.0629907355545996,-2.4800046554267414
-1.0838639728796977,-2.4908099387521143,0.00011497722153,87,52,4.592441435952119,-1.0629907355545996,-2.4800046554267414
-1.0832863245464655,-2.490807503237845,9.4964518212e-05,87,52,4.592441435952119,-1.0629907355545996,-2.4800046554267414
-1.0826857222992463,-2.490813691432267,8.4619401605e-05,87,52,4.592441435952119,-1.0629907355545996,-2.4800046554267414
-1.0820883290696068,-2.4908090067951236,7.8106524597e-05,87,52,4.592441435952119,-1.0629907355545996,-2.4800046554267414
-1.0814926347316283,-2.4908127470491817,7.7876917203e-05,87,52,4.592441435952119,-1.0629907355545996,-2.4800046554267414
-1.0809028550535036,-2.4908099760303957,7.8511453466e-05,87,52,4.592441435952119,-1.0629907355545996,-2.4800046554267414
-1.0803101432142157,-2.4908122748576385,7.5472627941e-05,87,52,4.592441435952119,-1.0629907355545996,-2.4800046554267414
-1.0797277253999527,-2.490811454735488,7.7551041613e-05,87,52,4.592441435952119,-1.0629907355545996,-2.4800046554267414
-1.079139392925834,-2.490810100291327,7.9337587522e-05,87,52,4.592441435952119,-1.0629907355545996,-2.4800046554267414
-1.0785568492677442,-2.4908081990990643,7.7705270087e-05,87,52,4.592441435952119,-1.0629907355545996,-2.4800046554267414
-1.0779739784157039,-2.4908096032475977,7.7291791968e-05,87,52,4.592441435952119,-1.0629907355545996,-2.4800046554267414
-1.0773931336492732,-2.4908106097611475,7.8001161455e-05,87,52,4.592441435952119,-1.0629907355545996,-2.4800046554267414
-1.0768140003588853,-2.490809951178209,7.97670873e-05,87,52,4.592441435952119,-1.0629907355545996,-2.4800046554267414
-1.0762364778694795,-2.49080606181103,7.7786768088e-05,87,52,4.592441435952119,-1.0629907355545996,-2.4800046554267414
-1.07567610789365,-2.490809379577921,7.9286503023e-05,87,52,4.592441435952119,-1.0629907355545996,-2.4800046554267414
-1.0751287879226472,-2.4908096156736894,7.9493460362e-05,87,52,4.592441435952119,-1.0629907355545996,-2.4800046554267414
-1.0745781330902364,-2.4908118026660993,7.5965035649e-05,87,52,4.592441435952119,-1.0629907355545996,-2.4800046554267414
-1.0740305488471986,-2.490810410943657,7.7977470937e-05,87,52,4.592441435952119,-1.0629907355545996,-2.4800046554267414
-1.0734815174001533,-2.490812436396851,7.7638709627e-05,87,52,4.592441435952119,-1.0629907355545996,-2.4800046554267414
-1.0729135212884273,-2.4908085097513943,7.8049684817e-05,87,52,4.592441435952119,-1.0629907355545996,-2.4800046554267414
-1.072389381750298,-2.490807987855479,7.8078104707e-05,87,52,4.592441435952119,-1.0629907355545996,-2.4800046554267414
-1.0718479386860011,-2.490810560056775,7.7450597018e-05,87,52,4.592441435952119,-1.0629907355545996,-2.4800046554267414
-1.0712983786948844,-2.490809590821503,7.7947697719e-05,87,52,4.592441435952119,-1.0629907355545996,-2.4800046554267414
-1.0707545445978808,-2.490810522778497,8.0588819401e-05,87,52,4.592441435952119,-1.0629907355545996,-2.4800046554267414
-1.0702101945411873,-2.490812125744521,8.0432590039e-05,87,52,4.592441435952119,-1.0629907355545996,-2.4800046554267414
-1.0696637428925897,-2.4908071801594196,8.0534620793e-05,87,52,4.592441435952119,-1.0629907355545996,-2.4800046554267414
-1.069121934881196,-2.4908098890477417,7.812979311e-05,87,52,4.592441435952119,-1.0629907355545996,-2.4800046554267414
-1.0685815363206606,-2.4908066582635042,7.6527285273e-05,87,52,4.592441435952119,-1.0629907355545996,-2.4800046554267414
-1.0680488897398481,-2.4908103612392845,7.7503966168e-05,87,52,4.592441435952119,-1.0629907355545996,-2.4800046554267414
-1.067506880378332,-2.490807950577198,7.6916629041e-05,87,52,4.592441435952119,-1.0629907355545996,-2.4800046554267414
-1.066962479984109,-2.4908074659595636,7.7961478382e-05,87,52,4.592441435952119,-1.0629907355545996,-2.4800046554267414
-1.0664159024916833,-2.4908081990990643,7.7723118011e-05,87,52,4.592441435952119,-1.0629907355545996,-2.4800046554267414
-1.0658687964551858,-2.490810212126167,7.8842225776e-05,87,52,4.592441435952119,-1.0629907355545996,-2.4800046554267414
-1.0653295053203258,-2.4908097896389965,7.800108142e-05,87,52,4.592441435952119,-1.0629907355545996,-2.4800046554267414
-1.0647807884828462,-2.490810709169896,7.928062405e-05,87,52,4.592441435952119,-1.0629907355545996,-2.4800046554267414
-1.0642371053984356,-2.490812138170616,7.7925658843e-05,87,52,4.592441435952119,-1.0629907355545996,-2.4800046554267414
-1.0636937243392077,-2.490812548231691,7.8618439147e-05,87,52,4.592441435952119,-1.0629907355545996,-2.4800046554267414
-1.0631532251036118,-2.4908092925952676,7.7441894973e-05,87,52,4.592441435952119,-1.0629907355545996,-2.4800046554267414
-1.0626102467446286,-2.490811007396131,7.8367491369e-05,87,52,4.592441435952119,-1.0629907355545996,-2.4800046554267414
-1.062042703670678,-2.4908098641955556,7.881361671e-05,87,52,4.592441435952119,-1.0629907355545996,-2.4800046554267414
-1.0615222639410553,-2.4908112310658077,7.7251279436e-05,87,52,4.592441435952119,-1.0629907355545996,-2.4800046554267414
-1.0609598552952342,-2.490809988456487,7.999153604e-05,87,52,4.592441435952119,-1.0629907355545996,-2.4800046554267414
-1.0604519621951296,-2.4908109079873864,7.9379933595e-05,87,52,4.592441435952119,-1.0629907355545996,-2.4800046554267414
-1.0599236194731905,-2.4908124736751325,8.1237922132e-05,87,52,4.592441435952119,-1.0629907355545996,-2.4800046554267414
-1.0593895760259031,-2.490810299108817,8.0782956502e-05,87,52,4.592441435952119,-1.0629907355545996,-2.4800046554267414
-1.0588549536970133,-2.4908113429006478,7.8740384197e-05,87,52,4.592441435952119,-1.0629907355545996,-2.4800046554267414
-1.0583234145418765,-2.4908074411073775,7.9853336501e-05,87,52,4.592441435952119,-1.0629907355545996,-2.4800046554267414
-1.0577943670945067,-2.4908091807604276,8.4282743046e-05,87,52,4.592441435952119,-1.0629907355545996,-2.4800046554267414
-1.057264967284425,-2.490812225153266,8.1719386799e-05,87,52,4.592441435952119,-1.0629907355545996,-2.4800046554267414
-1.056734648814407,-2.4908098641955556,8.4283092292e-05,87,52,4.592441435952119,-1.0629907355545996,-2.4800046554267414
-1.0562044813569802,-2.490809926326023,8.3882579929e-05,87,52,4.592441435952119,-1.0629907355545996,-2.4800046554267414
-1.055671432075923,-2.4908043097318853,8.4137827798e-05,87,52,4.592441435952119,-1.0629907355545996,-2.4800046554267414
-1.0551211799437588,-2.4908062854807067,8.4910410806e-05,87,52,4.592441435952119,-1.0629907355545996,-2.4800046554267414
-1.0546166217050619,-2.490804682514683,8.4031948063e-05,87,52,4.592441435952119,-1.0629907355545996,-2.4800046554267414
-1.0540879392047908,-2.490806919211462,8.3964805526e-05,87,52,4.592441435952119,-1.0629907355545996,-2.4800046554267414
-1.0535600621050105,-2.4908067576722495,8.1633719674e-05,87,52,4.592441435952119,-1.0629907355545996,-2.4800046554267414
-1.0530350542444795,-2.4908051174279446,8.2087441115e-05,87,52,4.592441435952119,-1.0629907355545996,-2.4800046554267414
-1.0525106630186984,-2.490809093777777,8.3623803221e-05,87,52,4.592441435952119,-1.0629907355545996,-2.4800046554267414
-1.0519635569822012,-2.490807130455047,7.927675324e-05,87,52,4.592441435952119,-1.0629907355545996,-2.4800046554267414
-1.0514130279936171,-2.490806422167733,8.1205878814e-05,87,52,4.592441435952119,-1.0629907355545996,-2.4800046554267414
-1.05086705455156,-2.4908056890282326,8.0631660239e-05,87,52,4.592441435952119,-1.0629907355545996,-2.4800046554267414
-1.050322087860116,-2.4908043345840714,8.0907215306e-05,87,52,4.592441435952119,-1.0629907355545996,-2.4800046554267414
-1.0497760137429986,-2.4908092180387085,8.2502323494e-05,87,52,4.592441435952119,-1.0629907355545996,-2.4800046554267414
-1.0492101443919428,-2.4908066831156908,8.2015561929e-05,87,52,4.592441435952119,-1.0629907355545996,-2.4800046554267414
-1.0486843562996853,-2.490806546428664,8.166149928e-05,87,52,4.592441435952119,-1.0629907355545996,-2.4800046554267414
-1.0481440584142119,-2.4908049931670133,8.2102997112e-05,87,52,4.592441435952119,-1.0629907355545996,-2.4800046554267414
-1.0476015079242396,-2.4908080251337603,8.1473997852e-05,87,52,4.592441435952119,-1.0629907355545996,-2.4800046554267414
-1.0470354246386802,-2.490804110914395,7.9645091319e-05,87,52,4.592441435952119,-1.0629907355545996,-2.4800046554267414
-1.0465133363549255,-2.4908048564799867,8.1465703261e-05,87,52,4.592441435952119,-1.0629907355545996,-2.4800046554267414
-1.0459696406861316,-2.490804645236402,8.1694088294e-05,87,52,4.592441435952119,-1.0629907355545996,-2.4800046554267414
-1.0454083268816028,-2.4908019114958933,7.8756565927e-05,87,52,4.592441435952119,-1.0629907355545996,-2.4800046554267414
-1.0449093812775756,-2.490806956489743,8.0745572632e-05,87,52,4.592441435952119,-1.0629907355545996,-2.4800046554267414
-1.0443928804597276,-2.490805365949811,8.2021615526e-05,87,52,4.592441435952119,-1.0629907355545996,-2.4800046554267414
-1.0438709054354183,-2.4908045209754706,8.2277590991e-05,87,52,4.592441435952119,-1.0629907355545996,-2.4800046554267414
-1.0433499371617239,-2.4908061612197754,8.1816389866e-05,87,52,4.592441435952119,-1.0629907355545996,-2.4800046554267414
-1.0428317122834485,-2.4908071925855113,8.2652026322e-05,87,52,4.592441435952119,-1.0629907355545996,-2.4800046554267414
-1.0423121282918477,-2.4908041606187674,7.9637378803e-05,87,52,4.592441435952119,-1.0629907355545996,-2.4800046554267414
-1.0417940670105486,-2.490807416255191,8.0518366303e-05,87,52,4.592441435952119,-1.0629907355545996,-2.4800046554267414
-1.041278900137263,-2.490805390801997,7.8203942394e-05,87,52,4.592441435952119,-1.0629907355545996,-2.4800046554267414
-1.0407615939189239,-2.490805080149667,7.9480851127e-05,87,52,4.592441435952119,-1.0629907355545996,-2.4800046554267414
-1.0402222650309143,-2.490806310332893,8.0216370407e-05,87,52,4.592441435952119,-1.0629907355545996,-2.4800046554267414
-1.087402550273387,-2.4902147040346545,0.00010547495185,87,52,4.592441435952119,-1.0629907355545996,-2.4800046554267414
-1.0868055723283754,-2.490211001058878,0.00013876591402,87,52,4.592441435952119,-1.0629907355545996,-2.4800046554267414
-1.0862113503631692,-2.4902095844842496,0.00014656248095,87,52,4.592441435952119,-1.0629907355545996,-2.4800046554267414
-1.0856214196724514,-2.4902084412836736,0.00015070523659,87,52,4.592441435952119,-1.0629907355545996,-2.4800046554267414
-1.0850287707550779,-2.490210876797943,0.00014927331358,87,52,4.592441435952119,-1.0629907355545996,-2.4800046554267414
-1.0844484922858684,-2.490208963179589,0.00014246479259,87,52,4.592441435952119,-1.0629907355545996,-2.4800046554267414
-1.0838649544615466,-2.490210876797943,0.00011915025243,87,52,4.592441435952119,-1.0629907355545996,-2.4800046554267414
-1.08329205044058,-2.4902091992753603,9.9177603261e-05,87,52,4.592441435952119,-1.0629907355545996,-2.4800046554267414
-1.0826904036895981,-2.490210243067191,8.6690917669e-05,87,52,4.592441435952119,-1.0629907355545996,-2.4800046554267414
-1.08209074527108,-2.490208988031775,7.8051831224e-05,87,52,4.592441435952119,-1.0629907355545996,-2.4800046554267414
-1.0814952271144576,-2.490209820580021,7.6216667367e-05,87,52,4.592441435952119,-1.0629907355545996,-2.4800046554267414
-1.080906391265032,-2.4902104915890537,7.503341476e-05,87,52,4.592441435952119,-1.0629907355545996,-2.4800046554267414
-1.0803161585491317,-2.4902088264925624,7.6205695223e-05,87,52,4.592441435952119,-1.0629907355545996,-2.4800046554267414
-1.0797311609364209,-2.4902113365633944,7.7227297879e-05,87,52,4.592441435952119,-1.0629907355545996,-2.4800046554267414
-1.0791434576814356,-2.4902118957375876,8.0423626059e-05,87,52,4.592441435952119,-1.0629907355545996,-2.4800046554267414
-1.078563921690803,-2.490209820580021,7.9528974311e-05,87,52,4.592441435952119,-1.0629907355545996,-2.4800046554267414
-1.0779782822745756,-2.4902102057889097,7.8975434008e-05,87,52,4.592441435952119,-1.0629907355545996,-2.4800046554267414
-1.0773983058305485,-2.490213622964546,7.6907759649e-05,87,52,4.592441435952119,-1.0629907355545996,-2.4800046554267414
-1.0768214628978072,-2.4902116347896297,7.7086660895e-05,87,52,4.592441435952119,-1.0629907355545996,-2.4800046554267414
-1.0762425687106911,-2.4902091868492655,7.9440593254e-05,87,52,4.592441435952119,-1.0629907355545996,-2.4800046554267414
-1.0756836711076339,-2.490210851945757,7.7791992226e-05,87,52,4.592441435952119,-1.0629907355545996,-2.4800046554267414
-1.0751359484363847,-2.4902119330158685,7.6912481745e-05,87,52,4.592441435952119,-1.0629907355545996,-2.4800046554267414
-1.0745867785611294,-2.4902113986938583,7.980929513e-05,87,52,4.592441435952119,-1.0629907355545996,-2.4800046554267414
-1.0740380113861205,-2.490210715258734,8.1049547589e-05,87,52,4.592441435952119,-1.0629907355545996,-2.4800046554267414
-1.0734692979645823,-2.4902114235460444,7.9430297774e-05,87,52,4.592441435952119,-1.0629907355545996,-2.4800046554267414
-1.0729452339327503,-2.4902125170422478,7.8661389125e-05,87,52,4.592441435952119,-1.0629907355545996,-2.4800046554267414
-1.0724011859012412,-2.4902120324246138,8.0185840488e-05,87,52,4.592441435952119,-1.0629907355545996,-2.4800046554267414
-1.0718543063836325,-2.4902103673281224,7.9350218584e-05,87,52,4.592441435952119,-1.0629907355545996,-2.4800046554267414
-1.0713088740700298,-2.490210839519665,8.102976426e-05,87,52,4.592441435952119,-1.0629907355545996,-2.4800046554267414
-1.0707661222299354,-2.4902136478167325,8.243938646e-05,87,52,4.592441435952119,-1.0629907355545996,-2.4800046554267414
-1.0702202117097923,-2.490212467337875,8.197833813e-05,87,52,4.592441435952119,-1.0629907355545996,-2.4800046554267414
-1.0696785798797546,-2.49021216911164,8.2415805082e-05,87,52,4.592441435952119,-1.0629907355545996,-2.4800046554267414
-1.0691353372487364,-2.490209870284393,8.1182304712e-05,87,52,4.592441435952119,-1.0629907355545996,-2.4800046554267414
-1.068593491484195,-2.490213883912504,8.1958816736e-05,87,52,4.592441435952119,-1.0629907355545996,-2.4800046554267414
-1.0680664449536705,-2.4902122188160125,8.0063386122e-05,87,52,4.592441435952119,-1.0629907355545996,-2.4800046554267414
-1.067518671944892,-2.4902086401011636,7.8598590335e-05,87,52,4.592441435952119,-1.0629907355545996,-2.4800046554267414
-1.0669741960443717,-2.4902123555030387,8.0517536844e-05,87,52,4.592441435952119,-1.0629907355545996,-2.4800046554267414
-1.066431821735759,-2.4902101436584423,8.3823215391e-05,87,52,4.592441435952119,-1.0629907355545996,-2.4800046554267414
-1.0658843129990152,-2.4902126413031827,7.8872595623e-05,87,52,4.592441435952119,-1.0629907355545996,-2.4800046554267414
-1.0653373453907278,-2.4902143809562327,8.3580482169e-05,87,52,4.592441435952119,-1.0629907355545996,-2.4800046554267414
-1.06479901066895,-2.4902116347896297,8.1598649558e-05,87,52,4.592441435952119,-1.0629907355545996,-2.4800046554267414
-1.064254975221824,-2.4902115105286984,8.4321269242e-05,87,52,4.592441435952119,-1.0629907355545996,-2.4800046554267414
-1.0637116067469792,-2.490209422945037,8.3566461399e-05,87,52,4.592441435952119,-1.0629907355545996,-2.4800046554267414
-1.0631684396222567,-2.490213337164402,8.2026672317e-05,87,52,4.592441435952119,-1.0629907355545996,-2.4800046554267414
-1.0626052759134756,-2.4902112620068353,8.0674588389e-05,87,52,4.592441435952119,-1.0629907355545996,-2.4800046554267414
-1.0620834267329928,-2.490208814066471,8.3097074821e-05,87,52,4.592441435952119,-1.0629907355545996,-2.4800046554267414
-1.0615442614419595,-2.490211311711208,8.2894359366e-05,87,52,4.592441435952119,-1.0629907355545996,-2.4800046554267414
-1.0610036741156847,-2.490211870885401,8.1675396359e-05,87,52,4.592441435952119,-1.0629907355545996,-2.4800046554267414
-1.0604735947489368,-2.4902098827104884,8.0959594925e-05,87,52,4.592441435952119,-1.0629907355545996,-2.4800046554267414
-1.0599448241579867,-2.4902136353906377,8.209238149e-05,87,52,4.592441435952119,-1.0629907355545996,-2.4800046554267414
-1.0593888083785599,-2.490209534779877,8.3484890638e-05,87,52,4.592441435952119,-1.0629907355545996,-2.4800046554267414
-1.0588795309963637,-2.4902102182150045,7.8629454947e-05,87,52,4.592441435952119,-1.0629907355545996,-2.4800046554267414
-1.058348256113263,-2.4902141821387427,8.2765349362e-05,87,52,4.592441435952119,-1.0629907355545996,-2.4800046554267414
-1.0577939014723494,-2.490211982720241,8.2387756265e-05,87,52,4.592441435952119,-1.0629907355545996,-2.4800046554267414
-1.0572872038885992,-2.490210615849985,8.6666019342e-05,87,52,4.592441435952119,-1.0629907355545996,-2.4800046554267414
-1.0567570615999389,-2.4902123555030387,8.6937026936e-05,87,52,4.592441435952119,-1.0629907355545996,-2.4800046554267414
-1.0562280896588665,-2.4902124052074113,8.6638545326e-05,87,52,4.592441435952119,-1.0629907355545996,-2.4800046554267414
-1.055696336569224,-2.4902161454614693,8.5735744506e-05,87,52,4.592441435952119,-1.0629907355545996,-2.4800046554267414
-1.0551676540689527,-2.490213337164402,8.0610690929e-05,87,52,4.592441435952119,-1.0629907355545996,-2.4800046554267414
-1.0546433886869984,-2.4902110631893417,8.3747807366e-05,87,52,4.592441435952119,-1.0629907355545996,-2.4800046554267414
-1.054110830196865,-2.490211560233071,8.1040081568e-05,87,52,4.592441435952119,-1.0629907355545996,-2.4800046554267414
-1.0535867661650329,-2.490214008173435,8.2955586549e-05,87,52,4.592441435952119,-1.0629907355545996,-2.4800046554267414
-1.0530582095085883,-2.490213026512072,8.3631566667e-05,87,52,4.592441435952119,-1.0629907355545996,-2.4800046554267414
-1.0525320313004676,-2.490214045451716,8.0048223026e-05,87,52,4.592441435952119,-1.0629907355545996,-2.4800046554267414
-1.0519904246391962,-2.4902098951365796,8.1982281699e-05,87,52,4.592441435952119,-1.0629907355545996,-2.4800046554267414
-1.0514433060183175,-2.490215946643979,7.9934863606e-05,87,52,4.592441435952119,-1.0629907355545996,-2.4800046554267414
-1.0509003402437174,-2.490214505217164,8.2300677605e-05,87,52,4.592441435952119,-1.0629907355545996,-2.4800046554267414
-1.0503534481417256,-2.490209273831919,7.8168217442e-05,87,52,4.592441435952119,-1.0629907355545996,-2.4800046554267414
-1.049807323687077,-2.4902123306508526,8.1487451098e-05,87,52,4.592441435952119,-1.0629907355545996,-2.4800046554267414
-1.0492655156756834,-2.490209870284393,7.9566059867e-05,87,52,4.592441435952119,-1.0629907355545996,-2.4800046554267414
-1.0487207125812141,-2.4902114359721397,8.2442871644e-05,87,52,4.592441435952119,-1.0629907355545996,-2.4800046554267414
-1.0481772560156903,-2.490211572659166,8.2803082478e-05,87,52,4.592441435952119,-1.0629907355545996,-2.4800046554267414
-1.0476327046088745,-2.490210876797943,8.461571997e-05,87,52,4.592441435952119,-1.0629907355545996,-2.4800046554267414
-1.0470701575348436,-2.490211162598087,8.3315957454e-05,87,52,4.592441435952119,-1.0629907355545996,-2.4800046554267414
-1.0465272420977743,-2.4902088389186576,8.256232104e-05,87,52,4.592441435952119,-1.0629907355545996,-2.4800046554267414
-1.045984502842063,-2.4902089134752163,8.223621262e-05,87,52,4.592441435952119,-1.0629907355545996,-2.4800046554267414
-1.0454650195255224,-2.490208876196935,8.24064482e-05,87,52,4.592441435952119,-1.0629907355545996,-2.4800046554267414
-1.044947373528851,-2.4902104791629625,8.3841354353e-05,87,52,4.592441435952119,-1.0629907355545996,-2.4800046554267414
-1.0444049992202367,-2.4902111377459004,8.4064922703e-05,87,52,4.592441435952119,-1.0629907355545996,-2.4800046554267414
-1.0439072868857115,-2.490209646614717,8.3092483692e-05,87,52,4.592441435952119,-1.0629907355545996,-2.4800046554267414
-1.0433873757001617,-2.490210876797943,8.2510210632e-05,87,52,4.592441435952119,-1.0629907355545996,-2.4800046554267414
-1.042869050146826,-2.490212268520385,8.2023208961e-05,87,52,4.592441435952119,-1.0629907355545996,-2.4800046554267414
-1.0423501708806526,-2.4902117093461884,8.2326914708e-05,87,52,4.592441435952119,-1.0629907355545996,-2.4800046554267414
-1.0418324619620687,-2.4902106407021716,8.2823644334e-05,87,52,4.592441435952119,-1.0629907355545996,-2.4800046554267414
-1.041316200247491,-2.490210280345469,8.2065555034e-05,87,52,4.592441435952119,-1.0629907355545996,-2.4800046554267414
-1.0407976985127976,-2.4902074844744964,8.097144746e-05,87,52,4.592441435952119,-1.0629907355545996,-2.4800046554267414
-1.040279586893969,-2.4902090128839616,8.1633588707e-05,87,52,4.592441435952119,-1.0629907355545996,-2.4800046554267414
-1.0874109692253913,-2.489631622036366,9.9470584246e-05,87,52,4.592441435952119,-1.0629907355545996,-2.4800046554267414
-1.0868162061317306,-2.4896294350439594,0.00013069134729,87,52,4.592441435952119,-1.0629907355545996,-2.4800046554267414
-1.0862124829576092,-2.4896285030869687,0.00014459874365,87,52,4.592441435952119,-1.0629907355545996,-2.4800046554267414
-1.0856173297480853,-2.4896255581028752,0.00014618688147,87,52,4.592441435952119,-1.0629907355545996,-2.4800046554267414
-1.0850303563872954,-2.489627397164674,0.00015063767205,87,52,4.592441435952119,-1.0629907355545996,-2.4800046554267414
-1.0844476239634648,-2.48962873918274,0.00014353870938,87,52,4.592441435952119,-1.0629907355545996,-2.4800046554267414
-1.0838583854137946,-2.489627571129978,0.0001211671115,87,52,4.592441435952119,-1.0629907355545996,-2.4800046554267414
-1.0832919623499013,-2.4896269498253174,0.00010005861986,87,52,4.592441435952119,-1.0629907355545996,-2.4800046554267414
-1.0826889816543568,-2.489625607807248,8.6796710093e-05,87,52,4.592441435952119,-1.0629907355545996,-2.4800046554267414
-1.0820842265608575,-2.4896247007024432,8.0689373135e-05,87,52,4.592441435952119,-1.0629907355545996,-2.4800046554267414
-1.0815010285148678,-2.489622103648961,7.8614270024e-05,87,52,4.592441435952119,-1.0629907355545996,-2.4800046554267414
-1.080909537360699,-2.4896272480515527,7.6403666753e-05,87,52,4.592441435952119,-1.0629907355545996,-2.4800046554267414
-1.080321255224113,-2.48962534685929,7.8394914453e-05,87,52,4.592441435952119,-1.0629907355545996,-2.4800046554267414
-1.0797333380346223,-2.489625856329114,7.8985649452e-05,87,52,4.592441435952119,-1.0629907355545996,-2.4800046554267414
-1.0791470819836446,-2.489622712527527,7.7406410128e-05,87,52,4.592441435952119,-1.0629907355545996,-2.4800046554267414
-1.0785626380837714,-2.489627782373563,7.8766737715e-05,87,52,4.592441435952119,-1.0629907355545996,-2.4800046554267414
-1.0779817052266623,-2.4896244770327667,7.8900469816e-05,87,52,4.592441435952119,-1.0629907355545996,-2.4800046554267414
-1.0774045728531179,-2.489627061660154,7.7746764873e-05,87,52,4.592441435952119,-1.0629907355545996,-2.4800046554267414
-1.0768224822328039,-2.489625719642088,7.7036864241e-05,87,52,4.592441435952119,-1.0629907355545996,-2.4800046554267414
-1.0762428581514925,-2.489627745095282,8.0244077253e-05,87,52,4.592441435952119,-1.0629907355545996,-2.4800046554267414
-1.0756884280042813,-2.4896253095810126,7.80064438e-05,87,52,4.592441435952119,-1.0629907355545996,-2.4800046554267414
-1.0751350926983643,-2.4896278072257494,7.8122495324e-05,87,52,4.592441435952119,-1.0629907355545996,-2.4800046554267414
-1.0745852432664447,-2.4896272977559253,7.9246943642e-05,87,52,4.592441435952119,-1.0629907355545996,-2.4800046554267414
-1.0740396221871027,-2.4896302427400188,8.0509766121e-05,87,52,4.592441435952119,-1.0629907355545996,-2.4800046554267414
-1.0734904145586996,-2.489629198948188,7.7733711805e-05,87,52,4.592441435952119,-1.0629907355545996,-2.4800046554267414
-1.0729440258320146,-2.489625993016137,7.9486744653e-05,87,52,4.592441435952119,-1.0629907355545996,-2.4800046554267414
-1.0723817178612538,-2.489631087714359,8.0178644566e-05,87,52,4.592441435952119,-1.0629907355545996,-2.4800046554267414
-1.071856672247573,-2.489626291242376,8.2469028712e-05,87,52,4.592441435952119,-1.0629907355545996,-2.4800046554267414
-1.07131052262416,-2.48962885101758,8.3225255366e-05,87,52,4.592441435952119,-1.0629907355545996,-2.4800046554267414
-1.070769457091343,-2.4896269622514087,8.1721147581e-05,87,52,4.592441435952119,-1.0629907355545996,-2.4800046554267414
-1.070225371306686,-2.4896251480418,8.0912541307e-05,87,52,4.592441435952119,-1.0629907355545996,-2.4800046554267414
-1.0696790580862967,-2.4896273598863927,8.0838719441e-05,87,52,4.592441435952119,-1.0629907355545996,-2.4800046554267414
-1.06913837008496,-2.4896257693464605,8.239177987e-05,87,52,4.592441435952119,-1.0629907355545996,-2.4800046554267414
-1.0685774212275279,-2.4896256699377153,8.1046768173e-05,87,52,4.592441435952119,-1.0629907355545996,-2.4800046554267414
-1.068070320943533,-2.4896278693562133,8.1040569057e-05,87,52,4.592441435952119,-1.0629907355545996,-2.4800046554267414
-1.0675232023226524,-2.4896261545553493,7.9704797827e-05,87,52,4.592441435952119,-1.0629907355545996,-2.4800046554267414
-1.06698106711731,-2.4896301060529957,7.9101788288e-05,87,52,4.592441435952119,-1.0629907355545996,-2.4800046554267414
-1.0664354460379661,-2.489630056348623,8.2198537712e-05,87,52,4.592441435952119,-1.0629907355545996,-2.4800046554267414
-1.0658904793465225,-2.489631646888552,8.345804963e-05,87,52,4.592441435952119,-1.0629907355545996,-2.4800046554267414
-1.0653259187712645,-2.4896273598863927,8.3430670202e-05,87,52,4.592441435952119,-1.0629907355545996,-2.4800046554267414
-1.0648039563313383,-2.4896278072257494,8.3941289631e-05,87,52,4.592441435952119,-1.0629907355545996,-2.4800046554267414
-1.064262588773339,-2.4896273723124875,8.0732213974e-05,87,52,4.592441435952119,-1.0629907355545996,-2.4800046554267414
-1.063720189295958,-2.4896309386012416,8.1328755186e-05,87,52,4.592441435952119,-1.0629907355545996,-2.4800046554267414
-1.0631780666749986,-2.489626117277072,7.9656274465e-05,87,52,4.592441435952119,-1.0629907355545996,-2.4800046554267414
-1.0626349373034238,-2.4896279439127755,8.3249156887e-05,87,52,4.592441435952119,-1.0629907355545996,-2.4800046554267414
-1.0620937710955451,-2.4896273350342066,8.3083024947e-05,87,52,4.592441435952119,-1.0629907355545996,-2.4800046554267414
-1.0615557761520997,-2.4896278072257494,8.1882470113e-05,87,52,4.592441435952119,-1.0629907355545996,-2.4800046554267414
-1.0610146728661352,-2.4896278693562133,8.1139856775e-05,87,52,4.592441435952119,-1.0629907355545996,-2.4800046554267414
-1.0604811831316854,-2.4896275835560693,8.2784594269e-05,87,52,4.592441435952119,-1.0629907355545996,-2.4800046554267414
-1.05995587324597,-2.489627036807968,8.2996375568e-05,87,52,4.592441435952119,-1.0629907355545996,-2.4800046554267414
-1.0594240446500318,-2.489626639172987,8.219985466e-05,87,52,4.592441435952119,-1.0629907355545996,-2.4800046554267414
-1.0588886546737988,-2.489628279417292,8.2598184235e-05,87,52,4.592441435952119,-1.0629907355545996,-2.4800046554267414
-1.0583405167179216,-2.4896246509980706,8.2438673417e-05,87,52,4.592441435952119,-1.0629907355545996,-2.4800046554267414
-1.0578302703382596,-2.489624675850257,8.3336577518e-05,87,52,4.592441435952119,-1.0629907355545996,-2.4800046554267414
-1.057301701097432,-2.489627272903739,8.3384940808e-05,87,52,4.592441435952119,-1.0629907355545996,-2.4800046554267414
-1.0567701996954444,-2.4896257693464605,8.3419407019e-05,87,52,4.592441435952119,-1.0629907355545996,-2.4800046554267414
-1.0562420331548614,-2.489629708418012,8.3373510279e-05,87,52,4.592441435952119,-1.0629907355545996,-2.4800046554267414
-1.0557138288611323,-2.4896275089995106,8.4384606453e-05,87,52,4.592441435952119,-1.0629907355545996,-2.4800046554267414
-1.055185511307958,-2.489631559905902,8.4169885668e-05,87,52,4.592441435952119,-1.0629907355545996,-2.4800046554267414
-1.054656753301391,-2.4896278196518407,8.3681152319e-05,87,52,4.592441435952119,-1.0629907355545996,-2.4800046554267414
-1.0541282469824775,-2.489631845706046,8.3339829871e-05,87,52,4.592441435952119,-1.0629907355545996,-2.4800046554267414
-1.053598884925542,-2.48962885101758,8.4058236098e-05,87,52,4.592441435952119,-1.0629907355545996,-2.4800046554267414
-1.0530768721480848,-2.489630267592205,8.3385079051e-05,87,52,4.592441435952119,-1.0629907355545996,-2.4800046554267414
-1.0525302946556605,-2.489628490660877,8.3938932221e-05,87,52,4.592441435952119,-1.0629907355545996,-2.4800046554267414
-1.0520092382912856,-2.4896288634436714,8.3983795776e-05,87,52,4.592441435952119,-1.0629907355545996,-2.4800046554267414
-1.0514635165368817,-2.4896273226081114,8.4176419477e-05,87,52,4.592441435952119,-1.0629907355545996,-2.4800046554267414
-1.0509158064500173,-2.489630553392349,8.2812213805e-05,87,52,4.592441435952119,-1.0629907355545996,-2.4800046554267414
-1.0503754078894818,-2.489628925574139,8.1565958681e-05,87,52,4.592441435952119,-1.0629907355545996,-2.4800046554267414
-1.049806618961648,-2.489627098938435,8.2089798525e-05,87,52,4.592441435952119,-1.0629907355545996,-2.4800046554267414
-1.049284002133822,-2.489625856329114,8.1781487097e-05,87,52,4.592441435952119,-1.0629907355545996,-2.4800046554267414
-1.0487455289838343,-2.4896286646261814,8.230459207e-05,87,52,4.592441435952119,-1.0629907355545996,-2.4800046554267414
-1.0481996562168392,-2.489628055747612,8.1145735749e-05,87,52,4.592441435952119,-1.0629907355545996,-2.4800046554267414
-1.0476580495555678,-2.489630752209843,8.1879275967e-05,87,52,4.592441435952119,-1.0629907355545996,-2.4800046554267414
-1.0471142783804783,-2.4896272604776475,8.2970887888e-05,87,52,4.592441435952119,-1.0629907355545996,-2.4800046554267414
-1.0465732883539574,-2.489630764635934,8.1047524873e-05,87,52,4.592441435952119,-1.0629907355545996,-2.4800046554267414
-1.046036564433162,-2.4896279439127755,8.2738457422e-05,87,52,4.592441435952119,-1.0629907355545996,-2.4800046554267414
-1.045493800008684,-2.48962831669557,8.264619828e-05,87,52,4.592441435952119,-1.0629907355545996,-2.4800046554267414
-1.0449755499616458,-2.4896317587233923,8.4124927525e-05,87,52,4.592441435952119,-1.0629907355545996,-2.4800046554267414
-1.0444548837131342,-2.4896271237906213,8.2591861428e-05,87,52,4.592441435952119,-1.0629907355545996,-2.4800046554267414
-1.0439362813033803,-2.4896279314866807,8.2973536337e-05,87,52,4.592441435952119,-1.0629907355545996,-2.4800046554267414
-1.043416936415048,-2.48962719834718,8.1038837379e-05,87,52,4.592441435952119,-1.0629907355545996,-2.4800046554267414
-1.0429007376223844,-2.4896279190605894,7.875157462e-05,87,52,4.592441435952119,-1.0629907355545996,-2.4800046554267414
-1.0423811913839298,-2.4896250859113325,7.9049990745e-05,87,52,4.592441435952119,-1.0629907355545996,-2.4800046554267414
-1.0418649674224998,-2.489630180609555,8.0084406363e-05,87,52,4.592441435952119,-1.0629907355545996,-2.4800046554267414
-1.0413485924484784,-2.48963059067063,7.9633879068e-05,87,52,4.592441435952119,-1.0629907355545996,-2.4800046554267414
-1.0408292601445293,-2.489625247450545,7.9979799921e-05,87,52,4.592441435952119,-1.0629907355545996,-2.4800046554267414
-1.0402946755687874,-2.489624178806528,8.0599835201e-05,87,52,4.592441435952119,-1.0629907355545996,-2.4800046554267414
-1.087411560691377,-2.489032237003773,9.686586418e-05,87,52,4.592441435952119,-1.0629907355545996,-2.4800046554267414
-1.086814482071305,-2.489034088491663,0.00013615805074,87,52,4.592441435952119,-1.0629907355545996,-2.4800046554267414
-1.0862162205192618,-2.489030894985707,0.0001465811074,87,52,4.592441435952119,-1.0629907355545996,-2.4800046554267414
-1.085618260992403,-2.4890297269329413,0.00014602899319,87,52,4.592441435952119,-1.0629907355545996,-2.4800046554267414
-1.0850318161756844,-2.489029938176526,0.00014996770187,87,52,4.592441435952119,-1.0629907355545996,-2.4800046554267414
-1.084443118754469,-2.4890257133048306,0.00014698274026,87,52,4.592441435952119,-1.0629907355545996,-2.4800046554267414
-1.083875034552064,-2.489025862417952,0.00013005395886,87,52,4.592441435952119,-1.0629907355545996,-2.4800046554267414
-1.083296694077784,-2.489028844680323,0.00010508560808,87,52,4.592441435952119,-1.0629907355545996,-2.4800046554267414
-1.0826964945308097,-2.4890281115408226,9.143621719e-05,87,52,4.592441435952119,-1.0629907355545996,-2.4800046554267414
-1.0820993278200588,-2.4890234766080517,8.2798287622e-05,87,52,4.592441435952119,-1.0629907355545996,-2.4800046554267414
-1.0815039732604126,-2.4890266204096387,7.9656259913e-05,87,52,4.592441435952119,-1.0629907355545996,-2.4800046554267414
-1.080910896474028,-2.48902716715774,7.939117495e-05,87,52,4.592441435952119,-1.0629907355545996,-2.4800046554267414
-1.0803216830931224,-2.489028024558172,8.0661884567e-05,87,52,4.592441435952119,-1.0629907355545996,-2.4800046554267414
-1.0797218107400988,-2.4890257133048306,8.0756508396e-05,87,52,4.592441435952119,-1.0629907355545996,-2.4800046554267414
-1.0791552240792308,-2.489028770123764,8.1920763478e-05,87,52,4.592441435952119,-1.0629907355545996,-2.4800046554267414
-1.0785716233329967,-2.489026931061969,8.1179736299e-05,87,52,4.592441435952119,-1.0629907355545996,-2.4800046554267414
-1.0779889034935475,-2.4890275399405346,7.6691438153e-05,87,52,4.592441435952119,-1.0629907355545996,-2.4800046554267414
-1.0774076056893414,-2.489028881958604,7.3261406214e-05,87,52,4.592441435952119,-1.0629907355545996,-2.4800046554267414
-1.0768307627565983,-2.4890287204193915,7.1121219662e-05,87,52,4.592441435952119,-1.0629907355545996,-2.4800046554267414
-1.0762479170733241,-2.489030236402765,7.2494411143e-05,87,52,4.592441435952119,-1.0629907355545996,-2.4800046554267414
-1.0756951228958616,-2.48902879497595,7.3380004324e-05,87,52,4.592441435952119,-1.0629907355545996,-2.4800046554267414
-1.0751441660382666,-2.4890243837128594,7.4667790614e-05,87,52,4.592441435952119,-1.0629907355545996,-2.4800046554267414
-1.0745955876289988,-2.489029031071722,7.276848919e-05,87,52,4.592441435952119,-1.0629907355545996,-2.4800046554267414
-1.0740470847260246,-2.4890302985332324,7.3584596976e-05,87,52,4.592441435952119,-1.0629907355545996,-2.4800046554267414
-1.0734998528457007,-2.4890286210106463,7.3001545388e-05,87,52,4.592441435952119,-1.0629907355545996,-2.4800046554267414
-1.0729527090560556,-2.4890264712965173,7.3211871495e-05,87,52,4.592441435952119,-1.0629907355545996,-2.4800046554267414
-1.0724088749590517,-2.489029242315307,7.3687369877e-05,87,52,4.592441435952119,-1.0629907355545996,-2.4800046554267414
-1.0718624862323667,-2.489029242315307,7.5014941103e-05,87,52,4.592441435952119,-1.0629907355545996,-2.4800046554267414
-1.071322125424979,-2.489027900297241,7.5918695075e-05,87,52,4.592441435952119,-1.0629907355545996,-2.4800046554267414
-1.0707780773934699,-2.4890268068010375,7.5443625974e-05,87,52,4.592441435952119,-1.0629907355545996,-2.4800046554267414
-1.0702326954173982,-2.489026148218096,7.5940661191e-05,87,52,4.592441435952119,-1.0629907355545996,-2.4800046554267414
-1.0696914159500759,-2.4890244582694185,7.6057564002e-05,87,52,4.592441435952119,-1.0629907355545996,-2.4800046554267414
-1.0691513571678741,-2.4890291180543755,7.5264797488e-05,87,52,4.592441435952119,-1.0629907355545996,-2.4800046554267414
-1.0685913018016104,-2.489024010930062,7.5691612437e-05,87,52,4.592441435952119,-1.0629907355545996,-2.4800046554267414
-1.0680768270693726,-2.489028931662977,7.5287993241e-05,87,52,4.592441435952119,-1.0629907355545996,-2.4800046554267414
-1.0675374226750671,-2.489027316270858,7.6797768997e-05,87,52,4.592441435952119,-1.0629907355545996,-2.4800046554267414
-1.0669707730922868,-2.489025029869706,7.4988078268e-05,87,52,4.592441435952119,-1.0629907355545996,-2.4800046554267414
-1.0664480555894005,-2.489026496148704,7.5447438576e-05,87,52,4.592441435952119,-1.0629907355545996,-2.4800046554267414
-1.0659079213009015,-2.489026135792001,7.6837546658e-05,87,52,4.592441435952119,-1.0629907355545996,-2.4800046554267414
-1.0653601608765044,-2.489027179583832,7.6776603237e-05,87,52,4.592441435952119,-1.0629907355545996,-2.4800046554267414
-1.064826595635759,-2.489026595557452,7.6099204307e-05,87,52,4.592441435952119,-1.0629907355545996,-2.4800046554267414
-1.0642773502542082,-2.489026496148704,7.6312426245e-05,87,52,4.592441435952119,-1.0629907355545996,-2.4800046554267414
-1.063739229466936,-2.4890240730605258,7.5991367339e-05,87,52,4.592441435952119,-1.0629907355545996,-2.4800046554267414
-1.063197861908935,-2.489028074262545,7.4145180406e-05,87,52,4.592441435952119,-1.0629907355545996,-2.4800046554267414
-1.0626544556809423,-2.4890245328259772,7.5290430686e-05,87,52,4.592441435952119,-1.0629907355545996,-2.4800046554267414
-1.0621128238509063,-2.48902458253035,7.6073287346e-05,87,52,4.592441435952119,-1.0629907355545996,-2.4800046554267414
-1.0615751435170266,-2.489026931061969,7.594422641e-05,87,52,4.592441435952119,-1.0629907355545996,-2.4800046554267414
-1.0610318379640944,-2.4890280121320774,7.6604010246e-05,87,52,4.592441435952119,-1.0629907355545996,-2.4800046554267414
-1.0605037343454273,-2.4890263718877725,7.7718235843e-05,87,52,4.592441435952119,-1.0629907355545996,-2.4800046554267414
-1.0599744855479352,-2.48902458253035,7.6986761997e-05,87,52,4.592441435952119,-1.0629907355545996,-2.4800046554267414
-1.059444959894025,-2.489026881357596,7.4195959314e-05,87,52,4.592441435952119,-1.0629907355545996,-2.4800046554267414
-1.0589101110462467,-2.4890286955672054,7.6081778388e-05,87,52,4.592441435952119,-1.0629907355545996,-2.4800046554267414
-1.0583804973016593,-2.4890256511743667,7.6759162766e-05,87,52,4.592441435952119,-1.0629907355545996,-2.4800046554267414
-1.0578492475873236,-2.4890255020612493,7.7904696809e-05,87,52,4.592441435952119,-1.0629907355545996,-2.4800046554267414
-1.0573245669207414,-2.489026359461681,7.6935408288e-05,87,52,4.592441435952119,-1.0629907355545996,-2.4800046554267414
-1.0567932542844913,-2.4890237624081957,7.8372955613e-05,87,52,4.592441435952119,-1.0629907355545996,-2.4800046554267414
-1.0562655785348336,-2.489023451755865,7.7753473306e-05,87,52,4.592441435952119,-1.0629907355545996,-2.4800046554267414
-1.0557357634401223,-2.4890281239669174,7.7967510151e-05,87,52,4.592441435952119,-1.0629907355545996,-2.4800046554267414
-1.0552099753478645,-2.4890284097670614,7.7151635196e-05,87,52,4.592441435952119,-1.0629907355545996,-2.4800046554267414
-1.0546873711044236,-2.489028186097385,7.6389616879e-05,87,52,4.592441435952119,-1.0629907355545996,-2.4800046554267414
-1.0541570148812578,-2.4890230665469764,7.4772098742e-05,87,52,4.592441435952119,-1.0629907355545996,-2.4800046554267414
-1.0536113057112353,-2.4890254150785953,7.8031713201e-05,87,52,4.592441435952119,-1.0629907355545996,-2.4800046554267414
-1.0530842591807108,-2.4890220600334265,7.6140393503e-05,87,52,4.592441435952119,-1.0629907355545996,-2.4800046554267414
-1.052587780115688,-2.4890245203998824,7.5202064181e-05,87,52,4.592441435952119,-1.0629907355545996,-2.4800046554267414
-1.0520417563360998,-2.4890243340084837,7.7280426922e-05,87,52,4.592441435952119,-1.0629907355545996,-2.4800046554267414
-1.0514968525665702,-2.4890244831216046,7.7544857049e-05,87,52,4.592441435952119,-1.0629907355545996,-2.4800046554267414
-1.0509506400212427,-2.489024135190993,7.7995617175e-05,87,52,4.592441435952119,-1.0629907355545996,-2.4800046554267414
-1.0504097380854005,-2.489023749982104,7.7494005382e-05,87,52,4.592441435952119,-1.0629907355545996,-2.4800046554267414
-1.04986464555013,-2.4890258002874845,7.8524295532e-05,87,52,4.592441435952119,-1.0629907355545996,-2.4800046554267414
-1.0493222964102817,-2.489024110338807,7.6640382758e-05,87,52,4.592441435952119,-1.0629907355545996,-2.4800046554267414
-1.0487771031999493,-2.489023563590705,7.7012853581e-05,87,52,4.592441435952119,-1.0629907355545996,-2.4800046554267414
-1.048235446201147,-2.4890237748342905,7.7593336755e-05,87,52,4.592441435952119,-1.0629907355545996,-2.4800046554267414
-1.0476923923358699,-2.4890257630092067,7.6228716352e-05,87,52,4.592441435952119,-1.0629907355545996,-2.4800046554267414
-1.047152874682121,-2.4890277014797473,7.6228519902e-05,87,52,4.592441435952119,-1.0629907355545996,-2.4800046554267414
-1.0466101605951743,-2.489024594956441,7.6699187048e-05,87,52,4.592441435952119,-1.0629907355545996,-2.4800046554267414
-1.0460719643016065,-2.489024433417232,7.7723474533e-05,87,52,4.592441435952119,-1.0629907355545996,-2.4800046554267414
-1.0455289607738585,-2.4890268068010375,7.6382821135e-05,87,52,4.592441435952119,-1.0629907355545996,-2.4800046554267414
-1.0450130136688482,-2.489025663600458,7.6693322626e-05,87,52,4.592441435952119,-1.0629907355545996,-2.4800046554267414
-1.0444899438032464,-2.4890258748440433,7.7038741438e-05,87,52,4.592441435952119,-1.0629907355545996,-2.4800046554267414
-1.0439732038821283,-2.4890248310522125,7.5448500866e-05,87,52,4.592441435952119,-1.0629907355545996,-2.4800046554267414
-1.0434566401423662,-2.4890260985137234,7.596991054e-05,87,52,4.592441435952119,-1.0629907355545996,-2.4800046554267414
-1.0429403784277882,-2.4890240730605258,7.5938994996e-05,87,52,4.592441435952119,-1.0629907355545996,-2.4800046554267414
-1.0424020814591584,-2.4890241724692745,7.5841620855e-05,87,52,4.592441435952119,-1.0629907355545996,-2.4800046554267414
-1.0419075907265978,-2.4890207801458244,7.6180178439e-05,87,52,4.592441435952119,-1.0629907355545996,-2.4800046554267414
-1.0413944121857726,-2.4890222339987305,7.7369157225e-05,87,52,4.592441435952119,-1.0629907355545996,-2.4800046554267414
-1.0408525915899958,-2.4890227807468324,7.2403905506e-05,87,52,4.592441435952119,-1.0629907355545996,-2.4800046554267414
-1.0403592586206398,-2.4890258748440433,7.2540839028e-05,87,52,4.592441435952119,-1.0629907355545996,-2.4800046554267414
-1.0874133728424815,-2.48842780697733,9.3301670859e-05,87,52,4.592441435952119,-1.0629907355545996,-2.4800046554267414
-1.086814054202294,-2.4884298697088054,0.00012679176871,87,52,4.592441435952119,-1.0629907355545996,-2.4800046554267414
-1.0862178187358609,-2.4884232466011182,0.00014841862139,87,52,4.592441435952119,-1.0629907355545996,-2.4800046554267414
-1.0856239994708992,-2.488424787436678,0.00014893255138,87,52,4.592441435952119,-1.0629907355545996,-2.4800046554267414
-1.0850336409111705,-2.488425321758688,0.00015206738317,87,52,4.592441435952119,-1.0629907355545996,-2.4800046554267414
-1.0844470450818606,-2.488425209923848,0.00014374048624,87,52,4.592441435952119,-1.0629907355545996,-2.4800046554267414
-1.0838692709048015,-2.4884236566621967,0.00013070796558,87,52,4.592441435952119,-1.0629907355545996,-2.4800046554267414
-1.0832913331307679,-2.4884261418808387,0.00010284937889,87,52,4.592441435952119,-1.0629907355545996,-2.4800046554267414
-1.0826892207576286,-2.488422463757245,8.6992331489e-05,87,52,4.592441435952119,-1.0629907355545996,-2.4800046554267414
-1.0820939039511286,-2.4884265270897314,8.0945173977e-05,87,52,4.592441435952119,-1.0629907355545996,-2.4800046554267414
-1.0814963597088976,-2.4884253963152467,7.7994460298e-05,87,52,4.592441435952119,-1.0629907355545996,-2.4800046554267414
-1.0809073980156454,-2.4884268501681532,8.1138787209e-05,87,52,4.592441435952119,-1.0629907355545996,-2.4800046554267414
-1.080318423738012,-2.4884244892104426,8.1855185272e-05,87,52,4.592441435952119,-1.0629907355545996,-2.4800046554267414
-1.079729713732413,-2.4884223519224085,8.4066406998e-05,87,52,4.592441435952119,-1.0629907355545996,-2.4800046554267414
-1.0791339187193745,-2.4884249116976127,8.2440004917e-05,87,52,4.592441435952119,-1.0629907355545996,-2.4800046554267414
-1.0785672817209755,-2.488423743644847,7.6931035437e-05,87,52,4.592441435952119,-1.0629907355545996,-2.4800046554267414
-1.0779828881586315,-2.488423867905782,5.8156601881e-05,87,52,4.592441435952119,-1.0629907355545996,-2.4800046554267414
-1.0774030375584331,-2.4884271980987647,5.2905779739e-05,87,52,4.592441435952119,-1.0629907355545996,-2.4800046554267414
-1.0768249361874234,-2.488425284480407,5.5476932175e-05,87,52,4.592441435952119,-1.0629907355545996,-2.4800046554267414
-1.0762485337080745,-2.4884279933687288,6.4282401581e-05,87,52,4.592441435952119,-1.0629907355545996,-2.4800046554267414
-1.0756944433391973,-2.488429472073825,6.9082881964e-05,87,52,4.592441435952119,-1.0629907355545996,-2.4800046554267414
-1.0751389309350772,-2.488427459046722,7.4578580097e-05,87,52,4.592441435952119,-1.0629907355545996,-2.4800046554267414
-1.0745943291907318,-2.4884295714825697,7.5915311754e-05,87,52,4.592441435952119,-1.0629907355545996,-2.4800046554267414
-1.074046442922508,-2.488429198699772,7.1548529377e-05,87,52,4.592441435952119,-1.0629907355545996,-2.4800046554267414
-1.0735010483620533,-2.488427024133457,7.34115456e-05,87,52,4.592441435952119,-1.0629907355545996,-2.4800046554267414
-1.072954798063578,-2.4884253466108746,7.3649360274e-05,87,52,4.592441435952119,-1.0629907355545996,-2.4800046554267414
-1.0724081324804748,-2.488425595132737,7.6438576798e-05,87,52,4.592441435952119,-1.0629907355545996,-2.4800046554267414
-1.071866311884698,-2.488428813490883,7.8165787272e-05,87,52,4.592441435952119,-1.0629907355545996,-2.4800046554267414
-1.071322452618928,-2.4884292235519587,7.7732736827e-05,87,52,4.592441435952119,-1.0629907355545996,-2.4800046554267414
-1.0707782409904443,-2.4884282543166867,8.1068370491e-05,87,52,4.592441435952119,-1.0629907355545996,-2.4800046554267414
-1.070237968273737,-2.488426576794104,8.1129917817e-05,87,52,4.592441435952119,-1.0629907355545996,-2.4800046554267414
-1.0696940586704378,-2.488425110515103,8.1817452156e-05,87,52,4.592441435952119,-1.0629907355545996,-2.4800046554267414
-1.0691544529260102,-2.488422687426925,7.6735494076e-05,87,52,4.592441435952119,-1.0629907355545996,-2.4800046554267414
-1.0686138026778214,-2.488425309332593,8.4054590843e-05,87,52,4.592441435952119,-1.0629907355545996,-2.4800046554267414
-1.0680807282279996,-2.4884259182111625,7.7475546277e-05,87,52,4.592441435952119,-1.0629907355545996,-2.4800046554267414
-1.0675401409017231,-2.488427359637977,7.991190796e-05,87,52,4.592441435952119,-1.0629907355545996,-2.4800046554267414
-1.0669947211725035,-2.488424874419332,7.9714765889e-05,87,52,4.592441435952119,-1.0629907355545996,-2.4800046554267414
-1.0664520070855585,-2.4884262661417735,8.310040721e-05,87,52,4.592441435952119,-1.0629907355545996,-2.4800046554267414
-1.0659089783890459,-2.4884275708815586,7.9794204794e-05,87,52,4.592441435952119,-1.0629907355545996,-2.4800046554267414
-1.0653662643020991,-2.488427061411738,8.4987346781e-05,87,52,4.592441435952119,-1.0629907355545996,-2.4800046554267414
-1.0648246073032968,-2.4884264773853553,8.1235433754e-05,87,52,4.592441435952119,-1.0629907355545996,-2.4800046554267414
-1.0642843597553544,-2.488427148394392,8.0333658843e-05,87,52,4.592441435952119,-1.0629907355545996,-2.4800046554267414
-1.0637421490437142,-2.4884243649495112,8.069773321e-05,87,52,4.592441435952119,-1.0629907355545996,-2.4800046554267414
-1.06320368847811,-2.4884247501584,8.2542079326e-05,87,52,4.592441435952119,-1.0629907355545996,-2.4800046554267414
-1.0626612386631997,-2.4884269620029933,8.8929300546e-05,87,52,4.592441435952119,-1.0629907355545996,-2.4800046554267414
-1.0621184994074884,-2.488427496325,8.4675913968e-05,87,52,4.592441435952119,-1.0629907355545996,-2.4800046554267414
-1.061582052343111,-2.4884271608204833,8.6256688519e-05,87,52,4.592441435952119,-1.0629907355545996,-2.4800046554267414
-1.061043944140222,-2.488424886845423,8.9948844106e-05,87,52,4.592441435952119,-1.0629907355545996,-2.4800046554267414
-1.0605104544057724,-2.4884225010355263,8.5960193246e-05,87,52,4.592441435952119,-1.0629907355545996,-2.4800046554267414
-1.0599857234016574,-2.4884263655505188,8.5567233327e-05,87,52,4.592441435952119,-1.0629907355545996,-2.4800046554267414
-1.0594526363674523,-2.488424899271518,8.5685831436e-05,87,52,4.592441435952119,-1.0629907355545996,-2.4800046554267414
-1.0589214244062661,-2.488424501636534,8.5742700321e-05,87,52,4.592441435952119,-1.0629907355545996,-2.4800046554267414
-1.0583913702082848,-2.4884265270897314,8.1105747086e-05,87,52,4.592441435952119,-1.0629907355545996,-2.4800046554267414
-1.0578433329274697,-2.4884246507496552,8.4591803898e-05,87,52,4.592441435952119,-1.0629907355545996,-2.4800046554267414
-1.0573338164420014,-2.4884242406885764,8.6966952949e-05,87,52,4.592441435952119,-1.0629907355545996,-2.4800046554267414
-1.056806304289318,-2.4884269371508068,8.9571316494e-05,87,52,4.592441435952119,-1.0629907355545996,-2.4800046554267414
-1.0562791696681149,-2.4884239051840598,8.5954845417e-05,87,52,4.592441435952119,-1.0629907355545996,-2.4800046554267414
-1.0557507262711157,-2.4884239921667133,8.534353401e-05,87,52,4.592441435952119,-1.0629907355545996,-2.4800046554267414
-1.0552246990755878,-2.488422302218036,8.9052758995e-05,87,52,4.592441435952119,-1.0629907355545996,-2.4800046554267414
-1.0546983069329614,-2.488427148394392,8.6003630713e-05,87,52,4.592441435952119,-1.0629907355545996,-2.4800046554267414
-1.0541749098734108,-2.4884234081403305,8.5956635303e-05,87,52,4.592441435952119,-1.0629907355545996,-2.4800046554267414
-1.053648417055724,-2.488424427079975,9.101278556e-05,87,52,4.592441435952119,-1.0629907355545996,-2.4800046554267414
-1.0531229309886507,-2.4884228489661373,8.787697152e-05,87,52,4.592441435952119,-1.0629907355545996,-2.4800046554267414
-1.0526032840751358,-2.4884220909744506,9.165143274e-05,87,52,4.592441435952119,-1.0629907355545996,-2.4800046554267414
-1.0520622185423192,-2.488426154306934,9.3443115475e-05,87,52,4.592441435952119,-1.0629907355545996,-2.4800046554267414
-1.0515155655435975,-2.488423557253452,9.1701760539e-05,87,52,4.592441435952119,-1.0629907355545996,-2.4800046554267414
-1.0509725116783202,-2.4884239797406185,9.2144422524e-05,87,52,4.592441435952119,-1.0629907355545996,-2.4800046554267414
-1.0504285517374898,-2.4884253963152467,9.5010211226e-05,87,52,4.592441435952119,-1.0629907355545996,-2.4800046554267414
-1.0498833962803051,-2.4884235945317292,9.2563765065e-05,87,52,4.592441435952119,-1.0629907355545996,-2.4800046554267414
-1.0493413491656414,-2.4884239921667133,9.1660513135e-05,87,52,4.592441435952119,-1.0629907355545996,-2.4800046554267414
-1.0488018944338051,-2.488424998680263,8.7042055384e-05,87,52,4.592441435952119,-1.0629907355545996,-2.4800046554267414
-1.048260489122658,-2.4884242282624847,9.4597977295e-05,87,52,4.592441435952119,-1.0629907355545996,-2.4800046554267414
-1.0476944184214798,-2.4884214199654178,9.3164147984e-05,87,52,4.592441435952119,-1.0629907355545996,-2.4800046554267414
-1.0471744568983972,-2.4884232217489317,9.498406871e-05,87,52,4.592441435952119,-1.0629907355545996,-2.4800046554267414
-1.0466354048668074,-2.488422289791941,9.2337351816e-05,87,52,4.592441435952119,-1.0629907355545996,-2.4800046554267414
-1.046098857127368,-2.488421121739179,9.0962086688e-05,87,52,4.592441435952119,-1.0629907355545996,-2.4800046554267414
-1.0455577664257865,-2.4884197300167368,9.3265894975e-05,87,52,4.592441435952119,-1.0629907355545996,-2.4800046554267414
-1.0450345203788287,-2.4884254584457146,9.8580792837e-05,87,52,4.592441435952119,-1.0629907355545996,-2.4800046554267414
-1.044518913052149,-2.4884236193839158,9.7868723969e-05,87,52,4.592441435952119,-1.0629907355545996,-2.4800046554267414
-1.0440047277607123,-2.488421233574019,9.9539698567e-05,87,52,4.592441435952119,-1.0629907355545996,-2.4800046554267414
-1.0434842880310875,-2.4884232466011182,9.3716858828e-05,87,52,4.592441435952119,-1.0629907355545996,-2.4800046554267414
-1.0429682780041631,-2.488423470270798,9.9906457763e-05,87,52,4.592441435952119,-1.0629907355545996,-2.4800046554267414
-1.042449046375276,-2.488424464358256,9.471247904e-05,87,52,4.592441435952119,-1.0629907355545996,-2.4800046554267414
-1.0419382085296285,-2.4884232093228404,9.0445333626e-05,87,52,4.592441435952119,-1.0629907355545996,-2.4800046554267414
-1.0414209274800559,-2.48842412885374,9.8970929685e-05,87,52,4.592441435952119,-1.0629907355545996,-2.4800046554267414
-1.0409086424304006,-2.4884217430438396,9.5178394986e-05,87,52,4.592441435952119,-1.0629907355545996,-2.4800046554267414
-1.0403944697233454,-2.4884241040015533,9.4266433734e-05,87,52,4.592441435952119,-1.0629907355545996,-2.4800046554267414
-1.0874107049533566,-2.4878286953187896,8.4470884758e-05,87,52,4.592441435952119,-1.0629907355545996,-2.4800046554267414
-1.0868149602778452,-2.4878225692548313,6.642932567e-05,87,52,4.592441435952119,-1.0629907355545996,-2.4800046554267414
-1.0862168245696289,-2.487824246777414,0.00014040489623,87,52,4.592441435952119,-1.0629907355545996,-2.4800046554267414
-1.0856202241560988,-2.4878258497434413,0.00014787138207,87,52,4.592441435952119,-1.0629907355545996,-2.4800046554267414
-1.0850354278935104,-2.4878219355240763,0.0001511524024,87,52,4.592441435952119,-1.0629907355545996,-2.4800046554267414
-1.0844492221800637,-2.4878186426093714,0.00014679520973,87,52,4.592441435952119,-1.0629907355545996,-2.4800046554267414
-1.0838674461693156,-2.4878221716198476,0.00013030676928,87,52,4.592441435952119,-1.0629907355545996,-2.4800046554267414
-1.083289319629541,-2.4878221716198476,0.0001119417866,87,52,4.592441435952119,-1.0629907355545996,-2.4800046554267414
-1.0826886418760246,-2.487818990539983,9.5285635325e-05,87,52,4.592441435952119,-1.0629907355545996,-2.4800046554267414
-1.0821062114773783,-2.4878206183581963,8.5590902017e-05,87,52,4.592441435952119,-1.0629907355545996,-2.4800046554267414
-1.081511838499579,-2.487818120713456,7.9778401414e-05,87,52,4.592441435952119,-1.0629907355545996,-2.4800046554267414
-1.0809220462370712,-2.4878220970632885,8.077059465e-05,87,52,4.592441435952119,-1.0629907355545996,-2.4800046554267414
-1.0803335879191276,-2.487823153281211,8.115957462e-05,87,52,4.592441435952119,-1.0629907355545996,-2.4800046554267414
-1.0797438334097675,-2.4878220722111024,8.0055870058e-05,87,52,4.592441435952119,-1.0629907355545996,-2.4800046554267414
-1.0791463772582155,-2.4878223704373377,7.8124598076e-05,87,52,4.592441435952119,-1.0629907355545996,-2.4800046554267414
-1.0785808980230231,-2.4878218858197036,6.342260167e-05,87,52,4.592441435952119,-1.0629907355545996,-2.4800046554267414
-1.0780033251960863,-2.487822395289524,4.5760807552e-05,87,52,4.592441435952119,-1.0629907355545996,-2.4800046554267414
-1.077418906464978,-2.4878248680820745,4.0588871343e-05,87,52,4.592441435952119,-1.0629907355545996,-2.4800046554267414
-1.0768388041771244,-2.487823488785727,6.2380080635e-05,87,52,4.592441435952119,-1.0629907355545996,-2.4800046554267414
-1.0762694489520694,-2.487818232548296,8.835731569e-05,87,52,4.592441435952119,-1.0629907355545996,-2.4800046554267414
-1.0757065369309415,-2.4878246568384927,9.4580478617e-05,87,52,4.592441435952119,-1.0629907355545996,-2.4800046554267414
-1.0751573167181554,-2.4878244207427214,0.00010979553917,87,52,4.592441435952119,-1.0629907355545996,-2.4800046554267414
-1.0745955624602324,-2.4878173130173966,0.00010854945867,87,52,4.592441435952119,-1.0629907355545996,-2.4800046554267414
-1.0740479027108971,-2.487821550315187,0.0001056848705,87,52,4.592441435952119,-1.0629907355545996,-2.4800046554267414
-1.073523977107275,-2.4878219355240763,0.00011176118278,87,52,4.592441435952119,-1.0629907355545996,-2.4800046554267414
-1.072975096672821,-2.4878196366968295,0.00011200095469,87,52,4.592441435952119,-1.0629907355545996,-2.4800046554267414
-1.072433276077046,-2.487820842027873,0.00010856935114,87,52,4.592441435952119,-1.0629907355545996,-2.4800046554267414
-1.0718861826249302,-2.487822233750315,0.00011437432113,87,52,4.592441435952119,-1.0629907355545996,-2.4800046554267414
-1.0713423611123096,-2.4878210532714577,0.00010950495925,87,52,4.592441435952119,-1.0629907355545996,-2.4800046554267414
-1.0708014591764674,-2.487822233750315,0.00010526672122,87,52,4.592441435952119,-1.0629907355545996,-2.4800046554267414
-1.070257738338909,-2.487820879306154,0.00011469149467,87,52,4.592441435952119,-1.0629907355545996,-2.4800046554267414
-1.0697192400201567,-2.487826098265304,0.00011137236288,87,52,4.592441435952119,-1.0629907355545996,-2.4800046554267414
-1.0691584295909329,-2.487820096462281,0.00011526260641,87,52,4.592441435952119,-1.0629907355545996,-2.4800046554267414
-1.068636391644711,-2.4878219106718897,0.0001129447337,87,52,4.592441435952119,-1.0629907355545996,-2.4800046554267414
-1.0681105280461578,-2.487823439081355,0.00011278388411,87,52,4.592441435952119,-1.0629907355545996,-2.4800046554267414
-1.0675679775561855,-2.4878233396726097,0.00010628342716,87,52,4.592441435952119,-1.0629907355545996,-2.4800046554267414
-1.0670233380586907,-2.4878201337405583,0.0001102278984,87,52,4.592441435952119,-1.0629907355545996,-2.4800046554267414
-1.066481152515817,-2.487822979315907,0.00012050287478,87,52,4.592441435952119,-1.0629907355545996,-2.4800046554267414
-1.0659372303281345,-2.4878239485511786,0.00011769142293,87,52,4.592441435952119,-1.0629907355545996,-2.4800046554267414
-1.0653939247752038,-2.4878247935255158,0.0001189536124,87,52,4.592441435952119,-1.0629907355545996,-2.4800046554267414
-1.0648541428494185,-2.4878209662888042,0.00011367764819,87,52,4.592441435952119,-1.0629907355545996,-2.4800046554267414
-1.0643113029186468,-2.487822979315907,0.00010853475396,87,52,4.592441435952119,-1.0629907355545996,-2.4800046554267414
-1.063774075622543,-2.48782233315906,0.00011168666242,87,52,4.592441435952119,-1.0629907355545996,-2.4800046554267414
-1.0632349984221885,-2.487823501211822,0.00011918772361,87,52,4.592441435952119,-1.0629907355545996,-2.4800046554267414
-1.062693819629928,-2.4878206804886602,0.00011820261716,87,52,4.592441435952119,-1.0629907355545996,-2.4800046554267414
-1.0621538615227868,-2.4878206432103824,0.00011185189214,87,52,4.592441435952119,-1.0629907355545996,-2.4800046554267414
-1.0616120157582436,-2.487823314820423,0.00011183460447,87,52,4.592441435952119,-1.0629907355545996,-2.4800046554267414
-1.061073731373997,-2.487821326645507,0.00011687454389,87,52,4.592441435952119,-1.0629907355545996,-2.4800046554267414
-1.0605402290551642,-2.4878207674713138,0.00011194769468,87,52,4.592441435952119,-1.0629907355545996,-2.4800046554267414
-1.060017524136661,-2.4878209538627125,0.00012225273531,87,52,4.592441435952119,-1.0629907355545996,-2.4800046554267414
-1.0594669825636955,-2.487820730193033,0.00011911930051,87,52,4.592441435952119,-1.0629907355545996,-2.4800046554267414
-1.0589597186827244,-2.487821537889092,0.00011392067245,87,52,4.592441435952119,-1.0629907355545996,-2.4800046554267414
-1.0584317660766487,-2.487823029020279,0.00011139745038,87,52,4.592441435952119,-1.0629907355545996,-2.4800046554267414
-1.0578969046444868,-2.487824147368669,0.00011629678193,87,52,4.592441435952119,-1.0629907355545996,-2.4800046554267414
-1.0573693295698912,-2.487821972802357,0.00012165049702,87,52,4.592441435952119,-1.0629907355545996,-2.4800046554267414
-1.056845026434789,-2.4878234142291684,0.00012164517102,87,52,4.592441435952119,-1.0629907355545996,-2.4800046554267414
-1.0563151484181637,-2.4878206059321015,0.00011848568101,87,52,4.592441435952119,-1.0629907355545996,-2.4800046554267414
-1.0557903670765194,-2.4878225692548313,0.00011363689555,87,52,4.592441435952119,-1.0629907355545996,-2.4800046554267414
-1.0552690086869618,-2.487822457419991,0.00011159028509,87,52,4.592441435952119,-1.0629907355545996,-2.4800046554267414
-1.0547384888668216,-2.4878223455851516,0.00012245803373,87,52,4.592441435952119,-1.0629907355545996,-2.4800046554267414
-1.0542130657216608,-2.4878212272367617,0.00012838031398,87,52,4.592441435952119,-1.0629907355545996,-2.4800046554267414
-1.0536891023648909,-2.487822830202789,0.00011896411888,87,52,4.592441435952119,-1.0629907355545996,-2.4800046554267414
-1.0531644594514549,-2.487821724280491,0.00012407316535,87,52,4.592441435952119,-1.0629907355545996,-2.4800046554267414
-1.05264594513238,-2.487825750334696,0.00011636726413,87,52,4.592441435952119,-1.0629907355545996,-2.4800046554267414
-1.0521033443048784,-2.48782538997799,0.00012583877833,87,52,4.592441435952119,-1.0629907355545996,-2.4800046554267414
-1.0515656010490864,-2.4878216994283044,0.00011632603128,87,52,4.592441435952119,-1.0629907355545996,-2.4800046554267414
-1.0510149462166756,-2.4878253402736172,0.0001228551555,87,52,4.592441435952119,-1.0629907355545996,-2.4800046554267414
-1.0504754285629285,-2.487824718968957,0.00012677114864,87,52,4.592441435952119,-1.0629907355545996,-2.4800046554267414
-1.0499341742643709,-2.487823302394332,0.00012711060117,87,52,4.592441435952119,-1.0629907355545996,-2.4800046554267414
-1.0493892579104582,-2.487825017195196,0.0001225884771,87,52,4.592441435952119,-1.0629907355545996,-2.4800046554267414
-1.0488504072289906,-2.4878205313755424,0.00012807607709,87,52,4.592441435952119,-1.0629907355545996,-2.4800046554267414
-1.048309920577778,-2.4878228177766943,0.00012557265291,87,52,4.592441435952119,-1.0629907355545996,-2.4800046554267414
-1.0477698869643393,-2.487824569855839,0.00012545339996,87,52,4.592441435952119,-1.0629907355545996,-2.4800046554267414
-1.047207050449507,-2.487822606533109,0.00012301193783,87,52,4.592441435952119,-1.0629907355545996,-2.4800046554267414
-1.0466874916266709,-2.4878247935255158,0.000121367877,87,52,4.592441435952119,-1.0629907355545996,-2.4800046554267414
-1.0461515982751313,-2.4878221716198476,0.00011996713874,87,52,4.592441435952119,-1.0629907355545996,-2.4800046554267414
-1.0456143332258794,-2.487822867481067,0.00012552797853,87,52,4.592441435952119,-1.0629907355545996,-2.4800046554267414
-1.0450872741109736,-2.487821662150027,0.00012247667473,87,52,4.592441435952119,-1.0629907355545996,-2.4800046554267414
-1.0445747247892818,-2.4878239858294564,0.0001265706378,87,52,4.592441435952119,-1.0629907355545996,-2.4800046554267414
-1.044060766016732,-2.4878226562374817,0.00012570158287,87,52,4.592441435952119,-1.0629907355545996,-2.4800046554267414
-1.0435462535313462,-2.487820692914755,0.00012463645544,87,52,4.592441435952119,-1.0629907355545996,-2.4800046554267414
-1.043027059655607,-2.4878235509161946,0.00012282995158,87,52,4.592441435952119,-1.0629907355545996,-2.4800046554267414
-1.0425133525707106,-2.487820866880059,0.00012949554366,87,52,4.592441435952119,-1.0629907355545996,-2.4800046554267414
-1.0420002747049475,-2.487823202985583,0.00012903720199,87,52,4.592441435952119,-1.0629907355545996,-2.4800046554267414
-1.0414873730205423,-2.487824433168813,0.0001317205606,87,52,4.592441435952119,-1.0629907355545996,-2.4800046554267414
-1.0409693494923908,-2.487821860967517,0.00013276227401,87,52,4.592441435952119,-1.0629907355545996,-2.4800046554267414
-1.0404592918784699,-2.487822830202789,0.0001311875385,87,52,4.592441435952119,-1.0629907355545996,-2.4800046554267414
-1.087411472600698,-2.487230875973939,7.4775969551e-05,87,52,4.592441435952119,-1.0629907355545996,-2.4800046554267414
-1.0868164955725317,-2.487229533955873,1.4136502102e-07,87,52,4.592441435952119,-1.0629907355545996,-2.4800046554267414
-1.086216031753521,-2.4872238428051765,0.00014026917052,87,52,4.592441435952119,-1.0629907355545996,-2.4800046554267414
-1.0856254089217574,-2.4872262534672633,0.00014735751029,87,52,4.592441435952119,-1.0629907355545996,-2.4800046554267414
-1.0850313757222902,-2.4872230723873985,0.00015117293515,87,52,4.592441435952119,-1.0629907355545996,-2.4800046554267414
-1.0844517893941266,-2.4872215688301162,0.00014890772582,87,52,4.592441435952119,-1.0629907355545996,-2.4800046554267414
-1.0838799927988356,-2.487221295456067,0.00013621053949,87,52,4.592441435952119,-1.0629907355545996,-2.4800046554267414
-1.0833036406570178,-2.487224687779517,0.00011258749873,87,52,4.592441435952119,-1.0629907355545996,-2.4800046554267414
-1.0827034536944249,-2.487226924476296,9.436502296e-05,87,52,4.592441435952119,-1.0629907355545996,-2.4800046554267414
-1.0821061988929952,-2.487226216188982,8.532263746e-05,87,52,4.592441435952119,-1.0629907355545996,-2.4800046554267414
-1.0815156767362937,-2.4872258309800928,7.9075034591e-05,87,52,4.592441435952119,-1.0629907355545996,-2.4800046554267414
-1.080912041652851,-2.4872215066996524,8.0671037722e-05,87,52,4.592441435952119,-1.0629907355545996,-2.4800046554267414
-1.0803393767351548,-2.4872270114589465,8.1026177213e-05,87,52,4.592441435952119,-1.0629907355545996,-2.4800046554267414
-1.0797521391023284,-2.4872259428149293,8.1790225522e-05,87,52,4.592441435952119,-1.0629907355545996,-2.4800046554267414
-1.079168248915293,-2.4872240913270427,7.9415382061e-05,87,52,4.592441435952119,-1.0629907355545996,-2.4800046554267414
-1.0785821942144378,-2.487226315597727,6.1487837229e-05,87,52,4.592441435952119,-1.0629907355545996,-2.4800046554267414
-1.078000908994613,-2.487226601397871,3.6854817154e-05,87,52,4.592441435952119,-1.0629907355545996,-2.4800046554267414
-1.077425387422051,-2.4872212084734135,4.9967598898e-05,87,52,4.592441435952119,-1.0629907355545996,-2.4800046554267414
-1.0768462793004294,-2.4872259800932106,8.9461864263e-05,87,52,4.592441435952119,-1.0629907355545996,-2.4800046554267414
-1.0762684422014561,-2.487224054048762,0.00011534745863,87,52,4.592441435952119,-1.0629907355545996,-2.4800046554267414
-1.0757134835101736,-2.4872267380848974,0.00012843104196,87,52,4.592441435952119,-1.0629907355545996,-2.4800046554267414
-1.0751668556802183,-2.487225607310413,0.0001360563765,87,52,4.592441435952119,-1.0629907355545996,-2.4800046554267414
-1.0746199635782265,-2.487225333936364,0.00013546754781,87,52,4.592441435952119,-1.0629907355545996,-2.4800046554267414
-1.0740698750430366,-2.4872260919280507,0.00013730241335,87,52,4.592441435952119,-1.0629907355545996,-2.4800046554267414
-1.0735273874749787,-2.487225905536652,0.00013774263789,87,52,4.592441435952119,-1.0629907355545996,-2.4800046554267414
-1.0729830122495203,-2.4872268747719235,0.00014013564214,87,52,4.592441435952119,-1.0629907355545996,-2.4800046554267414
-1.0724392914119603,-2.487226042223678,0.00013618879893,87,52,4.592441435952119,-1.0629907355545996,-2.4800046554267414
-1.0718928271789794,-2.4872245883707684,0.0001352984109,87,52,4.592441435952119,-1.0629907355545996,-2.4800046554267414
-1.071351635802336,-2.487222910848186,0.0001364613272,87,52,4.592441435952119,-1.0629907355545996,-2.4800046554267414
-1.0708126592770417,-2.4872262907455407,0.00013682850113,87,52,4.592441435952119,-1.0629907355545996,-2.4800046554267414
-1.0702694040616423,-2.4872252345276187,0.00013215260697,87,52,4.592441435952119,-1.0629907355545996,-2.4800046554267414
-1.0697259600805,-2.487222177708685,0.0001404225186,87,52,4.592441435952119,-1.0629907355545996,-2.4800046554267414
-1.0691843534192287,-2.487224488962023,0.00013914809097,87,52,4.592441435952119,-1.0629907355545996,-2.4800046554267414
-1.0686456789191205,-2.487226315597727,0.00013726155157,87,52,4.592441435952119,-1.0629907355545996,-2.4800046554267414
-1.0681213631996354,-2.4872264522847534,0.00013855687575,87,52,4.592441435952119,-1.0629907355545996,-2.4800046554267414
-1.0675793664225008,-2.4872259676671193,0.00013390353706,87,52,4.592441435952119,-1.0629907355545996,-2.4800046554267414
-1.0670364132322838,-2.4872265516934986,0.00013474475418,87,52,4.592441435952119,-1.0629907355545996,-2.4800046554267414
-1.0664929314979956,-2.487222438656643,0.00013938253687,87,52,4.592441435952119,-1.0629907355545996,-2.4800046554267414
-1.0659545464386868,-2.487224190735788,0.00013339228462,87,52,4.592441435952119,-1.0629907355545996,-2.4800046554267414
-1.0653911436266337,-2.4872235445789412,0.00013781189045,87,52,4.592441435952119,-1.0629907355545996,-2.4800046554267414
-1.06487051513127,-2.487229509103687,0.0001418927859,87,52,4.592441435952119,-1.0629907355545996,-2.4800046554267414
-1.0643326460316511,-2.4872251723971512,0.00013669772306,87,52,4.592441435952119,-1.0629907355545996,-2.4800046554267414
-1.063790020035385,-2.4872273096851854,0.00013566779671,87,52,4.592441435952119,-1.0629907355545996,-2.4800046554267414
-1.063230518381959,-2.4872270238850414,0.00013583971304,87,52,4.592441435952119,-1.0629907355545996,-2.4800046554267414
-1.062713035982262,-2.4872241410314153,0.00014091307821,87,52,4.592441435952119,-1.0629907355545996,-2.4800046554267414
-1.0621695668323554,-2.4872285771466927,0.00013952309382,87,52,4.592441435952119,-1.0629907355545996,-2.4800046554267414
-1.061634076181062,-2.487226961754574,0.00014404348622,87,52,4.592441435952119,-1.0629907355545996,-2.4800046554267414
-1.0610938663862657,-2.487226800215365,0.00013975413458,87,52,4.592441435952119,-1.0629907355545996,-2.4800046554267414
-1.060545854274217,-2.48722689962411,0.00014125854068,87,52,4.592441435952119,-1.0629907355545996,-2.4800046554267414
-1.0600383009524463,-2.487226613823966,0.00014359563647,87,52,4.592441435952119,-1.0629907355545996,-2.4800046554267414
-1.0595085739484138,-2.487226638676152,0.00013818078151,87,52,4.592441435952119,-1.0629907355545996,-2.4800046554267414
-1.058981917533751,-2.4872298321821082,0.00014286482474,87,52,4.592441435952119,-1.0629907355545996,-2.4800046554267414
-1.0584503532098493,-2.4872278067289146,0.00014096777886,87,52,4.592441435952119,-1.0629907355545996,-2.4800046554267414
-1.0579008813094113,-2.487226825067551,0.00014215352712,87,52,4.592441435952119,-1.0629907355545996,-2.4800046554267414
-1.057395630929667,-2.4872260919280507,0.00014345320233,87,52,4.592441435952119,-1.0629907355545996,-2.4800046554267414
-1.0568674518047025,-2.4872274836504893,0.00014239517623,87,52,4.592441435952119,-1.0629907355545996,-2.4800046554267414
-1.0563430479945384,-2.4872240167704804,0.00014201189333,87,52,4.592441435952119,-1.0629907355545996,-2.4800046554267414
-1.0558161273078424,-2.4872275457809567,0.00014115066733,87,52,4.592441435952119,-1.0629907355545996,-2.4800046554267414
-1.0552667183293154,-2.4872254954755766,0.00014376660693,87,52,4.592441435952119,-1.0629907355545996,-2.4800046554267414
-1.054763733138453,-2.4872264150064725,0.00014397926861,87,52,4.592441435952119,-1.0629907355545996,-2.4800046554267414
-1.054239291575141,-2.487226216188982,0.00014484848361,87,52,4.592441435952119,-1.0629907355545996,-2.4800046554267414
-1.053714057195721,-2.4872250108579386,0.00014601637668,87,52,4.592441435952119,-1.0629907355545996,-2.4800046554267414
-1.0531882691034635,-2.4872271605720675,0.00014664427727,87,52,4.592441435952119,-1.0629907355545996,-2.4800046554267414
-1.0526724604266613,-2.487224451683746,0.0001418205502,87,52,4.592441435952119,-1.0629907355545996,-2.4800046554267414
-1.0521315333220544,-2.4872238428051765,0.00014539978292,87,52,4.592441435952119,-1.0629907355545996,-2.4800046554267414
-1.0515887311444305,-2.4872241286053205,0.00014426770213,87,52,4.592441435952119,-1.0629907355545996,-2.4800046554267414
-1.0510430597275577,-2.487222264691339,0.00014359132911,87,52,4.592441435952119,-1.0629907355545996,-2.4800046554267414
-1.05050053440635,-2.4872263777281947,0.00014468656445,87,52,4.592441435952119,-1.0629907355545996,-2.4800046554267414
-1.0499604630397654,-2.4872265765456847,0.00014535874652,87,52,4.592441435952119,-1.0629907355545996,-2.4800046554267414
-1.0494175224339315,-2.487221606108397,0.00014175761316,87,52,4.592441435952119,-1.0629907355545996,-2.4800046554267414
-1.0488817297574522,-2.487224749909981,0.00014283173368,87,52,4.592441435952119,-1.0629907355545996,-2.4800046554267414
-1.0483353661995316,-2.4872262658933546,0.00014435668709,87,52,4.592441435952119,-1.0629907355545996,-2.4800046554267414
-1.0477771355687573,-2.4872260049453967,0.000144152742,87,52,4.592441435952119,-1.0629907355545996,-2.4800046554267414
-1.0472573376426493,-2.4872250108579386,0.000144379228,87,52,4.592441435952119,-1.0629907355545996,-2.4800046554267414
-1.0466950800094195,-2.487224327422811,0.00014517527597,87,52,4.592441435952119,-1.0629907355545996,-2.4800046554267414
-1.0461561538216562,-2.4872264522847534,0.00014111555356,87,52,4.592441435952119,-1.0629907355545996,-2.4800046554267414
-1.045620411482708,-2.4872242155879745,0.00014073000057,87,52,4.592441435952119,-1.0629907355545996,-2.4800046554267414
-1.0451134873800707,-2.487227583059238,0.0001462296932,87,52,4.592441435952119,-1.0629907355545996,-2.4800046554267414
-1.0446025740281275,-2.487226352876008,0.00014385965187,87,52,4.592441435952119,-1.0629907355545996,-2.4800046554267414
-1.0440813037292471,-2.4872271978503453,0.00014298695896,87,52,4.592441435952119,-1.0629907355545996,-2.4800046554267414
-1.0435649161708427,-2.4872243895532784,0.00014192453818,87,52,4.592441435952119,-1.0629907355545996,-2.4800046554267414
-1.0430492585066335,-2.48722482446654,0.00014172718511,87,52,4.592441435952119,-1.0629907355545996,-2.4800046554267414
-1.042538647179873,-2.4872271357198814,0.00014573437511,87,52,4.592441435952119,-1.0629907355545996,-2.4800046554267414
-1.0420224987247404,-2.4872265641195934,0.00014687540533,87,52,4.592441435952119,-1.0629907355545996,-2.4800046554267414
-1.0415070927481829,-2.4872251351188703,0.00014701018517,87,52,4.592441435952119,-1.0629907355545996,-2.4800046554267414
-1.0409971483937055,-2.4872251351188703,0.00014262810873,87,52,4.592441435952119,-1.0629907355545996,-2.4800046554267414
-1.0404829379335023,-2.487225532753854,0.00014709001698,87,52,4.592441435952119,-1.0629907355545996,-2.4800046554267414
-1.0874117117039699,-2.4866338021946843,7.1833368565e-05,87,52,4.592441435952119,-1.0629907355545996,-2.4800046554267414
-1.0868172254667272,-2.486630993897617,1.4155104111e-07,87,52,4.592441435952119,-1.0629907355545996,-2.4800046554267414
-1.086217780982713,-2.486628931166142,0.00013944997045,87,52,4.592441435952119,-1.0629907355545996,-2.4800046554267414
-1.085622527098127,-2.486629403357685,0.00014888477745,87,52,4.592441435952119,-1.0629907355545996,-2.4800046554267414
-1.0850302934653813,-2.486627278495742,0.0001485098619,87,52,4.592441435952119,-1.0629907355545996,-2.4800046554267414
-1.0844451825932269,-2.486622904510929,0.00014946251758,87,52,4.592441435952119,-1.0629907355545996,-2.4800046554267414
-1.0838724799223827,-2.486624333511652,0.00013679747644,87,52,4.592441435952119,-1.0629907355545996,-2.4800046554267414
-1.0832913582995325,-2.486623028771864,0.00011606082262,87,52,4.592441435952119,-1.0629907355545996,-2.4800046554267414
-1.082693977654276,-2.486622892084837,9.3258626293e-05,87,52,4.592441435952119,-1.0629907355545996,-2.4800046554267414
-1.0820987992759874,-2.486625253042548,8.8236745796e-05,87,52,4.592441435952119,-1.0629907355545996,-2.4800046554267414
-1.0815006383990047,-2.4866233891285665,8.3446982899e-05,87,52,4.592441435952119,-1.0629907355545996,-2.4800046554267414
-1.0809110852397688,-2.486623115754514,8.035578503e-05,87,52,4.592441435952119,-1.0629907355545996,-2.4800046554267414
-1.0803227150125023,-2.4866235755199653,8.0706107838e-05,87,52,4.592441435952119,-1.0629907355545996,-2.4800046554267414
-1.0797342441101736,-2.486623227589354,8.1299258454e-05,87,52,4.592441435952119,-1.0629907355545996,-2.4800046554267414
-1.079149586275795,-2.48662456960742,7.3799710663e-05,87,52,4.592441435952119,-1.0629907355545996,-2.4800046554267414
-1.0785693581441165,-2.4866247311466325,5.9656929807e-05,87,52,4.592441435952119,-1.0629907355545996,-2.4800046554267414
-1.077987292692567,-2.48662274297172,3.8399950427e-05,87,52,4.592441435952119,-1.0629907355545996,-2.4800046554267414
-1.077406598938728,-2.486625973755957,5.35741965e-05,87,52,4.592441435952119,-1.0629907355545996,-2.4800046554267414
-1.0768278180110553,-2.48662437078993,4.4584990633e-07,87,52,4.592441435952119,-1.0629907355545996,-2.4800046554267414
-1.076254297355337,-2.4866222832062683,1.413556987e-07,87,52,4.592441435952119,-1.0629907355545996,-2.4800046554267414
-1.0756981179789356,-2.4866227926760924,0.00014448778529,87,52,4.592441435952119,-1.0629907355545996,-2.4800046554267414
-1.0751502820482446,-2.4866240725636946,0.00014920721878,87,52,4.592441435952119,-1.0629907355545996,-2.4800046554267414
-1.0745982555181235,-2.4866262719821925,0.00014740198094,87,52,4.592441435952119,-1.0629907355545996,-2.4800046554267414
-1.0740543584992075,-2.48662305362405,0.00015006163449,87,52,4.592441435952119,-1.0629907355545996,-2.4800046554267414
-1.073491509399992,-2.4866219601278465,0.00014976528473,87,52,4.592441435952119,-1.0629907355545996,-2.4800046554267414
-1.072967294355567,-2.4866199843790215,0.00014936720254,87,52,4.592441435952119,-1.0629907355545996,-2.4800046554267414
-1.0724220256389405,-2.486620903909921,0.00015025239554,87,52,4.592441435952119,-1.0629907355545996,-2.4800046554267414
-1.0718766310784857,-2.4866240974158806,0.00014950627519,87,52,4.592441435952119,-1.0629907355545996,-2.4800046554267414
-1.071333602381973,-2.486619760709345,0.00014865671983,87,52,4.592441435952119,-1.0629907355545996,-2.4800046554267414
-1.0707917566174299,-2.4866216370494216,0.00014898784866,87,52,4.592441435952119,-1.0629907355545996,-2.4800046554267414
-1.0702498730997405,-2.486623215163259,0.00014995645324,87,52,4.592441435952119,-1.0629907355545996,-2.4800046554267414
-1.0697101163427216,-2.486623438832939,0.00014886021381,87,52,4.592441435952119,-1.0629907355545996,-2.4800046554267414
-1.0691709132985405,-2.486622047110497,0.00014898597146,87,52,4.592441435952119,-1.0629907355545996,-2.4800046554267414
-1.0686328050956497,-2.486624582033515,0.00015006406466,87,52,4.592441435952119,-1.0629907355545996,-2.4800046554267414
-1.0681023859505714,-2.4866226932673436,0.00014814907627,87,52,4.592441435952119,-1.0629907355545996,-2.4800046554267414
-1.0675633087502152,-2.4866224074671996,0.00015064046602,87,52,4.592441435952119,-1.0629907355545996,-2.4800046554267414
-1.06702073309148,-2.486624619311796,0.00015001076099,87,52,4.592441435952119,-1.0629907355545996,-2.4800046554267414
-1.0664775156292265,-2.4866221092409644,0.00014873282635,87,52,4.592441435952119,-1.0629907355545996,-2.4800046554267414
-1.0659322720813647,-2.4866244329203973,0.00014976746752,87,52,4.592441435952119,-1.0629907355545996,-2.4800046554267414
-1.0653913072236083,-2.486624942390218,0.00014980020933,87,52,4.592441435952119,-1.0629907355545996,-2.4800046554267414
-1.064853085761276,-2.4866252778947344,0.00014844766702,87,52,4.592441435952119,-1.0629907355545996,-2.4800046554267414
-1.064314738455115,-2.4866223826150136,0.00014819669013,87,52,4.592441435952119,-1.0629907355545996,-2.4800046554267414
-1.0637724774059456,-2.4866237867635506,0.00014955403458,87,52,4.592441435952119,-1.0629907355545996,-2.4800046554267414
-1.0632375782206362,-2.486622730545625,0.00015113198606,87,52,4.592441435952119,-1.0629907355545996,-2.4800046554267414
-1.062693580526658,-2.486623438832939,0.00015104787599,87,52,4.592441435952119,-1.0629907355545996,-2.4800046554267414
-1.0621557743489516,-2.486622258354082,0.00014921353431,87,52,4.592441435952119,-1.0629907355545996,-2.4800046554267414
-1.0616155393853905,-2.486624035285413,0.00015093335242,87,52,4.592441435952119,-1.0629907355545996,-2.4800046554267414
-1.0610805772781686,-2.486623153032795,0.00015074992552,87,52,4.592441435952119,-1.0629907355545996,-2.4800046554267414
-1.0605487990197615,-2.486622196223618,0.00015097392316,87,52,4.592441435952119,-1.0629907355545996,-2.4800046554267414
-1.0600249363380518,-2.48662642109531,0.00015127389634,87,52,4.592441435952119,-1.0629907355545996,-2.4800046554267414
-1.0594928057169293,-2.48662468144226,0.00014780103811,87,52,4.592441435952119,-1.0629907355545996,-2.4800046554267414
-1.0589644881637568,-2.4866245571813286,0.00014950906916,87,52,4.592441435952119,-1.0629907355545996,-2.4800046554267414
-1.05843610768867,-2.4866215624928625,0.00014878780348,87,52,4.592441435952119,-1.0629907355545996,-2.4800046554267414
-1.0579094009364778,-2.4866225068759484,0.00014937939704,87,52,4.592441435952119,-1.0629907355545996,-2.4800046554267414
-1.0573832478971215,-2.4866246441639825,0.0001496746263,87,52,4.592441435952119,-1.0629907355545996,-2.4800046554267414
-1.0568546157343812,-2.4866251039294305,0.00014975317754,87,52,4.592441435952119,-1.0629907355545996,-2.4800046554267414
-1.0563313445186573,-2.486622929363115,0.00014919073146,87,52,4.592441435952119,-1.0629907355545996,-2.4800046554267414
-1.0558023222400539,-2.4866242589550898,0.00015056354459,87,52,4.592441435952119,-1.0629907355545996,-2.4800046554267414
-1.0552762321226137,-2.486624619311796,0.00014892251056,87,52,4.592441435952119,-1.0629907355545996,-2.4800046554267414
-1.0547535020353442,-2.4866225317281345,0.00014943399583,87,52,4.592441435952119,-1.0629907355545996,-2.4800046554267414
-1.05422834316222,-2.48662622227782,0.00015030760551,87,52,4.592441435952119,-1.0629907355545996,-2.4800046554267414
-1.0537015860724968,-2.48662274297172,0.00015218807675,87,52,4.592441435952119,-1.0629907355545996,-2.4800046554267414
-1.0531813099398484,-2.4866271666609054,0.00015058933059,87,52,4.592441435952119,-1.0629907355545996,-2.4800046554267414
-1.0526663192479204,-2.486624867833659,0.00015117147996,87,52,4.592441435952119,-1.0629907355545996,-2.4800046554267414
-1.0521263988939271,-2.4866255512687867,0.00015132405679,87,52,4.592441435952119,-1.0629907355545996,-2.4800046554267414
-1.0515835337943888,-2.486625364877388,0.00015179542243,87,52,4.592441435952119,-1.0629907355545996,-2.4800046554267414
-1.0510401149820132,-2.4866245199030477,0.00015148409875,87,52,4.592441435952119,-1.0629907355545996,-2.4800046554267414
-1.0505001820436364,-2.486622556580321,0.00014926711447,87,52,4.592441435952119,-1.0629907355545996,-2.4800046554267414
-1.0499559704151527,-2.486624209250717,0.00014799037308,87,52,4.592441435952119,-1.0629907355545996,-2.4800046554267414
-1.0494180635623862,-2.4866257128079994,0.0001506634726,87,52,4.592441435952119,-1.0629907355545996,-2.4800046554267414
-1.048876972860803,-2.486622370188922,0.00014901248505,87,52,4.592441435952119,-1.0629907355545996,-2.4800046554267414
-1.0483362219375538,-2.4866229666413964,0.00014933248167,87,52,4.592441435952119,-1.0629907355545996,-2.4800046554267414
-1.047800743870642,-2.486623264867635,0.0001500268263,87,52,4.592441435952119,-1.0629907355545996,-2.4800046554267414
-1.0472615534108423,-2.4866269181390392,0.00015032374358,87,52,4.592441435952119,-1.0629907355545996,-2.4800046554267414
-1.046721331031666,-2.4866244577725833,0.00014867070422,87,52,4.592441435952119,-1.0629907355545996,-2.4800046554267414
-1.0461859536398146,-2.486624582033515,0.00015118224837,87,52,4.592441435952119,-1.0629907355545996,-2.4800046554267414
-1.0456461717140308,-2.4866229169370238,0.0001498839847,87,52,4.592441435952119,-1.0629907355545996,-2.4800046554267414
-1.045123517133057,-2.48662611044298,0.00014931098849,87,52,4.592441435952119,-1.0629907355545996,-2.4800046554267414
-1.0445887563759575,-2.486622867232651,0.00014908690355,87,52,4.592441435952119,-1.0629907355545996,-2.4800046554267414
-1.044090742016248,-2.486623339424194,0.00014876530622,87,52,4.592441435952119,-1.0629907355545996,-2.4800046554267414
-1.0435804075459072,-2.486626321686565,0.00014881360403,87,52,4.592441435952119,-1.0629907355545996,-2.4800046554267414
-1.0430620190706592,-2.4866272287913693,0.00014859056682,87,52,4.592441435952119,-1.0629907355545996,-2.4800046554267414
-1.0425500863837194,-2.4866280364874287,0.00015008174523,87,52,4.592441435952119,-1.0629907355545996,-2.4800046554267414
-1.0420371217773998,-2.4866275891480756,0.00014994427329,87,52,4.592441435952119,-1.0629907355545996,-2.4800046554267414
-1.0415230749141728,-2.4866264832257774,0.00014860175725,87,52,4.592441435952119,-1.0629907355545996,-2.4800046554267414
-1.0409877226910877,-2.486622444745481,0.00014966126764,87,52,4.592441435952119,-1.0629907355545996,-2.4800046554267414
-1.0404965919886977,-2.486627825243847,0.00015045957116,87,52,4.592441435952119,-1.0629907355545996,-2.4800046554267414
-1.087407244248122,-2.4860350136145652,6.9634967076e-05,87,52,4.592441435952119,-1.0629907355545996,-2.4800046554267414
-1.0868083912300934,-2.4860322301696844,1.4101483714e-07,87,52,4.592441435952119,-1.0629907355545996,-2.4800046554267414
-1.0862096137183603,-2.486029148498565,1.4135112281e-07,87,52,4.592441435952119,-1.0629907355545996,-2.4800046554267414
-1.085614863209081,-2.486027794054404,0.00014751424897,87,52,4.592441435952119,-1.0629907355545996,-2.4800046554267414
-1.085023900598987,-2.486027794054404,0.00015026958135,87,52,4.592441435952119,-1.0629907355545996,-2.4800046554267414
-1.0844432320139124,-2.4860298070815063,0.0001502224477,87,52,4.592441435952119,-1.0629907355545996,-2.4800046554267414
-1.0838597822802696,-2.486031994073913,0.00013723244774,87,52,4.592441435952119,-1.0629907355545996,-2.4800046554267414
-1.0832857204960984,-2.4860276200891,0.0001154367128,87,52,4.592441435952119,-1.0629907355545996,-2.4800046554267414
-1.0826860369088123,-2.486028899976702,0.0001001901619,87,52,4.592441435952119,-1.0629907355545996,-2.4800046554267414
-1.0820907201023138,-2.4860300928816503,8.9502165793e-05,87,52,4.592441435952119,-1.0629907355545996,-2.4800046554267414
-1.0814964352151932,-2.4860300928816503,7.9100755102e-05,87,52,4.592441435952119,-1.0629907355545996,-2.4800046554267414
-1.0809055355270116,-2.4860292230551235,7.9037497926e-05,87,52,4.592441435952119,-1.0629907355545996,-2.4800046554267414
-1.080314950448396,-2.4860317331259556,8.0780024291e-05,87,52,4.592441435952119,-1.0629907355545996,-2.4800046554267414
-1.0797316768961107,-2.486030403533981,8.1294005213e-05,87,52,4.592441435952119,-1.0629907355545996,-2.4800046554267414
-1.0791470190617305,-2.4860314721779977,7.933278539e-05,87,52,4.592441435952119,-1.0629907355545996,-2.4800046554267414
-1.078565431816723,-2.486029918916343,6.122362538e-05,87,52,4.592441435952119,-1.0629907355545996,-2.4800046554267414
-1.0779830140024582,-2.4860270609149033,4.072466254e-05,87,52,4.592441435952119,-1.0629907355545996,-2.4800046554267414
-1.0774064856792844,-2.486029111220284,6.7062312155e-05,87,52,4.592441435952119,-1.0629907355545996,-2.4800046554267414
-1.0768246593310054,-2.486028949681075,0.00010529273277,87,52,4.592441435952119,-1.0629907355545996,-2.4800046554267414
-1.076252988579539,-2.4860311863778537,1.4111786584e-07,87,52,4.592441435952119,-1.0629907355545996,-2.4800046554267414
-1.075693449172967,-2.486028278672038,0.00014321319759,87,52,4.592441435952119,-1.0629907355545996,-2.4800046554267414
-1.0751459404362234,-2.486030254420863,0.00014989363262,87,52,4.592441435952119,-1.0629907355545996,-2.4800046554267414
-1.0745995642939214,-2.486030229568677,0.00014827595442,87,52,4.592441435952119,-1.0629907355545996,-2.4800046554267414
-1.074051287909836,-2.486030254420863,0.00015014012752,87,52,4.592441435952119,-1.0629907355545996,-2.4800046554267414
-1.0735107383367093,-2.4860304656644447,0.00015131334658,87,52,4.592441435952119,-1.0629907355545996,-2.4800046554267414
-1.072961933408551,-2.486029546133549,0.00014933373313,87,52,4.592441435952119,-1.0629907355545996,-2.4800046554267414
-1.0724236490243042,-2.4860301798643007,0.00014799502969,87,52,4.592441435952119,-1.0629907355545996,-2.4800046554267414
-1.071855589990664,-2.48602638990587,0.00015083450126,87,52,4.592441435952119,-1.0629907355545996,-2.4800046554267414
-1.0713380824222025,-2.4860326899351324,0.00015029757924,87,52,4.592441435952119,-1.0629907355545996,-2.4800046554267414
-1.070794726531741,-2.486028812994048,0.00014986000315,87,52,4.592441435952119,-1.0629907355545996,-2.4800046554267414
-1.07025689518527,-2.4860288378462347,0.0001494706521,87,52,4.592441435952119,-1.0629907355545996,-2.4800046554267414
-1.0697145712141864,-2.4860300183250916,0.00014985825692,87,52,4.592441435952119,-1.0629907355545996,-2.4800046554267414
-1.069171592855203,-2.4860301674382095,0.00015134752903,87,52,4.592441435952119,-1.0629907355545996,-2.4800046554267414
-1.0686316725012097,-2.4860320189260996,0.00015125599748,87,52,4.592441435952119,-1.0629907355545996,-2.4800046554267414
-1.0680849314118108,-2.48602935974215,0.0001483928645,87,52,4.592441435952119,-1.0629907355545996,-2.4800046554267414
-1.067562327168368,-2.4860287508635808,0.0001477903279,87,52,4.592441435952119,-1.0629907355545996,-2.4800046554267414
-1.0670264212324452,-2.48602955855964,0.00014863764227,87,52,4.592441435952119,-1.0629907355545996,-2.4800046554267414
-1.0664814797097661,-2.486029098794192,0.00015048599744,87,52,4.592441435952119,-1.0629907355545996,-2.4800046554267414
-1.0659463917587173,-2.4860273218628612,0.00015052310482,87,52,4.592441435952119,-1.0629907355545996,-2.4800046554267414
-1.0654002421353024,-2.4860277567761226,0.00015244302631,87,52,4.592441435952119,-1.0629907355545996,-2.4800046554267414
-1.0648638705772224,-2.486029111220284,0.00015250916476,87,52,4.592441435952119,-1.0629907355545996,-2.4800046554267414
-1.064320338505403,-2.4860286017504634,0.00015151422122,87,52,4.592441435952119,-1.0629907355545996,-2.4800046554267414
-1.063779310725734,-2.486029260333405,0.00015271521988,87,52,4.592441435952119,-1.0629907355545996,-2.4800046554267414
-1.0632392267747643,-2.4860295088552675,0.00015198474284,87,52,4.592441435952119,-1.0629907355545996,-2.4800046554267414
-1.0626838779676204,-2.4860274709759786,0.00015254867321,87,52,4.592441435952119,-1.0629907355545996,-2.4800046554267414
-1.0621629977846034,-2.486027073340998,0.00015176342276,87,52,4.592441435952119,-1.0629907355545996,-2.4800046554267414
-1.0616258208260305,-2.4860298070815063,0.00015249260468,87,52,4.592441435952119,-1.0629907355545996,-2.4800046554267414
-1.061090418265416,-2.486028949681075,0.00015023956075,87,52,4.592441435952119,-1.0629907355545996,-2.4800046554267414
-1.0605529896191896,-2.4860274585498874,0.00014931442274,87,52,4.592441435952119,-1.0629907355545996,-2.4800046554267414
-1.0600351045192482,-2.486030316551327,0.00015036243713,87,52,4.592441435952119,-1.0629907355545996,-2.4800046554267414
-1.0595058431373747,-2.4860317952564195,0.00015103025362,87,52,4.592441435952119,-1.0629907355545996,-2.4800046554267414
-1.0589752100577892,-2.486029235481219,0.00015166157391,87,52,4.592441435952119,-1.0629907355545996,-2.4800046554267414
-1.0584483648773888,-2.4860315840128377,0.00014985341113,87,52,4.592441435952119,-1.0629907355545996,-2.4800046554267414
-1.0579220104879101,-2.486030105307742,0.00014943063434,87,52,4.592441435952119,-1.0629907355545996,-2.4800046554267414
-1.0573896155947529,-2.486031994073913,0.00015286721464,87,52,4.592441435952119,-1.0629907355545996,-2.4800046554267414
-1.0568621411952175,-2.4860331869788617,0.00014939343964,87,52,4.592441435952119,-1.0629907355545996,-2.4800046554267414
-1.0563195781208636,-2.486032056204377,0.00015139930474,87,52,4.592441435952119,-1.0629907355545996,-2.4800046554267414
-1.055811068386009,-2.486029546133549,0.00015015539248,87,52,4.592441435952119,-1.0629907355545996,-2.4800046554267414
-1.055291660575764,-2.486030428386167,0.00015079196601,87,52,4.592441435952119,-1.0629907355545996,-2.4800046554267414
-1.0547637205540699,-2.486030490516631,0.00015068498033,87,52,4.592441435952119,-1.0629907355545996,-2.4800046554267414
-1.0542179987996676,-2.4860304656644447,0.00014990300406,87,52,4.592441435952119,-1.0629907355545996,-2.4800046554267414
-1.0537167376692291,-2.48602770707175,0.00014975765953,87,52,4.592441435952119,-1.0629907355545996,-2.4800046554267414
-1.0531931140907915,-2.4860324041349884,0.0001501605002,87,52,4.592441435952119,-1.0629907355545996,-2.4800046554267414
-1.0526741593183224,-2.4860306520558435,0.00015066322521,87,52,4.592441435952119,-1.0629907355545996,-2.4800046554267414
-1.0521360888685813,-2.4860320437782857,0.00014952229685,87,52,4.592441435952119,-1.0629907355545996,-2.4800046554267414
-1.0515705467114747,-2.4860270236366255,0.00015345397696,87,52,4.592441435952119,-1.0629907355545996,-2.4800046554267414
-1.0510527119490642,-2.4860291236463787,0.00015242454538,87,52,4.592441435952119,-1.0629907355545996,-2.4800046554267414
-1.0505100859527963,-2.4860292976116827,0.00015077312128,87,52,4.592441435952119,-1.0629907355545996,-2.4800046554267414
-1.0499698006517042,-2.4860292230551235,0.00015034258831,87,52,4.592441435952119,-1.0629907355545996,-2.4800046554267414
-1.0494276402775968,-2.486028962107166,0.00015111660468,87,52,4.592441435952119,-1.0629907355545996,-2.4800046554267414
-1.0488884246490324,-2.486028527193904,0.00015201096539,87,52,4.592441435952119,-1.0629907355545996,-2.4800046554267414
-1.0483485798013348,-2.4860319816478182,0.0001522553066,87,52,4.592441435952119,-1.0629907355545996,-2.4800046554267414
-1.0478121327369572,-2.486029720098853,0.00015181353956,87,52,4.592441435952119,-1.0629907355545996,-2.4800046554267414
-1.0472704002318594,-2.486031596438929,0.00015221667127,87,52,4.592441435952119,-1.0629907355545996,-2.4800046554267414
-1.046731750900514,-2.486031670995488,0.00014842067321,87,52,4.592441435952119,-1.0629907355545996,-2.4800046554267414
-1.046195794627062,-2.4860268123930407,0.00014901178656,87,52,4.592441435952119,-1.0629907355545996,-2.4800046554267414
-1.0456583911496002,-2.48602935974215,0.00014854801702,87,52,4.592441435952119,-1.0629907355545996,-2.4800046554267414
-1.0451343522865346,-2.486027210028021,0.00014946653391,87,52,4.592441435952119,-1.0629907355545996,-2.4800046554267414
-1.0446229607280495,-2.4860287260113947,0.00014838305651,87,52,4.592441435952119,-1.0629907355545996,-2.4800046554267414
-1.044104698096628,-2.4860284899156233,0.0001486781839,87,52,4.592441435952119,-1.0629907355545996,-2.4800046554267414
-1.0435932813693765,-2.4860300431772777,0.00014894774358,87,52,4.592441435952119,-1.0629907355545996,-2.4800046554267414
-1.0430771077454775,-2.4860275828108187,0.00014820961223,87,52,4.592441435952119,-1.0629907355545996,-2.4800046554267414
-1.0425640172953328,-2.4860321183348444,0.0001499443315,87,52,4.592441435952119,-1.0629907355545996,-2.4800046554267414
-1.0420508890920388,-2.4860270981931847,0.00014840092626,87,52,4.592441435952119,-1.0629907355545996,-2.4800046554267414
-1.0415383901078799,-2.4860280550023615,0.00015157168673,87,52,4.592441435952119,-1.0629907355545996,-2.4800046554267414
-1.041027942378094,-2.486027992871894,0.00015017713304,87,52,4.592441435952119,-1.0629907355545996,-2.4800046554267414
-1.0405155314846137,-2.48602955855964,0.00014808110427,87,52,4.592441435952119,-1.0629907355545996,-2.4800046554267414
-1.0874184569330796,-2.4854381386528006,5.7816439949e-05,87,52,4.592441435952119,-1.0629907355545996,-2.4800046554267414
-1.086821718091338,-2.4854311676145056,1.4140341875e-07,87,52,4.592441435952119,-1.0629907355545996,-2.4800046554267414
-1.0862242871085523,-2.485431043353574,1.4136151094e-07,87,52,4.592441435952119,-1.0629907355545996,-2.4800046554267414
-1.085631977969511,-2.4854315901016757,0.00014658596774,87,52,4.592441435952119,-1.0629907355545996,-2.4800046554267414
-1.0850421982913865,-2.485428135647758,0.0001497829071,87,52,4.592441435952119,-1.0629907355545996,-2.4800046554267414
-1.0844602838524282,-2.485428781804605,0.00015135944705,87,52,4.592441435952119,-1.0629907355545996,-2.4800046554267414
-1.0838796530205035,-2.485430359918446,0.00014061927504,87,52,4.592441435952119,-1.0629907355545996,-2.4800046554267414
-1.0833043831355946,-2.485430633292495,0.00011857131904,87,52,4.592441435952119,-1.0629907355545996,-2.4800046554267414
-1.0827013017649898,-2.4854287942307,0.00010180479876,87,52,4.592441435952119,-1.0629907355545996,-2.4800046554267414
-1.0821063499055883,-2.4854303102140736,9.0341673058e-05,87,52,4.592441435952119,-1.0629907355545996,-2.4800046554267414
-1.0815125809781576,-2.4854285208566473,8.3373342932e-05,87,52,4.592441435952119,-1.0629907355545996,-2.4800046554267414
-1.0809239716476209,-2.485429005474285,7.9848323367e-05,87,52,4.592441435952119,-1.0629907355545996,-2.4800046554267414
-1.080337690427877,-2.4854307824056163,7.8987082816e-05,87,52,4.592441435952119,-1.0629907355545996,-2.4800046554267414
-1.0797497984071525,-2.4854285581349287,8.0741156125e-05,87,52,4.592441435952119,-1.0629907355545996,-2.4800046554267414
-1.0791675693586287,-2.485430359918446,7.9016564996e-05,87,52,4.592441435952119,-1.0629907355545996,-2.4800046554267414
-1.0785863596450995,-2.4854300989704883,6.1331949837e-05,87,52,4.592441435952119,-1.0629907355545996,-2.4800046554267414
-1.0780039040776888,-2.4854296143528507,4.0298615204e-05,87,52,4.592441435952119,-1.0629907355545996,-2.4800046554267414
-1.077423940218045,-2.4854283841696247,5.2152656281e-05,87,52,4.592441435952119,-1.0629907355545996,-2.4800046554267414
-1.0768334683988727,-2.485427961682454,0.00010379606101,87,52,4.592441435952119,-1.0629907355545996,-2.4800046554267414
-1.0762786733045648,-2.485428781804605,0.00012895547843,87,52,4.592441435952119,-1.0629907355545996,-2.4800046554267414
-1.0757227330314354,-2.4854312670232503,0.00014318233298,87,52,4.592441435952119,-1.0629907355545996,-2.4800046554267414
-1.0751734121435887,-2.485428819082886,0.00014858454233,87,52,4.592441435952119,-1.0629907355545996,-2.4800046554267414
-1.0746267213917193,-2.4854288687872588,0.00014853964967,87,52,4.592441435952119,-1.0629907355545996,-2.4800046554267414
-1.0740835542669969,-2.485430856962175,0.00014751213894,87,52,4.592441435952119,-1.0629907355545996,-2.4800046554267414
-1.0735342837166812,-2.485431204892783,0.00014985840244,87,52,4.592441435952119,-1.0629907355545996,-2.4800046554267414
-1.0729921359269539,-2.48542868239586,0.00014936969092,87,52,4.592441435952119,-1.0629907355545996,-2.4800046554267414
-1.0724485535176034,-2.485430434475005,0.00015014164092,87,52,4.592441435952119,-1.0629907355545996,-2.4800046554267414
-1.0719010447808615,-2.4854291918656837,0.00014996256505,87,52,4.592441435952119,-1.0629907355545996,-2.4800046554267414
-1.0713620556711858,-2.4854307824056163,0.00014985141752,87,52,4.592441435952119,-1.0629907355545996,-2.4800046554267414
-1.070820474178679,-2.485433466441752,0.00015109335072,87,52,4.592441435952119,-1.0629907355545996,-2.4800046554267414
-1.070259902852727,-2.4854304096228184,0.00014911839389,87,52,4.592441435952119,-1.0629907355545996,-2.4800046554267414
-1.0697431503472257,-2.485430123822675,0.00015132782573,87,52,4.592441435952119,-1.0629907355545996,-2.4800046554267414
-1.069200826376142,-2.4854319504583784,0.00015019283455,87,52,4.592441435952119,-1.0629907355545996,-2.4800046554267414
-1.0686442820526438,-2.48542857056102,0.00014980882406,87,52,4.592441435952119,-1.0629907355545996,-2.4800046554267414
-1.0681338217384766,-2.4854313415798095,0.00014822634694,87,52,4.592441435952119,-1.0629907355545996,-2.4800046554267414
-1.067596518936077,-2.485432609041317,0.00015045158216,87,52,4.592441435952119,-1.0629907355545996,-2.4800046554267414
-1.0670543208088201,-2.485428607839301,0.00015206086391,87,52,4.592441435952119,-1.0629907355545996,-2.4800046554267414
-1.0665165397998801,-2.485431204892783,0.00015135480498,87,52,4.592441435952119,-1.0629907355545996,-2.4800046554267414
-1.0659725421059019,-2.485430707849054,0.00015169223479,87,52,4.592441435952119,-1.0629907355545996,-2.4800046554267414
-1.065434194799741,-2.4854318013452574,0.00014996175014,87,52,4.592441435952119,-1.0629907355545996,-2.4800046554267414
-1.0648923993727306,-2.485433242772072,0.00015162370983,87,52,4.592441435952119,-1.0629907355545996,-2.4800046554267414
-1.0643541275728654,-2.4854302356575144,0.00014871847816,87,52,4.592441435952119,-1.0629907355545996,-2.4800046554267414
-1.0638140687906639,-2.4854315155451134,0.00014847157581,87,52,4.592441435952119,-1.0629907355545996,-2.4800046554267414
-1.0632759605877733,-2.485430210805325,0.00014988426119,87,52,4.592441435952119,-1.0629907355545996,-2.4800046554267414
-1.0627403440926515,-2.485430036840021,0.00014814619499,87,52,4.592441435952119,-1.0629907355545996,-2.4800046554267414
-1.0621979446152723,-2.4854294155353602,0.00014759508485,87,52,4.592441435952119,-1.0629907355545996,-2.4800046554267414
-1.0616378389114791,-2.4854286699697683,0.0001508303103,87,52,4.592441435952119,-1.0629907355545996,-2.4800046554267414
-1.061125604199355,-2.4854276634562154,0.00014922850823,87,52,4.592441435952119,-1.0629907355545996,-2.4800046554267414
-1.060592605255829,-2.48542857056102,0.00014957087114,87,52,4.592441435952119,-1.0629907355545996,-2.4800046554267414
-1.0600728450828705,-2.4854275764735654,0.00014889692829,87,52,4.592441435952119,-1.0629907355545996,-2.4800046554267414
-1.0595432690914293,-2.4854287569524187,0.00014775374439,87,52,4.592441435952119,-1.0629907355545996,-2.4800046554267414
-1.0590159960420162,-2.485430123822675,0.00014740879124,87,52,4.592441435952119,-1.0629907355545996,-2.4800046554267414
-1.0584836263176234,-2.485430074118302,0.00015214989253,87,52,4.592441435952119,-1.0629907355545996,-2.4800046554267414
-1.0579563910213599,-2.485430036840021,0.00015096348943,87,52,4.592441435952119,-1.0629907355545996,-2.4800046554267414
-1.0574311818107047,-2.4854332054937944,0.00015043262101,87,52,4.592441435952119,-1.0629907355545996,-2.4800046554267414
-1.0569073317133784,-2.485428930917726,0.00014942254347,87,52,4.592441435952119,-1.0629907355545996,-2.4800046554267414
-1.0563589169010832,-2.4854256380030213,0.00015076540876,87,52,4.592441435952119,-1.0629907355545996,-2.4800046554267414
-1.0558516907732616,-2.485428930917726,0.00014957324311,87,52,4.592441435952119,-1.0629907355545996,-2.4800046554267414
-1.0553335917388145,-2.485430359918446,0.00014803931117,87,52,4.592441435952119,-1.0629907355545996,-2.4800046554267414
-1.054806067001748,-2.4854277628649606,0.00014895731874,87,52,4.592441435952119,-1.0629907355545996,-2.4800046554267414
-1.0542826825265805,-2.4854328699892743,0.00014997899416,87,52,4.592441435952119,-1.0629907355545996,-2.4800046554267414
-1.0537592225451173,-2.485428433873997,0.00014961669513,87,52,4.592441435952119,-1.0629907355545996,-2.4800046554267414
-1.0532398147348725,-2.48542899304819,0.00015249903663,87,52,4.592441435952119,-1.0629907355545996,-2.4800046554267414
-1.0527221184006703,-2.4854299374312756,0.00015105566126,87,52,4.592441435952119,-1.0629907355545996,-2.4800046554267414
-1.0521836326663012,-2.4854284711522747,0.00015086785425,87,52,4.592441435952119,-1.0629907355545996,-2.4800046554267414
-1.051640390035283,-2.485432285962895,0.00014749763068,87,52,4.592441435952119,-1.0629907355545996,-2.4800046554267414
-1.0511007591220909,-2.4854322486846137,0.00014737724268,87,52,4.592441435952119,-1.0629907355545996,-2.4800046554267414
-1.0505580324507608,-2.485430173527047,0.00015002854343,87,52,4.592441435952119,-1.0629907355545996,-2.4800046554267414
-1.0500213966206442,-2.4854288066567913,0.00015191434068,87,52,4.592441435952119,-1.0629907355545996,-2.4800046554267414
-1.049481476266651,-2.485430571162031,0.00015308559523,87,52,4.592441435952119,-1.0629907355545996,-2.4800046554267414
-1.0489393158925417,-2.4854285829871148,0.000150402906,87,52,4.592441435952119,-1.0629907355545996,-2.4800046554267414
-1.0484009685863809,-2.4854310557796655,0.000149181913,87,52,4.592441435952119,-1.0629907355545996,-2.4800046554267414
-1.0478619417235575,-2.485430210805325,0.00015067210188,87,52,4.592441435952119,-1.0629907355545996,-2.4800046554267414
-1.0473275962510857,-2.485428508430556,0.00015098837321,87,52,4.592441435952119,-1.0629907355545996,-2.4800046554267414
-1.046791992340347,-2.4854299374312756,0.00014929297322,87,52,4.592441435952119,-1.0629907355545996,-2.4800046554267414
-1.0462548783036885,-2.4854312297449694,0.00015028203779,87,52,4.592441435952119,-1.0629907355545996,-2.4800046554267414
-1.0457186703425811,-2.485429788318158,0.0001515733893,87,52,4.592441435952119,-1.0629907355545996,-2.4800046554267414
-1.0451672730315935,-2.48542756404747,0.00015116334544,87,52,4.592441435952119,-1.0629907355545996,-2.4800046554267414
-1.0446771994173498,-2.4854279244041733,0.00014981419372,87,52,4.592441435952119,-1.0629907355545996,-2.4800046554267414
-1.0441659337026912,-2.4854277504388693,0.0001500009821,87,52,4.592441435952119,-1.0629907355545996,-2.4800046554267414
-1.0436519749301414,-2.4854254516116225,0.00014985831513,87,52,4.592441435952119,-1.0629907355545996,-2.4800046554267414
-1.0431124572763926,-2.4854257622639526,0.00015241083747,87,52,4.592441435952119,-1.0629907355545996,-2.4800046554267414
-1.0426214524178294,-2.4854303847706323,0.0001501905499,87,52,4.592441435952119,-1.0629907355545996,-2.4800046554267414
-1.0421126532421752,-2.4854277752910554,0.0001500959479,87,52,4.592441435952119,-1.0629907355545996,-2.4800046554267414
-1.0415976247970977,-2.485427974108546,0.00014984532027,87,52,4.592441435952119,-1.0629907355545996,-2.4800046554267414
-1.041087340664288,-2.485428645117582,0.00014928870951,87,52,4.592441435952119,-1.0629907355545996,-2.4800046554267414
-1.040550780340467,-2.4854300989704883,0.00015089607041,87,52,4.592441435952119,-1.0629907355545996,-2.4800046554267414
-1.0874089431397813,-2.4848375855674454,5.4863234254e-05,87,52,4.592441435952119,-1.0629907355545996,-2.4800046554267414
-1.0868140290335293,-2.484832876078112,4.329620424e-05,87,52,4.592441435952119,-1.0629907355545996,-2.4800046554267414
-1.086213300942482,-2.484832714538903,1.4136242044e-07,87,52,4.592441435952119,-1.0629907355545996,-2.4800046554267414
-1.085618437173759,-2.484830142337604,0.00014717232261,87,52,4.592441435952119,-1.0629907355545996,-2.4800046554267414
-1.085032835510681,-2.4848303660072837,0.00015007528418,87,52,4.592441435952119,-1.0629907355545996,-2.4800046554267414
-1.084444339439588,-2.484832279625638,0.00015231665748,87,52,4.592441435952119,-1.0629907355545996,-2.4800046554267414
-1.0838637589451923,-2.484831297964275,0.00014254785492,87,52,4.592441435952119,-1.0629907355545996,-2.4800046554267414
-1.0832881996194823,-2.4848294837546656,0.00012487599452,87,52,4.592441435952119,-1.0629907355545996,-2.4800046554267414
-1.0826884027727544,-2.4848321056603337,9.9687866168e-05,87,52,4.592441435952119,-1.0629907355545996,-2.4800046554267414
-1.0820906445960181,-2.4848303163029115,8.7823857029e-05,87,52,4.592441435952119,-1.0629907355545996,-2.4800046554267414
-1.0814884189634337,-2.4848290736935867,8.1462821981e-05,87,52,4.592441435952119,-1.0629907355545996,-2.4800046554267414
-1.0809149989827773,-2.4848315092078597,8.0181947851e-05,87,52,4.592441435952119,-1.0629907355545996,-2.4800046554267414
-1.0803246907605812,-2.4848309376075717,7.8451907029e-05,87,52,4.592441435952119,-1.0629907355545996,-2.4800046554267414
-1.0797363079489315,-2.4848313849469283,7.9779514635e-05,87,52,4.592441435952119,-1.0629907355545996,-2.4800046554267414
-1.0791576025275547,-2.4848322671995464,8.0442710896e-05,87,52,4.592441435952119,-1.0629907355545996,-2.4800046554267414
-1.0785742786377384,-2.4848302044680715,6.0690847022e-05,87,52,4.592441435952119,-1.0629907355545996,-2.4800046554267414
-1.0779932576899502,-2.484831521633951,3.9363185351e-05,87,52,4.592441435952119,-1.0629907355545996,-2.4800046554267414
-1.0774147662030789,-2.484831322816461,5.4615560657e-05,87,52,4.592441435952119,-1.0629907355545996,-2.4800046554267414
-1.0768366648320709,-2.4848314097991144,1.4136115567e-07,87,52,4.592441435952119,-1.0629907355545996,-2.4800046554267414
-1.0762592052645774,-2.4848319441211215,1.4136232096e-07,87,52,4.592441435952119,-1.0629907355545996,-2.4800046554267414
-1.0757079589661829,-2.4848301920419766,0.0001443438814,87,52,4.592441435952119,-1.0629907355545996,-2.4800046554267414
-1.0751578200934622,-2.4848286636325114,0.00014761269267,87,52,4.592441435952119,-1.0629907355545996,-2.4800046554267414
-1.0746136588025095,-2.48482985653746,0.00014845689293,87,52,4.592441435952119,-1.0629907355545996,-2.4800046554267414
-1.074047990801576,-2.4848244511869106,0.00015177947353,87,52,4.592441435952119,-1.0629907355545996,-2.4800046554267414
-1.073523738004005,-2.484830999738036,0.00015062910097,87,52,4.592441435952119,-1.0629907355545996,-2.4800046554267414
-1.07296377072842,-2.48482679971853,0.00014934634964,87,52,4.592441435952119,-1.0629907355545996,-2.4800046554267414
-1.07243462260599,-2.484828899728283,0.00015086343046,87,52,4.592441435952119,-1.0629907355545996,-2.4800046554267414
-1.0718979364383423,-2.484827172501324,0.00015144998906,87,52,4.592441435952119,-1.0629907355545996,-2.4800046554267414
-1.0713525167091227,-2.484829421624198,0.00015076241107,87,52,4.592441435952119,-1.0629907355545996,-2.4800046554267414
-1.0708092992468692,-2.484829409198107,0.00014958922111,87,52,4.592441435952119,-1.0629907355545996,-2.4800046554267414
-1.0702688881019524,-2.4848293719198256,0.00014733294665,87,52,4.592441435952119,-1.0629907355545996,-2.4800046554267414
-1.069728401450738,-2.4848309376075717,0.0001483251981,87,52,4.592441435952119,-1.0629907355545996,-2.4800046554267414
-1.0691895885224199,-2.4848302293202575,0.00015040306607,87,52,4.592441435952119,-1.0629907355545996,-2.4800046554267414
-1.0686527639265624,-2.4848295210329434,0.00015001556312,87,52,4.592441435952119,-1.0629907355545996,-2.4800046554267414
-1.068121489043462,-2.4848268494229027,0.00015017930127,87,52,4.592441435952119,-1.0629907355545996,-2.4800046554267414
-1.0675863633392637,-2.4848270233882066,0.00015108278603,87,52,4.592441435952119,-1.0629907355545996,-2.4800046554267414
-1.0670446685873136,-2.484831583764419,0.00015015121608,87,52,4.592441435952119,-1.0629907355545996,-2.4800046554267414
-1.0664802212714992,-2.4848261659877746,0.00015120947501,87,52,4.592441435952119,-1.0629907355545996,-2.4800046554267414
-1.0659598822169385,-2.4848296452938747,0.00015209204867,87,52,4.592441435952119,-1.0629907355545996,-2.4800046554267414
-1.065424152462373,-2.484829023989214,0.00015031652583,87,52,4.592441435952119,-1.0629907355545996,-2.4800046554267414
-1.0648830743451732,-2.484826663031504,0.00015081877063,87,52,4.592441435952119,-1.0629907355545996,-2.4800046554267414
-1.0643427261221687,-2.4848292103806133,0.00014989057672,87,52,4.592441435952119,-1.0629907355545996,-2.4800046554267414
-1.0637858420203383,-2.4848283405540896,0.00015067889763,87,52,4.592441435952119,-1.0629907355545996,-2.4800046554267414
-1.0632664090413289,-2.4848294837546656,0.00014986442693,87,52,4.592441435952119,-1.0629907355545996,-2.4800046554267414
-1.0627294460172614,-2.4848267375880626,0.00015141103358,87,52,4.592441435952119,-1.0629907355545996,-2.4800046554267414
-1.0621916775927047,-2.484829409198107,0.00015028192138,87,52,4.592441435952119,-1.0629907355545996,-2.4800046554267414
-1.0616544628809839,-2.4848291979545216,0.00015283445828,87,52,4.592441435952119,-1.0629907355545996,-2.4800046554267414
-1.0611158513027883,-2.4848289494326554,0.00015035220713,87,52,4.592441435952119,-1.0629907355545996,-2.4800046554267414
-1.0605660144552518,-2.4848279801973834,0.00014896861103,87,52,4.592441435952119,-1.0629907355545996,-2.4800046554267414
-1.0600633312895722,-2.484829011563123,0.00014940543042,87,52,4.592441435952119,-1.0629907355545996,-2.4800046554267414
-1.0595377697162032,-2.4848308133466404,0.00014884484699,87,52,4.592441435952119,-1.0629907355545996,-2.4800046554267414
-1.0590059662890297,-2.484826824570716,0.00015125100617,87,52,4.592441435952119,-1.0629907355545996,-2.4800046554267414
-1.0584821287760864,-2.4848285269454853,0.00014877074864,87,52,4.592441435952119,-1.0629907355545996,-2.4800046554267414
-1.0579562777619165,-2.4848299435201135,0.00015191853163,87,52,4.592441435952119,-1.0629907355545996,-2.4800046554267414
-1.057425506254121,-2.4848313849469283,0.00015111161338,87,52,4.592441435952119,-1.0629907355545996,-2.4800046554267414
-1.0569029901013587,-2.4848308009205455,0.00014929453027,87,52,4.592441435952119,-1.0629907355545996,-2.4800046554267414
-1.056375540870588,-2.484831285538183,0.0001488988928,87,52,4.592441435952119,-1.0629907355545996,-2.4800046554267414
-1.0558526723551103,-2.484829421624198,0.00014863384422,87,52,4.592441435952119,-1.0629907355545996,-2.4800046554267414
-1.0553274757288382,-2.484831297964275,0.00014886129065,87,52,4.592441435952119,-1.0629907355545996,-2.4800046554267414
-1.054803952825461,-2.484830266598539,0.00014943481074,87,52,4.592441435952119,-1.0629907355545996,-2.4800046554267414
-1.054281247906956,-2.484829471328571,0.00015018520935,87,52,4.592441435952119,-1.0629907355545996,-2.4800046554267414
-1.0537553213864903,-2.4848293719198256,0.00014848948922,87,52,4.592441435952119,-1.0629907355545996,-2.4800046554267414
-1.053233774231192,-2.4848287754673515,0.00014789201668,87,52,4.592441435952119,-1.0629907355545996,-2.4800046554267414
-1.052718406007784,-2.484834044130878,0.00014892840409,87,52,4.592441435952119,-1.0629907355545996,-2.4800046554267414
-1.052181682086987,-2.4848318447123763,0.00015139416791,87,52,4.592441435952119,-1.0629907355545996,-2.4800046554267414
-1.0516405536322577,-2.4848296328677835,0.00015113827249,87,52,4.592441435952119,-1.0629907355545996,-2.4800046554267414
-1.0510993245024665,-2.4848312234077157,0.00015104637714,87,52,4.592441435952119,-1.0629907355545996,-2.4800046554267414
-1.0505612540527252,-2.4848289867109368,0.00014734288561,87,52,4.592441435952119,-1.0629907355545996,-2.4800046554267414
-1.050018388953187,-2.4848297695548096,0.00014826387633,87,52,4.592441435952119,-1.0629907355545996,-2.4800046554267414
-1.0494837666242955,-2.4848288873021915,0.00014742718486,87,52,4.592441435952119,-1.0629907355545996,-2.4800046554267414
-1.0489441608798697,-2.4848297447026235,0.00014899778762,87,52,4.592441435952119,-1.0629907355545996,-2.4800046554267414
-1.048403850410013,-2.4848300305027675,0.00014922402625,87,52,4.592441435952119,-1.0629907355545996,-2.4800046554267414
-1.0478688631340247,-2.4848312358338074,0.00015062399325,87,52,4.592441435952119,-1.0629907355545996,-2.4800046554267414
-1.04732827580775,-2.484829980798395,0.00014930588077,87,52,4.592441435952119,-1.0629907355545996,-2.4800046554267414
-1.0467930997660209,-2.484831919268935,0.00015002141299,87,52,4.592441435952119,-1.0629907355545996,-2.4800046554267414
-1.046254853134922,-2.4848313973730196,0.0001498109923,87,52,4.592441435952119,-1.0629907355545996,-2.4800046554267414
-1.0457223072291733,-2.484830925181477,0.00015096539573,87,52,4.592441435952119,-1.0629907355545996,-2.4800046554267414
-1.0451972616154925,-2.484829781980901,0.00014942680718,87,52,4.592441435952119,-1.0629907355545996,-2.4800046554267414
-1.0446860462383651,-2.4848300180766723,0.00014816173643,87,52,4.592441435952119,-1.0629907355545996,-2.4800046554267414
-1.0441719490376054,-2.484831745303631,0.00014967536845,87,52,4.592441435952119,-1.0629907355545996,-2.4800046554267414
-1.0436555488948194,-2.4848272097796054,0.00015149990213,87,52,4.592441435952119,-1.0629907355545996,-2.4800046554267414
-1.0431434274421387,-2.484831633468791,0.00015214445011,87,52,4.592441435952119,-1.0629907355545996,-2.4800046554267414
-1.0426309032892136,-2.4848316831731636,0.00015108862135,87,52,4.592441435952119,-1.0629907355545996,-2.4800046554267414
-1.0421194362244326,-2.4848313352425557,0.00015050396905,87,52,4.592441435952119,-1.0629907355545996,-2.4800046554267414
-1.041609856817052,-2.484829148250149,0.00014811036817,87,52,4.592441435952119,-1.0629907355545996,-2.4800046554267414
-1.0411051349813807,-2.484831919268935,0.00014883975382,87,52,4.592441435952119,-1.0629907355545996,-2.4800046554267414
-1.0405904966521666,-2.4848316831731636,0.00015031841758,87,52,4.592441435952119,-1.0629907355545996,-2.4800046554267414
-1.0874142789180328,-2.484238697578578,5.2413583035e-05,87,52,4.592441435952119,-1.0629907355545996,-2.4800046554267414
-1.0868198681870875,-2.484234286315487,9.4723167422e-05,87,52,4.592441435952119,-1.0629907355545996,-2.4800046554267414
-1.0862225001262125,-2.4842338514022217,1.4137067694e-07,87,52,4.592441435952119,-1.0629907355545996,-2.4800046554267414
-1.0856253837529928,-2.484231900505587,0.00014347925026,87,52,4.592441435952119,-1.0629907355545996,-2.4800046554267414
-1.0850334898985792,-2.4842362496382138,0.00014830971486,87,52,4.592441435952119,-1.0629907355545996,-2.4800046554267414
-1.0844472086788353,-2.4842316519837238,0.00014907366131,87,52,4.592441435952119,-1.0629907355545996,-2.4800046554267414
-1.0838785455948279,-2.484231577427165,0.00014057461522,87,52,4.592441435952119,-1.0629907355545996,-2.4800046554267414
-1.0833042195386202,-2.484233205245375,0.00012353704369,87,52,4.592441435952119,-1.0629907355545996,-2.4800046554267414
-1.0827021952561582,-2.484231043105155,0.00010301946895,87,52,4.592441435952119,-1.0629907355545996,-2.4800046554267414
-1.0821079481221871,-2.484231428314044,9.181528003e-05,87,52,4.592441435952119,-1.0629907355545996,-2.4800046554267414
-1.0815131850285247,-2.484231428314044,8.2747494162e-05,87,52,4.592441435952119,-1.0629907355545996,-2.4800046554267414
-1.0809221217433687,-2.4842334164889603,8.1835809397e-05,87,52,4.592441435952119,-1.0629907355545996,-2.4800046554267414
-1.0803373380651615,-2.4842335158977056,8.2468781329e-05,87,52,4.592441435952119,-1.0629907355545996,-2.4800046554267414
-1.0797524411275128,-2.4842352928290365,8.3019062004e-05,87,52,4.592441435952119,-1.0629907355545996,-2.4800046554267414
-1.0791666632830754,-2.484231005826877,7.8840843344e-05,87,52,4.592441435952119,-1.0629907355545996,-2.4800046554267414
-1.0785864225670139,-2.484231043105155,6.814119115e-05,87,52,4.592441435952119,-1.0629907355545996,-2.4800046554267414
-1.0779961017604347,-2.4842312294965536,4.2255574954e-05,87,52,4.592441435952119,-1.0629907355545996,-2.4800046554267414
-1.0774336050239328,-2.4842313661835798,4.921872096e-05,87,52,4.592441435952119,-1.0629907355545996,-2.4800046554267414
-1.0768584358140862,-2.4842318010968416,1.4137798132e-07,87,52,4.592441435952119,-1.0629907355545996,-2.4800046554267414
-1.0762839587452853,-2.484235516498713,1.4133608772e-07,87,52,4.592441435952119,-1.0629907355545996,-2.4800046554267414
-1.075725061142228,-2.484234174480647,0.00014037858637,87,52,4.592441435952119,-1.0629907355545996,-2.4800046554267414
-1.075179893100662,-2.4842335531759865,0.00014827153063,87,52,4.592441435952119,-1.0629907355545996,-2.4800046554267414
-1.0746310126662078,-2.484231005826877,0.00015052131494,87,52,4.592441435952119,-1.0629907355545996,-2.4800046554267414
-1.0740821196473724,-2.484235354959504,0.00015164355864,87,52,4.592441435952119,-1.0629907355545996,-2.4800046554267414
-1.0735417714243678,-2.4842339756631566,0.00015262355737,87,52,4.592441435952119,-1.0629907355545996,-2.4800046554267414
-1.0729977863147728,-2.4842362993425864,0.00015251271543,87,52,4.592441435952119,-1.0629907355545996,-2.4800046554267414
-1.0724548960464684,-2.4842309809746874,0.00015203189105,87,52,4.592441435952119,-1.0629907355545996,-2.4800046554267414
-1.0719168255967273,-2.4842344354286046,0.00015198395704,87,52,4.592441435952119,-1.0629907355545996,-2.4800046554267414
-1.0713758607389725,-2.4842338265500357,0.00015199107293,87,52,4.592441435952119,-1.0629907355545996,-2.4800046554267414
-1.0708369345512094,-2.484233863828317,0.00015100029123,87,52,4.592441435952119,-1.0629907355545996,-2.4800046554267414
-1.070293830348401,-2.484232608792901,0.00014932478371,87,52,4.592441435952119,-1.0629907355545996,-2.4800046554267414
-1.069754476291627,-2.4842341496284606,0.00015129329404,87,52,4.592441435952119,-1.0629907355545996,-2.4800046554267414
-1.0692176265270046,-2.4842338265500357,0.00015231539146,87,52,4.592441435952119,-1.0629907355545996,-2.4800046554267414
-1.0686778697699857,-2.4842338265500357,0.00015161695774,87,52,4.592441435952119,-1.0629907355545996,-2.4800046554267414
-1.0681492879447747,-2.4842364236035213,0.00014862227545,87,52,4.592441435952119,-1.0629907355545996,-2.4800046554267414
-1.0676143258375528,-2.484237442543162,0.00014987248869,87,52,4.592441435952119,-1.0629907355545996,-2.4800046554267414
-1.0670704036498704,-2.4842354295160627,0.00014952966012,87,52,4.592441435952119,-1.0629907355545996,-2.4800046554267414
-1.0665289605855734,-2.4842337644195718,0.00014762114733,87,52,4.592441435952119,-1.0629907355545996,-2.4800046554267414
-1.065993268584156,-2.484233341932401,0.00015044810425,87,52,4.592441435952119,-1.0629907355545996,-2.4800046554267414
-1.0654524044014617,-2.4842341247762745,0.0001506646804,87,52,4.592441435952119,-1.0629907355545996,-2.4800046554267414
-1.0649123456192602,-2.484235342533409,0.00015198950132,87,52,4.592441435952119,-1.0629907355545996,-2.4800046554267414
-1.0643762635019796,-2.484234211758925,0.00015384511789,87,52,4.592441435952119,-1.0629907355545996,-2.4800046554267414
-1.0638377400144627,-2.48423669697757,0.00015237355547,87,52,4.592441435952119,-1.0629907355545996,-2.4800046554267414
-1.0632993675395355,-2.4842339011065944,0.00015178640024,87,52,4.592441435952119,-1.0629907355545996,-2.4800046554267414
-1.0627608692207833,-2.48423618750775,0.00014806527179,87,52,4.592441435952119,-1.0629907355545996,-2.4800046554267414
-1.0622252653100448,-2.4842358271510436,0.00015020085266,87,52,4.592441435952119,-1.0629907355545996,-2.4800046554267414
-1.0616884407141873,-2.4842322235840117,0.00015002778673,87,52,4.592441435952119,-1.0629907355545996,-2.4800046554267414
-1.061152950062894,-2.4842348827679612,0.00014998929692,87,52,4.592441435952119,-1.0629907355545996,-2.4800046554267414
-1.060620416741525,-2.4842358892815106,0.00014965971059,87,52,4.592441435952119,-1.0629907355545996,-2.4800046554267414
-1.0601017514098587,-2.4842342366111145,0.00014886930876,87,52,4.592441435952119,-1.0629907355545996,-2.4800046554267414
-1.0595737358818687,-2.4842371070386458,0.00014914988424,87,52,4.592441435952119,-1.0629907355545996,-2.4800046554267414
-1.0590446758501175,-2.4842338389761305,0.00015127843653,87,52,4.592441435952119,-1.0629907355545996,-2.4800046554267414
-1.058521190699888,-2.4842371443169267,0.00014937226661,87,52,4.592441435952119,-1.0629907355545996,-2.4800046554267414
-1.0579904946983898,-2.4842365105861712,0.00015247352712,87,52,4.592441435952119,-1.0629907355545996,-2.4800046554267414
-1.0574669340418645,-2.4842358271510436,0.00015057165001,87,52,4.592441435952119,-1.0629907355545996,-2.4800046554267414
-1.0569447450830514,-2.484236237212122,0.00015174433065,87,52,4.592441435952119,-1.0629907355545996,-2.4800046554267414
-1.0564194855348652,-2.4842350070288926,0.00014894211199,87,52,4.592441435952119,-1.0629907355545996,-2.4800046554267414
-1.055894049805323,-2.4842365478644526,0.00014975524391,87,52,4.592441435952119,-1.0629907355545996,-2.4800046554267414
-1.05537082892713,-2.4842386105959275,0.00015176970919,87,52,4.592441435952119,-1.0629907355545996,-2.4800046554267414
-1.0548445374595656,-2.4842341496284606,0.00015112114488,87,52,4.592441435952119,-1.0629907355545996,-2.4800046554267414
-1.0543238334579061,-2.4842361129511907,0.00015035358956,87,52,4.592441435952119,-1.0629907355545996,-2.4800046554267414
-1.0538035950784057,-2.484234385724232,0.00015066510241,87,52,4.592441435952119,-1.0629907355545996,-2.4800046554267414
-1.0532804371221252,-2.4842342738893923,0.00014949045726,87,52,4.592441435952119,-1.0629907355545996,-2.4800046554267414
-1.0527657484553816,-2.4842335531759865,0.00014972696954,87,52,4.592441435952119,-1.0629907355545996,-2.4800046554267414
-1.0522318686050687,-2.484234348445951,0.00014983444999,87,52,4.592441435952119,-1.0629907355545996,-2.4800046554267414
-1.0516924138732324,-2.4842358520032333,0.00015115673887,87,52,4.592441435952119,-1.0629907355545996,-2.4800046554267414
-1.0511523299222645,-2.4842337644195718,0.00015036945115,87,52,4.592441435952119,-1.0629907355545996,-2.4800046554267414
-1.0506109875330298,-2.484235417089968,0.00015037412231,87,52,4.592441435952119,-1.0629907355545996,-2.4800046554267414
-1.0500726150581043,-2.484233627732545,0.00014919512614,87,52,4.592441435952119,-1.0629907355545996,-2.4800046554267414
-1.049534821464781,-2.4842347088026537,0.00015109131346,87,52,4.592441435952119,-1.0629907355545996,-2.4800046554267414
-1.0489967384306569,-2.484235789872766,0.00014922434639,87,52,4.592441435952119,-1.0629907355545996,-2.4800046554267414
-1.0484591461874562,-2.484234286315487,0.0001496449695,87,52,4.592441435952119,-1.0629907355545996,-2.4800046554267414
-1.0479199305588918,-2.4842317016880964,0.00014938985987,87,52,4.592441435952119,-1.0629907355545996,-2.4800046554267414
-1.0473842008043264,-2.4842354419421544,0.00014976118109,87,52,4.592441435952119,-1.0629907355545996,-2.4800046554267414
-1.04684629395156,-2.4842328200364863,0.00014883585391,87,52,4.592441435952119,-1.0629907355545996,-2.4800046554267414
-1.0463143143430305,-2.4842341620545523,0.00014838424977,87,52,4.592441435952119,-1.0629907355545996,-2.4800046554267414
-1.0457573169817547,-2.484231726540283,0.00014842348173,87,52,4.592441435952119,-1.0629907355545996,-2.4800046554267414
-1.045249109272086,-2.4842327330538323,0.00015058241843,87,52,4.592441435952119,-1.0629907355545996,-2.4800046554267414
-1.0447385356984733,-2.4842332673758425,0.00014879205264,87,52,4.592441435952119,-1.0629907355545996,-2.4800046554267414
-1.0442256214296848,-2.4842327951842997,0.00015196023742,87,52,4.592441435952119,-1.0629907355545996,-2.4800046554267414
-1.043714997518543,-2.484234746080935,0.00014943140559,87,52,4.592441435952119,-1.0629907355545996,-2.4800046554267414
-1.0431982827661894,-2.484233428915055,0.00014897793881,87,52,4.592441435952119,-1.0629907355545996,-2.4800046554267414
-1.0426859599633864,-2.484231788670747,0.00014926235599,87,52,4.592441435952119,-1.0629907355545996,-2.4800046554267414
-1.0421784569791468,-2.4842314904445115,0.00015029177302,87,52,4.592441435952119,-1.0629907355545996,-2.4800046554267414
-1.0416685252090507,-2.484235454368249,0.00015068957873,87,52,4.592441435952119,-1.0629907355545996,-2.4800046554267414
-1.0411577502853158,-2.4842339383848757,0.00014710234245,87,52,4.592441435952119,-1.0629907355545996,-2.4800046554267414
-1.040649165044167,-2.484231863227309,0.00014931127953,87,52,4.592441435952119,-1.0629907355545996,-2.4800046554267414
-1.0874204075123923,-2.483643562269867,4.7431407438e-05,87,52,4.592441435952119,-1.0629907355545996,-2.4800046554267414
-1.0868213531442412,-2.483638852780537,1.4143758165e-07,87,52,4.592441435952119,-1.0629907355545996,-2.4800046554267414
-1.0862242116022551,-2.4836381196410366,1.4136402626e-07,87,52,4.592441435952119,-1.0629907355545996,-2.4800046554267414
-1.0856316256067957,-2.4836381196410366,0.00014506228035,87,52,4.592441435952119,-1.0629907355545996,-2.4800046554267414
-1.0850408769312054,-2.483638417867272,0.00014831409499,87,52,4.592441435952119,-1.0629907355545996,-2.4800046554267414
-1.084454532789549,-2.483636591231568,0.00015170642291,87,52,4.592441435952119,-1.0629907355545996,-2.4800046554267414
-1.0838824719222213,-2.48363582081379,0.0001433120924,87,52,4.592441435952119,-1.0629907355545996,-2.4800046554267414
-1.0833095301481053,-2.483634093586831,0.00012311110913,87,52,4.592441435952119,-1.0629907355545996,-2.4800046554267414
-1.082706008324108,-2.4836403314856295,0.00010856568406,87,52,4.592441435952119,-1.0629907355545996,-2.4800046554267414
-1.082110754439522,-2.4836384675716445,9.2901973403e-05,87,52,4.592441435952119,-1.0629907355545996,-2.4800046554267414
-1.081516154942834,-2.4836380326583827,8.4678162239e-05,87,52,4.592441435952119,-1.0629907355545996,-2.4800046554267414
-1.0809251545795904,-2.483635945074721,8.3011982497e-05,87,52,4.592441435952119,-1.0629907355545996,-2.4800046554267414
-1.0803365830022016,-2.4836371752579507,8.1202990259e-05,87,52,4.592441435952119,-1.0629907355545996,-2.4800046554267414
-1.0797527557370785,-2.48363724981451,8.0380399595e-05,87,52,4.592441435952119,-1.0629907355545996,-2.4800046554267414
-1.0791715082704034,-2.4836372995188825,8.1185149611e-05,87,52,4.592441435952119,-1.0629907355545996,-2.4800046554267414
-1.0785841070406026,-2.4836400581115767,7.0625901571e-05,87,52,4.592441435952119,-1.0629907355545996,-2.4800046554267414
-1.077991093176132,-2.4836381196410366,4.3381387513e-05,87,52,4.592441435952119,-1.0629907355545996,-2.4800046554267414
-1.0774336553614638,-2.4836361811704926,5.0417675084e-05,87,52,4.592441435952119,-1.0629907355545996,-2.4800046554267414
-1.0768526847512068,-2.4836370012926468,1.4136746529e-07,87,52,4.592441435952119,-1.0629907355545996,-2.4800046554267414
-1.0762759047403778,-2.4836373989276272,1.4136163884e-07,87,52,4.592441435952119,-1.0629907355545996,-2.4800046554267414
-1.0757251366485254,-2.483637771710425,0.00014204141917,87,52,4.592441435952119,-1.0629907355545996,-2.4800046554267414
-1.075177124536475,-2.483639921424554,0.0001462669461,87,52,4.592441435952119,-1.0629907355545996,-2.4800046554267414
-1.074629578046585,-2.4836376350233986,0.0001495313918,87,52,4.592441435952119,-1.0629907355545996,-2.4800046554267414
-1.0740873421661805,-2.4836375480407487,0.00015010235074,87,52,4.592441435952119,-1.0629907355545996,-2.4800046554267414
-1.0735400221951776,-2.483637697153866,0.00015018467093,87,52,4.592441435952119,-1.0629907355545996,-2.4800046554267414
-1.072995860904225,-2.483637423779814,0.00015130963584,87,52,4.592441435952119,-1.0629907355545996,-2.4800046554267414
-1.0724543297492493,-2.4836381444932227,0.00015152136621,87,52,4.592441435952119,-1.0629907355545996,-2.4800046554267414
-1.0718960739497085,-2.4836341557172985,0.00014951427875,87,52,4.592441435952119,-1.0629907355545996,-2.4800046554267414
-1.0713734193687348,-2.4836349137089853,0.00014694570564,87,52,4.592441435952119,-1.0629907355545996,-2.4800046554267414
-1.0708356257754115,-2.4836358705181625,0.0001502638479,87,52,4.592441435952119,-1.0629907355545996,-2.4800046554267414
-1.0702960326153672,-2.4836345782044686,0.0001511599985,87,52,4.592441435952119,-1.0629907355545996,-2.4800046554267414
-1.0697537338130498,-2.483633534412638,0.00015003225417,87,52,4.592441435952119,-1.0629907355545996,-2.4800046554267414
-1.069196535101652,-2.483635535013646,0.00015134575369,87,52,4.592441435952119,-1.0629907355545996,-2.4800046554267414
-1.068680600581023,-2.483634292404325,0.00015163268836,87,52,4.592441435952119,-1.0629907355545996,-2.4800046554267414
-1.0681508232394614,-2.4836346279088413,0.00015055309632,87,52,4.592441435952119,-1.0629907355545996,-2.4800046554267414
-1.0676151564068086,-2.4836366285098492,0.00015290627198,87,52,4.592441435952119,-1.0629907355545996,-2.4800046554267414
-1.067073348395415,-2.4836373119449773,0.0001525591797,87,52,4.592441435952119,-1.0629907355545996,-2.4800046554267414
-1.0665346864796883,-2.483633037368909,0.00015220236673,87,52,4.592441435952119,-1.0629907355545996,-2.4800046554267414
-1.0659973710929056,-2.483637771710425,0.00015211214486,87,52,4.592441435952119,-1.0629907355545996,-2.4800046554267414
-1.0654552736407106,-2.4836371752579507,0.00015069213987,87,52,4.592441435952119,-1.0629907355545996,-2.4800046554267414
-1.064915290364803,-2.4836351622308483,0.00014960582484,87,52,4.592441435952119,-1.0629907355545996,-2.4800046554267414
-1.0643762005800652,-2.4836351249525705,0.00014944661234,87,52,4.592441435952119,-1.0629907355545996,-2.4800046554267414
-1.0638391494653208,-2.4836370385709245,0.0001490755094,87,52,4.592441435952119,-1.0629907355545996,-2.4800046554267414
-1.06330268981656,-2.4836348764307044,0.0001507671841,87,52,4.592441435952119,-1.0629907355545996,-2.4800046554267414
-1.0627650849889778,-2.483636230874865,0.00015010994684,87,52,4.592441435952119,-1.0629907355545996,-2.4800046554267414
-1.0622301102973728,-2.4836381444932227,0.00015048056957,87,52,4.592441435952119,-1.0629907355545996,-2.4800046554267414
-1.0616938771675009,-2.48363450364791,0.00015036622062,87,52,4.592441435952119,-1.0629907355545996,-2.4800046554267414
-1.0611543846825167,-2.483636877031712,0.00015023061133,87,52,4.592441435952119,-1.0629907355545996,-2.4800046554267414
-1.0606208320261545,-2.483636591231568,0.00015201864881,87,52,4.592441435952119,-1.0629907355545996,-2.4800046554267414
-1.0601073892132946,-2.4836354728831784,0.00014989946794,87,52,4.592441435952119,-1.0629907355545996,-2.4800046554267414
-1.0595771462495722,-2.483633174055935,0.00015058358258,87,52,4.592441435952119,-1.0629907355545996,-2.4800046554267414
-1.0590511568071923,-2.4836383060324354,0.00014916819055,87,52,4.592441435952119,-1.0629907355545996,-2.4800046554267414
-1.0585271431128898,-2.4836369764404607,0.00014877213107,87,52,4.592441435952119,-1.0629907355545996,-2.4800046554267414
-1.0579968372272548,-2.4836374362059086,0.00014937382366,87,52,4.592441435952119,-1.0629907355545996,-2.4800046554267414
-1.0574729116236328,-2.4836406048596786,0.00015028638882,87,52,4.592441435952119,-1.0629907355545996,-2.4800046554267414
-1.0569482057882842,-2.483635547439737,0.00015071642702,87,52,4.592441435952119,-1.0629907355545996,-2.4800046554267414
-1.0564267593080479,-2.483637088275297,0.00014836226183,87,52,4.592441435952119,-1.0629907355545996,-2.4800046554267414
-1.055900857956347,-2.483635746257231,0.0001496602199,87,52,4.592441435952119,-1.0629907355545996,-2.4800046554267414
-1.055381311717892,-2.483637411353722,0.00015027342306,87,52,4.592441435952119,-1.0629907355545996,-2.4800046554267414
-1.0548551586785377,-2.4836361935965874,0.00015089294175,87,52,4.592441435952119,-1.0629907355545996,-2.4800046554267414
-1.0543326047726258,-2.4836356095702046,0.00014986135648,87,52,4.592441435952119,-1.0629907355545996,-2.4800046554267414
-1.053814505738179,-2.483637498336376,0.00014886875579,87,52,4.592441435952119,-1.0629907355545996,-2.4800046554267414
-1.0532886295552424,-2.483636230874865,0.0001517496421,87,52,4.592441435952119,-1.0629907355545996,-2.4800046554267414
-1.052750722702476,-2.483638281180249,0.00015152427659,87,52,4.592441435952119,-1.0629907355545996,-2.4800046554267414
-1.0522162136330295,-2.4836381817715005,0.00014804743114,87,52,4.592441435952119,-1.0629907355545996,-2.4800046554267414
-1.0516980516766683,-2.483636777622967,0.00014781592472,87,52,4.592441435952119,-1.0629907355545996,-2.4800046554267414
-1.0511620198969187,-2.483635361048342,0.00014746171655,87,52,4.592441435952119,-1.0629907355545996,-2.4800046554267414
-1.050621432570644,-2.4836413877035515,0.00014731664851,87,52,4.592441435952119,-1.0629907355545996,-2.4800046554267414
-1.0500847589873779,-2.4836402196507894,0.00014839018695,87,52,4.592441435952119,-1.0629907355545996,-2.4800046554267414
-1.049547305172387,-2.4836382066236866,0.00014757497411,87,52,4.592441435952119,-1.0629907355545996,-2.4800046554267414
-1.0490051699670444,-2.4836374362059086,0.00014842528617,87,52,4.592441435952119,-1.0629907355545996,-2.4800046554267414
-1.0484693647061833,-2.48363787111917,0.00015081069432,87,52,4.592441435952119,-1.0629907355545996,-2.4800046554267414
-1.047928160745157,-2.483637697153866,0.00014845588885,87,52,4.592441435952119,-1.0629907355545996,-2.4800046554267414
-1.0473917136807793,-2.483640455746561,0.00014869586448,87,52,4.592441435952119,-1.0629907355545996,-2.4800046554267414
-1.046858890918611,-2.483640406042188,0.0001486504043,87,52,4.592441435952119,-1.0629907355545996,-2.4800046554267414
-1.0462989110586445,-2.4836325527512715,0.00015118450392,87,52,4.592441435952119,-1.0629907355545996,-2.4800046554267414
-1.0457846628452936,-2.4836356219962994,0.00014876604837,87,52,4.592441435952119,-1.0629907355545996,-2.4800046554267414
-1.0452532495339832,-2.4836396604765962,0.00014935387298,87,52,4.592441435952119,-1.0629907355545996,-2.4800046554267414
-1.044746551950233,-2.483638281180249,0.00015103761689,87,52,4.592441435952119,-1.0629907355545996,-2.4800046554267414
-1.0442316996865149,-2.4836404308943747,0.00015228582197,87,52,4.592441435952119,-1.0629907355545996,-2.4800046554267414
-1.043724020520916,-2.4836395113634753,0.00015141068434,87,52,4.592441435952119,-1.0629907355545996,-2.4800046554267414
-1.043210300851638,-2.4836399587028315,0.00015128556697,87,52,4.592441435952119,-1.0629907355545996,-2.4800046554267414
-1.0426973739984664,-2.4836384302933667,0.0001508815476,87,52,4.592441435952119,-1.0629907355545996,-2.4800046554267414
-1.0421881217850346,-2.483638169345409,0.00015131672262,87,52,4.592441435952119,-1.0629907355545996,-2.4800046554267414
-1.041674930659828,-2.4836384924238306,0.00015152111882,87,52,4.592441435952119,-1.0629907355545996,-2.4800046554267414
-1.0411649988897338,-2.483637063423111,0.00014951343474,87,52,4.592441435952119,-1.0629907355545996,-2.4800046554267414
-1.040657193880308,-2.483640853381545,0.00014933178318,87,52,4.592441435952119,-1.0629907355545996,-2.4800046554267414
-1.0874075085201587,-2.483041654740347,4.3498916057e-05,87,52,4.592441435952119,-1.0629907355545996,-2.4800046554267414
-1.0868109961973058,-2.4830378275036353,6.8373366958e-05,87,52,4.592441435952119,-1.0629907355545996,-2.4800046554267414
-1.0862113377787859,-2.4830373304599065,1.4170305462e-07,87,52,4.592441435952119,-1.0629907355545996,-2.4800046554267414
-1.0856155931032765,-2.4830394677479406,0.00014806776016,87,52,4.592441435952119,-1.0629907355545996,-2.4800046554267414
-1.0850240138584304,-2.4830327203793217,0.00015152063861,87,52,4.592441435952119,-1.0629907355545996,-2.4800046554267414
-1.0844524437820264,-2.483035242876245,0.00015365664149,87,52,4.592441435952119,-1.0629907355545996,-2.4800046554267414
-1.0838700637209093,-2.483035379563271,0.00014828423446,87,52,4.592441435952119,-1.0629907355545996,-2.4800046554267414
-1.0832942275387816,-2.4830353422849933,0.00012974994024,87,52,4.592441435952119,-1.0629907355545996,-2.4800046554267414
-1.0826918760623705,-2.483035180745781,0.00010984356777,87,52,4.592441435952119,-1.0629907355545996,-2.4800046554267414
-1.0820939668730427,-2.483036386076824,9.6795003628e-05,87,52,4.592441435952119,-1.0629907355545996,-2.4800046554267414
-1.081502916172268,-2.4830333665361684,8.4307532234e-05,87,52,4.592441435952119,-1.0629907355545996,-2.4800046554267414
-1.0809020748217772,-2.483032161205129,8.087913011e-05,87,52,4.592441435952119,-1.0629907355545996,-2.4800046554267414
-1.0803302404733384,-2.48303393813646,7.9843914136e-05,87,52,4.592441435952119,-1.0629907355545996,-2.4800046554267414
-1.079742952502981,-2.4830358641809087,8.3312232164e-05,87,52,4.592441435952119,-1.0629907355545996,-2.4800046554267414
-1.0791604591824204,-2.483032509135737,7.9801277025e-05,87,52,4.592441435952119,-1.0629907355545996,-2.4800046554267414
-1.078580457569629,-2.4830342736409765,7.3855379014e-05,87,52,4.592441435952119,-1.0629907355545996,-2.4800046554267414
-1.077999788984556,-2.48303567778951,4.9855625548e-05,87,52,4.592441435952119,-1.0629907355545996,-2.4800046554267414
-1.077420416590898,-2.483033925710365,4.6446555643e-05,87,52,4.592441435952119,-1.0629907355545996,-2.4800046554267414
-1.0768417740914336,-2.4830364979116606,8.9471875981e-05,87,52,4.592441435952119,-1.0629907355545996,-2.4800046554267414
-1.0762641383425844,-2.4830363363724484,1.4136212201e-07,87,52,4.592441435952119,-1.0629907355545996,-2.4800046554267414
-1.0757139365479493,-2.483036597320406,0.00014056073269,87,52,4.592441435952119,-1.0629907355545996,-2.4800046554267414
-1.0751622497961622,-2.483037206198975,0.00014740428014,87,52,4.592441435952119,-1.0629907355545996,-2.4800046554267414
-1.0746224301172291,-2.4830364482072884,0.0001491089206,87,52,4.592441435952119,-1.0629907355545996,-2.4800046554267414
-1.0740749717180162,-2.4830337268928746,0.00014972880308,87,52,4.592441435952119,-1.0629907355545996,-2.4800046554267414
-1.073532383474898,-2.483035752346069,0.00015199279005,87,52,4.592441435952119,-1.0629907355545996,-2.4800046554267414
-1.0729876558867244,-2.483036062998399,0.00015077479475,87,52,4.592441435952119,-1.0629907355545996,-2.4800046554267414
-1.0724461499005151,-2.4830366967291546,0.00014766360982,87,52,4.592441435952119,-1.0629907355545996,-2.4800046554267414
-1.0719040650327016,-2.4830367464335272,0.00015282408276,87,52,4.592441435952119,-1.0629907355545996,-2.4800046554267414
-1.071363528043958,-2.4830336771885024,0.00015300043742,87,52,4.592441435952119,-1.0629907355545996,-2.4800046554267414
-1.0708251555690325,-2.48303536713718,0.00015164483921,87,52,4.592441435952119,-1.0629907355545996,-2.4800046554267414
-1.070282303053876,-2.483036709155246,0.00015254737809,87,52,4.592441435952119,-1.0629907355545996,-2.4800046554267414
-1.069747064090236,-2.483034112101764,0.00014824677783,87,52,4.592441435952119,-1.0629907355545996,-2.4800046554267414
-1.069206690698465,-2.4830325464140177,0.00015153489949,87,52,4.592441435952119,-1.0629907355545996,-2.4800046554267414
-1.0686509140223102,-2.4830359138852813,0.00014868220023,87,52,4.592441435952119,-1.0629907355545996,-2.4800046554267414
-1.068142995753441,-2.4830341369539504,0.00014949048636,87,52,4.592441435952119,-1.0629907355545996,-2.4800046554267414
-1.0676106386134314,-2.4830355535285786,0.00014987304166,87,52,4.592441435952119,-1.0629907355545996,-2.4800046554267414
-1.0670705169093138,-2.4830340872495777,0.00015046948101,87,52,4.592441435952119,-1.0629907355545996,-2.4800046554267414
-1.0665283942883543,-2.4830354168415525,0.00014971289784,87,52,4.592441435952119,-1.0629907355545996,-2.4800046554267414
-1.065989367425529,-2.4830332919796096,0.00015028273629,87,52,4.592441435952119,-1.0629907355545996,-2.4800046554267414
-1.0654502902251746,-2.483038585495322,0.00014868288417,87,52,4.592441435952119,-1.0629907355545996,-2.4800046554267414
-1.0649123456192602,-2.48303371446678,0.00015179238108,87,52,4.592441435952119,-1.0629907355545996,-2.4800046554267414
-1.064375634282846,-2.4830354789720164,0.00015064769832,87,52,4.592441435952119,-1.0629907355545996,-2.4800046554267414
-1.0638364941605774,-2.483034099675669,0.00014967130846,87,52,4.592441435952119,-1.0629907355545996,-2.4800046554267414
-1.0633007140684811,-2.48303873460844,0.00014998024562,87,52,4.592441435952119,-1.0629907355545996,-2.4800046554267414
-1.0627606804550442,-2.48303610027668,0.00014964680304,87,52,4.592441435952119,-1.0629907355545996,-2.4800046554267414
-1.0622225219146242,-2.4830360505723044,0.0001499967475,87,52,4.592441435952119,-1.0629907355545996,-2.4800046554267414
-1.061689371958505,-2.483034497310653,0.00014967464085,87,52,4.592441435952119,-1.0629907355545996,-2.4800046554267414
-1.0611549887328855,-2.4830383369734594,0.00014931555779,87,52,4.592441435952119,-1.0629907355545996,-2.4800046554267414
-1.0606225183334306,-2.4830383991039233,0.00015175550652,87,52,4.592441435952119,-1.0629907355545996,-2.4800046554267414
-1.0601038026642335,-2.48303556595467,0.00015189341502,87,52,4.592441435952119,-1.0629907355545996,-2.4800046554267414
-1.059572955650144,-2.483034037545205,0.00015224285016,87,52,4.592441435952119,-1.0629907355545996,-2.4800046554267414
-1.059048501502449,-2.4830342487887904,0.00014800626377,87,52,4.592441435952119,-1.0629907355545996,-2.4800046554267414
-1.0585225749819813,-2.4830371689206974,0.00014900494716,87,52,4.592441435952119,-1.0629907355545996,-2.4800046554267414
-1.057997541952684,-2.4830362866680757,0.00015009862545,87,52,4.592441435952119,-1.0629907355545996,-2.4800046554267414
-1.057474748943502,-2.4830328819185343,0.00015142120537,87,52,4.592441435952119,-1.0629907355545996,-2.4800046554267414
-1.0569481554507532,-2.4830338635798976,0.00015003255976,87,52,4.592441435952119,-1.0629907355545996,-2.4800046554267414
-1.056426193010827,-2.483036261815889,0.00014811778965,87,52,4.592441435952119,-1.0629907355545996,-2.4800046554267414
-1.0558792505713042,-2.483033789023339,0.00015004146553,87,52,4.592441435952119,-1.0629907355545996,-2.4800046554267414
-1.0553776622469184,-2.483035242876245,0.00015055730182,87,52,4.592441435952119,-1.0629907355545996,-2.4800046554267414
-1.0548560899228554,-2.483035068910941,0.00014939230459,87,52,4.592441435952119,-1.0629907355545996,-2.4800046554267414
-1.0543128095386878,-2.48303545411983,0.0001485599787,87,52,4.592441435952119,-1.0629907355545996,-2.4800046554267414
-1.0538111960455374,-2.4830328570663482,0.00014730310068,87,52,4.592441435952119,-1.0629907355545996,-2.4800046554267414
-1.05329414151485,-2.483034062397391,0.00014824653044,87,52,4.592441435952119,-1.0629907355545996,-2.4800046554267414
-1.0527769233871898,-2.483035267728431,0.00014828366693,87,52,4.592441435952119,-1.0629907355545996,-2.4800046554267414
-1.05224583726983,-2.48303525530234,0.00015022531443,87,52,4.592441435952119,-1.0629907355545996,-2.4800046554267414
-1.0517024310418375,-2.483034223936604,0.00014839366486,87,52,4.592441435952119,-1.0629907355545996,-2.4800046554267414
-1.051162410012782,-2.48303556595467,0.00014726078371,87,52,4.592441435952119,-1.0629907355545996,-2.4800046554267414
-1.0506255350793934,-2.483032620970577,0.00014659891895,87,52,4.592441435952119,-1.0629907355545996,-2.4800046554267414
-1.0500898808311239,-2.4830360878505853,0.00014891203318,87,52,4.592441435952119,-1.0629907355545996,-2.4800046554267414
-1.0495485384418892,-2.483035665363415,0.00015099448501,87,52,4.592441435952119,-1.0629907355545996,-2.4800046554267414
-1.049012103961895,-2.483034484884562,0.0001513606112,87,52,4.592441435952119,-1.0629907355545996,-2.4800046554267414
-1.0484757198194299,-2.4830353298588985,0.0001497608755,87,52,4.592441435952119,-1.0629907355545996,-2.4800046554267414
-1.0479390588205468,-2.483034385475813,0.00015078250726,87,52,4.592441435952119,-1.0629907355545996,-2.4800046554267414
-1.0474015043304956,-2.4830334038144497,0.00014894841297,87,52,4.592441435952119,-1.0629907355545996,-2.4800046554267414
-1.0468674734675898,-2.4830353174328073,0.00015037991398,87,52,4.592441435952119,-1.0629907355545996,-2.4800046554267414
-1.046329843471243,-2.4830339754147377,0.00015061658632,87,52,4.592441435952119,-1.0629907355545996,-2.4800046554267414
-1.0457953218174134,-2.4830360505723044,0.00014864104742,87,52,4.592441435952119,-1.0629907355545996,-2.4800046554267414
-1.0452695840626869,-2.483034894945637,0.00015042074665,87,52,4.592441435952119,-1.0629907355545996,-2.4800046554267414
-1.0447576765445117,-2.483035777198255,0.00014786503743,87,52,4.592441435952119,-1.0629907355545996,-2.4800046554267414
-1.0442481223058957,-2.483033180144773,0.00014860353258,87,52,4.592441435952119,-1.0629907355545996,-2.4800046554267414
-1.0437358875937714,-2.4830346588498657,0.00015003354929,87,52,4.592441435952119,-1.0629907355545996,-2.4800046554267414
-1.0432241940101037,-2.48303545411983,0.00015077546414,87,52,4.592441435952119,-1.0629907355545996,-2.4800046554267414
-1.0427125381795819,-2.4830328570663482,0.00014940195251,87,52,4.592441435952119,-1.0629907355545996,-2.4800046554267414
-1.0422028580971392,-2.4830346464237705,0.00014912005281,87,52,4.592441435952119,-1.0629907355545996,-2.4800046554267414
-1.041690245853535,-2.483036398502916,0.00014712622215,87,52,4.592441435952119,-1.0629907355545996,-2.4800046554267414
-1.0411828938818868,-2.483036734007432,0.00014857722272,87,52,4.592441435952119,-1.0629907355545996,-2.4800046554267414
-1.0406790277842377,-2.483035777198255,0.00014844311227,87,52,4.592441435952119,-1.0629907355545996,-2.4800046554267414
-1.087412038897919,-2.4824455626224586,4.1848787077e-05,87,52,4.592441435952119,-1.0629907355545996,-2.4800046554267414
-1.0868169863634554,-2.4824384424710426,1.4135549975e-07,87,52,4.592441435952119,-1.0629907355545996,-2.4800046554267414
-1.086220360781159,-2.4824357708609983,1.4135751769e-07,87,52,4.592441435952119,-1.0629907355545996,-2.4800046554267414
-1.0856221873197947,-2.4824377217576368,1.2475305994e-05,87,52,4.592441435952119,-1.0629907355545996,-2.4800046554267414
-1.085035125868326,-2.4824362182003545,0.00015066447668,87,52,4.592441435952119,-1.0629907355545996,-2.4800046554267414
-1.0844478253135872,-2.4824360442350506,0.00014957082749,87,52,4.592441435952119,-1.0629907355545996,-2.4800046554267414
-1.0838761168089732,-2.4824367773745513,0.00014680877212,87,52,4.592441435952119,-1.0629907355545996,-2.4800046554267414
-1.083302382218751,-2.4824380696882447,0.00012814266665,87,52,4.592441435952119,-1.0629907355545996,-2.4800046554267414
-1.0826998671453654,-2.482436951339855,0.00010887053213,87,52,4.592441435952119,-1.0629907355545996,-2.4800046554267414
-1.0821035813414013,-2.4824377963141955,9.5896124549e-05,87,52,4.592441435952119,-1.0629907355545996,-2.4800046554267414
-1.0815092209479853,-2.482434217599347,8.4121857071e-05,87,52,4.592441435952119,-1.0629907355545996,-2.4800046554267414
-1.0809184345192453,-2.4824391880366345,8.3338891272e-05,87,52,4.592441435952119,-1.0629907355545996,-2.4800046554267414
-1.0803334117377699,-2.482437001044228,8.214724221e-05,87,52,4.592441435952119,-1.0629907355545996,-2.4800046554267414
-1.0797476968152468,-2.482436566130966,8.3703816927e-05,87,52,4.592441435952119,-1.0629907355545996,-2.4800046554267414
-1.0791628502151274,-2.4824400827153474,8.2680497144e-05,87,52,4.592441435952119,-1.0629907355545996,-2.4800046554267414
-1.078584358728256,-2.4824355968956944,7.1586866397e-05,87,52,4.592441435952119,-1.0629907355545996,-2.4800046554267414
-1.077988790234104,-2.4824338696687356,4.6722972911e-05,87,52,4.592441435952119,-1.0629907355545996,-2.4800046554267414
-1.0774308490441291,-2.482436280330822,4.5788659918e-05,87,52,4.592441435952119,-1.0629907355545996,-2.4800046554267414
-1.0768511872096698,-2.482434515825586,8.5930681962e-05,87,52,4.592441435952119,-1.0629907355545996,-2.4800046554267414
-1.0762764962063636,-2.4824364667222207,1.413666979e-07,87,52,4.592441435952119,-1.0629907355545996,-2.4800046554267414
-1.075723324497421,-2.4824349134605663,0.00013702503929,87,52,4.592441435952119,-1.0629907355545996,-2.4800046554267414
-1.0751758409294436,-2.482440144845815,0.00014881559764,87,52,4.592441435952119,-1.0629907355545996,-2.4800046554267414
-1.0746324850389801,-2.482439585671618,0.00014973120415,87,52,4.592441435952119,-1.0629907355545996,-2.4800046554267414
-1.0740908154557964,-2.4824382933579248,0.00015121416072,87,52,4.592441435952119,-1.0629907355545996,-2.4800046554267414
-1.0735412302959133,-2.4824378708707546,0.00014953014033,87,52,4.592441435952119,-1.0629907355545996,-2.4800046554267414
-1.0729989063248297,-2.4824402318284653,0.00014951791673,87,52,4.592441435952119,-1.0629907355545996,-2.4800046554267414
-1.0724568214570165,-2.48243500044322,0.00015231859288,87,52,4.592441435952119,-1.0629907355545996,-2.4800046554267414
-1.0719178701004886,-2.4824387282711866,0.00015044721658,87,52,4.592441435952119,-1.0629907355545996,-2.4800046554267414
-1.0713794347036505,-2.4824383679144835,0.00014931289479,87,52,4.592441435952119,-1.0629907355545996,-2.4800046554267414
-1.0708389480524363,-2.4824346897908898,0.000148236737,87,52,4.592441435952119,-1.0629907355545996,-2.4800046554267414
-1.0703009027714598,-2.4824387282711866,0.00014985838789,87,52,4.592441435952119,-1.0629907355545996,-2.4800046554267414
-1.069761863324253,-2.4824382312274573,0.00014771735005,87,52,4.592441435952119,-1.0629907355545996,-2.4800046554267414
-1.0692238432120411,-2.4824367649484564,0.00014947848103,87,52,4.592441435952119,-1.0629907355545996,-2.4800046554267414
-1.06868591119051,-2.4824397969152034,0.00015022912703,87,52,4.592441435952119,-1.0629907355545996,-2.4800046554267414
-1.068154611138643,-2.4824394365585007,0.0001506266708,87,52,4.592441435952119,-1.0629907355545996,-2.4800046554267414
-1.0676204670162954,-2.482437883296846,0.00015034146782,87,52,4.592441435952119,-1.0629907355545996,-2.4800046554267414
-1.067085139961975,-2.48243816909699,0.00015095979325,87,52,4.592441435952119,-1.0629907355545996,-2.4800046554267414
-1.0665419224997215,-2.482437846018568,0.00014981787535,87,52,4.592441435952119,-1.0629907355545996,-2.4800046554267414
-1.0660023041709124,-2.482440840707034,0.00014888540318,87,52,4.592441435952119,-1.0629907355545996,-2.4800046554267414
-1.0654674301543674,-2.482442058464169,0.00015258921485,87,52,4.592441435952119,-1.0629907355545996,-2.4800046554267414
-1.0649295107172194,-2.4824376720532606,0.00014930160251,87,52,4.592441435952119,-1.0629907355545996,-2.4800046554267414
-1.064394422766169,-2.4824373489748393,0.00015000777785,87,52,4.592441435952119,-1.0629907355545996,-2.4800046554267414
-1.0638543010620531,-2.482438131818712,0.00014899662347,87,52,4.592441435952119,-1.0629907355545996,-2.4800046554267414
-1.063317111519099,-2.4824371750095353,0.00014872716565,87,52,4.592441435952119,-1.0629907355545996,-2.4800046554267414
-1.0627825772808863,-2.482442306986035,0.00015006607282,87,52,4.592441435952119,-1.0629907355545996,-2.4800046554267414
-1.0622248877785647,-2.4824366158353386,0.00015053898096,87,52,4.592441435952119,-1.0629907355545996,-2.4800046554267414
-1.0617124517163183,-2.482435248965083,0.00015144520148,87,52,4.592441435952119,-1.0629907355545996,-2.4800046554267414
-1.0611779048937242,-2.482435857843652,0.00015125251957,87,52,4.592441435952119,-1.0629907355545996,-2.4800046554267414
-1.060647674514385,-2.4824356217478805,0.00015142094344,87,52,4.592441435952119,-1.0629907355545996,-2.4800046554267414
-1.0601260266840247,-2.4824355844696027,0.00015024014283,87,52,4.592441435952119,-1.0629907355545996,-2.4800046554267414
-1.0596036741282369,-2.4824351619824325,0.00014941532572,87,52,4.592441435952119,-1.0629907355545996,-2.4800046554267414
-1.0590747399403122,-2.4824353359477365,0.00015049446665,87,52,4.592441435952119,-1.0629907355545996,-2.4800046554267414
-1.0585448367549222,-2.482439411706314,0.00015166850062,87,52,4.592441435952119,-1.0629907355545996,-2.4800046554267414
-1.0580239188187572,-2.482436454296126,0.000150536609,87,52,4.592441435952119,-1.0629907355545996,-2.4800046554267414
-1.057496696106875,-2.482437734183728,0.00014994258527,87,52,4.592441435952119,-1.0629907355545996,-2.4800046554267414
-1.0569739786039887,-2.4824363300351946,0.00014882603136,87,52,4.592441435952119,-1.0629907355545996,-2.4800046554267414
-1.0564519280733837,-2.482436814652829,0.00014814639871,87,52,4.592441435952119,-1.0629907355545996,-2.4800046554267414
-1.0559273984193929,-2.4824350128693147,0.0001499158534,87,52,4.592441435952119,-1.0629907355545996,-2.4800046554267414
-1.0554057505890342,-2.4824377466098233,0.00015014714154,87,52,4.592441435952119,-1.0629907355545996,-2.4800046554267414
-1.0548841530962048,-2.482437684479356,0.00014862460375,87,52,4.592441435952119,-1.0629907355545996,-2.4800046554267414
-1.0543634994320765,-2.48244002058488,0.00014990467753,87,52,4.592441435952119,-1.0629907355545996,-2.4800046554267414
-1.0538455388258376,-2.4824383306362026,0.00014837759954,87,52,4.592441435952119,-1.0629907355545996,-2.4800046554267414
-1.0533213237814143,-2.4824399087500435,0.00015133406851,87,52,4.592441435952119,-1.0629907355545996,-2.4800046554267414
-1.0528065218552256,-2.482437709331542,0.00014909186575,87,52,4.592441435952119,-1.0629907355545996,-2.4800046554267414
-1.052276178216443,-2.482441126507178,0.00014831323642,87,52,4.592441435952119,-1.0629907355545996,-2.4800046554267414
-1.051734496048876,-2.482437957853408,0.00015062827151,87,52,4.592441435952119,-1.0629907355545996,-2.4800046554267414
-1.0511937199568604,-2.482441163785456,0.00014826655388,87,52,4.592441435952119,-1.0629907355545996,-2.4800046554267414
-1.0506613250637014,-2.482440629463449,0.00015095998242,87,52,4.592441435952119,-1.0629907355545996,-2.4800046554267414
-1.050122398875938,-2.4824360193828645,0.00015055319818,87,52,4.592441435952119,-1.0629907355545996,-2.4800046554267414
-1.0495852848392793,-2.4824398341934812,0.00014933956845,87,52,4.592441435952119,-1.0629907355545996,-2.4800046554267414
-1.0490473402333649,-2.4824357584349066,0.00015028905182,87,52,4.592441435952119,-1.0629907355545996,-2.4800046554267414
-1.0485085524738116,-2.4824382685057387,0.00015007211186,87,52,4.592441435952119,-1.0629907355545996,-2.4800046554267414
-1.047974911726769,-2.482439411706314,0.00014774993178,87,52,4.592441435952119,-1.0629907355545996,-2.4800046554267414
-1.0474376466775188,-2.482440169698001,0.00015121212346,87,52,4.592441435952119,-1.0629907355545996,-2.4800046554267414
-1.046904748409053,-2.4824395483933372,0.00015147047816,87,52,4.592441435952119,-1.0629907355545996,-2.4800046554267414
-1.046373070825708,-2.482441014672338,0.0001508819114,87,52,4.592441435952119,-1.0629907355545996,-2.4800046554267414
-1.0458361833079362,-2.4824382063752712,0.00014954597282,87,52,4.592441435952119,-1.0629907355545996,-2.4800046554267414
-1.045307878339145,-2.482437684479356,0.00015062025341,87,52,4.592441435952119,-1.0629907355545996,-2.4800046554267414
-1.0447731805039595,-2.4824365909831525,0.00014917120279,87,52,4.592441435952119,-1.0629907355545996,-2.4800046554267414
-1.0442877505269181,-2.4824379330012185,0.00014821589866,87,52,4.592441435952119,-1.0629907355545996,-2.4800046554267414
-1.0437738043387514,-2.482433931799203,0.00015008689661,87,52,4.592441435952119,-1.0629907355545996,-2.4800046554267414
-1.0432645017877888,-2.4824371998617214,0.00015125662321,87,52,4.592441435952119,-1.0629907355545996,-2.4800046554267414
-1.0427533870857233,-2.482434814051821,0.00014770991402,87,52,4.592441435952119,-1.0629907355545996,-2.4800046554267414
-1.042244663416363,-2.4824373738270253,0.00015076316777,87,52,4.592441435952119,-1.0629907355545996,-2.4800046554267414
-1.041737613469899,-2.482437411105303,0.00014688723604,87,52,4.592441435952119,-1.0629907355545996,-2.4800046554267414
-1.0412263351708573,-2.4824379330012185,0.00014829382417,87,52,4.592441435952119,-1.0629907355545996,-2.4800046554267414
-1.0407187692647035,-2.48243654127878,0.00015085030464,87,52,4.592441435952119,-1.0629907355545996,-2.4800046554267414
-1.087417336923021,-2.4818447113108646,4.1021583456e-05,87,52,4.592441435952119,-1.0629907355545996,-2.4800046554267414
-1.086823026867136,-2.4818467119118726,1.0384564121e-05,87,52,4.592441435952119,-1.0629907355545996,-2.4800046554267414
-1.0862238089020104,-2.4818434189971676,1.4111707003e-07,87,52,4.592441435952119,-1.0629907355545996,-2.4800046554267414
-1.0856269316320606,-2.4818449846849138,8.3166756667e-05,87,52,4.592441435952119,-1.0629907355545996,-2.4800046554267414
-1.0850390899488673,-2.4818428473968797,0.0001487879199,87,52,4.592441435952119,-1.0629907355545996,-2.4800046554267414
-1.0844561561749126,-2.4818407970914995,0.00015331398754,87,52,4.592441435952119,-1.0629907355545996,-2.4800046554267414
-1.08387497163015,-2.4818424249097095,0.00014834698231,87,52,4.592441435952119,-1.0629907355545996,-2.4800046554267414
-1.0833012622086924,-2.4818438911887104,0.00013027239766,87,52,4.592441435952119,-1.0629907355545996,-2.4800046554267414
-1.0826979417348175,-2.481841033187271,0.00011289066606,87,52,4.592441435952119,-1.0629907355545996,-2.4800046554267414
-1.0820941933919297,-2.481837988794432,9.6026065876e-05,87,52,4.592441435952119,-1.0629907355545996,-2.4800046554267414
-1.0815156263987626,-2.481841741474585,8.6399675638e-05,87,52,4.592441435952119,-1.0629907355545996,-2.4800046554267414
-1.0809276211185948,-2.4818422385183108,7.9914469097e-05,87,52,4.592441435952119,-1.0629907355545996,-2.4800046554267414
-1.0803394648258338,-2.481840138508558,7.7527241956e-05,87,52,4.592441435952119,-1.0629907355545996,-2.4800046554267414
-1.079752025842885,-2.4818440030235505,7.8917299106e-05,87,52,4.592441435952119,-1.0629907355545996,-2.4800046554267414
-1.079168664199921,-2.4818425615967357,8.0306344898e-05,87,52,4.592441435952119,-1.0629907355545996,-2.4800046554267414
-1.0785877942647242,-2.4818389456036094,7.2696908319e-05,87,52,4.592441435952119,-1.0629907355545996,-2.4800046554267414
-1.0780095167123582,-2.4818386722295567,4.6636636398e-05,87,52,4.592441435952119,-1.0629907355545996,-2.4800046554267414
-1.0774307861222168,-2.4818397284474827,4.0850078221e-05,87,52,4.592441435952119,-1.0629907355545996,-2.4800046554267414
-1.076857303219646,-2.481841704196304,7.8026656411e-05,87,52,4.592441435952119,-1.0629907355545996,-2.4800046554267414
-1.0762658749873915,-2.4818366964807352,0.00012071596575,87,52,4.592441435952119,-1.0629907355545996,-2.4800046554267414
-1.0757268103714202,-2.4818397532996688,0.00013778361608,87,52,4.592441435952119,-1.0629907355545996,-2.4800046554267414
-1.0751832657152176,-2.481841989996448,0.00014785710664,87,52,4.592441435952119,-1.0629907355545996,-2.4800046554267414
-1.0746352536031671,-2.481840747387127,0.00015116018767,87,52,4.592441435952119,-1.0629907355545996,-2.4800046554267414
-1.0740933449167132,-2.4818398775606,0.00014912665938,87,52,4.592441435952119,-1.0629907355545996,-2.4800046554267414
-1.073547321137125,-2.481841318987415,0.00015092499962,87,52,4.592441435952119,-1.0629907355545996,-2.4800046554267414
-1.0730063688637517,-2.4818426734315757,0.00015078106662,87,52,4.592441435952119,-1.0629907355545996,-2.4800046554267414
-1.0724627612856368,-2.48184161721365,0.00015075114788,87,52,4.592441435952119,-1.0629907355545996,-2.4800046554267414
-1.0719229793598513,-2.481840051525904,0.00015139726747,87,52,4.592441435952119,-1.0629907355545996,-2.4800046554267414
-1.0713820019177134,-2.4818400018215314,0.0001518492063,87,52,4.592441435952119,-1.0629907355545996,-2.4800046554267414
-1.0708438559616766,-2.481844226693227,0.00015117798466,87,52,4.592441435952119,-1.0629907355545996,-2.4800046554267414
-1.0703065909124267,-2.48184273556204,0.00015049375361,87,52,4.592441435952119,-1.0629907355545996,-2.4800046554267414
-1.0697656638078181,-2.4818412692830423,0.00014940310211,87,52,4.592441435952119,-1.0629907355545996,-2.4800046554267414
-1.06922812190215,-2.481841704196304,0.00014769245172,87,52,4.592441435952119,-1.0629907355545996,-2.4800046554267414
-1.0686930213667165,-2.4818399024127866,0.00014916976215,87,52,4.592441435952119,-1.0629907355545996,-2.4800046554267414
-1.0681621869370101,-2.4818445000672797,0.00014942335838,87,52,4.592441435952119,-1.0629907355545996,-2.4800046554267414
-1.0676320320639667,-2.4818395047778026,0.00015113242262,87,52,4.592441435952119,-1.0629907355545996,-2.4800046554267414
-1.067088852354861,-2.481841803605049,0.00015036284458,87,52,4.592441435952119,-1.0629907355545996,-2.4800046554267414
-1.0665514488774013,-2.4818412817091335,0.00015062396415,87,52,4.592441435952119,-1.0629907355545996,-2.4800046554267414
-1.0660167510422158,-2.4818419651442616,0.00015115067072,87,52,4.592441435952119,-1.0629907355545996,-2.4800046554267414
-1.0654768936101349,-2.481843841484338,0.00015039212303,87,52,4.592441435952119,-1.0629907355545996,-2.4800046554267414
-1.064937048762437,-2.48184130656132,0.00015003007138,87,52,4.592441435952119,-1.0629907355545996,-2.4800046554267414
-1.0644025648617554,-2.481844649180397,0.00015095481649,87,52,4.592441435952119,-1.0629907355545996,-2.4800046554267414
-1.0638645950870762,-2.481841033187271,0.00015048671048,87,52,4.592441435952119,-1.0629907355545996,-2.4800046554267414
-1.063332665816076,-2.4818409089263396,0.00015079248988,87,52,4.592441435952119,-1.0629907355545996,-2.4800046554267414
-1.0627960677391073,-2.481844127284482,0.00015045843611,87,52,4.592441435952119,-1.0629907355545996,-2.4800046554267414
-1.0622582489770178,-2.481840138508558,0.00015171947598,87,52,4.592441435952119,-1.0629907355545996,-2.4800046554267414
-1.0617235637262155,-2.4818425491706444,0.00014930327598,87,52,4.592441435952119,-1.0629907355545996,-2.4800046554267414
-1.0611855939515347,-2.481841244430856,0.00015064993931,87,52,4.592441435952119,-1.0629907355545996,-2.4800046554267414
-1.060651386907273,-2.481840138508558,0.0001494291937,87,52,4.592441435952119,-1.0629907355545996,-2.4800046554267414
-1.0601392654545923,-2.4818415675092775,0.00014995440142,87,52,4.592441435952119,-1.0629907355545996,-2.4800046554267414
-1.0596117910550569,-2.4818432947362363,0.0001502824598,87,52,4.592441435952119,-1.0629907355545996,-2.4800046554267414
-1.0590883059048273,-2.4818411450221074,0.00015077831631,87,52,4.592441435952119,-1.0629907355545996,-2.4800046554267414
-1.0585646445732417,-2.481839492351711,0.00015049164358,87,52,4.592441435952119,-1.0629907355545996,-2.4800046554267414
-1.0580146944662618,-2.481840237917303,0.0001513238094,87,52,4.592441435952119,-1.0629907355545996,-2.4800046554267414
-1.0575139996330443,-2.4818390450123546,0.00014950247714,87,52,4.592441435952119,-1.0629907355545996,-2.4800046554267414
-1.0569696244075861,-2.481838162759736,0.00015047336638,87,52,4.592441435952119,-1.0629907355545996,-2.4800046554267414
-1.0564683129396184,-2.4818390574384495,0.00014805061801,87,52,4.592441435952119,-1.0629907355545996,-2.4800046554267414
-1.0559474075878348,-2.4818417663267716,0.00014853198081,87,52,4.592441435952119,-1.0629907355545996,-2.4800046554267414
-1.0554239476063716,-2.4818428971012523,0.00015076131967,87,52,4.592441435952119,-1.0629907355545996,-2.4800046554267414
-1.0549036966424878,-2.4818395296299887,0.00015166627418,87,52,4.592441435952119,-1.0629907355545996,-2.4800046554267414
-1.0543770150590621,-2.4818412195786697,0.00014923787967,87,52,4.592441435952119,-1.0629907355545996,-2.4800046554267414
-1.0538547757627161,-2.4818444006585345,0.00014791177819,87,52,4.592441435952119,-1.0629907355545996,-2.4800046554267414
-1.0533389167483846,-2.4818439781713644,0.00014910896425,87,52,4.592441435952119,-1.0629907355545996,-2.4800046554267414
-1.0528234730186794,-2.4818441769888544,0.00014888266742,87,52,4.592441435952119,-1.0629907355545996,-2.4800046554267414
-1.0522939977023003,-2.4818419651442616,0.00015129694657,87,52,4.592441435952119,-1.0629907355545996,-2.4800046554267414
-1.0517517240687477,-2.4818423876314317,0.00015008810442,87,52,4.592441435952119,-1.0629907355545996,-2.4800046554267414
-1.0512189013065794,-2.481842288222687,0.00015141996846,87,52,4.592441435952119,-1.0629907355545996,-2.4800046554267414
-1.050677621839257,-2.481844487641185,0.00015230909048,87,52,4.592441435952119,-1.0629907355545996,-2.4800046554267414
-1.0501412628655584,-2.4818419527181668,0.00014906670549,87,52,4.592441435952119,-1.0629907355545996,-2.4800046554267414
-1.0496034063503228,-2.481841033187271,0.00014778749028,87,52,4.592441435952119,-1.0629907355545996,-2.4800046554267414
-1.0490663804043412,-2.481841157448202,0.00015244384122,87,52,4.592441435952119,-1.0629907355545996,-2.4800046554267414
-1.0485320097631048,-2.48184130656132,0.00015010607603,87,52,4.592441435952119,-1.0629907355545996,-2.4800046554267414
-1.0479961415803298,-2.481841890587703,0.00015173829161,87,52,4.592441435952119,-1.0629907355545996,-2.4800046554267414
-1.0474610158761333,-2.481844201841041,0.0001506901317,87,52,4.592441435952119,-1.0629907355545996,-2.4800046554267414
-1.0469243171241025,-2.481842449761896,0.00014954493963,87,52,4.592441435952119,-1.0629907355545996,-2.4800046554267414
-1.0463944642762433,-2.4818439657452696,0.00014914969506,87,52,4.592441435952119,-1.0629907355545996,-2.4800046554267414
-1.045833691600169,-2.4818394426473387,0.00015132255794,87,52,4.592441435952119,-1.0629907355545996,-2.4800046554267414
-1.0453263899660499,-2.4818413686917875,0.00015021220315,87,52,4.592441435952119,-1.0629907355545996,-2.4800046554267414
-1.044820887898654,-2.4818409959089895,0.00014839222422,87,52,4.592441435952119,-1.0629907355545996,-2.4800046554267414
-1.0443099367935613,-2.4818424249097095,0.00015089056978,87,52,4.592441435952119,-1.0629907355545996,-2.4800046554267414
-1.04379370024775,-2.4818392562559395,0.00015036482364,87,52,4.592441435952119,-1.0629907355545996,-2.4800046554267414
-1.0432893559435588,-2.4818424000575234,0.00014900387032,87,52,4.592441435952119,-1.0629907355545996,-2.4800046554267414
-1.042775397171009,-2.4818390574384495,0.00014980310516,87,52,4.592441435952119,-1.0629907355545996,-2.4800046554267414
-1.042267869018003,-2.481838597672998,0.00014821602963,87,52,4.592441435952119,-1.0629907355545996,-2.4800046554267414
-1.0417589188297556,-2.4818419651442616,0.00015055281983,87,52,4.592441435952119,-1.0629907355545996,-2.4800046554267414
-1.0412465456894233,-2.4818407101088455,0.00015050792717,87,52,4.592441435952119,-1.0629907355545996,-2.4800046554267414
-1.0407433339796723,-2.481841803605049,0.00015061283193,87,52,4.592441435952119,-1.0629907355545996,-2.4800046554267414
-1.0874095975276812,-2.481250234585092,3.7806687033e-05,87,52,4.592441435952119,-1.0629907355545996,-2.4800046554267414
-1.0868139283584672,-2.481245239295618,7.5645533798e-05,87,52,4.592441435952119,-1.0629907355545996,-2.4800046554267414
-1.086217730645182,-2.481246966522573,1.4136389836e-07,87,52,4.592441435952119,-1.0629907355545996,-2.4800046554267414
-1.0856178960453045,-2.4812444067473725,9.759914974e-06,87,52,4.592441435952119,-1.0629907355545996,-2.4800046554267414
-1.0850275878231084,-2.4812457239132524,0.000149665153,87,52,4.592441435952119,-1.0629907355545996,-2.4800046554267414
-1.0844476994697605,-2.4812439345558297,0.00014767867106,87,52,4.592441435952119,-1.0629907355545996,-2.4800046554267414
-1.0838659486277769,-2.481244630417049,0.00014787861437,87,52,4.592441435952119,-1.0629907355545996,-2.4800046554267414
-1.0832871677001044,-2.481243350529447,0.0001335615525,87,52,4.592441435952119,-1.0629907355545996,-2.4800046554267414
-1.0826970859967953,-2.4812432883989795,0.00011391688895,87,52,4.592441435952119,-1.0629907355545996,-2.4800046554267414
-1.082101957956036,-2.4812447546779803,9.7451680631e-05,87,52,4.592441435952119,-1.0629907355545996,-2.4800046554267414
-1.081510051517241,-2.48124825883627,8.6351101345e-05,87,52,4.592441435952119,-1.0629907355545996,-2.4800046554267414
-1.0809191014915283,-2.4812487683060906,8.1166879681e-05,87,52,4.592441435952119,-1.0629907355545996,-2.4800046554267414
-1.0803215446649144,-2.4812424434246423,8.1836427853e-05,87,52,4.592441435952119,-1.0629907355545996,-2.4800046554267414
-1.0797527053995493,-2.481243946981921,7.979109796e-05,87,52,4.592441435952119,-1.0629907355545996,-2.4800046554267414
-1.0791716466986134,-2.4812476872359825,8.1594160292e-05,87,52,4.592441435952119,-1.0629907355545996,-2.4800046554267414
-1.0785893295594107,-2.4812444937300224,7.3994131526e-05,87,52,4.592441435952119,-1.0629907355545996,-2.4800046554267414
-1.0780103598659971,-2.4812464570527526,5.1459915994e-05,87,52,4.592441435952119,-1.0629907355545996,-2.4800046554267414
-1.0774301065655523,-2.4812476872359825,3.8434111048e-05,87,52,4.592441435952119,-1.0629907355545996,-2.4800046554267414
-1.0768546353305213,-2.4812499612110392,7.8428747656e-05,87,52,4.592441435952119,-1.0629907355545996,-2.4800046554267414
-1.076283014916586,-2.4812461712526086,1.4118631952e-07,87,52,4.592441435952119,-1.0629907355545996,-2.4800046554267414
-1.0757079212130352,-2.4812450653303104,0.00014095823281,87,52,4.592441435952119,-1.0629907355545996,-2.4800046554267414
-1.0751785717404827,-2.481246519183217,0.0001466270769,87,52,4.592441435952119,-1.0629907355545996,-2.4800046554267414
-1.0746377075577882,-2.481249588428245,0.00014806410763,87,52,4.592441435952119,-1.0629907355545996,-2.4800046554267414
-1.0740754247557938,-2.4812443073386237,0.00015141542826,87,52,4.592441435952119,-1.0629907355545996,-2.4800046554267414
-1.0735486676660706,-2.481245525095762,0.00015143642668,87,52,4.592441435952119,-1.0629907355545996,-2.4800046554267414
-1.0730085207931883,-2.481246059417769,0.00014869123697,87,52,4.592441435952119,-1.0629907355545996,-2.4800046554267414
-1.0724651019808125,-2.481246655870243,0.00014920569083,87,52,4.592441435952119,-1.0629907355545996,-2.4800046554267414
-1.071925924105396,-2.4812476002533286,0.00014694195124,87,52,4.592441435952119,-1.0629907355545996,-2.4800046554267414
-1.0713686373033209,-2.4812465440354066,0.00014699717576,87,52,4.592441435952119,-1.0629907355545996,-2.4800046554267414
-1.0708298243750012,-2.4812428534857176,0.00014511920745,87,52,4.592441435952119,-1.0629907355545996,-2.4800046554267414
-1.0703127824286987,-2.4812438227209896,0.00014746222587,87,52,4.592441435952119,-1.0629907355545996,-2.4800046554267414
-1.0697738184877874,-2.4812450777564052,0.00013987593411,87,52,4.592441435952119,-1.0629907355545996,-2.4800046554267414
-1.0692344644310132,-2.481243810294895,0.00014451512834,87,52,4.592441435952119,-1.0629907355545996,-2.4800046554267414
-1.0686974762381811,-2.4812442700603463,0.00014161269064,87,52,4.592441435952119,-1.0629907355545996,-2.4800046554267414
-1.0681699892542644,-2.481244096095039,0.00014327131794,87,52,4.592441435952119,-1.0629907355545996,-2.4800046554267414
-1.0676347754593891,-2.4812459600090238,0.00014952666243,87,52,4.592441435952119,-1.0629907355545996,-2.4800046554267414
-1.06709196069738,-2.4812471032095997,0.00014819305215,87,52,4.592441435952119,-1.0629907355545996,-2.4800046554267414
-1.0665532106909748,-2.4812460097133964,0.0001468197006,87,52,4.592441435952119,-1.0629907355545996,-2.4800046554267414
-1.0660162350825257,-2.481247351731466,0.00014712793927,87,52,4.592441435952119,-1.0629907355545996,-2.4800046554267414
-1.0654783282297593,-2.481244543434395,0.00014929161989,87,52,4.592441435952119,-1.0629907355545996,-2.4800046554267414
-1.0649389867573682,-2.481246966522573,0.00014782017388,87,52,4.592441435952119,-1.0629907355545996,-2.4800046554267414
-1.0644021244083628,-2.481245052904219,0.0001483400556,87,52,4.592441435952119,-1.0629907355545996,-2.4800046554267414
-1.0638675901701502,-2.4812435741991234,0.00014877371723,87,52,4.592441435952119,-1.0629907355545996,-2.4800046554267414
-1.0633297462392979,-2.481243636329591,0.00014827269479,87,52,4.592441435952119,-1.0629907355545996,-2.4800046554267414
-1.0627936263688693,-2.481244941069379,0.00014908678713,87,52,4.592441435952119,-1.0629907355545996,-2.4800046554267414
-1.0622582112238699,-2.4812422818854296,0.00014649103105,87,52,4.592441435952119,-1.0629907355545996,-2.4800046554267414
-1.0617211601091254,-2.4812437233122444,0.00014910796017,87,52,4.592441435952119,-1.0629907355545996,-2.4800046554267414
-1.0611904263544796,-2.481242194902776,0.00014891811588,87,52,4.592441435952119,-1.0629907355545996,-2.4800046554267414
-1.0606548476125057,-2.4812451647390557,0.00014824711252,87,52,4.592441435952119,-1.0629907355545996,-2.4800046554267414
-1.060132167862767,-2.4812445558604903,0.00014606813784,87,52,4.592441435952119,-1.0629907355545996,-2.4800046554267414
-1.0596120049895623,-2.481244829234539,0.00014833138266,87,52,4.592441435952119,-1.0629907355545996,-2.4800046554267414
-1.059083561592563,-2.4812457487654385,0.00014790498244,87,52,4.592441435952119,-1.0629907355545996,-2.4800046554267414
-1.0585571946187013,-2.48124587302637,0.00014783181541,87,52,4.592441435952119,-1.0629907355545996,-2.4800046554267414
-1.0580335836246468,-2.4812435741991234,0.00014744680084,87,52,4.592441435952119,-1.0629907355545996,-2.4800046554267414
-1.0575099097086764,-2.4812461464004225,0.00014571681095,87,52,4.592441435952119,-1.0629907355545996,-2.4800046554267414
-1.0569863868052989,-2.4812441457994145,0.00014890996681,87,52,4.592441435952119,-1.0629907355545996,-2.4800046554267414
-1.0564639335744492,-2.4812458357480924,0.00015046165208,87,52,4.592441435952119,-1.0629907355545996,-2.4800046554267414
-1.0559406371899605,-2.4812432759728877,0.00014917051885,87,52,4.592441435952119,-1.0629907355545996,-2.4800046554267414
-1.0554178190120123,-2.481245525095762,0.00014908495359,87,52,4.592441435952119,-1.0629907355545996,-2.4800046554267414
-1.0548970646728217,-2.4812444440256503,0.0001492996962,87,52,4.592441435952119,-1.0629907355545996,-2.4800046554267414
-1.05435144359348,-2.48124096471955,0.00014897793881,87,52,4.592441435952119,-1.0629907355545996,-2.4800046554267414
-1.0538524979894528,-2.481245823321997,0.0001506935514,87,52,4.592441435952119,-1.0629907355545996,-2.4800046554267414
-1.0533127915699647,-2.481242207328871,0.0001491492003,87,52,4.592441435952119,-1.0629907355545996,-2.4800046554267414
-1.0528187790439445,-2.481245500243576,0.00014764447405,87,52,4.592441435952119,-1.0629907355545996,-2.4800046554267414
-1.0522926134202069,-2.481245338704363,0.00014859606745,87,52,4.592441435952119,-1.0629907355545996,-2.4800046554267414
-1.0517491316859184,-2.4812439842602023,0.00014770493726,87,52,4.592441435952119,-1.0629907355545996,-2.4800046554267414
-1.0512141695786965,-2.481244617990954,0.00014936680964,87,52,4.592441435952119,-1.0629907355545996,-2.4800046554267414
-1.0506761746352493,-2.481244481303931,0.00014891361934,87,52,4.592441435952119,-1.0629907355545996,-2.4800046554267414
-1.0501376889008804,-2.4812464570527526,0.00014941905101,87,52,4.592441435952119,-1.0629907355545996,-2.4800046554267414
-1.0496031546626694,-2.4812445558604903,0.00015021298896,87,52,4.592441435952119,-1.0629907355545996,-2.4800046554267414
-1.0490406956793157,-2.481243375381633,0.00015001969587,87,52,4.592441435952119,-1.0629907355545996,-2.4800046554267414
-1.048524069017641,-2.4812451895912453,0.00014913233463,87,52,4.592441435952119,-1.0629907355545996,-2.4800046554267414
-1.0479927186282447,-2.481245400834827,0.00015001674183,87,52,4.592441435952119,-1.0629907355545996,-2.4800046554267414
-1.0474558436948562,-2.48124825883627,0.00014984875452,87,52,4.592441435952119,-1.0629907355545996,-2.4800046554267414
-1.0469205040561542,-2.4812442824864376,0.00015011339565,87,52,4.592441435952119,-1.0629907355545996,-2.4800046554267414
-1.0463895437826196,-2.4812430523032116,0.00014886875579,87,52,4.592441435952119,-1.0629907355545996,-2.4800046554267414
-1.0458561547232303,-2.4812467552789883,0.00014948440366,87,52,4.592441435952119,-1.0629907355545996,-2.4800046554267414
-1.0453012841226266,-2.4812411138326675,0.00014745097724,87,52,4.592441435952119,-1.0629907355545996,-2.4800046554267414
-1.0448123934403524,-2.4812435120686596,0.00014697643928,87,52,4.592441435952119,-1.0629907355545996,-2.4800046554267414
-1.0443049533780253,-2.481246357644008,0.00014761927014,87,52,4.592441435952119,-1.0629907355545996,-2.4800046554267414
-1.043773451976036,-2.481242803781345,0.00014750521223,87,52,4.592441435952119,-1.0629907355545996,-2.4800046554267414
-1.0432807985633445,-2.481242915616185,0.00014732510317,87,52,4.592441435952119,-1.0629907355545996,-2.4800046554267414
-1.0427724650098473,-2.481245624504507,0.00014675573038,87,52,4.592441435952119,-1.0629907355545996,-2.4800046554267414
-1.0422600163632179,-2.4812425801116684,0.00014833190653,87,52,4.592441435952119,-1.0629907355545996,-2.4800046554267414
-1.0417497070616435,-2.4812428410596263,0.00014950640616,87,52,4.592441435952119,-1.0629907355545996,-2.4800046554267414
-1.0412455515231913,-2.481242878337904,0.00015068154607,87,52,4.592441435952119,-1.0629907355545996,-2.4800046554267414
-1.0407340341208795,-2.4812427167986915,0.0001503717067,87,52,4.592441435952119,-1.0629907355545996,-2.4800046554267414
-1.0874180919859828,-2.480662393393101,3.8057271013e-05,87,52,4.592441435952119,-1.0629907355545996,-2.4800046554267414
-1.0868272552197138,-2.4806513838745055,8.2970174844e-05,87,52,4.592441435952119,-1.0629907355545996,-2.4800046554267414
-1.0862301010933444,-2.48065403063236,0.00012414812227,87,52,4.592441435952119,-1.0629907355545996,-2.4800046554267414
-1.0856339285488237,-2.480653856667056,0.00014264120546,87,52,4.592441435952119,-1.0629907355545996,-2.4800046554267414
-1.085045268880756,-2.480656292181329,0.00014725947403,87,52,4.592441435952119,-1.0629907355545996,-2.4800046554267414
-1.0844574020287978,-2.4806522537010323,0.00015233007434,87,52,4.592441435952119,-1.0629907355545996,-2.4800046554267414
-1.0838784197510012,-2.4806536329973796,0.00015013951634,87,52,4.592441435952119,-1.0629907355545996,-2.4800046554267414
-1.0833007588333856,-2.4806557702854137,0.00013786040654,87,52,4.592441435952119,-1.0629907355545996,-2.4800046554267414
-1.082703038409797,-2.4806555466157336,0.00011429932056,87,52,4.592441435952119,-1.0629907355545996,-2.4800046554267414
-1.0820998186109825,-2.480653645423471,9.3378206657e-05,87,52,4.592441435952119,-1.0629907355545996,-2.4800046554267414
-1.081508881169653,-2.480654353710785,8.3191975136e-05,87,52,4.592441435952119,-1.0629907355545996,-2.4800046554267414
-1.0809186862068987,-2.4806537945365923,7.8090393799e-05,87,52,4.592441435952119,-1.0629907355545996,-2.4800046554267414
-1.080330555082904,-2.480654540102184,8.0351397628e-05,87,52,4.592441435952119,-1.0629907355545996,-2.4800046554267414
-1.0797468284928433,-2.4806554844852697,7.9342200479e-05,87,52,4.592441435952119,-1.0629907355545996,-2.4800046554267414
-1.0791667387893729,-2.4806561306421164,7.8995151853e-05,87,52,4.592441435952119,-1.0629907355545996,-2.4800046554267414
-1.0785868630204063,-2.480656950764267,7.2006776463e-05,87,52,4.592441435952119,-1.0629907355545996,-2.4800046554267414
-1.0780032119366412,-2.4806559442507177,5.1958573749e-05,87,52,4.592441435952119,-1.0629907355545996,-2.4800046554267414
-1.0774248462935965,-2.4806565655553783,3.8439509808e-05,87,52,4.592441435952119,-1.0629907355545996,-2.4800046554267414
-1.076850444731093,-2.4806518809182347,7.9481571447e-05,87,52,4.592441435952119,-1.0629907355545996,-2.4800046554267414
-1.07627572855902,-2.480656366737888,1.4148955074e-07,87,52,4.592441435952119,-1.0629907355545996,-2.4800046554267414
-1.0757222799936597,-2.4806575472167447,0.00013588146248,87,52,4.592441435952119,-1.0629907355545996,-2.4800046554267414
-1.0751755892417902,-2.4806559939550903,0.0001474602177,87,52,4.592441435952119,-1.0629907355545996,-2.4800046554267414
-1.074630748394173,-2.480658280356242,0.00014808731794,87,52,4.592441435952119,-1.0629907355545996,-2.4800046554267414
-1.074085014055386,-2.480658280356242,0.0001493414311,87,52,4.592441435952119,-1.0629907355545996,-2.4800046554267414
-1.07354111703647,-2.480654527676089,0.00014908115554,87,52,4.592441435952119,-1.0629907355545996,-2.4800046554267414
-1.0729982393525486,-2.480653757258311,0.00014619420108,87,52,4.592441435952119,-1.0629907355545996,-2.4800046554267414
-1.0724609491345323,-2.480657659051581,0.00014063456911,87,52,4.592441435952119,-1.0629907355545996,-2.4800046554267414
-1.0719173918939482,-2.4806577211820486,0.000132013447,87,52,4.592441435952119,-1.0629907355545996,-2.4800046554267414
-1.071381838320739,-2.4806592371654226,0.00012636542669,87,52,4.592441435952119,-1.0629907355545996,-2.4800046554267414
-1.0708406091909477,-2.4806591626088634,0.00012807812891,87,52,4.592441435952119,-1.0629907355545996,-2.4800046554267414
-1.0703025009880587,-2.480657348399251,0.00012792971393,87,52,4.592441435952119,-1.0629907355545996,-2.4800046554267414
-1.06976336086579,-2.4806590259218373,0.00012136687292,87,52,4.592441435952119,-1.0629907355545996,-2.4800046554267414
-1.069227278748511,-2.480659423556818,0.00012320895621,87,52,4.592441435952119,-1.0629907355545996,-2.4800046554267414
-1.0686915993314752,-2.480653459032072,0.00012299338414,87,52,4.592441435952119,-1.0629907355545996,-2.4800046554267414
-1.0681646786447774,-2.480657373251437,0.00012717116624,87,52,4.592441435952119,-1.0629907355545996,-2.4800046554267414
-1.0676313147541545,-2.4806591998871412,0.0001302544988,87,52,4.592441435952119,-1.0629907355545996,-2.4800046554267414
-1.0670879085261618,-2.480656888633803,0.0001374893618,87,52,4.592441435952119,-1.0629907355545996,-2.4800046554267414
-1.0665522416935092,-2.4806560436594625,0.00014400552027,87,52,4.592441435952119,-1.0629907355545996,-2.4800046554267414
-1.0660157442916023,-2.4806562549030478,0.00014793839364,87,52,4.592441435952119,-1.0629907355545996,-2.4800046554267414
-1.065476667091246,-2.480658504025922,0.00015015504323,87,52,4.592441435952119,-1.0629907355545996,-2.4800046554267414
-1.064938923835454,-2.480655894546345,0.00014888339501,87,52,4.592441435952119,-1.0629907355545996,-2.4800046554267414
-1.0643803030888164,-2.4806556957288546,0.00014987605391,87,52,4.592441435952119,-1.0629907355545996,-2.4800046554267414
-1.063866558250772,-2.4806568140772445,0.00015057025303,87,52,4.592441435952119,-1.0629907355545996,-2.4800046554267414
-1.06333159614355,-2.480656317033515,0.00015194973093,87,52,4.592441435952119,-1.0629907355545996,-2.4800046554267414
-1.062793651537634,-2.4806565655553783,0.000151444925,87,52,4.592441435952119,-1.0629907355545996,-2.4800046554267414
-1.0622594948309032,-2.4806564040161656,0.00015287884162,87,52,4.592441435952119,-1.0629907355545996,-2.4800046554267414
-1.0617235511418324,-2.480658218225778,0.00015146213991,87,52,4.592441435952119,-1.0629907355545996,-2.4800046554267414
-1.0611866258709128,-2.4806540057801736,0.00015118798183,87,52,4.592441435952119,-1.0629907355545996,-2.4800046554267414
-1.0606544323278777,-2.4806573111209733,0.00015163249918,87,52,4.592441435952119,-1.0629907355545996,-2.4800046554267414
-1.0601366856561445,-2.4806585785824806,0.00015169019753,87,52,4.592441435952119,-1.0629907355545996,-2.4800046554267414
-1.0596124831961045,-2.4806590507740234,0.00015353600611,87,52,4.592441435952119,-1.0629907355545996,-2.4800046554267414
-1.0590876011793982,-2.4806580939648466,0.00015110133972,87,52,4.592441435952119,-1.0629907355545996,-2.4800046554267414
-1.058560252623691,-2.480654888032795,0.00014896277571,87,52,4.592441435952119,-1.0629907355545996,-2.4800046554267414
-1.058040215594313,-2.4806568265033357,0.00014860286319,87,52,4.592441435952119,-1.0629907355545996,-2.4800046554267414
-1.057516805950379,-2.4806539809279875,0.0001477781334,87,52,4.592441435952119,-1.0629907355545996,-2.4800046554267414
-1.0569946044071825,-2.480655472059175,0.00015055341646,87,52,4.592441435952119,-1.0629907355545996,-2.4800046554267414
-1.0564702886876973,-2.4806570253208293,0.00015000093845,87,52,4.592441435952119,-1.0629907355545996,-2.4800046554267414
-1.0559479109631416,-2.4806585537302945,0.00015010360221,87,52,4.592441435952119,-1.0629907355545996,-2.4800046554267414
-1.0554276599992596,-2.4806572738426924,0.00015061121667,87,52,4.592441435952119,-1.0629907355545996,-2.4800046554267414
-1.0549081011764216,-2.4806568016511497,0.00014810162247,87,52,4.592441435952119,-1.0629907355545996,-2.4800046554267414
-1.0543827661219414,-2.480656354311793,0.00014967173047,87,52,4.592441435952119,-1.0629907355545996,-2.4800046554267414
-1.05386182301701,-2.4806548259023278,0.00014975662634,87,52,4.592441435952119,-1.0629907355545996,-2.4800046554267414
-1.0533446552268808,-2.480655347798243,0.00014933889906,87,52,4.592441435952119,-1.0629907355545996,-2.4800046554267414
-1.0528288968876098,-2.480657050173016,0.00014987833856,87,52,4.592441435952119,-1.0629907355545996,-2.4800046554267414
-1.0523040652084346,-2.4806567270945905,0.00015088326472,87,52,4.592441435952119,-1.0629907355545996,-2.4800046554267414
-1.0517647489048099,-2.480651719379022,0.0001502972882,87,52,4.592441435952119,-1.0629907355545996,-2.4800046554267414
-1.0512245013568657,-2.4806568762077084,0.00015000482381,87,52,4.592441435952119,-1.0629907355545996,-2.4800046554267414
-1.0506875509171816,-2.4806578330168887,0.00014905688295,87,52,4.592441435952119,-1.0629907355545996,-2.4800046554267414
-1.0501490777671956,-2.480653732406125,0.00015026071924,87,52,4.592441435952119,-1.0629907355545996,-2.4800046554267414
-1.0496154747733009,-2.4806587152695068,0.00015023941523,87,52,4.592441435952119,-1.0629907355545996,-2.4800046554267414
-1.0490794933310823,-2.4806564040161656,0.00015080768208,87,52,4.592441435952119,-1.0629907355545996,-2.4800046554267414
-1.048544040432935,-2.480655472059175,0.00014840019867,87,52,4.592441435952119,-1.0629907355545996,-2.4800046554267414
-1.0480079709000376,-2.480655496911361,0.00014991647913,87,52,4.592441435952119,-1.0629907355545996,-2.4800046554267414
-1.047449778022411,-2.48065251464899,0.00015054602409,87,52,4.592441435952119,-1.0629907355545996,-2.4800046554267414
-1.046940412549534,-2.480656031233371,0.00014962650312,87,52,4.592441435952119,-1.0629907355545996,-2.4800046554267414
-1.046405261676573,-2.4806590134957425,0.0001489577844,87,52,4.592441435952119,-1.0629907355545996,-2.4800046554267414
-1.0458725899269958,-2.480654179745481,0.00014977561659,87,52,4.592441435952119,-1.0629907355545996,-2.4800046554267414
-1.0453434795577137,-2.4806562673291426,0.00014986385941,87,52,4.592441435952119,-1.0629907355545996,-2.4800046554267414
-1.044837335686801,-2.4806522661271235,0.00014974296209,87,52,4.592441435952119,-1.0629907355545996,-2.4800046554267414
-1.0443239557958537,-2.4806558821202502,0.00014922257105,87,52,4.592441435952119,-1.0629907355545996,-2.4800046554267414
-1.0437899123485663,-2.4806542543020402,0.00014888585429,87,52,4.592441435952119,-1.0629907355545996,-2.4800046554267414
-1.0433032239332598,-2.480658677991226,0.00014965112496,87,52,4.592441435952119,-1.0629907355545996,-2.4800046554267414
-1.0427926251908823,-2.4806591626088634,0.00015017710393,87,52,4.592441435952119,-1.0629907355545996,-2.4800046554267414
-1.0422819886953574,-2.4806577211820486,0.00015201464703,87,52,4.592441435952119,-1.0629907355545996,-2.4800046554267414
-1.0417749765020412,-2.480655782711505,0.00015098287258,87,52,4.592441435952119,-1.0629907355545996,-2.4800046554267414
-1.0412668317142832,-2.480656851355522,0.00015052573872,87,52,4.592441435952119,-1.0629907355545996,-2.4800046554267414
-1.0407588882766494,-2.4806546767892104,0.00015149962564,87,52,4.592441435952119,-1.0629907355545996,-2.4800046554267414
-1.0874054069282528,-2.480079435655744,3.6767778511e-05,87,52,4.592441435952119,-1.0629907355545996,-2.4800046554267414
-1.0868104173157034,-2.4800731604786677,7.5624418969e-05,87,52,4.592441435952119,-1.0629907355545996,-2.4800046554267414
-1.0862083678644767,-2.4800715947909215,1.4137414439e-07,87,52,4.592441435952119,-1.0629907355545996,-2.4800046554267414
-1.0856136425239638,-2.480073110774292,1.4137467019e-07,87,52,4.592441435952119,-1.0629907355545996,-2.4800046554267414
-1.0850255239843505,-2.480073682374583,0.00014706479851,87,52,4.592441435952119,-1.0629907355545996,-2.4800046554267414
-1.084440828396824,-2.4800712841385915,0.0001524778927,87,52,4.592441435952119,-1.0629907355545996,-2.4800046554267414
-1.0838607764465016,-2.480072613730566,0.00015095801791,87,52,4.592441435952119,-1.0629907355545996,-2.4800046554267414
-1.0832854562240617,-2.480072327930422,0.00013439629402,87,52,4.592441435952119,-1.0629907355545996,-2.4800046554267414
-1.082684627457954,-2.4800767267674217,0.00011531318887,87,52,4.592441435952119,-1.0629907355545996,-2.4800046554267414
-1.082091538087188,-2.480070911355794,9.7565694887e-05,87,52,4.592441435952119,-1.0629907355545996,-2.4800046554267414
-1.0814970266811788,-2.480073930896446,8.6686690338e-05,87,52,4.592441435952119,-1.0629907355545996,-2.4800046554267414
-1.0809082915068153,-2.480073222609132,8.0794394307e-05,87,52,4.592441435952119,-1.0629907355545996,-2.4800046554267414
-1.0803184614911598,-2.480071495382173,7.9271019786e-05,87,52,4.592441435952119,-1.0629907355545996,-2.4800046554267414
-1.0797339169162246,-2.480074887705623,7.9307304986e-05,87,52,4.592441435952119,-1.0629907355545996,-2.4800046554267414
-1.079151801127146,-2.480073943322541,7.9214973084e-05,87,52,4.592441435952119,-1.0629907355545996,-2.4800046554267414
-1.0785587369251444,-2.480069184128835,7.5854011811e-05,87,52,4.592441435952119,-1.0629907355545996,-2.4800046554267414
-1.077997435704997,-2.4800711350254705,4.7522837122e-05,87,52,4.592441435952119,-1.0629907355545996,-2.4800046554267414
-1.0774231096487876,-2.48007104804282,3.729828677e-05,87,52,4.592441435952119,-1.0629907355545996,-2.4800046554267414
-1.0768429947765525,-2.480072949235083,6.7869994382e-05,87,52,4.592441435952119,-1.0629907355545996,-2.4800046554267414
-1.0762534290329335,-2.480067556310625,0.00011503251153,87,52,4.592441435952119,-1.0629907355545996,-2.4800046554267414
-1.0757164030869535,-2.4800727131393114,0.00013652982307,87,52,4.592441435952119,-1.0629907355545996,-2.4800046554267414
-1.0751704925668089,-2.4800723030782326,0.0001444426016,87,52,4.592441435952119,-1.0629907355545996,-2.4800046554267414
-1.074629427033992,-2.4800714456778006,0.00014915260545,87,52,4.592441435952119,-1.0629907355545996,-2.4800046554267414
-1.0740837682015023,-2.4800703024772246,0.00014863918477,87,52,4.592441435952119,-1.0629907355545996,-2.4800046554267414
-1.0735377570062974,-2.48007247704354,0.00014381499204,87,52,4.592441435952119,-1.0629907355545996,-2.4800046554267414
-1.0729784189498457,-2.4800708119470487,0.00013514260354,87,52,4.592441435952119,-1.0629907355545996,-2.4800046554267414
-1.0724576771950385,-2.4800701657901985,0.0001128096992,87,52,4.592441435952119,-1.0629907355545996,-2.4800046554267414
-1.0719170269468496,-2.480070637981741,0.00010530191503,87,52,4.592441435952119,-1.0629907355545996,-2.4800046554267414
-1.0713744009505834,-2.4800720669824647,0.00010152311006,87,52,4.592441435952119,-1.0629907355545996,-2.4800046554267414
-1.0708393885058287,-2.4800696935986593,8.4195140516e-05,87,52,4.592441435952119,-1.0629907355545996,-2.4800046554267414
-1.0703009782777555,-2.4800678793890465,8.4742423496e-05,87,52,4.592441435952119,-1.0629907355545996,-2.4800046554267414
-1.0697652233544255,-2.480069755729123,8.0397359852e-05,87,52,4.592441435952119,-1.0629907355545996,-2.4800046554267414
-1.069227266164128,-2.480068500693707,9.052886162e-05,87,52,4.592441435952119,-1.0629907355545996,-2.4800046554267414
-1.0686903157244436,-2.4800724894696313,9.0147608717e-05,87,52,4.592441435952119,-1.0629907355545996,-2.4800046554267414
-1.0681590408413433,-2.480071209582029,7.963252574e-05,87,52,4.592441435952119,-1.0629907355545996,-2.4800046554267414
-1.0676290243965096,-2.4800678669629552,9.112960106e-05,87,52,4.592441435952119,-1.0629907355545996,-2.4800046554267414
-1.0670882734732587,-2.480072849826334,0.00011021498358,87,52,4.592441435952119,-1.0629907355545996,-2.4800046554267414
-1.0665510713459212,-2.480069755729123,0.00012882288138,87,52,4.592441435952119,-1.0629907355545996,-2.4800046554267414
-1.0660120822362456,-2.480069619042097,0.00014328646648,87,52,4.592441435952119,-1.0629907355545996,-2.4800046554267414
-1.0654768810257516,-2.4800709859123526,0.00014927744633,87,52,4.592441435952119,-1.0629907355545996,-2.4800046554267414
-1.0649399431704505,-2.4800689480330638,0.00014964022557,87,52,4.592441435952119,-1.0629907355545996,-2.4800046554267414
-1.0644012057484282,-2.480069469928979,0.0001517496421,87,52,4.592441435952119,-1.0629907355545996,-2.4800046554267414
-1.0638665834195367,-2.4800721539651147,0.00015227739641,87,52,4.592441435952119,-1.0629907355545996,-2.4800046554267414
-1.063331256365218,-2.4800709859123526,0.00015203484509,87,52,4.592441435952119,-1.0629907355545996,-2.4800046554267414
-1.0627960174015763,-2.480073806635515,0.00014931720216,87,52,4.592441435952119,-1.0629907355545996,-2.4800046554267414
-1.0622627038484826,-2.480071222008124,0.00014904847194,87,52,4.592441435952119,-1.0629907355545996,-2.4800046554267414
-1.061729553892365,-2.480074688888133,0.00014939214452,87,52,4.592441435952119,-1.0629907355545996,-2.4800046554267414
-1.0611711596646145,-2.48006919655493,0.00015162132331,87,52,4.592441435952119,-1.0629907355545996,-2.4800046554267414
-1.0606619577887137,-2.480069345668048,0.00015095650451,87,52,4.592441435952119,-1.0629907355545996,-2.4800046554267414
-1.0601467279935142,-2.4800699918248945,0.0001494584576,87,52,4.592441435952119,-1.0629907355545996,-2.4800046554267414
-1.059621204173293,-2.4800735829658347,0.00014926999575,87,52,4.592441435952119,-1.0629907355545996,-2.4800046554267414
-1.059093188645303,-2.4800704143120647,0.00014999846462,87,52,4.592441435952119,-1.0629907355545996,-2.4800046554267414
-1.058568130447241,-2.4800729119568015,0.00015117479779,87,52,4.592441435952119,-1.0629907355545996,-2.4800046554267414
-1.0580445446219493,-2.4800718930171572,0.00014784173982,87,52,4.592441435952119,-1.0629907355545996,-2.4800046554267414
-1.0575233246606017,-2.480074229122685,0.00014971174824,87,52,4.592441435952119,-1.0629907355545996,-2.4800046554267414
-1.0569977379184663,-2.48007247704354,0.0001498710044,87,52,4.592441435952119,-1.0629907355545996,-2.4800046554267414
-1.0564571505921918,-2.4800681030587266,0.00015155873552,87,52,4.592441435952119,-1.0629907355545996,-2.4800046554267414
-1.0559531460663327,-2.480072688287125,0.00015215072199,87,52,4.592441435952119,-1.0629907355545996,-2.4800046554267414
-1.055412734921414,-2.480070227920666,0.00014857870701,87,52,4.592441435952119,-1.0629907355545996,-2.4800046554267414
-1.0549141542644853,-2.4800750368187443,0.00014924233255,87,52,4.592441435952119,-1.0629907355545996,-2.4800046554267414
-1.0543947338698574,-2.4800722657999548,0.00015013046504,87,52,4.592441435952119,-1.0629907355545996,-2.4800046554267414
-1.0538730357019677,-2.480072651008844,0.00014797832409,87,52,4.592441435952119,-1.0629907355545996,-2.4800046554267414
-1.0533510858464248,-2.480068873476505,0.00014866291895,87,52,4.592441435952119,-1.0629907355545996,-2.4800046554267414
-1.0528381086557237,-2.480068016076073,0.00015049768263,87,52,4.592441435952119,-1.0629907355545996,-2.4800046554267414
-1.0523069344476836,-2.480072402486981,0.0001508321875,87,52,4.592441435952119,-1.0629907355545996,-2.4800046554267414
-1.051770852330403,-2.4800694326507013,0.00014889275189,87,52,4.592441435952119,-1.0629907355545996,-2.4800046554267414
-1.051230718041904,-2.4800720421302747,0.00014887964062,87,52,4.592441435952119,-1.0629907355545996,-2.4800046554267414
-1.05069805887671,-2.4800697184508453,0.00014686747454,87,52,4.592441435952119,-1.0629907355545996,-2.4800046554267414
-1.0501601394395603,-2.4800708865036074,0.00014687974181,87,52,4.592441435952119,-1.0629907355545996,-2.4800046554267414
-1.0496231009091972,-2.4800708865036074,0.00014792803267,87,52,4.592441435952119,-1.0629907355545996,-2.4800046554267414
-1.0490824506610101,-2.480072651008844,0.00014878518414,87,52,4.592441435952119,-1.0629907355545996,-2.4800046554267414
-1.0485502948711212,-2.48007379420942,0.00014811565052,87,52,4.592441435952119,-1.0629907355545996,-2.4800046554267414
-1.048019032572404,-2.480071122599379,0.00014873068721,87,52,4.592441435952119,-1.0629907355545996,-2.4800046554267414
-1.0474592288937934,-2.4800685379719885,0.00014842973906,87,52,4.592441435952119,-1.0629907355545996,-2.4800046554267414
-1.0469492719549327,-2.4800738811920735,0.00015143322526,87,52,4.592441435952119,-1.0629907355545996,-2.4800046554267414
-1.0464158073892476,-2.480070227920666,0.00015278288629,87,52,4.592441435952119,-1.0629907355545996,-2.4800046554267414
-1.0458846457655908,-2.4800728871046154,0.00015081636957,87,52,4.592441435952119,-1.0629907355545996,-2.4800046554267414
-1.0453504638900952,-2.480070116085826,0.00015083559265,87,52,4.592441435952119,-1.0629907355545996,-2.4800046554267414
-1.04484516317282,-2.480071023190634,0.00015248681302,87,52,4.592441435952119,-1.0629907355545996,-2.4800046554267414
-1.044331355412863,-2.4800714581038954,0.00015075085685,87,52,4.592441435952119,-1.0629907355545996,-2.4800046554267414
-1.0438224303933805,-2.480070762242676,0.0001505218097,87,52,4.592441435952119,-1.0629907355545996,-2.4800046554267414
-1.0433131655955674,-2.480073756931142,0.00014908294543,87,52,4.592441435952119,-1.0629907355545996,-2.4800046554267414
-1.0428057884551527,-2.480069768155218,0.00014735024888,87,52,4.592441435952119,-1.0629907355545996,-2.4800046554267414
-1.0422942081309283,-2.4800722036694873,0.000149362706,87,52,4.592441435952119,-1.0629907355545996,-2.4800046554267414
-1.041767916663364,-2.4800705758512773,0.00014931170153,87,52,4.592441435952119,-1.0629907355545996,-2.4800046554267414
-1.0412799572254057,-2.480069743303032,0.00014863591059,87,52,4.592441435952119,-1.0629907355545996,-2.4800046554267414
-1.040772391319252,-2.4800698924161493,0.00014923307754,87,52,4.592441435952119,-1.0629907355545996,-2.4800046554267414
-1.087415147240438,-2.479487692670479,3.7120422348e-05,87,52,4.592441435952119,-1.0629907355545996,-2.4800046554267414
-1.0868210762878232,-2.4794868725483283,6.1987513618e-05,87,52,4.592441435952119,-1.0629907355545996,-2.4800046554267414
-1.0862178187358609,-2.4794820139458773,1.4139152427e-07,87,52,4.592441435952119,-1.0629907355545996,-2.4800046554267414
-1.0856232444079392,-2.4794835547814373,1.4137266646e-07,87,52,4.592441435952119,-1.0629907355545996,-2.4800046554267414
-1.0850360319438774,-2.4794787707355486,0.00014873499458,87,52,4.592441435952119,-1.0629907355545996,-2.4800046554267414
-1.0844506693840696,-2.4794799015100297,0.0001503493113,87,52,4.592441435952119,-1.0629907355545996,-2.4800046554267414
-1.083868402582398,-2.4794817157196385,0.00014889513841,87,52,4.592441435952119,-1.0629907355545996,-2.4800046554267414
-1.0832951587830992,-2.47948043583204,0.0001372488623,87,52,4.592441435952119,-1.0629907355545996,-2.4800046554267414
-1.0826943174326082,-2.4794811192671644,0.00011478117813,87,52,4.592441435952119,-1.0629907355545996,-2.4800046554267414
-1.0820958419460598,-2.479483629337996,0.00010054567974,87,52,4.592441435952119,-1.0629907355545996,-2.4800046554267414
-1.081503985844794,-2.479481603884802,8.8915323431e-05,87,52,4.592441435952119,-1.0629907355545996,-2.4800046554267414
-1.0809135140256234,-2.47947889499648,7.7829165093e-05,87,52,4.592441435952119,-1.0629907355545996,-2.4800046554267414
-1.080329057541367,-2.4794790565356926,8.2127262431e-05,87,52,4.592441435952119,-1.0629907355545996,-2.4800046554267414
-1.0797418450773053,-2.479480622223435,7.9012083006e-05,87,52,4.592441435952119,-1.0629907355545996,-2.4800046554267414
-1.0791616295300084,-2.479481516902148,8.2197773736e-05,87,52,4.592441435952119,-1.0629907355545996,-2.4800046554267414
-1.0785824459020912,-2.4794809950062326,7.273520896e-05,87,52,4.592441435952119,-1.0629907355545996,-2.4800046554267414
-1.0780016766419562,-2.4794801873101733,5.9785248595e-05,87,52,4.592441435952119,-1.0629907355545996,-2.4800046554267414
-1.077424317749525,-2.4794810447106053,3.8040310756e-05,87,52,4.592441435952119,-1.0629907355545996,-2.4800046554267414
-1.0768476132449918,-2.479480174884082,7.168125012e-05,87,52,4.592441435952119,-1.0629907355545996,-2.4800046554267414
-1.0762773016068545,-2.479481976667596,1.4133426873e-07,87,52,4.592441435952119,-1.0629907355545996,-2.4800046554267414
-1.0757199518828653,-2.4794796654142583,1.4137341964e-07,87,52,4.592441435952119,-1.0629907355545996,-2.4800046554267414
-1.0751732485466126,-2.479481777850106,0.00014542900317,87,52,4.592441435952119,-1.0629907355545996,-2.4800046554267414
-1.0746288859055375,-2.4794808458931152,0.00015000889834,87,52,4.592441435952119,-1.0629907355545996,-2.4800046554267414
-1.074086423506246,-2.4794831819986394,0.00014871326857,87,52,4.592441435952119,-1.0629907355545996,-2.4800046554267414
-1.0735397201699932,-2.4794786340485224,0.00013953812595,87,52,4.592441435952119,-1.0629907355545996,-2.4800046554267414
-1.0729991202593352,-2.4794814299194945,0.00013150657469,87,52,4.592441435952119,-1.0629907355545996,-2.4800046554267414
-1.0724589859708362,-2.4794795287272318,0.00010943701636,87,52,4.592441435952119,-1.0629907355545996,-2.4800046554267414
-1.0719174674002439,-2.479483194424734,8.6564308731e-05,87,52,4.592441435952119,-1.0629907355545996,-2.4800046554267414
-1.0713798625726598,-2.4794809950062326,7.6111049566e-05,87,52,4.592441435952119,-1.0629907355545996,-2.4800046554267414
-1.0708435665208755,-2.479481740571828,6.8769288191e-05,87,52,4.592441435952119,-1.0629907355545996,-2.4800046554267414
-1.070305521239899,-2.4794808707453013,6.9674701081e-05,87,52,4.592441435952119,-1.0629907355545996,-2.4800046554267414
-1.0697653869514,-2.479480448258131,6.6000044171e-05,87,52,4.592441435952119,-1.0629907355545996,-2.4800046554267414
-1.0692267879575859,-2.4794832689812933,6.6787237301e-05,87,52,4.592441435952119,-1.0629907355545996,-2.4800046554267414
-1.068690466737035,-2.4794832938334794,6.1304323026e-05,87,52,4.592441435952119,-1.0629907355545996,-2.4800046554267414
-1.0681638858286695,-2.4794836790423687,5.9382356994e-05,87,52,4.592441435952119,-1.0629907355545996,-2.4800046554267414
-1.0676304716005156,-2.4794813677890306,5.1247643569e-05,87,52,4.592441435952119,-1.0629907355545996,-2.4800046554267414
-1.0670920865412068,-2.4794806595017165,7.5839590863e-05,87,52,4.592441435952119,-1.0629907355545996,-2.4800046554267414
-1.0665547208168948,-2.4794830950159894,0.00010603600822,87,52,4.592441435952119,-1.0629907355545996,-2.4800046554267414
-1.0660128624679701,-2.479479777249098,0.00013138260692,87,52,4.592441435952119,-1.0629907355545996,-2.4800046554267414
-1.0654787183456225,-2.4794825482678875,0.00014302377531,87,52,4.592441435952119,-1.0629907355545996,-2.4800046554267414
-1.064939162938726,-2.479483206850826,0.000146387727,87,52,4.592441435952119,-1.0629907355545996,-2.4800046554267414
-1.0644041253252066,-2.479481877258851,0.00014791295689,87,52,4.592441435952119,-1.0629907355545996,-2.4800046554267414
-1.063849204387072,-2.479481069562792,0.00015014417295,87,52,4.592441435952119,-1.0629907355545996,-2.4800046554267414
-1.0633328419974337,-2.4794831447203616,0.00015027142945,87,52,4.592441435952119,-1.0629907355545996,-2.4800046554267414
-1.0627970996584852,-2.4794830950159894,0.0001511156006,87,52,4.592441435952119,-1.0629907355545996,-2.4800046554267414
-1.0622655605033484,-2.479481318084658,0.00014895659115,87,52,4.592441435952119,-1.0629907355545996,-2.4800046554267414
-1.0617298936706974,-2.4794831074420807,0.00015002145665,87,52,4.592441435952119,-1.0629907355545996,-2.4800046554267414
-1.0611979014777846,-2.479481740571828,0.00015095691197,87,52,4.592441435952119,-1.0629907355545996,-2.4800046554267414
-1.060658295733357,-2.4794829707550545,0.00015069186338,87,52,4.592441435952119,-1.0629907355545996,-2.4800046554267414
-1.0601470300186984,-2.4794859902957067,0.00015023932792,87,52,4.592441435952119,-1.0629907355545996,-2.4800046554267414
-1.0596011069141722,-2.479481492049962,0.00015024629829,87,52,4.592441435952119,-1.0629907355545996,-2.4800046554267414
-1.059093289320365,-2.4794817902762007,0.00014976474631,87,52,4.592441435952119,-1.0629907355545996,-2.4800046554267414
-1.0585754419735713,-2.479484126381725,0.00014969574113,87,52,4.592441435952119,-1.0629907355545996,-2.4800046554267414
-1.0580463441886723,-2.4794827843636553,0.00014861040108,87,52,4.592441435952119,-1.0629907355545996,-2.4800046554267414
-1.0575231736480086,-2.47948063464953,0.00014957034728,87,52,4.592441435952119,-1.0629907355545996,-2.4800046554267414
-1.0570006574952446,-2.4794802245884546,0.00015025155153,87,52,4.592441435952119,-1.0629907355545996,-2.4800046554267414
-1.0564790348336506,-2.4794805476668764,0.00014995055972,87,52,4.592441435952119,-1.0629907355545996,-2.4800046554267414
-1.0559593753357526,-2.4794828216419367,0.00014980944979,87,52,4.592441435952119,-1.0629907355545996,-2.4800046554267414
-1.0554345939941083,-2.4794796654142583,0.00014966825256,87,52,4.592441435952119,-1.0629907355545996,-2.4800046554267414
-1.0549138396549196,-2.47948175299792,0.00014947629825,87,52,4.592441435952119,-1.0629907355545996,-2.4800046554267414
-1.0543923176683858,-2.47948206365025,0.00015033464297,87,52,4.592441435952119,-1.0629907355545996,-2.4800046554267414
-1.053875967863129,-2.4794793671880226,0.00014969058975,87,52,4.592441435952119,-1.0629907355545996,-2.4800046554267414
-1.0533547730705461,-2.479480609797344,0.00015088744112,87,52,4.592441435952119,-1.0629907355545996,-2.4800046554267414
-1.0528396942879394,-2.479479578431608,0.00014971010387,87,52,4.592441435952119,-1.0629907355545996,-2.4800046554267414
-1.0523126351730319,-2.479478733457267,0.00015066856577,87,52,4.592441435952119,-1.0629907355545996,-2.4800046554267414
-1.0517766285620487,-2.479483244129107,0.0001497441117,87,52,4.592441435952119,-1.0629907355545996,-2.4800046554267414
-1.0512372619208912,-2.479479491448954,0.00014939038374,87,52,4.592441435952119,-1.0629907355545996,-2.4800046554267414
-1.0507004247406522,-2.4794818275544785,0.00015024616732,87,52,4.592441435952119,-1.0629907355545996,-2.4800046554267414
-1.0501633107039936,-2.479483194424734,0.00015044820611,87,52,4.592441435952119,-1.0629907355545996,-2.4800046554267414
-1.0496310416546613,-2.4794804855364125,0.00015008675109,87,52,4.592441435952119,-1.0629907355545996,-2.4800046554267414
-1.0490943806557782,-2.47948021216236,0.00014839445066,87,52,4.592441435952119,-1.0629907355545996,-2.4800046554267414
-1.048558801913806,-2.4794811316932592,0.00014617570559,87,52,4.592441435952119,-1.0629907355545996,-2.4800046554267414
-1.048021385851963,-2.479478248839633,0.00014738796744,87,52,4.592441435952119,-1.0629907355545996,-2.4800046554267414
-1.0474926404297775,-2.4794806843539026,0.00014760323393,87,52,4.592441435952119,-1.0629907355545996,-2.4800046554267414
-1.0469531353604118,-2.4794767577084458,0.00014683631889,87,52,4.592441435952119,-1.0629907355545996,-2.4800046554267414
-1.0464229175654558,-2.479478745883359,0.00014876649948,87,52,4.592441435952119,-1.0629907355545996,-2.4800046554267414
-1.0458911393070487,-2.47948021216236,0.00014874129556,87,52,4.592441435952119,-1.0629907355545996,-2.4800046554267414
-1.045362846922639,-2.479478174283071,0.00015131484543,87,52,4.592441435952119,-1.0629907355545996,-2.4800046554267414
-1.044856589792283,-2.4794789695530386,0.00014750713308,87,52,4.592441435952119,-1.0629907355545996,-2.4800046554267414
-1.0443423793320799,-2.4794779878916753,0.00014681316679,87,52,4.592441435952119,-1.0629907355545996,-2.4800046554267414
-1.0438354174762947,-2.479478397952751,0.00014755663869,87,52,4.592441435952119,-1.0629907355545996,-2.4800046554267414
-1.0433018522355477,-2.4794750553336735,0.00014775329328,87,52,4.592441435952119,-1.0629907355545996,-2.4800046554267414
-1.0428136914474688,-2.4794769813781223,0.00015007186448,87,52,4.592441435952119,-1.0629907355545996,-2.4800046554267414
-1.0423068931886565,-2.4794792056488104,0.0001478116319,87,52,4.592441435952119,-1.0629907355545996,-2.4800046554267414
-1.0417967097309089,-2.479479752396912,0.00014744898363,87,52,4.592441435952119,-1.0629907355545996,-2.4800046554267414
-1.0412917991294968,-2.4794828340680315,0.00014789795387,87,52,4.592441435952119,-1.0629907355545996,-2.4800046554267414
-1.0407846862611185,-2.4794783606744697,0.00014841846132,87,52,4.592441435952119,-1.0629907355545996,-2.4800046554267414
-1.0874142663336515,-2.478900112426446,3.8180292904e-05,87,52,4.592441435952119,-1.0629907355545996,-2.4800046554267414
-1.0868178043483296,-2.4788992923042916,6.4167987148e-05,87,52,4.592441435952119,-1.0629907355545996,-2.4800046554267414
-1.086218108176662,-2.4788911780654206,1.4128927717e-07,87,52,4.592441435952119,-1.0629907355545996,-2.4800046554267414
-1.0856260884784217,-2.478892457953019,1.4112917768e-07,87,52,4.592441435952119,-1.0629907355545996,-2.4800046554267414
-1.0850323321353743,-2.4788911407871392,0.00014689417731,87,52,4.592441435952119,-1.0629907355545996,-2.4800046554267414
-1.0844510846686977,-2.478891786943986,0.00015311531024,87,52,4.592441435952119,-1.0629907355545996,-2.4800046554267414
-1.0838691702297412,-2.478894433701844,0.00015178786998,87,52,4.592441435952119,-1.0629907355545996,-2.4800046554267414
-1.0832917358310126,-2.4788916378308685,0.0001383661438,87,52,4.592441435952119,-1.0629907355545996,-2.4800046554267414
-1.0826968720622898,-2.4788917372396133,0.00011933928909,87,52,4.592441435952119,-1.0629907355545996,-2.4800046554267414
-1.0821006617646214,-2.478895489919766,9.9492484878e-05,87,52,4.592441435952119,-1.0629907355545996,-2.4800046554267414
-1.0815081638598407,-2.47889361357969,8.8284017693e-05,87,52,4.592441435952119,-1.0629907355545996,-2.4800046554267414
-1.0809096128669964,-2.478892358544274,8.226888167e-05,87,52,4.592441435952119,-1.0629907355545996,-2.4800046554267414
-1.0803374009870759,-2.4788939739363927,8.0762089055e-05,87,52,4.592441435952119,-1.0629907355545996,-2.4800046554267414
-1.0797560654297218,-2.4788916254047737,8.0083147623e-05,87,52,4.592441435952119,-1.0629907355545996,-2.4800046554267414
-1.0791712817515147,-2.4788925449356727,8.1865917309e-05,87,52,4.592441435952119,-1.0629907355545996,-2.4800046554267414
-1.078577500239703,-2.478891227769793,7.5978561654e-05,87,52,4.592441435952119,-1.0629907355545996,-2.4800046554267414
-1.0780175581328826,-2.4788945206844946,6.0781309003e-05,87,52,4.592441435952119,-1.0629907355545996,-2.4800046554267414
-1.077441923300877,-2.4788966952508096,3.732262121e-05,87,52,4.592441435952119,-1.0629907355545996,-2.4800046554267414
-1.0768629032699342,-2.4788935887275034,5.7832774473e-05,87,52,4.592441435952119,-1.0629907355545996,-2.4800046554267414
-1.0762911695965538,-2.478893141388147,0.00010688906332,87,52,4.592441435952119,-1.0629907355545996,-2.4800046554267414
-1.0757328760438654,-2.4788933899100134,1.4135822823e-07,87,52,4.592441435952119,-1.0629907355545996,-2.4800046554267414
-1.0751888154279747,-2.4788968692161135,0.00014485722932,87,52,4.592441435952119,-1.0629907355545996,-2.4800046554267414
-1.074644779980847,-2.478895067432596,0.00015128002269,87,52,4.592441435952119,-1.0629907355545996,-2.4800046554267414
-1.0740996245236638,-2.478893936658115,0.00015063497995,87,52,4.592441435952119,-1.0629907355545996,-2.4800046554267414
-1.0735558533485745,-2.4788926319183267,0.00013869302347,87,52,4.592441435952119,-1.0629907355545996,-2.4800046554267414
-1.0730140201684144,-2.4788937378406213,0.00011813655146,87,52,4.592441435952119,-1.0629907355545996,-2.4800046554267414
-1.0724730804794242,-2.4788948561890107,9.9788696389e-05,87,52,4.592441435952119,-1.0629907355545996,-2.4800046554267414
-1.0719344940699933,-2.478893712988435,8.8456079538e-05,87,52,4.592441435952119,-1.0629907355545996,-2.4800046554267414
-1.071395756647971,-2.4788950301543182,7.8057360952e-05,87,52,4.592441435952119,-1.0629907355545996,-2.4800046554267414
-1.0708562264098391,-2.4788967573812735,7.3663693911e-05,87,52,4.592441435952119,-1.0629907355545996,-2.4800046554267414
-1.0703205973303358,-2.4788913893090023,7.3221570347e-05,87,52,4.592441435952119,-1.0629907355545996,-2.4800046554267414
-1.069783835656391,-2.4788943715713767,7.0982969191e-05,87,52,4.592441435952119,-1.0629907355545996,-2.4800046554267414
-1.0692466083602885,-2.4788935887275034,7.1345406468e-05,87,52,4.592441435952119,-1.0629907355545996,-2.4800046554267414
-1.0687086385856077,-2.4788955396241388,6.9521120167e-05,87,52,4.592441435952119,-1.0629907355545996,-2.4800046554267414
-1.0681814662112568,-2.4788936881362487,6.1040766013e-05,87,52,4.592441435952119,-1.0629907355545996,-2.4800046554267414
-1.0676481778269293,-2.478894185179978,4.2493767978e-05,87,52,4.592441435952119,-1.0629907355545996,-2.4800046554267414
-1.0671127878506965,-2.478893626005785,4.294489554e-05,87,52,4.592441435952119,-1.0629907355545996,-2.4800046554267414
-1.0665735848065152,-2.4788944088496576,7.8925811977e-05,87,52,4.592441435952119,-1.0629907355545996,-2.4800046554267414
-1.0660348473844912,-2.478892905292376,1.4135396498e-07,87,52,4.592441435952119,-1.0629907355545996,-2.4800046554267414
-1.0654989540329514,-2.478896794659555,0.00013890628179,87,52,4.592441435952119,-1.0629907355545996,-2.4800046554267414
-1.0649648099106037,-2.4788973414076563,0.00014721641492,87,52,4.592441435952119,-1.0629907355545996,-2.4800046554267414
-1.0644061514108165,-2.4788939863624875,0.00015011792129,87,52,4.592441435952119,-1.0629907355545996,-2.4800046554267414
-1.0638923814040075,-2.4788923461181827,0.0001505047112,87,52,4.592441435952119,-1.0629907355545996,-2.4800046554267414
-1.0633595838106038,-2.4788937751189026,0.00015001388965,87,52,4.592441435952119,-1.0629907355545996,-2.4800046554267414
-1.062823954731099,-2.4788949555977595,0.00015173584688,87,52,4.592441435952119,-1.0629907355545996,-2.4800046554267414
-1.0622896847649228,-2.4788953408066488,0.0001518533827,87,52,4.592441435952119,-1.0629907355545996,-2.4800046554267414
-1.0617560188491155,-2.4788946697976155,0.00015075440751,87,52,4.592441435952119,-1.0629907355545996,-2.4800046554267414
-1.0612208176386233,-2.4788901839779625,0.00015127361985,87,52,4.592441435952119,-1.0629907355545996,-2.4800046554267414
-1.060692399410387,-2.4788961982070803,0.00014848778665,87,52,4.592441435952119,-1.0629907355545996,-2.4800046554267414
-1.060173230703414,-2.4788966952508096,0.00015139191237,87,52,4.592441435952119,-1.0629907355545996,-2.4800046554267414
-1.0596470524952932,-2.4788949307455734,0.00015167843958,87,52,4.592441435952119,-1.0629907355545996,-2.4800046554267414
-1.0591231898135836,-2.4788960242417764,0.00015026239271,87,52,4.592441435952119,-1.0629907355545996,-2.4800046554267414
-1.0586000318573048,-2.478891028952299,0.000149984975,87,52,4.592441435952119,-1.0629907355545996,-2.4800046554267414
-1.0580763327725697,-2.4788946697976155,0.00014963716967,87,52,4.592441435952119,-1.0629907355545996,-2.4800046554267414
-1.0575298685395889,-2.4788893141514357,0.00014873995678,87,52,4.592441435952119,-1.0629907355545996,-2.4800046554267414
-1.057008145202933,-2.478889189890504,0.00015013653319,87,52,4.592441435952119,-1.0629907355545996,-2.4800046554267414
-1.0565119681630943,-2.478893327779546,0.00015295534104,87,52,4.592441435952119,-1.0629907355545996,-2.4800046554267414
-1.055968045975412,-2.478891004100113,0.00015009347408,87,52,4.592441435952119,-1.0629907355545996,-2.4800046554267414
-1.05546540056288,-2.4788914638655646,0.00014899026428,87,52,4.592441435952119,-1.0629907355545996,-2.4800046554267414
-1.0549457662337482,-2.4788915632743094,0.00014994555386,87,52,4.592441435952119,-1.0629907355545996,-2.4800046554267414
-1.0544243700910412,-2.4788922342833426,0.00014995050151,87,52,4.592441435952119,-1.0629907355545996,-2.4800046554267414
-1.0539091528802245,-2.4788922094311565,0.00014854028996,87,52,4.592441435952119,-1.0629907355545996,-2.4800046554267414
-1.0533892291102915,-2.478890581612943,0.00014985908638,87,52,4.592441435952119,-1.0629907355545996,-2.4800046554267414
-1.0528713691791147,-2.478891028952299,0.00014886900317,87,52,4.592441435952119,-1.0629907355545996,-2.4800046554267414
-1.052322086044416,-2.4788903455171747,0.00015041802544,87,52,4.592441435952119,-1.0629907355545996,-2.4800046554267414
-1.0518051321887905,-2.478890830134809,0.0001507033594,87,52,4.592441435952119,-1.0629907355545996,-2.4800046554267414
-1.0512746375374165,-2.4788917496657086,0.00014912107144,87,52,4.592441435952119,-1.0629907355545996,-2.4800046554267414
-1.0507125057480133,-2.4788911407871392,0.0001493065065,87,52,4.592441435952119,-1.0629907355545996,-2.4800046554267414
-1.0501944444667142,-2.4788911035088583,0.00014919431123,87,52,4.592441435952119,-1.0629907355545996,-2.4800046554267414
-1.0496624774425662,-2.4788912774741654,0.00014970332268,87,52,4.592441435952119,-1.0629907355545996,-2.4800046554267414
-1.0491278047761454,-2.4788935638753173,0.0001487905829,87,52,4.592441435952119,-1.0629907355545996,-2.4800046554267414
-1.0485894071324535,-2.478894918319478,0.00015214670566,87,52,4.592441435952119,-1.0629907355545996,-2.4800046554267414
-1.0480531236650523,-2.4788925946400453,0.00014951537014,87,52,4.592441435952119,-1.0629907355545996,-2.4800046554267414
-1.0475205022530045,-2.478892756179258,0.00015005598834,87,52,4.592441435952119,-1.0629907355545996,-2.4800046554267414
-1.0469890637729296,-2.4788939490842066,0.0001502805535,87,52,4.592441435952119,-1.0629907355545996,-2.4800046554267414
-1.04645694573619,-2.4788929674228433,0.00014931084297,87,52,4.592441435952119,-1.0629907355545996,-2.4800046554267414
-1.0459203350748383,-2.478896459155038,0.00014954985818,87,52,4.592441435952119,-1.0629907355545996,-2.4800046554267414
-1.045391514146357,-2.47889260706614,0.00015090077068,87,52,4.592441435952119,-1.0629907355545996,-2.4800046554267414
-1.0448835832931065,-2.478895005302132,0.00015047626221,87,52,4.592441435952119,-1.0629907355545996,-2.4800046554267414
-1.0443772884096025,-2.4788936632840626,0.00015041956794,87,52,4.592441435952119,-1.0629907355545996,-2.4800046554267414
-1.0438639336874198,-2.478897080459699,0.00015134265414,87,52,4.592441435952119,-1.0629907355545996,-2.4800046554267414
-1.0433566446376856,-2.478893240796892,0.00015070023073,87,52,4.592441435952119,-1.0629907355545996,-2.4800046554267414
-1.042847153320984,-2.478896608268156,0.00014986521273,87,52,4.592441435952119,-1.0629907355545996,-2.4800046554267414
-1.042342821601174,-2.478892582213954,0.00015008062473,87,52,4.592441435952119,-1.0629907355545996,-2.4800046554267414
-1.0418310021736796,-2.4788920975963165,0.0001468762639,87,52,4.592441435952119,-1.0629907355545996,-2.4800046554267414
-1.0413259908972072,-2.4788936632840626,0.00014845789701,87,52,4.592441435952119,-1.0629907355545996,-2.4800046554267414
-1.0408202371421562,-2.478897080459699,0.00015101638564,87,52,4.592441435952119,-1.0629907355545996,-2.4800046554267414
-1.0874023237544983,-2.4783128676869257,3.8019588828e-05,87,52,4.592441435952119,-1.0629907355545996,-2.4800046554267414
-1.0868106060814426,-2.4783078351191743,6.8574525358e-05,87,52,4.592441435952119,-1.0629907355545996,-2.4800046554267414
-1.086213024086064,-2.4783050641003848,1.4159975592e-07,87,52,4.592441435952119,-1.0629907355545996,-2.4800046554267414
-1.0856153540000062,-2.4783075368929355,7.4714815128e-05,87,52,4.592441435952119,-1.0629907355545996,-2.4800046554267414
-1.0850230196921984,-2.4783077481365203,0.00014685330098,87,52,4.592441435952119,-1.0629907355545996,-2.4800046554267414
-1.0844392931021376,-2.4783074499102815,0.00015051811351,87,52,4.592441435952119,-1.0629907355545996,-2.4800046554267414
-1.083860927459093,-2.478307300797164,0.00014996844402,87,52,4.592441435952119,-1.0629907355545996,-2.4800046554267414
-1.0832799190956879,-2.478304840430708,0.00013861589832,87,52,4.592441435952119,-1.0629907355545996,-2.4800046554267414
-1.0826816323748785,-2.4783065055271996,0.00011619130964,87,52,4.592441435952119,-1.0629907355545996,-2.4800046554267414
-1.0820840629638828,-2.478304840430708,0.00010100990767,87,52,4.592441435952119,-1.0629907355545996,-2.4800046554267414
-1.0814836243136383,-2.4783043806652567,8.6400650616e-05,87,52,4.592441435952119,-1.0629907355545996,-2.4800046554267414
-1.0808973053407465,-2.478301870594425,8.0540630734e-05,87,52,4.592441435952119,-1.0629907355545996,-2.4800046554267414
-1.0803246655918148,-2.4783016220725624,7.8606477473e-05,87,52,4.592441435952119,-1.0629907355545996,-2.4800046554267414
-1.0797376418934956,-2.4783026410122067,7.9262783402e-05,87,52,4.592441435952119,-1.0629907355545996,-2.4800046554267414
-1.079153575525101,-2.4783054244570875,7.9327073763e-05,87,52,4.592441435952119,-1.0629907355545996,-2.4800046554267414
-1.0785739640281726,-2.4783071641101375,7.7583965322e-05,87,52,4.592441435952119,-1.0629907355545996,-2.4800046554267414
-1.077994943997228,-2.478303138055936,5.585335748e-05,87,52,4.592441435952119,-1.0629907355545996,-2.4800046554267414
-1.0774194853465802,-2.478302864681883,3.9143240429e-05,87,52,4.592441435952119,-1.0629907355545996,-2.4800046554267414
-1.0768412707161268,-2.478306928014366,6.1232094595e-05,87,52,4.592441435952119,-1.0629907355545996,-2.4800046554267414
-1.0762678507354704,-2.4783060706139346,9.7427255241e-05,87,52,4.592441435952119,-1.0629907355545996,-2.4800046554267414
-1.0757114322557988,-2.4783063936923595,1.4135629556e-07,87,52,4.592441435952119,-1.0629907355545996,-2.4800046554267414
-1.0751720907834077,-2.47830732564935,0.00014501695114,87,52,4.592441435952119,-1.0629907355545996,-2.4800046554267414
-1.074621712807417,-2.478303051073282,0.00015031835937,87,52,4.592441435952119,-1.0629907355545996,-2.4800046554267414
-1.0740817924534234,-2.478307027423115,0.00014789380657,87,52,4.592441435952119,-1.0629907355545996,-2.4800046554267414
-1.0735357938426016,-2.4783044303696293,0.00013713687076,87,52,4.592441435952119,-1.0629907355545996,-2.4800046554267414
-1.0729956343853362,-2.4783050641003848,0.00011484130664,87,52,4.592441435952119,-1.0629907355545996,-2.4800046554267414
-1.0724552735779485,-2.4783058345181628,0.00010279135313,87,52,4.592441435952119,-1.0629907355545996,-2.4800046554267414
-1.0719163348058038,-2.478308232754155,8.9365123131e-05,87,52,4.592441435952119,-1.0629907355545996,-2.4800046554267414
-1.071375923660885,-2.478305374752715,8.2887352619e-05,87,52,4.592441435952119,-1.0629907355545996,-2.4800046554267414
-1.0708380419768848,-2.478305175935225,7.7364718891e-05,87,52,4.592441435952119,-1.0629907355545996,-2.4800046554267414
-1.0703038097638566,-2.4783054244570875,7.8194694652e-05,87,52,4.592441435952119,-1.0629907355545996,-2.4800046554267414
-1.0697630210874578,-2.4783082948846222,7.6514341345e-05,87,52,4.592441435952119,-1.0629907355545996,-2.4800046554267414
-1.0692305632723862,-2.4783070025709284,7.7191310993e-05,87,52,4.592441435952119,-1.0629907355545996,-2.4800046554267414
-1.068692480238262,-2.478307052275301,7.6123076724e-05,87,52,4.592441435952119,-1.0629907355545996,-2.4800046554267414
-1.068165131682555,-2.4783072635188863,6.9106965384e-05,87,52,4.592441435952119,-1.0629907355545996,-2.4800046554267414
-1.0676321956609411,-2.4783060706139346,5.2360112022e-05,87,52,4.592441435952119,-1.0629907355545996,-2.4800046554267414
-1.067096465906376,-2.47830547416146,3.3430907934e-05,87,52,4.592441435952119,-1.0629907355545996,-2.4800046554267414
-1.0665600062576153,-2.478304567056656,6.3748106186e-05,87,52,4.592441435952119,-1.0629907355545996,-2.4800046554267414
-1.0660217344577518,-2.4783068783099935,1.4136779214e-07,87,52,4.592441435952119,-1.0629907355545996,-2.4800046554267414
-1.065483009620111,-2.478307524466844,1.4136111304e-07,87,52,4.592441435952119,-1.0629907355545996,-2.4800046554267414
-1.06494809785042,-2.47830331202124,0.00014883790573,87,52,4.592441435952119,-1.0629907355545996,-2.4800046554267414
-1.0644145451940563,-2.4783058096659767,0.00015045169857,87,52,4.592441435952119,-1.0629907355545996,-2.4800046554267414
-1.0638795075805367,-2.4783046913175872,0.00014917917724,87,52,4.592441435952119,-1.0629907355545996,-2.4800046554267414
-1.0633437400728238,-2.478303162908122,0.00015158008318,87,52,4.592441435952119,-1.0629907355545996,-2.4800046554267414
-1.062807834136901,-2.4783074499102815,0.00015120304306,87,52,4.592441435952119,-1.0629907355545996,-2.4800046554267414
-1.0622761439691726,-2.4783070771274875,0.00014867544814,87,52,4.592441435952119,-1.0629907355545996,-2.4800046554267414
-1.0617445041389753,-2.478305747535513,0.0001489414426,87,52,4.592441435952119,-1.0629907355545996,-2.4800046554267414
-1.0612077550494134,-2.47830527534397,0.00015138475283,87,52,4.592441435952119,-1.0629907355545996,-2.4800046554267414
-1.0606802428967301,-2.478303560543106,0.00014818002819,87,52,4.592441435952119,-1.0629907355545996,-2.4800046554267414
-1.0601652522048022,-2.478305623274578,0.00014705018839,87,52,4.592441435952119,-1.0629907355545996,-2.4800046554267414
-1.0596385076994623,-2.4783070647013927,0.00014594705135,87,52,4.592441435952119,-1.0629907355545996,-2.4800046554267414
-1.0591150477179974,-2.4783048652828947,0.00014831505541,87,52,4.592441435952119,-1.0629907355545996,-2.4800046554267414
-1.0585914618927075,-2.4783045049261885,0.00014863075921,87,52,4.592441435952119,-1.0629907355545996,-2.4800046554267414
-1.0580658499818076,-2.478305337474434,0.0001499633654,87,52,4.592441435952119,-1.0629907355545996,-2.4800046554267414
-1.0575428304537369,-2.4783044676479107,0.00015067117056,87,52,4.592441435952119,-1.0629907355545996,-2.4800046554267414
-1.0570236491623808,-2.4783070771274875,0.00015021050058,87,52,4.592441435952119,-1.0629907355545996,-2.4800046554267414
-1.0564999249088793,-2.4783075368929355,0.00014888714941,87,52,4.592441435952119,-1.0629907355545996,-2.4800046554267414
-1.0559794096729607,-2.478307089553579,0.0001502908417,87,52,4.592441435952119,-1.0629907355545996,-2.4800046554267414
-1.0554608701851196,-2.4783042936826067,0.00014890194871,87,52,4.592441435952119,-1.0629907355545996,-2.4800046554267414
-1.0549420286720956,-2.478303026221096,0.00014934605861,87,52,4.592441435952119,-1.0629907355545996,-2.4800046554267414
-1.054423615028081,-2.47830415699558,0.00014728924725,87,52,4.592441435952119,-1.0629907355545996,-2.4800046554267414
-1.0539064346535687,-2.478302342785968,0.00015016866382,87,52,4.592441435952119,-1.0629907355545996,-2.4800046554267414
-1.0533859697551793,-2.4783017960378664,0.00015209126286,87,52,4.592441435952119,-1.0629907355545996,-2.4800046554267414
-1.052874339093424,-2.47830300136891,0.00014923971321,87,52,4.592441435952119,-1.0629907355545996,-2.4800046554267414
-1.0523505267492455,-2.478302429768622,0.0001515326876,87,52,4.592441435952119,-1.0629907355545996,-2.4800046554267414
-1.051809196944394,-2.478305076526476,0.00015017388796,87,52,4.592441435952119,-1.0629907355545996,-2.4800046554267414
-1.051277053738888,-2.4783046416132146,0.0001511239243,87,52,4.592441435952119,-1.0629907355545996,-2.4800046554267414
-1.0507410974654359,-2.478304032734649,0.00014981432469,87,52,4.592441435952119,-1.0629907355545996,-2.4800046554267414
-1.0502052922045733,-2.4783046291871234,0.0001494281023,87,52,4.592441435952119,-1.0629907355545996,-2.4800046554267414
-1.0496689835684057,-2.4783039581780866,0.00014806745457,87,52,4.592441435952119,-1.0629907355545996,-2.4800046554267414
-1.0491343612395159,-2.478306617362036,0.00014952967467,87,52,4.592441435952119,-1.0629907355545996,-2.4800046554267414
-1.04860197893074,-2.4783023924903405,0.00014911132166,87,52,4.592441435952119,-1.0629907355545996,-2.4800046554267414
-1.0480462651764975,-2.478304790726332,0.00014865311095,87,52,4.592441435952119,-1.0629907355545996,-2.4800046554267414
-1.0475315513409875,-2.4783049522655447,0.00015018989507,87,52,4.592441435952119,-1.0629907355545996,-2.4800046554267414
-1.0470065686492211,-2.4783043806652567,0.00015081104357,87,52,4.592441435952119,-1.0629907355545996,-2.4800046554267414
-1.046473670380757,-2.4783067913273436,0.0001490112918,87,52,4.592441435952119,-1.0629907355545996,-2.4800046554267414
-1.0459408727873531,-2.478306729196876,0.0001508143614,87,52,4.592441435952119,-1.0629907355545996,-2.4800046554267414
-1.0454100006044975,-2.478304020308554,0.00014907341392,87,52,4.592441435952119,-1.0629907355545996,-2.4800046554267414
-1.0449035421240174,-2.478305101378666,0.00014969028416,87,52,4.592441435952119,-1.0629907355545996,-2.4800046554267414
-1.044370341830369,-2.4783037469345013,0.00015182071365,87,52,4.592441435952119,-1.0629907355545996,-2.4800046554267414
-1.0438865604074574,-2.478302293081595,0.00015060089936,87,52,4.592441435952119,-1.0629907355545996,-2.4800046554267414
-1.04337850371038,-2.4783056854050454,0.00015162455384,87,52,4.592441435952119,-1.0629907355545996,-2.4800046554267414
-1.042869855547317,-2.4783023924903405,0.00014847998682,87,52,4.592441435952119,-1.0629907355545996,-2.4800046554267414
-1.042358652754571,-2.4783043558130706,0.00015035270189,87,52,4.592441435952119,-1.0629907355545996,-2.4800046554267414
-1.0418535785561862,-2.4783040700129266,0.00014822682715,87,52,4.592441435952119,-1.0629907355545996,-2.4800046554267414
-1.0413461007407094,-2.478302554029553,0.00014945326257,87,52,4.592441435952119,-1.0629907355545996,-2.4800046554267414
-1.0408206020892548,-2.4783023055076905,0.00015024584718,87,52,4.592441435952119,-1.0629907355545996,-2.4800046554267414
-1.0873992657495102,-2.4777211247016644,3.5818786273e-05,87,52,4.592441435952119,-1.0629907355545996,-2.4800046554267414
-1.0868025143233873,-2.4777183412567836,6.9382003858e-05,87,52,4.592441435952119,-1.0629907355545996,-2.4800046554267414
-1.0862037619804206,-2.4777199815010884,1.4138578308e-07,87,52,4.592441435952119,-1.0629907355545996,-2.4800046554267414
-1.0856120443073647,-2.4777185897786462,1.4137211224e-07,87,52,4.592441435952119,-1.0629907355545996,-2.4800046554267414
-1.0850184515612902,-2.4777174341519754,0.00014785140229,87,52,4.592441435952119,-1.0629907355545996,-2.4800046554267414
-1.0844291500897076,-2.4777169868126228,0.00015264208196,87,52,4.592441435952119,-1.0629907355545996,-2.4800046554267414
-1.0838626011819876,-2.4777174838563516,0.00015048251953,87,52,4.592441435952119,-1.0629907355545996,-2.4800046554267414
-1.0832823604659259,-2.4777203294316963,0.00014039296366,87,52,4.592441435952119,-1.0629907355545996,-2.4800046554267414
-1.0826838472262295,-2.4777175211346294,0.00011591917428,87,52,4.592441435952119,-1.0629907355545996,-2.4800046554267414
-1.0820809294525975,-2.477714576150536,0.00010220291006,87,52,4.592441435952119,-1.0629907355545996,-2.4800046554267414
-1.081499002429258,-2.4777159057425107,9.3716342235e-05,87,52,4.592441435952119,-1.0629907355545996,-2.4800046554267414
-1.0809125324437747,-2.477717993326172,8.3494145656e-05,87,52,4.592441435952119,-1.0629907355545996,-2.4800046554267414
-1.080320261057881,-2.477715147750824,8.1047357526e-05,87,52,4.592441435952119,-1.0629907355545996,-2.4800046554267414
-1.079739995173053,-2.477719024691908,7.8989447502e-05,87,52,4.592441435952119,-1.0629907355545996,-2.4800046554267414
-1.0791552618323788,-2.477720602805749,7.9704797827e-05,87,52,4.592441435952119,-1.0629907355545996,-2.4800046554267414
-1.0785763928140273,-2.4777179809000773,7.9943005403e-05,87,52,4.592441435952119,-1.0629907355545996,-2.4800046554267414
-1.0779927543146435,-2.477717595691188,6.4294465119e-05,87,52,4.592441435952119,-1.0629907355545996,-2.4800046554267414
-1.077414350918451,-2.4777182542741296,3.930469029e-05,87,52,4.592441435952119,-1.0629907355545996,-2.4800046554267414
-1.0768398360965024,-2.4777157317772067,6.2333776441e-05,87,52,4.592441435952119,-1.0629907355545996,-2.4800046554267414
-1.076264402614619,-2.4777150980464513,0.00010220663535,87,52,4.592441435952119,-1.0629907355545996,-2.4800046554267414
-1.075712942381719,-2.4777180927349174,1.4134448634e-07,87,52,4.592441435952119,-1.0629907355545996,-2.4800046554267414
-1.0751672332116984,-2.4777180803088257,0.00014534076035,87,52,4.592441435952119,-1.0629907355545996,-2.4800046554267414
-1.0746248085655528,-2.4777173347432306,0.00014900308452,87,52,4.592441435952119,-1.0629907355545996,-2.4800046554267414
-1.0740808486247224,-2.4777157690554845,0.00014973722864,87,52,4.592441435952119,-1.0629907355545996,-2.4800046554267414
-1.0735355295705649,-2.477717570839002,0.00013935938478,87,52,4.592441435952119,-1.0629907355545996,-2.4800046554267414
-1.0729957602291629,-2.4777160548556285,0.00012037716806,87,52,4.592441435952119,-1.0629907355545996,-2.4800046554267414
-1.072454682111963,-2.4777178069347734,9.7393771284e-05,87,52,4.592441435952119,-1.0629907355545996,-2.4800046554267414
-1.0719147240048215,-2.4777162039687495,8.9782821306e-05,87,52,4.592441435952119,-1.0629907355545996,-2.4800046554267414
-1.0713793969505028,-2.4777162412470273,8.3122424257e-05,87,52,4.592441435952119,-1.0629907355545996,-2.4800046554267414
-1.070839073896263,-2.4777166388820113,8.007161523e-05,87,52,4.592441435952119,-1.0629907355545996,-2.4800046554267414
-1.0703055589930468,-2.4777170613691815,7.9424273281e-05,87,52,4.592441435952119,-1.0629907355545996,-2.4800046554267414
-1.0697643676164035,-2.477716539473266,8.2387428847e-05,87,52,4.592441435952119,-1.0629907355545996,-2.4800046554267414
-1.0692297075343657,-2.4777159305946967,7.8698292782e-05,87,52,4.592441435952119,-1.0629907355545996,-2.4800046554267414
-1.0686960290341754,-2.477720801623239,7.7771459473e-05,87,52,4.592441435952119,-1.0629907355545996,-2.4800046554267414
-1.0681694355414266,-2.4777180927349174,7.1853210102e-05,87,52,4.592441435952119,-1.0629907355545996,-2.4800046554267414
-1.0676340329808105,-2.477715185029105,5.0043392548e-05,87,52,4.592441435952119,-1.0629907355545996,-2.4800046554267414
-1.0670967805159435,-2.4777160175773507,3.5014061723e-05,87,52,4.592441435952119,-1.0629907355545996,-2.4800046554267414
-1.066561692564893,-2.4777180306044535,6.6221902671e-05,87,52,4.592441435952119,-1.0629907355545996,-2.4800046554267414
-1.0660242513342855,-2.4777161294121908,0.00010109223513,87,52,4.592441435952119,-1.0629907355545996,-2.4800046554267414
-1.0654842554739963,-2.4777166637341974,0.00012930690718,87,52,4.592441435952119,-1.0629907355545996,-2.4800046554267414
-1.064949683482636,-2.4777184158133423,0.00014714212739,87,52,4.592441435952119,-1.0629907355545996,-2.4800046554267414
-1.0644151618288065,-2.477714601002722,0.00014990670024,87,52,4.592441435952119,-1.0629907355545996,-2.4800046554267414
-1.0638817601850357,-2.4777156075162754,0.00015074301336,87,52,4.592441435952119,-1.0629907355545996,-2.4800046554267414
-1.0633484214631772,-2.4777174590041655,0.00015061549493,87,52,4.592441435952119,-1.0629907355545996,-2.4800046554267414
-1.062810665623002,-2.477713519932614,0.00015073908435,87,52,4.592441435952119,-1.0629907355545996,-2.4800046554267414
-1.0622769997071946,-2.47771845309162,0.00015100183373,87,52,4.592441435952119,-1.0629907355545996,-2.4800046554267414
-1.0617454227989098,-2.477717993326172,0.00014899896632,87,52,4.592441435952119,-1.0629907355545996,-2.4800046554267414
-1.0611931823342833,-2.477714824672402,0.0001512493036,87,52,4.592441435952119,-1.0629907355545996,-2.4800046554267414
-1.0606816271788235,-2.4777133459673064,0.0001514221949,87,52,4.592441435952119,-1.0629907355545996,-2.4800046554267414
-1.0601725133936017,-2.4777146382810034,0.00014951234334,87,52,4.592441435952119,-1.0629907355545996,-2.4800046554267414
-1.059643566621294,-2.477718005752267,0.00014879707305,87,52,4.592441435952119,-1.0629907355545996,-2.4800046554267414
-1.0591209497934697,-2.477715831185952,0.00014665644267,87,52,4.592441435952119,-1.0629907355545996,-2.4800046554267414
-1.058593274043812,-2.477717222908394,0.00014912786719,87,52,4.592441435952119,-1.0629907355545996,-2.4800046554267414
-1.0580732370144337,-2.477718390961156,0.00015026520123,87,52,4.592441435952119,-1.0629907355545996,-2.4800046554267414
-1.057548707360443,-2.477717421725884,0.00014927015582,87,52,4.592441435952119,-1.0629907355545996,-2.4800046554267414
-1.057004294381837,-2.4777130850193485,0.00015007991169,87,52,4.592441435952119,-1.0629907355545996,-2.4800046554267414
-1.0565042035989882,-2.477713892715408,0.00015107143554,87,52,4.592441435952119,-1.0629907355545996,-2.4800046554267414
-1.0559632387412317,-2.4777157814815793,0.00014975198428,87,52,4.592441435952119,-1.0629907355545996,-2.4800046554267414
-1.0554663695603455,-2.477715967872978,0.00014937556989,87,52,4.592441435952119,-1.0629907355545996,-2.4800046554267414
-1.0549494534578696,-2.4777163530818673,0.00014969706535,87,52,4.592441435952119,-1.0629907355545996,-2.4800046554267414
-1.0544264590985637,-2.4777179063435186,0.0001505400287,87,52,4.592441435952119,-1.0629907355545996,-2.4800046554267414
-1.053907818935662,-2.4777213607974358,0.00014854788606,87,52,4.592441435952119,-1.0629907355545996,-2.4800046554267414
-1.0533876057249263,-2.4777155950901806,0.00015136400179,87,52,4.592441435952119,-1.0629907355545996,-2.4800046554267414
-1.0528702743378224,-2.477719335344238,0.00015086850908,87,52,4.592441435952119,-1.0629907355545996,-2.4800046554267414
-1.0523469527845675,-2.477716042429537,0.00015037065896,87,52,4.592441435952119,-1.0629907355545996,-2.4800046554267414
-1.0518096248134032,-2.4777174465780707,0.00014735654986,87,52,4.592441435952119,-1.0629907355545996,-2.4800046554267414
-1.0512793440965347,-2.4777183412567836,0.00015058126883,87,52,4.592441435952119,-1.0629907355545996,-2.4800046554267414
-1.0507393859893916,-2.4777161915426547,0.00014855459449,87,52,4.592441435952119,-1.0629907355545996,-2.4800046554267414
-1.0502047259073541,-2.4777173471693255,0.00014931804617,87,52,4.592441435952119,-1.0629907355545996,-2.4800046554267414
-1.049668757049517,-2.4777161294121908,0.00014950449986,87,52,4.592441435952119,-1.0629907355545996,-2.4800046554267414
-1.0491361733906186,-2.477717421725884,0.0001499873033,87,52,4.592441435952119,-1.0629907355545996,-2.4800046554267414
-1.048600280039079,-2.477716042429537,0.00014773706789,87,52,4.592441435952119,-1.0629907355545996,-2.4800046554267414
-1.048064512531366,-2.477713805732758,0.00014979341358,87,52,4.592441435952119,-1.0629907355545996,-2.4800046554267414
-1.0475338165298678,-2.4777205531013764,0.00015083015023,87,52,4.592441435952119,-1.0629907355545996,-2.4800046554267414
-1.0470037749162695,-2.4777159181686055,0.00014996345271,87,52,4.592441435952119,-1.0629907355545996,-2.4800046554267414
-1.0464721980079847,-2.47771539627269,0.00015003659064,87,52,4.592441435952119,-1.0629907355545996,-2.4800046554267414
-1.0459384691702631,-2.477715570237994,0.0001486310066,87,52,4.592441435952119,-1.0629907355545996,-2.4800046554267414
-1.0454089309319698,-2.4777155081075266,0.00014932997874,87,52,4.592441435952119,-1.0629907355545996,-2.4800046554267414
-1.0449032149300683,-2.477714464315696,0.00014979339903,87,52,4.592441435952119,-1.0629907355545996,-2.4800046554267414
-1.0443949568828685,-2.47771856492646,0.00014818391355,87,52,4.592441435952119,-1.0629907355545996,-2.4800046554267414
-1.043884483984318,-2.477715185029105,0.0001473678858,87,52,4.592441435952119,-1.0629907355545996,-2.4800046554267414
-1.0433752821084175,-2.4777127370887406,0.00014851300512,87,52,4.592441435952119,-1.0629907355545996,-2.4800046554267414
-1.0428715670233597,-2.4777157814815793,0.00014744432701,87,52,4.592441435952119,-1.0629907355545996,-2.4800046554267414
-1.0423630447041217,-2.4777137808805714,0.00014831717999,87,52,4.592441435952119,-1.0629907355545996,-2.4800046554267414
-1.0418549628382796,-2.4777181300131983,0.0001475566678,87,52,4.592441435952119,-1.0629907355545996,-2.4800046554267414
-1.041351965063034,-2.477717583265097,0.00014893217303,87,52,4.592441435952119,-1.0629907355545996,-2.4800046554267414
-1.040843908365955,-2.477716253673122,0.00014750442642,87,52,4.592441435952119,-1.0629907355545996,-2.4800046554267414
-1.087417865467094,-2.4771374338248067,3.6361776438e-05,87,52,4.592441435952119,-1.0629907355545996,-2.4800046554267414
-1.0868226493356559,-2.4771328734485945,5.3282001318e-05,87,52,4.592441435952119,-1.0629907355545996,-2.4800046554267414
-1.0862206753907266,-2.4771348119191385,1.41352686e-07,87,52,4.592441435952119,-1.0629907355545996,-2.4800046554267414
-1.0856244399242918,-2.4771323764048656,1.4136553261e-07,87,52,4.592441435952119,-1.0629907355545996,-2.4800046554267414
-1.0850371393695528,-2.4771319539176955,0.00014581650612,87,52,4.592441435952119,-1.0629907355545996,-2.4800046554267414
-1.0844496122959253,-2.4771307734388417,0.00014898504014,87,52,4.592441435952119,-1.0629907355545996,-2.4800046554267414
-1.08387497163015,-2.4771298539079423,0.00014992283832,87,52,4.592441435952119,-1.0629907355545996,-2.4800046554267414
-1.0832954733926652,-2.4771334574749773,0.00014149834169,87,52,4.592441435952119,-1.0629907355545996,-2.4800046554267414
-1.0826923920220604,-2.4771323888309604,0.00012397674436,87,52,4.592441435952119,-1.0629907355545996,-2.4800046554267414
-1.0820971507218575,-2.4771341533361966,0.00010440607002,87,52,4.592441435952119,-1.0629907355545996,-2.4800046554267414
-1.0815028029128246,-2.4771312829086622,8.7155829533e-05,87,52,4.592441435952119,-1.0629907355545996,-2.4800046554267414
-1.0809137153757458,-2.4771342403188505,8.1294776464e-05,87,52,4.592441435952119,-1.0629907355545996,-2.4800046554267414
-1.080328667425504,-2.4771327864659445,7.9521363659e-05,87,52,4.592441435952119,-1.0629907355545996,-2.4800046554267414
-1.0797451673543301,-2.4771346131016445,8.0867066572e-05,87,52,4.592441435952119,-1.0629907355545996,-2.4800046554267414
-1.0791627117869191,-2.4771338551099613,8.2551909145e-05,87,52,4.592441435952119,-1.0629907355545996,-2.4800046554267414
-1.0785681752121454,-2.4771300527254327,7.7973178122e-05,87,52,4.592441435952119,-1.0629907355545996,-2.4800046554267414
-1.0780092146871738,-2.4771332710835785,6.838250556e-05,87,52,4.592441435952119,-1.0629907355545996,-2.4800046554267414
-1.0774329758047996,-2.4771300900037136,4.297848136e-05,87,52,4.592441435952119,-1.0629907355545996,-2.4800046554267414
-1.076857630413595,-2.4771319539176955,5.6753895478e-05,87,52,4.592441435952119,-1.0629907355545996,-2.4800046554267414
-1.0762811146748028,-2.477130027873246,1.4136298887e-07,87,52,4.592441435952119,-1.0629907355545996,-2.4800046554267414
-1.0757296418575195,-2.477131866935045,1.4136267623e-07,87,52,4.592441435952119,-1.0629907355545996,-2.4800046554267414
-1.0751782697152983,-2.4771297793513836,0.00014486566943,87,52,4.592441435952119,-1.0629907355545996,-2.4800046554267414
-1.0746222161827235,-2.477126126079976,0.0001486116671,87,52,4.592441435952119,-1.0629907355545996,-2.4800046554267414
-1.0740950186396079,-2.4771313947435023,0.00014846451813,87,52,4.592441435952119,-1.0629907355545996,-2.4800046554267414
-1.0735562560488192,-2.4771318172306724,0.00013855166617,87,52,4.592441435952119,-1.0629907355545996,-2.4800046554267414
-1.0730144228686591,-2.4771335693098138,0.00012519085431,87,52,4.592441435952119,-1.0629907355545996,-2.4800046554267414
-1.0724732692451653,-2.4771318545089502,0.00010141992971,87,52,4.592441435952119,-1.0629907355545996,-2.4800046554267414
-1.0719349219390044,-2.4771294686990535,8.888249431e-05,87,52,4.592441435952119,-1.0629907355545996,-2.4800046554267414
-1.0713974429552489,-2.477129878760129,8.0802208686e-05,87,52,4.592441435952119,-1.0629907355545996,-2.4800046554267414
-1.070856553603788,-2.477129841481851,8.1876241893e-05,87,52,4.592441435952119,-1.0629907355545996,-2.4800046554267414
-1.0703165325747344,-2.4771320906047216,8.2096717961e-05,87,52,4.592441435952119,-1.0629907355545996,-2.4800046554267414
-1.0697834455405293,-2.4771313698913158,8.1111225882e-05,87,52,4.592441435952119,-1.0629907355545996,-2.4800046554267414
-1.0692492384962657,-2.4771300651515276,7.8731871326e-05,87,52,4.592441435952119,-1.0629907355545996,-2.4800046554267414
-1.068690668087159,-2.477131357465221,6.678065256e-05,87,52,4.592441435952119,-1.0629907355545996,-2.4800046554267414
-1.0681850653447011,-2.4771292947337495,5.9790214436e-05,87,52,4.592441435952119,-1.0629907355545996,-2.4800046554267414
-1.0676536268646244,-2.4771336687185626,3.8328598748e-05,87,52,4.592441435952119,-1.0629907355545996,-2.4800046554267414
-1.0670970322035969,-2.477131183499917,4.728962449e-05,87,52,4.592441435952119,-1.0629907355545996,-2.4800046554267414
-1.0665786814814948,-2.477130164560273,8.7002452346e-05,87,52,4.592441435952119,-1.0629907355545996,-2.4800046554267414
-1.066043304089645,-2.4771301148559,1.4134904802e-07,87,52,4.592441435952119,-1.0629907355545996,-2.4800046554267414
-1.0655083671511876,-2.4771296675165435,0.00013666028099,87,52,4.592441435952119,-1.0629907355545996,-2.4800046554267414
-1.0649728513311278,-2.477130276395113,0.00014521932462,87,52,4.592441435952119,-1.0629907355545996,-2.4800046554267414
-1.064436291007307,-2.4771313201869436,0.00014832643501,87,52,4.592441435952119,-1.0629907355545996,-2.4800046554267414
-1.063903581504582,-2.4771325379440783,0.000149691361,87,52,4.592441435952119,-1.0629907355545996,-2.4800046554267414
-1.063366907921316,-2.4771305000647894,0.00014932954218,87,52,4.592441435952119,-1.0629907355545996,-2.4800046554267414
-1.0628335314463098,-2.477130127281995,0.00015043039457,87,52,4.592441435952119,-1.0629907355545996,-2.4800046554267414
-1.062301866447346,-2.4771303633777664,0.00015062068996,87,52,4.592441435952119,-1.0629907355545996,-2.4800046554267414
-1.0617680872720952,-2.477132438535333,0.00014968306641,87,52,4.592441435952119,-1.0629907355545996,-2.4800046554267414
-1.0612330874117237,-2.47713350717935,0.00014950853074,87,52,4.592441435952119,-1.0629907355545996,-2.4800046554267414
-1.0607037631079377,-2.477132326700493,0.00015156669542,87,52,4.592441435952119,-1.0629907355545996,-2.4800046554267414
-1.0601664728899212,-2.4771286237247128,0.00015053538664,87,52,4.592441435952119,-1.0629907355545996,-2.4800046554267414
-1.0596620656638158,-2.4771298911862236,0.0001511395094,87,52,4.592441435952119,-1.0629907355545996,-2.4800046554267414
-1.059142657853571,-2.477129617812171,0.00015005965543,87,52,4.592441435952119,-1.0629907355545996,-2.4800046554267414
-1.0586201542851903,-2.477129307159841,0.00015035837714,87,52,4.592441435952119,-1.0629907355545996,-2.4800046554267414
-1.0580945297899071,-2.4771315190044336,0.00015129921667,87,52,4.592441435952119,-1.0629907355545996,-2.4800046554267414
-1.0575709313802342,-2.47713031367339,0.00014957723033,87,52,4.592441435952119,-1.0629907355545996,-2.4800046554267414
-1.0570481761241999,-2.4771312332042896,0.00015035494289,87,52,4.592441435952119,-1.0629907355545996,-2.4800046554267414
-1.0565281894323528,-2.477131295334757,0.00015052154777,87,52,4.592441435952119,-1.0629907355545996,-2.4800046554267414
-1.055985060060778,-2.477129406568586,0.0001492871379,87,52,4.592441435952119,-1.0629907355545996,-2.4800046554267414
-1.055484528824537,-2.4771340166491704,0.00014812266454,87,52,4.592441435952119,-1.0629907355545996,-2.4800046554267414
-1.054948585135466,-2.4771297544991975,0.00015003810404,87,52,4.592441435952119,-1.0629907355545996,-2.4800046554267414
-1.0544482678337286,-2.4771286982812715,0.00015050754882,87,52,4.592441435952119,-1.0629907355545996,-2.4800046554267414
-1.0539292878924948,-2.477129903612315,0.00015080755111,87,52,4.592441435952119,-1.0629907355545996,-2.4800046554267414
-1.0534130513466817,-2.47713328350967,0.00014965304581,87,52,4.592441435952119,-1.0629907355545996,-2.4800046554267414
-1.052892485773232,-2.477131755100205,0.000148204781,87,52,4.592441435952119,-1.0629907355545996,-2.4800046554267414
-1.0523742231418105,-2.477129878760129,0.00014959918917,87,52,4.592441435952119,-1.0629907355545996,-2.4800046554267414
-1.051835032682011,-2.4771302391168315,0.00014817430929,87,52,4.592441435952119,-1.0629907355545996,-2.4800046554267414
-1.051304399602427,-2.477134364579782,0.00015100884775,87,52,4.592441435952119,-1.0629907355545996,-2.4800046554267414
-1.0507676127597172,-2.4771326994832905,0.00014911399921,87,52,4.592441435952119,-1.0629907355545996,-2.4800046554267414
-1.0502325877305811,-2.4771326000745457,0.00015091411478,87,52,4.592441435952119,-1.0629907355545996,-2.4800046554267414
-1.0496947186309624,-2.4771337308490264,0.00014813654707,87,52,4.592441435952119,-1.0629907355545996,-2.4800046554267414
-1.0491621475564472,-2.4771321651612803,0.00015026419715,87,52,4.592441435952119,-1.0629907355545996,-2.4800046554267414
-1.048628141862306,-2.477133407770605,0.00014887088037,87,52,4.592441435952119,-1.0629907355545996,-2.4800046554267414
-1.0480942871807595,-2.477132587648451,0.00014895880304,87,52,4.592441435952119,-1.0629907355545996,-2.4800046554267414
-1.0475644972548128,-2.4771317426741137,0.0001498524216,87,52,4.592441435952119,-1.0629907355545996,-2.4800046554267414
-1.0470326812432578,-2.477132724335477,0.00014888665464,87,52,4.592441435952119,-1.0629907355545996,-2.4800046554267414
-1.0465027151359552,-2.477133407770605,0.00014880711387,87,52,4.592441435952119,-1.0629907355545996,-2.4800046554267414
-1.0459665071748478,-2.4771334201966964,0.00014935515355,87,52,4.592441435952119,-1.0629907355545996,-2.4800046554267414
-1.0454386804125988,-2.4771316308392737,0.00014813442249,87,52,4.592441435952119,-1.0629907355545996,-2.4800046554267414
-1.0449334929547687,-2.477132003622071,0.0001497684716,87,52,4.592441435952119,-1.0629907355545996,-2.4800046554267414
-1.0444233220814023,-2.4771319911959764,0.00014965205628,87,52,4.592441435952119,-1.0629907355545996,-2.4800046554267414
-1.043913994361675,-2.4771324012570517,0.00014989019837,87,52,4.592441435952119,-1.0629907355545996,-2.4800046554267414
-1.0433830970100528,-2.477129878760129,0.00015111056564,87,52,4.592441435952119,-1.0629907355545996,-2.4800046554267414
-1.0429003097533733,-2.4771339296665205,0.00014983348956,87,52,4.592441435952119,-1.0629907355545996,-2.4800046554267414
-1.0423938261041286,-2.4771318296567637,0.00015150975378,87,52,4.592441435952119,-1.0629907355545996,-2.4800046554267414
-1.0418845487219324,-2.4771327864659445,0.00014935097715,87,52,4.592441435952119,-1.0629907355545996,-2.4800046554267414
-1.0413820543219936,-2.4771319911959764,0.00014991036733,87,52,4.592441435952119,-1.0629907355545996,-2.4800046554267414
-1.0408790439623647,-2.4771319414916038,0.00014993381046,87,52,4.592441435952119,-1.0629907355545996,-2.4800046554267414
-1.0874099373060133,-2.476544299117103,3.7372010411e-05,87,52,4.592441435952119,-1.0629907355545996,-2.4800046554267414
-1.0868117512602657,-2.476541031054585,6.5658001404e-05,87,52,4.592441435952119,-1.0629907355545996,-2.4800046554267414
-1.0862120676729814,-2.47654003696713,1.4135667925e-07,87,52,4.592441435952119,-1.0629907355545996,-2.4800046554267414
-1.0856170528916655,-2.4765403600455516,1.4134258208e-07,87,52,4.592441435952119,-1.0629907355545996,-2.4800046554267414
-1.085026492981816,-2.4765391795666947,0.0001455367601,87,52,4.592441435952119,-1.0629907355545996,-2.4800046554267414
-1.0844406018779353,-2.476539987262754,0.00015091187379,87,52,4.592441435952119,-1.0629907355545996,-2.4800046554267414
-1.0838598577865652,-2.476540881941467,0.00014826538973,87,52,4.592441435952119,-1.0629907355545996,-2.4800046554267414
-1.0832830022694406,-2.476538570688129,0.00014286159421,87,52,4.592441435952119,-1.0629907355545996,-2.4800046554267414
-1.08268734568461,-2.4765374399136446,0.00012352736667,87,52,4.592441435952119,-1.0629907355545996,-2.4800046554267414
-1.0820844530797444,-2.4765399375583814,0.00010123175161,87,52,4.592441435952119,-1.0629907355545996,-2.4800046554267414
-1.0814869465906614,-2.4765368931655427,8.9071894763e-05,87,52,4.592441435952119,-1.0629907355545996,-2.4800046554267414
-1.0809079139753355,-2.4765390553057633,8.234098641e-05,87,52,4.592441435952119,-1.0629907355545996,-2.4800046554267414
-1.0803197828513407,-2.4765384588532893,8.0283607531e-05,87,52,4.592441435952119,-1.0629907355545996,-2.4800046554267414
-1.0797344580446793,-2.4765397760191723,8.1130150647e-05,87,52,4.592441435952119,-1.0629907355545996,-2.4800046554267414
-1.0791519647241206,-2.476539825723545,8.2928338088e-05,87,52,4.592441435952119,-1.0629907355545996,-2.4800046554267414
-1.0785743793128004,-2.476538682522969,7.9328419815e-05,87,52,4.592441435952119,-1.0629907355545996,-2.4800046554267414
-1.077993861740319,-2.476538670096874,6.0330185079e-05,87,52,4.592441435952119,-1.0629907355545996,-2.4800046554267414
-1.0774208318755258,-2.4765386949490606,3.7862635509e-05,87,52,4.592441435952119,-1.0629907355545996,-2.4800046554267414
-1.0768393327211956,-2.4765371541135006,4.9702302931e-05,87,52,4.592441435952119,-1.0629907355545996,-2.4800046554267414
-1.076266466453377,-2.476537564174576,9.3358656159e-05,87,52,4.592441435952119,-1.0629907355545996,-2.4800046554267414
-1.0757146916109093,-2.476536085469484,1.4134788273e-07,87,52,4.592441435952119,-1.0629907355545996,-2.4800046554267414
-1.0751700017758852,-2.4765379369573735,0.00014465935237,87,52,4.592441435952119,-1.0629907355545996,-2.4800046554267414
-1.0746274890390608,-2.4765366694958666,0.00014688719239,87,52,4.592441435952119,-1.0629907355545996,-2.4800046554267414
-1.074081591103301,-2.4765344203729924,0.00014999011182,87,52,4.592441435952119,-1.0629907355545996,-2.4800046554267414
-1.0735413309709754,-2.476539316253721,0.00014245658531,87,52,4.592441435952119,-1.0629907355545996,-2.4800046554267414
-1.0730021530955587,-2.4765343830947146,0.00013286041212,87,52,4.592441435952119,-1.0629907355545996,-2.4800046554267414
-1.072458306414172,-2.4765365576610265,0.00011270890536,87,52,4.592441435952119,-1.0629907355545996,-2.4800046554267414
-1.0719228409316433,-2.476538284887985,8.9825211035e-05,87,52,4.592441435952119,-1.0629907355545996,-2.4800046554267414
-1.0713848837413456,-2.4765359736346437,8.4088525909e-05,87,52,4.592441435952119,-1.0629907355545996,-2.4800046554267414
-1.070847820042218,-2.4765357251127806,8.3431245002e-05,87,52,4.592441435952119,-1.0629907355545996,-2.4800046554267414
-1.0703091832952558,-2.4765363464174412,8.2957994891e-05,87,52,4.592441435952119,-1.0629907355545996,-2.4800046554267414
-1.0697707101452685,-2.4765353026256105,7.8203323937e-05,87,52,4.592441435952119,-1.0629907355545996,-2.4800046554267414
-1.069236717035512,-2.4765347434514173,7.2666785854e-05,87,52,4.592441435952119,-1.0629907355545996,-2.4800046554267414
-1.0687042340516741,-2.4765344327990872,5.6550448789e-05,87,52,4.592441435952119,-1.0629907355545996,-2.4800046554267414
-1.068170870161051,-2.4765342836859663,1.4135427762e-07,87,52,4.592441435952119,-1.0629907355545996,-2.4800046554267414
-1.0676452079126202,-2.476536781330703,3.8995691284e-05,87,52,4.592441435952119,-1.0629907355545996,-2.4800046554267414
-1.0671060677903514,-2.4765387943578054,7.9033306974e-05,87,52,4.592441435952119,-1.0629907355545996,-2.4800046554267414
-1.0665694319602348,-2.476538545835943,9.6798001323e-05,87,52,4.592441435952119,-1.0629907355545996,-2.4800046554267414
-1.066030002397165,-2.476535948782457,0.00012739677913,87,52,4.592441435952119,-1.0629907355545996,-2.4800046554267414
-1.0654965252470967,-2.476536930443824,0.00013685569866,87,52,4.592441435952119,-1.0629907355545996,-2.4800046554267414
-1.06496102201142,-2.4765354144604506,0.00014187925262,87,52,4.592441435952119,-1.0629907355545996,-2.4800046554267414
-1.0644292311686299,-2.4765368931655427,0.00014703415218,87,52,4.592441435952119,-1.0629907355545996,-2.4800046554267414
-1.0638930357919056,-2.4765362718608825,0.00014663484762,87,52,4.592441435952119,-1.0629907355545996,-2.4800046554267414
-1.06336329620349,-2.4765347434514173,0.00014729061513,87,52,4.592441435952119,-1.0629907355545996,-2.4800046554267414
-1.0628284599400948,-2.476534010311917,0.00014606400509,87,52,4.592441435952119,-1.0629907355545996,-2.4800046554267414
-1.0622936740142288,-2.47653479315579,0.00014947203454,87,52,4.592441435952119,-1.0629907355545996,-2.4800046554267414
-1.061761404964898,-2.4765373777831807,0.00014876837668,87,52,4.592441435952119,-1.0629907355545996,-2.4800046554267414
-1.0612321309986412,-2.476536209730415,0.00015253048332,87,52,4.592441435952119,-1.0629907355545996,-2.4800046554267414
-1.0606964264128407,-2.476538856488273,0.00014808037668,87,52,4.592441435952119,-1.0629907355545996,-2.4800046554267414
-1.0601827822498584,-2.4765358617998072,0.00015033553063,87,52,4.592441435952119,-1.0629907355545996,-2.4800046554267414
-1.0596606562129578,-2.4765370422786606,0.00014839548385,87,52,4.592441435952119,-1.0629907355545996,-2.4800046554267414
-1.0591399144581504,-2.4765338860509853,0.00015140375763,87,52,4.592441435952119,-1.0629907355545996,-2.4800046554267414
-1.0586151331165063,-2.476535650556222,0.0001492927986,87,52,4.592441435952119,-1.0629907355545996,-2.4800046554267414
-1.0580939005707737,-2.476534407946901,0.00014980506967,87,52,4.592441435952119,-1.0629907355545996,-2.4800046554267414
-1.0575484305040233,-2.4765358369476207,0.00014684115013,87,52,4.592441435952119,-1.0629907355545996,-2.4800046554267414
-1.0570484026430886,-2.476535078955934,0.00014693451521,87,52,4.592441435952119,-1.0629907355545996,-2.4800046554267414
-1.0565308195683298,-2.4765335381203744,0.00014748708054,87,52,4.592441435952119,-1.0629907355545996,-2.4800046554267414
-1.0560149983071463,-2.4765361848782286,0.00014832311717,87,52,4.592441435952119,-1.0629907355545996,-2.4800046554267414
-1.0554928722702455,-2.4765375766006708,0.00015182886273,87,52,4.592441435952119,-1.0629907355545996,-2.4800046554267414
-1.0549717655683397,-2.4765348304340677,0.0001480805513,87,52,4.592441435952119,-1.0629907355545996,-2.4800046554267414
-1.0544512629168026,-2.476534320964247,0.00014718831517,87,52,4.592441435952119,-1.0629907355545996,-2.4800046554267414
-1.053933994451613,-2.4765365949393074,0.000149186817,87,52,4.592441435952119,-1.0629907355545996,-2.4800046554267414
-1.0533936839817564,-2.4765309534929836,0.00015170958068,87,52,4.592441435952119,-1.0629907355545996,-2.4800046554267414
-1.0529044535211498,-2.4765352032168653,0.00015204957162,87,52,4.592441435952119,-1.0629907355545996,-2.4800046554267414
-1.0523813459024003,-2.476536321565255,0.00014978805848,87,52,4.592441435952119,-1.0629907355545996,-2.4800046554267414
-1.0518425455584637,-2.4765338736248905,0.00014910257596,87,52,4.592441435952119,-1.0629907355545996,-2.4800046554267414
-1.051308565033089,-2.476533923329263,0.00015158391034,87,52,4.592441435952119,-1.0629907355545996,-2.4800046554267414
-1.0507757422709203,-2.476534097294567,0.00014808260312,87,52,4.592441435952119,-1.0629907355545996,-2.4800046554267414
-1.0502390309345064,-2.47653827246189,0.00014969881158,87,52,4.592441435952119,-1.0629907355545996,-2.4800046554267414
-1.0497090019052913,-2.4765369552960106,0.00014799299242,87,52,4.592441435952119,-1.0629907355545996,-2.4800046554267414
-1.0491697611079605,-2.476535961208552,0.00014910983737,87,52,4.592441435952119,-1.0629907355545996,-2.4800046554267414
-1.0486381212777631,-2.4765387943578054,0.00014740262122,87,52,4.592441435952119,-1.0629907355545996,-2.4800046554267414
-1.0481051978405327,-2.4765359736346437,0.00014892181207,87,52,4.592441435952119,-1.0629907355545996,-2.4800046554267414
-1.0475735580103336,-2.4765346191904825,0.00014863093384,87,52,4.592441435952119,-1.0629907355545996,-2.4800046554267414
-1.0470422831272332,-2.476536135173856,0.0001495143224,87,52,4.592441435952119,-1.0629907355545996,-2.4800046554267414
-1.046513978158442,-2.47653468132095,0.00014896622451,87,52,4.592441435952119,-1.0629907355545996,-2.4800046554267414
-1.0459824515876883,-2.476537825122534,0.00015143162454,87,52,4.592441435952119,-1.0629907355545996,-2.4800046554267414
-1.0454554805634595,-2.4765340475901945,0.00014982555876,87,52,4.592441435952119,-1.0629907355545996,-2.4800046554267414
-1.044945347443241,-2.476535650556222,0.00014953322534,87,52,4.592441435952119,-1.0629907355545996,-2.4800046554267414
-1.0444373284993116,-2.4765341469989433,0.00014822848607,87,52,4.592441435952119,-1.0629907355545996,-2.4800046554267414
-1.0439290956208764,-2.476535650556222,0.00014978804393,87,52,4.592441435952119,-1.0629907355545996,-2.4800046554267414
-1.0434248142385978,-2.476535638130127,0.00014937830565,87,52,4.592441435952119,-1.0629907355545996,-2.4800046554267414
-1.0429153984281916,-2.476530444023163,0.00014849026047,87,52,4.592441435952119,-1.0629907355545996,-2.4800046554267414
-1.0424116455899861,-2.4765345322078325,0.00014707326773,87,52,4.592441435952119,-1.0629907355545996,-2.4800046554267414
-1.0418833657899613,-2.4765329416679,0.00014833794557,87,52,4.592441435952119,-1.0629907355545996,-2.4800046554267414
-1.0413982252537208,-2.4765335505464656,0.00014863161778,87,52,4.592441435952119,-1.0629907355545996,-2.4800046554267414
-1.0408928616145348,-2.476535327477797,0.00014718073362,87,52,4.592441435952119,-1.0629907355545996,-2.4800046554267414
-1.0873864548479537,-2.475951835418433,3.9425030991e-05,87,52,4.592441435952119,-1.0629907355545996,-2.4800046554267414
-1.086790005447015,-2.475949163808392,6.4659187046e-05,87,52,4.592441435952119,-1.0629907355545996,-2.4800046554267414
-1.0861921717639829,-2.4759488158777807,1.4135893878e-07,87,52,4.592441435952119,-1.0629907355545996,-2.4800046554267414
-1.085596641022979,-2.475947486285806,1.4134342052e-07,87,52,4.592441435952119,-1.0629907355545996,-2.4800046554267414
-1.085007880679849,-2.4759452992933992,0.00014537161042,87,52,4.592441435952119,-1.0629907355545996,-2.4800046554267414
-1.0844285837924867,-2.475946604033188,0.00015179945331,87,52,4.592441435952119,-1.0629907355545996,-2.4800046554267414
-1.0838462918220504,-2.4759488655821533,0.00015094604169,87,52,4.592441435952119,-1.0629907355545996,-2.4800046554267414
-1.0832720916096674,-2.475944466745154,0.00014152357471,87,52,4.592441435952119,-1.0629907355545996,-2.4800046554267414
-1.0826755415336669,-2.4759485922081006,0.00012319428788,87,52,4.592441435952119,-1.0629907355545996,-2.4800046554267414
-1.0820750147927434,-2.475947026520358,0.00010055154416,87,52,4.592441435952119,-1.0629907355545996,-2.4800046554267414
-1.0814882301976945,-2.4759491389562025,9.0944449767e-05,87,52,4.592441435952119,-1.0629907355545996,-2.4800046554267414
-1.080898224000681,-2.475944901658415,8.0760895798e-05,87,52,4.592441435952119,-1.0629907355545996,-2.4800046554267414
-1.080313692010129,-2.4759488158777807,8.0957448517e-05,87,52,4.592441435952119,-1.0629907355545996,-2.4800046554267414
-1.0797308966643844,-2.4759467655724,7.9515055404e-05,87,52,4.592441435952119,-1.0629907355545996,-2.4800046554267414
-1.0791471449055572,-2.475948256703584,8.0185825936e-05,87,52,4.592441435952119,-1.0629907355545996,-2.4800046554267414
-1.0785684143154155,-2.4759440815362646,7.950518193e-05,87,52,4.592441435952119,-1.0629907355545996,-2.4800046554267414
-1.0779933583650123,-2.475946094563364,6.5461361373e-05,87,52,4.592441435952119,-1.0629907355545996,-2.4800046554267414
-1.0774147913718453,-2.475946914685518,1.4117674141e-07,87,52,4.592441435952119,-1.0629907355545996,-2.4800046554267414
-1.0768278180110553,-2.475945672076197,4.6895846026e-05,87,52,4.592441435952119,-1.0629907355545996,-2.4800046554267414
-1.0762702417681773,-2.4759478590686035,9.0762718173e-05,87,52,4.592441435952119,-1.0629907355545996,-2.4800046554267414
-1.0757205936863818,-2.475944168518915,1.4136615789e-07,87,52,4.592441435952119,-1.0629907355545996,-2.4800046554267414
-1.0751749222695088,-2.4759492756432286,0.00013764521282,87,52,4.592441435952119,-1.0629907355545996,-2.4800046554267414
-1.0746311133412698,-2.4759469892420767,0.0001431824785,87,52,4.592441435952119,-1.0629907355545996,-2.4800046554267414
-1.0740868765440215,-2.475947473859711,0.00014304752403,87,52,4.592441435952119,-1.0629907355545996,-2.4800046554267414
-1.073528155122322,-2.475943994553611,0.0001388189703,87,52,4.592441435952119,-1.0629907355545996,-2.4800046554267414
-1.0729895561285077,-2.4759447276931112,0.0001363025076,87,52,4.592441435952119,-1.0629907355545996,-2.4800046554267414
-1.0724725141822051,-2.475946889833332,0.00012491217058,87,52,4.592441435952119,-1.0629907355545996,-2.4800046554267414
-1.0719163725589516,-2.4759449140845105,0.00010508506966,87,52,4.592441435952119,-1.0629907355545996,-2.4800046554267414
-1.0713955427134654,-2.4759493129215095,9.2196241894e-05,87,52,4.592441435952119,-1.0629907355545996,-2.4800046554267414
-1.0708596745306904,-2.475949114104016,8.9499582828e-05,87,52,4.592441435952119,-1.0629907355545996,-2.4800046554267414
-1.0703218054310717,-2.475947337172688,8.5797189968e-05,87,52,4.592441435952119,-1.0629907355545996,-2.4800046554267414
-1.0697832190216405,-2.4759493129215095,7.926064427e-05,87,52,4.592441435952119,-1.0629907355545996,-2.4800046554267414
-1.0692514785163814,-2.475949250791042,6.3981227868e-05,87,52,4.592441435952119,-1.0629907355545996,-2.4800046554267414
-1.0687128921069502,-2.4759478590686035,4.218885806e-05,87,52,4.592441435952119,-1.0629907355545996,-2.4800046554267414
-1.068185430291798,-2.475947014094263,1.4136352888e-07,87,52,4.592441435952119,-1.0629907355545996,-2.4800046554267414
-1.0676545706933254,-2.475949114104016,5.7644883782e-05,87,52,4.592441435952119,-1.0629907355545996,-2.4800046554267414
-1.0671176957599369,-2.475947908772976,1.3996424286e-07,87,52,4.592441435952119,-1.0629907355545996,-2.4800046554267414
-1.0665814374613003,-2.4759478466425087,1.4172654517e-07,87,52,4.592441435952119,-1.0629907355545996,-2.4800046554267414
-1.0660473310920988,-2.475947759659855,0.00012992000848,87,52,4.592441435952119,-1.0629907355545996,-2.4800046554267414
-1.06551134964988,-2.475946305806949,0.00013492596918,87,52,4.592441435952119,-1.0629907355545996,-2.4800046554267414
-1.0649497464045483,-2.4759450134932552,0.00013862231572,87,52,4.592441435952119,-1.0629907355545996,-2.4800046554267414
-1.0644410856571023,-2.4759475608423647,0.00014151853975,87,52,4.592441435952119,-1.0629907355545996,-2.4800046554267414
-1.0639095213332006,-2.4759495490172814,0.00013650402252,87,52,4.592441435952119,-1.0629907355545996,-2.4800046554267414
-1.0633511145210668,-2.4759468649811454,0.00014067121083,87,52,4.592441435952119,-1.0629907355545996,-2.4800046554267414
-1.0628207331291364,-2.4759490395474573,0.00014003130491,87,52,4.592441435952119,-1.0629907355545996,-2.4800046554267414
-1.0622843615710544,-2.475948840729967,0.00014436824131,87,52,4.592441435952119,-1.0629907355545996,-2.4800046554267414
-1.0617711201083169,-2.4759449637888826,0.00014445462148,87,52,4.592441435952119,-1.0629907355545996,-2.4800046554267414
-1.0612423117642191,-2.4759448022496704,0.00014431407908,87,52,4.592441435952119,-1.0629907355545996,-2.4800046554267414
-1.0607115276720438,-2.475946939537704,0.00014259353338,87,52,4.592441435952119,-1.0629907355545996,-2.4800046554267414
-1.060191503227047,-2.4759465667549065,0.00014513275528,87,52,4.592441435952119,-1.0629907355545996,-2.4800046554267414
-1.059669880565453,-2.4759465791810014,0.00014774805459,87,52,4.592441435952119,-1.0629907355545996,-2.4800046554267414
-1.0591473140751582,-2.4759498845217975,0.00015046607587,87,52,4.592441435952119,-1.0629907355545996,-2.4800046554267414
-1.058626308048316,-2.475944205797196,0.00015035207616,87,52,4.592441435952119,-1.0629907355545996,-2.4800046554267414
-1.0580798815684813,-2.475944317632036,0.00014851182641,87,52,4.592441435952119,-1.0629907355545996,-2.4800046554267414
-1.0575779031282324,-2.4759488904343394,0.00014918897068,87,52,4.592441435952119,-1.0629907355545996,-2.4800046554267414
-1.0570628746831567,-2.475946591607093,0.00014976631792,87,52,4.592441435952119,-1.0629907355545996,-2.4800046554267414
-1.0565376403037368,-2.4759471383551945,0.00014915211068,87,52,4.592441435952119,-1.0629907355545996,-2.4800046554267414
-1.05601888688139,-2.4759484182427967,0.00014871908934,87,52,4.592441435952119,-1.0629907355545996,-2.4800046554267414
-1.055498900189543,-2.475946889833332,0.00014809834829,87,52,4.592441435952119,-1.0629907355545996,-2.4800046554267414
-1.0549822231903372,-2.4759481075904666,0.00014976754028,87,52,4.592441435952119,-1.0629907355545996,-2.4800046554267414
-1.0544613681760864,-2.4759493874780687,0.00015081805759,87,52,4.592441435952119,-1.0629907355545996,-2.4800046554267414
-1.0539441752171907,-2.475946889833332,0.00014855517657,87,52,4.592441435952119,-1.0629907355545996,-2.4800046554267414
-1.0534232572810258,-2.4759477099554825,0.00015003664885,87,52,4.592441435952119,-1.0629907355545996,-2.4800046554267414
-1.0529100535714362,-2.4759494247563465,0.00014826573897,87,52,4.592441435952119,-1.0629907355545996,-2.4800046554267414
-1.0523906205924267,-2.4759491513822973,0.00014947945601,87,52,4.592441435952119,-1.0629907355545996,-2.4800046554267414
-1.051851153276209,-2.4759473620248746,0.00015053746756,87,52,4.592441435952119,-1.0629907355545996,-2.4800046554267414
-1.051317273425896,-2.4759490271213656,0.00014985067537,87,52,4.592441435952119,-1.0629907355545996,-2.4800046554267414
-1.0507832929005212,-2.4759474365814333,0.0001491321309,87,52,4.592441435952119,-1.0629907355545996,-2.4800046554267414
-1.0502499541786627,-2.4759500087827293,0.00014802083024,87,52,4.592441435952119,-1.0629907355545996,-2.4800046554267414
-1.0497125003636718,-2.4759469519637958,0.00014851409651,87,52,4.592441435952119,-1.0629907355545996,-2.4800046554267414
-1.0491787211884211,-2.475946802850678,0.00014808126434,87,52,4.592441435952119,-1.0629907355545996,-2.4800046554267414
-1.0486442750408873,-2.475947312320502,0.00015108060325,87,52,4.592441435952119,-1.0629907355545996,-2.4800046554267414
-1.0481170397446238,-2.475947374450966,0.00015155460278,87,52,4.592441435952119,-1.0629907355545996,-2.4800046554267414
-1.0475867464433704,-2.475949362625882,0.00015031898511,87,52,4.592441435952119,-1.0629907355545996,-2.4800046554267414
-1.0470335999031923,-2.4759449265106017,0.00015134553541,87,52,4.592441435952119,-1.0629907355545996,-2.4800046554267414
-1.0465223216041506,-2.4759472874683155,0.0001481291547,87,52,4.592441435952119,-1.0629907355545996,-2.4800046554267414
-1.0459929217940673,-2.475949511739,0.00014982055291,87,52,4.592441435952119,-1.0629907355545996,-2.4800046554267414
-1.0454644532283015,-2.4759493004954147,0.00014921558613,87,52,4.592441435952119,-1.0629907355545996,-2.4800046554267414
-1.0449576927226387,-2.475947473859711,0.00014972947247,87,52,4.592441435952119,-1.0629907355545996,-2.4800046554267414
-1.0444457348669345,-2.475948803451686,0.00015097350115,87,52,4.592441435952119,-1.0629907355545996,-2.4800046554267414
-1.0439368476005997,-2.475947598120646,0.00014939859102,87,52,4.592441435952119,-1.0629907355545996,-2.4800046554267414
-1.0434322767775215,-2.4759484679471693,0.00014863099204,87,52,4.592441435952119,-1.0629907355545996,-2.4800046554267414
-1.0429285365236973,-2.475949660852118,0.00014956315863,87,52,4.592441435952119,-1.0629907355545996,-2.4800046554267414
-1.042420819604952,-2.4759490643996434,0.00014912104234,87,52,4.592441435952119,-1.0629907355545996,-2.4800046554267414
-1.041915216862494,-2.4759499590783567,0.00014839133655,87,52,4.592441435952119,-1.0629907355545996,-2.4800046554267414
-1.041409752548246,-2.4759492880693235,0.00014910900791,87,52,4.592441435952119,-1.0629907355545996,-2.4800046554267414
-1.0409060248788051,-2.475948368538424,0.00015043992607,87,52,4.592441435952119,-1.0629907355545996,-2.4800046554267414
-1.087415461850004,-2.475364205470027,3.8424965169e-05,87,52,4.592441435952119,-1.0629907355545996,-2.4800046554267414
-1.0868195913306677,-2.475366976488813,4.8162622988e-05,87,52,4.592441435952119,-1.0629907355545996,-2.4800046554267414
-1.0862180326703663,-2.475363845113321,1.4134478477e-07,87,52,4.592441435952119,-1.0629907355545996,-2.4800046554267414
-1.0856206268563435,-2.4753616829731007,1.4135906667e-07,87,52,4.592441435952119,-1.0629907355545996,-2.4800046554267414
-1.0850345973242546,-2.475366094236195,0.00014809197455,87,52,4.592441435952119,-1.0629907355545996,-2.4800046554267414
-1.0844490711674708,-2.475362204869016,0.00015053513926,87,52,4.592441435952119,-1.0629907355545996,-2.4800046554267414
-1.0838699252927013,-2.4753625527996275,0.00015393570357,87,52,4.592441435952119,-1.0629907355545996,-2.4800046554267414
-1.0832951587830992,-2.4753608628509496,0.00014493038179,87,52,4.592441435952119,-1.0629907355545996,-2.4800046554267414
-1.0826878238911521,-2.475357569936245,0.00012364571739,87,52,4.592441435952119,-1.0629907355545996,-2.4800046554267414
-1.0821093575730454,-2.4753609374075087,0.00010706488683,87,52,4.592441435952119,-1.0629907355545996,-2.4800046554267414
-1.081515462801788,-2.4753589989369646,9.2647213023e-05,87,52,4.592441435952119,-1.0629907355545996,-2.4800046554267414
-1.080924198166508,-2.4753603285289394,8.0845842604e-05,87,52,4.592441435952119,-1.0629907355545996,-2.4800046554267414
-1.0803371367150392,-2.47536137232077,7.7250697359e-05,87,52,4.592441435952119,-1.0629907355545996,-2.4800046554267414
-1.0797531710217083,-2.4753627391910262,7.9426550656e-05,87,52,4.592441435952119,-1.0629907355545996,-2.4800046554267414
-1.079173546940395,-2.475363087121634,7.9823978012e-05,87,52,4.592441435952119,-1.0629907355545996,-2.4800046554267414
-1.078590701257121,-2.475364814348593,7.4345574831e-05,87,52,4.592441435952119,-1.0629907355545996,-2.4800046554267414
-1.0780138960775274,-2.475361235633744,6.58103163e-05,87,52,4.592441435952119,-1.0629907355545996,-2.4800046554267414
-1.077436814041514,-2.4753639693742557,4.3202689994e-05,87,52,4.592441435952119,-1.0629907355545996,-2.4800046554267414
-1.0768609401062366,-2.4753612729120253,3.7875513954e-05,87,52,4.592441435952119,-1.0629907355545996,-2.4800046554267414
-1.0762895713799565,-2.4753652865401357,7.4840449088e-05,87,52,4.592441435952119,-1.0629907355545996,-2.4800046554267414
-1.075733945716393,-2.475363522034899,0.00010359020962,87,52,4.592441435952119,-1.0629907355545996,-2.4800046554267414
-1.0751880981181623,-2.475364354583145,0.00012286561832,87,52,4.592441435952119,-1.0629907355545996,-2.4800046554267414
-1.0746464033662122,-2.475362950434611,0.00012552579574,87,52,4.592441435952119,-1.0629907355545996,-2.4800046554267414
-1.0741057531180234,-2.4753662433493124,0.00011580579303,87,52,4.592441435952119,-1.0629907355545996,-2.4800046554267414
-1.073560194960594,-2.475363646295831,0.00012804172002,87,52,4.592441435952119,-1.0629907355545996,-2.4800046554267414
-1.0730030717554935,-2.475361210781558,0.00012075783161,87,52,4.592441435952119,-1.0629907355545996,-2.4800046554267414
-1.0724853124993785,-2.4753629380085163,0.00012233952293,87,52,4.592441435952119,-1.0629907355545996,-2.4800046554267414
-1.0719473930622287,-2.4753651622792043,0.0001072431478,87,52,4.592441435952119,-1.0629907355545996,-2.4800046554267414
-1.071409372950017,-2.4753617575296594,9.9463897641e-05,87,52,4.592441435952119,-1.0629907355545996,-2.4800046554267414
-1.0708509283847354,-2.4753638202611348,9.0982299298e-05,87,52,4.592441435952119,-1.0629907355545996,-2.4800046554267414
-1.0703367430932986,-2.4753651871313904,8.7225103925e-05,87,52,4.592441435952119,-1.0629907355545996,-2.4800046554267414
-1.0698002079382423,-2.475362962860703,8.124303713e-05,87,52,4.592441435952119,-1.0629907355545996,-2.4800046554267414
-1.069268794626932,-2.475366280627594,7.0978530857e-05,87,52,4.592441435952119,-1.0629907355545996,-2.4800046554267414
-1.0687309255273132,-2.4753634599044316,4.8566147598e-05,87,52,4.592441435952119,-1.0629907355545996,-2.4800046554267414
-1.068203576971606,-2.475364267600491,3.1607280107e-05,87,52,4.592441435952119,-1.0629907355545996,-2.4800046554267414
-1.0676725663605404,-2.4753613971729567,4.7796860599e-05,87,52,4.592441435952119,-1.0629907355545996,-2.4800046554267414
-1.0671343574825896,-2.4753651747052956,8.0122474174e-05,87,52,4.592441435952119,-1.0629907355545996,-2.4800046554267414
-1.0665966393955637,-2.475361919068872,9.8583943327e-05,87,52,4.592441435952119,-1.0629907355545996,-2.4800046554267414
-1.0660597518777921,-2.4753617823818455,0.00011754418665,87,52,4.592441435952119,-1.0629907355545996,-2.4800046554267414
-1.0655295844203672,-2.4753627391910262,0.0001132649777,87,52,4.592441435952119,-1.0629907355545996,-2.4800046554267414
-1.06499248296809,-2.4753638326872296,0.00012181207421,87,52,4.592441435952119,-1.0629907355545996,-2.4800046554267414
-1.0644601258280804,-2.4753659326969824,0.00010809252126,87,52,4.592441435952119,-1.0629907355545996,-2.4800046554267414
-1.0639018700285379,-2.475361359894679,0.00011266009096,87,52,4.592441435952119,-1.0629907355545996,-2.4800046554267414
-1.0633887795783934,-2.4753609871118814,0.00010904170631,87,52,4.592441435952119,-1.0629907355545996,-2.4800046554267414
-1.0628572404232564,-2.4753631741042876,0.00011186505435,87,52,4.592441435952119,-1.0629907355545996,-2.4800046554267414
-1.0623268967844737,-2.4753614220251428,0.00011109677871,87,52,4.592441435952119,-1.0629907355545996,-2.4800046554267414
-1.0617932812061956,-2.475364777070315,0.00011001327221,87,52,4.592441435952119,-1.0629907355545996,-2.4800046554267414
-1.0612614526102575,-2.475363236234755,0.00012229301501,87,52,4.592441435952119,-1.0629907355545996,-2.4800046554267414
-1.060731410996659,-2.4753628385997715,0.00012492956012,87,52,4.592441435952119,-1.0629907355545996,-2.4800046554267414
-1.0602137649999879,-2.4753640190786284,0.00012661950313,87,52,4.592441435952119,-1.0629907355545996,-2.4800046554267414
-1.0596908964845084,-2.475362900730239,0.00013373220281,87,52,4.592441435952119,-1.0629907355545996,-2.4800046554267414
-1.0591708846238965,-2.4753614095990515,0.0001393067505,87,52,4.592441435952119,-1.0629907355545996,-2.4800046554267414
-1.0586482677960707,-2.4753661812188485,0.00014781170466,87,52,4.592441435952119,-1.0629907355545996,-2.4800046554267414
-1.0581260284997265,-2.4753632610869416,0.00014933818602,87,52,4.592441435952119,-1.0629907355545996,-2.4800046554267414
-1.057605978885965,-2.4753613971729567,0.00014938107051,87,52,4.592441435952119,-1.0629907355545996,-2.4800046554267414
-1.0570846204964075,-2.4753655723402797,0.00014776606986,87,52,4.592441435952119,-1.0629907355545996,-2.4800046554267414
-1.0565634131194415,-2.4753611362249988,0.00014830616419,87,52,4.592441435952119,-1.0629907355545996,-2.4800046554267414
-1.0560443702562934,-2.475363559313177,0.00015151678235,87,52,4.592441435952119,-1.0629907355545996,-2.4800046554267414
-1.0555238298516085,-2.4753628510258627,0.00015106413048,87,52,4.592441435952119,-1.0629907355545996,-2.4800046554267414
-1.055007064761724,-2.4753606888856425,0.00014947546879,87,52,4.592441435952119,-1.0629907355545996,-2.4800046554267414
-1.0544894187650526,-2.4753612977642114,0.00014754978474,87,52,4.592441435952119,-1.0629907355545996,-2.4800046554267414
-1.0539749062796668,-2.475362590077905,0.00014628557255,87,52,4.592441435952119,-1.0629907355545996,-2.4800046554267414
-1.0534543532905987,-2.475362627356186,0.00014881308016,87,52,4.592441435952119,-1.0629907355545996,-2.4800046554267414
-1.0529451388303148,-2.4753630001389837,0.00015132213593,87,52,4.592441435952119,-1.0629907355545996,-2.4800046554267414
-1.0524253157354422,-2.475361384746865,0.00015077904391,87,52,4.592441435952119,-1.0629907355545996,-2.4800046554267414
-1.051886867754221,-2.475362701912745,0.0001493042364,87,52,4.592441435952119,-1.0629907355545996,-2.4800046554267414
-1.0513542337577917,-2.475362242147297,0.00015091492969,87,52,4.592441435952119,-1.0629907355545996,-2.4800046554267414
-1.0508222038117312,-2.475360601902992,0.00015175540466,87,52,4.592441435952119,-1.0629907355545996,-2.4800046554267414
-1.0502837306617436,-2.475363994226442,0.00015117533621,87,52,4.592441435952119,-1.0629907355545996,-2.4800046554267414
-1.0497507820557486,-2.4753624782430683,0.00014992433717,87,52,4.592441435952119,-1.0629907355545996,-2.4800046554267414
-1.0492206649358529,-2.475363087121634,0.00015107147919,87,52,4.592441435952119,-1.0629907355545996,-2.4800046554267414
-1.0486874772265877,-2.475362105460271,0.00015136595175,87,52,4.592441435952119,-1.0629907355545996,-2.4800046554267414
-1.0481547299707148,-2.475363248660847,0.00014965348237,87,52,4.592441435952119,-1.0629907355545996,-2.4800046554267414
-1.0476258838734673,-2.475363236234755,0.00014907628065,87,52,4.592441435952119,-1.0629907355545996,-2.4800046554267414
-1.0470943950558613,-2.4753632610869416,0.0001494527387,87,52,4.592441435952119,-1.0629907355545996,-2.4800046554267414
-1.0465611570090652,-2.475364068783001,0.00014889187878,87,52,4.592441435952119,-1.0629907355545996,-2.4800046554267414
-1.0460309140453428,-2.4753643670092362,0.00014882328105,87,52,4.592441435952119,-1.0629907355545996,-2.4800046554267414
-1.0455060697817862,-2.4753631616781964,0.00014926896256,87,52,4.592441435952119,-1.0629907355545996,-2.4800046554267414
-1.0449765189591114,-2.475360104859263,0.00014809607819,87,52,4.592441435952119,-1.0629907355545996,-2.4800046554267414
-1.0444869235514063,-2.4753654605054396,0.00014730007388,87,52,4.592441435952119,-1.0629907355545996,-2.4800046554267414
-1.0439865810809041,-2.4753627516171175,0.00014756032033,87,52,4.592441435952119,-1.0629907355545996,-2.4800046554267414
-1.0434753153662455,-2.4753635468870856,0.00014690091484,87,52,4.592441435952119,-1.0629907355545996,-2.4800046554267414
-1.042972040734582,-2.4753609746857865,0.00014827458654,87,52,4.592441435952119,-1.0629907355545996,-2.4800046554267414
-1.0424690429593364,-2.4753630001389837,0.00015133645502,87,52,4.592441435952119,-1.0629907355545996,-2.4800046554267414
-1.0419607974965182,-2.475362962860703,0.0001498490019,87,52,4.592441435952119,-1.0629907355545996,-2.4800046554267414
-1.041454250925361,-2.4753629752867976,0.00015036511468,87,52,4.592441435952119,-1.0629907355545996,-2.4800046554267414
-1.0409530904699846,-2.4753635096088042,0.00015053118113,87,52,4.592441435952119,-1.0629907355545996,-2.4800046554267414
-1.0873943955934176,-2.4747753080601105,3.9257200115e-05,87,52,4.592441435952119,-1.0629907355545996,-2.4800046554267414
-1.0867959830287832,-2.47477230094555,5.6723922171e-05,87,52,4.592441435952119,-1.0629907355545996,-2.4800046554267414
-1.0861981241769847,-2.4747726737283475,1.4135437709e-07,87,52,4.592441435952119,-1.0629907355545996,-2.4800046554267414
-1.085604820871713,-2.4747691447178712,1.4134374737e-07,87,52,4.592441435952119,-1.0629907355545996,-2.4800046554267414
-1.0850136694958763,-2.474774053024695,0.00014551353524,87,52,4.592441435952119,-1.0629907355545996,-2.4800046554267414
-1.0844296534650144,-2.4747699399878393,0.00014907027071,87,52,4.592441435952119,-1.0629907355545996,-2.4800046554267414
-1.0838527350259757,-2.4747715926582354,0.00014797510812,87,52,4.592441435952119,-1.0629907355545996,-2.4800046554267414
-1.0832760682745919,-2.474773369589567,0.0001374387648,87,52,4.592441435952119,-1.0629907355545996,-2.4800046554267414
-1.0826737419669454,-2.47476859796977,0.00011934205395,87,52,4.592441435952119,-1.0629907355545996,-2.4800046554267414
-1.082068596757583,-2.4747702257879833,0.00010615422798,87,52,4.592441435952119,-1.0629907355545996,-2.4800046554267414
-1.0814905079709578,-2.4747689583264725,9.0843714133e-05,87,52,4.592441435952119,-1.0629907355545996,-2.4800046554267414
-1.0809029305597992,-2.4747707973882713,8.5458574176e-05,87,52,4.592441435952119,-1.0629907355545996,-2.4800046554267414
-1.0803038006853525,-2.4747709216492026,7.8933153418e-05,87,52,4.592441435952119,-1.0629907355545996,-2.4800046554267414
-1.0797394917977463,-2.4747727482849062,7.9602730693e-05,87,52,4.592441435952119,-1.0629907355545996,-2.4800046554267414
-1.0791549975603423,-2.474768175482599,7.9620898759e-05,87,52,4.592441435952119,-1.0629907355545996,-2.4800046554267414
-1.0785753231414996,-2.4747712571537193,7.7525946836e-05,87,52,4.592441435952119,-1.0629907355545996,-2.4800046554267414
-1.0779994743749886,-2.4747733820156617,7.1591995948e-05,87,52,4.592441435952119,-1.0629907355545996,-2.4800046554267414
-1.0774076182737247,-2.4747730465111415,5.0522194215e-05,87,52,4.592441435952119,-1.0629907355545996,-2.4800046554267414
-1.0768493373054175,-2.474771617510422,3.996356827e-05,87,52,4.592441435952119,-1.0629907355545996,-2.4800046554267414
-1.0762768359846957,-2.4747722885194583,5.4097181419e-05,87,52,4.592441435952119,-1.0629907355545996,-2.4800046554267414
-1.07572238066872,-2.4747740903029722,7.8618832049e-05,87,52,4.592441435952119,-1.0629907355545996,-2.4800046554267414
-1.0751817430049142,-2.474771542953863,7.9637822637e-05,87,52,4.592441435952119,-1.0629907355545996,-2.4800046554267414
-1.0746352284344025,-2.4747739287637636,9.0417488536e-05,87,52,4.592441435952119,-1.0629907355545996,-2.4800046554267414
-1.0740962141559605,-2.4747733820156617,9.2169837444e-05,87,52,4.592441435952119,-1.0629907355545996,-2.4800046554267414
-1.0735542047944444,-2.474774736459823,8.9827612101e-05,87,52,4.592441435952119,-1.0629907355545996,-2.4800046554267414
-1.0730135167931076,-2.4747721394063373,8.1594116637e-05,87,52,4.592441435952119,-1.0629907355545996,-2.4800046554267414
-1.0724711299001117,-2.474775606286346,8.7235181127e-05,87,52,4.592441435952119,-1.0629907355545996,-2.4800046554267414
-1.071933550241294,-2.4747756311385323,8.9945482614e-05,87,52,4.592441435952119,-1.0629907355545996,-2.4800046554267414
-1.0713953917008725,-2.4747769483044157,8.6102372734e-05,87,52,4.592441435952119,-1.0629907355545996,-2.4800046554267414
-1.0708619397195707,-2.4747731086416094,9.0306399215e-05,87,52,4.592441435952119,-1.0629907355545996,-2.4800046554267414
-1.0703039230233,-2.4747736678158057,8.5736341134e-05,87,52,4.592441435952119,-1.0629907355545996,-2.4800046554267414
-1.0697927453993203,-2.474775071964339,8.0205252743e-05,87,52,4.592441435952119,-1.0629907355545996,-2.4800046554267414
-1.0692576574482717,-2.4747728725458376,7.5955606007e-05,87,52,4.592441435952119,-1.0629907355545996,-2.4800046554267414
-1.0687263825651712,-2.4747744133813976,6.0194215621e-05,87,52,4.592441435952119,-1.0629907355545996,-2.4800046554267414
-1.068197599389838,-2.474772015145406,4.4856296881e-05,87,52,4.592441435952119,-1.0629907355545996,-2.4800046554267414
-1.0676713960129525,-2.4747763021475686,4.616293154e-05,87,52,4.592441435952119,-1.0629907355545996,-2.4800046554267414
-1.0671297390141503,-2.4747731459198903,6.5358108259e-05,87,52,4.592441435952119,-1.0629907355545996,-2.4800046554267414
-1.0665729933405297,-2.4747738169289235,7.7645934653e-05,87,52,4.592441435952119,-1.0629907355545996,-2.4800046554267414
-1.0660584179332295,-2.474773618111433,8.1869162386e-05,87,52,4.592441435952119,-1.0629907355545996,-2.4800046554267414
-1.0655259727025412,-2.4747763021475686,8.4649887867e-05,87,52,4.592441435952119,-1.0629907355545996,-2.4800046554267414
-1.0649917908270439,-2.474776289721474,8.7418171461e-05,87,52,4.592441435952119,-1.0629907355545996,-2.4800046554267414
-1.0644536322866223,-2.474774674329355,8.7871318101e-05,87,52,4.592441435952119,-1.0629907355545996,-2.4800046554267414
-1.0639220050408082,-2.4747743139726524,8.4515275375e-05,87,52,4.592441435952119,-1.0629907355545996,-2.4800046554267414
-1.063390226782401,-2.4747722015368048,7.3267990956e-05,87,52,4.592441435952119,-1.0629907355545996,-2.4800046554267414
-1.0628552395064126,-2.474775705695091,8.4113067714e-05,87,52,4.592441435952119,-1.0629907355545996,-2.4800046554267414
-1.0623229956258466,-2.474776364278033,8.6698179075e-05,87,52,4.592441435952119,-1.0629907355545996,-2.4800046554267414
-1.0617920731054598,-2.4747741027290675,7.3006958701e-05,87,52,4.592441435952119,-1.0629907355545996,-2.4800046554267414
-1.0612625977890806,-2.474773891485482,7.1847483923e-05,87,52,4.592441435952119,-1.0629907355545996,-2.4800046554267414
-1.0607304042460457,-2.474776563095523,8.8828186563e-05,87,52,4.592441435952119,-1.0629907355545996,-2.4800046554267414
-1.0602158540075104,-2.4747720897019647,9.4049901236e-05,87,52,4.592441435952119,-1.0629907355545996,-2.4800046554267414
-1.0596918906507404,-2.4747747737381003,0.00010957525228,87,52,4.592441435952119,-1.0629907355545996,-2.4800046554267414
-1.0591707210269221,-2.4747759417908624,0.00013158418005,87,52,4.592441435952119,-1.0629907355545996,-2.4800046554267414
-1.0586492493779194,-2.474775109242617,0.00014209111396,87,52,4.592441435952119,-1.0629907355545996,-2.4800046554267414
-1.0581285327918768,-2.4747725370413214,0.0001448635885,87,52,4.592441435952119,-1.0629907355545996,-2.4800046554267414
-1.0576082944123761,-2.4747742394160936,0.00014737412857,87,52,4.592441435952119,-1.0629907355545996,-2.4800046554267414
-1.0570863948943643,-2.4747766252259904,0.00014627931523,87,52,4.592441435952119,-1.0629907355545996,-2.4800046554267414
-1.0565686859757788,-2.4747746991815416,0.00014856821508,87,52,4.592441435952119,-1.0629907355545996,-2.4800046554267414
-1.056049617943866,-2.4747767494869217,0.00014934226056,87,52,4.592441435952119,-1.0629907355545996,-2.4800046554267414
-1.0555069541944504,-2.4747761530344476,0.00015195271408,87,52,4.592441435952119,-1.0629907355545996,-2.4800046554267414
-1.0550108023233764,-2.4747742642682797,0.00015088377404,87,52,4.592441435952119,-1.0629907355545996,-2.4800046554267414
-1.0544984921049567,-2.474772797989279,0.0001497372723,87,52,4.592441435952119,-1.0629907355545996,-2.4800046554267414
-1.0539556773429497,-2.4747731086416094,0.00014770413691,87,52,4.592441435952119,-1.0629907355545996,-2.4800046554267414
-1.0534603434567482,-2.4747740157464135,0.00014833846944,87,52,4.592441435952119,-1.0629907355545996,-2.4800046554267414
-1.0529438048857525,-2.474775084390431,0.00014827615814,87,52,4.592441435952119,-1.0629907355545996,-2.4800046554267414
-1.0524271278865467,-2.4747764388345916,0.00015068709035,87,52,4.592441435952119,-1.0629907355545996,-2.4800046554267414
-1.0518921783637063,-2.47477589208649,0.00014866291895,87,52,4.592441435952119,-1.0629907355545996,-2.4800046554267414
-1.051360437858447,-2.474775357764483,0.00015062477905,87,52,4.592441435952119,-1.0629907355545996,-2.4800046554267414
-1.0508251863104237,-2.474774624624983,0.0001491085859,87,52,4.592441435952119,-1.0629907355545996,-2.4800046554267414
-1.050267308042363,-2.4747766252259904,0.00014856478083,87,52,4.592441435952119,-1.0629907355545996,-2.4800046554267414
-1.049753701632527,-2.4747768364695757,0.00014867653954,87,52,4.592441435952119,-1.0629907355545996,-2.4800046554267414
-1.0492194820038818,-2.4747766003738043,0.00014904908312,87,52,4.592441435952119,-1.0629907355545996,-2.4800046554267414
-1.0486930646924926,-2.4747767494869217,0.00014903834381,87,52,4.592441435952119,-1.0629907355545996,-2.4800046554267414
-1.048159474282981,-2.474773767224551,0.00015194824664,87,52,4.592441435952119,-1.0629907355545996,-2.4800046554267414
-1.0476287782814828,-2.4747775944612624,0.0001514282194,87,52,4.592441435952119,-1.0629907355545996,-2.4800046554267414
-1.047096823841718,-2.4747763145736603,0.00015103390615,87,52,4.592441435952119,-1.0629907355545996,-2.4800046554267414
-1.0465697269736625,-2.4747767619130165,0.00015000763233,87,52,4.592441435952119,-1.0629907355545996,-2.4800046554267414
-1.0460432467403573,-2.4747793589664986,0.00014901075338,87,52,4.592441435952119,-1.0629907355545996,-2.4800046554267414
-1.0455114684819502,-2.474777644165635,0.00014858435316,87,52,4.592441435952119,-1.0629907355545996,-2.4800046554267414
-1.045000467039328,-2.474774736459823,0.00014993816148,87,52,4.592441435952119,-1.0629907355545996,-2.4800046554267414
-1.0444942224933536,-2.4747771719740923,0.00015078157594,87,52,4.592441435952119,-1.0629907355545996,-2.4800046554267414
-1.04396609370592,-2.474773605685338,0.00015071823145,87,52,4.592441435952119,-1.0629907355545996,-2.4800046554267414
-1.043476838076549,-2.4747742642682797,0.00015255322796,87,52,4.592441435952119,-1.0629907355545996,-2.4800046554267414
-1.0429754385179024,-2.474779209853381,0.00015159380564,87,52,4.592441435952119,-1.0629907355545996,-2.4800046554267414
-1.042468929699893,-2.474777370791586,0.00014935966465,87,52,4.592441435952119,-1.0629907355545996,-2.4800046554267414
-1.0419630375166338,-2.474774798590287,0.00014956005907,87,52,4.592441435952119,-1.0629907355545996,-2.4800046554267414
-1.0414624811116244,-2.474776674930363,0.00014761503553,87,52,4.592441435952119,-1.0629907355545996,-2.4800046554267414
-1.0409543740770162,-2.4747759169386763,0.00014914442727,87,52,4.592441435952119,-1.0629907355545996,-2.4800046554267414
-1.0873990140618568,-2.474192288192286,4.0869301301e-05,87,52,4.592441435952119,-1.0629907355545996,-2.4800046554267414
-1.0868053835626363,-2.474184062118575,5.1765393437e-05,87,52,4.592441435952119,-1.0629907355545996,-2.4800046554267414
-1.086213640720814,-2.4741855283975758,1.4139003213e-07,87,52,4.592441435952119,-1.0629907355545996,-2.4800046554267414
-1.0856165243475941,-2.4741869325461097,1.4138564097e-07,87,52,4.592441435952119,-1.0629907355545996,-2.4800046554267414
-1.085025020609044,-2.4741845094579316,0.00014564699086,87,52,4.592441435952119,-1.0629907355545996,-2.4800046554267414
-1.0844409919937985,-2.474183950283735,0.00014965415176,87,52,4.592441435952119,-1.0629907355545996,-2.4800046554267414
-1.083860373746255,-2.4741839999881075,0.00015100631572,87,52,4.592441435952119,-1.0629907355545996,-2.4800046554267414
-1.0832796170705035,-2.4741831425876755,0.00014284077042,87,52,4.592441435952119,-1.0629907355545996,-2.4800046554267414
-1.0826929331505148,-2.4741839751359214,0.00012611765123,87,52,4.592441435952119,-1.0629907355545996,-2.4800046554267414
-1.082095351155136,-2.474187255624531,0.00010196833318,87,52,4.592441435952119,-1.0629907355545996,-2.4800046554267414
-1.0815027148221457,-2.474189678712709,8.8077336841e-05,87,52,4.592441435952119,-1.0629907355545996,-2.4800046554267414
-1.08091363986945,-2.4741871810679723,8.0629797594e-05,87,52,4.592441435952119,-1.0629907355545996,-2.4800046554267414
-1.0803282647252592,-2.4741830431789307,7.7293159848e-05,87,52,4.592441435952119,-1.0629907355545996,-2.4800046554267414
-1.079745632976489,-2.4741870195287596,8.1064928963e-05,87,52,4.592441435952119,-1.0629907355545996,-2.4800046554267414
-1.0791644736004926,-2.474184844962448,7.936705515e-05,87,52,4.592441435952119,-1.0629907355545996,-2.4800046554267414
-1.0785686534186858,-2.47418373904015,7.9087651102e-05,87,52,4.592441435952119,-1.0629907355545996,-2.4800046554267414
-1.077996680642037,-2.4741832668486072,7.3837974924e-05,87,52,4.592441435952119,-1.0629907355545996,-2.4800046554267414
-1.0774361093160851,-2.4741816887347694,6.559821486e-05,87,52,4.592441435952119,-1.0629907355545996,-2.4800046554267414
-1.0768638219298687,-2.4741809431691775,5.6951903389e-05,87,52,4.592441435952119,-1.0629907355545996,-2.4800046554267414
-1.0762726076321196,-2.474181701160864,5.8277084463e-05,87,52,4.592441435952119,-1.0629907355545996,-2.4800046554267414
-1.0757392689102612,-2.4741840993968562,6.4310035668e-05,87,52,4.592441435952119,-1.0629907355545996,-2.4800046554267414
-1.0751936352465363,-2.4741846461449577,7.1343005402e-05,87,52,4.592441435952119,-1.0629907355545996,-2.4800046554267414
-1.0746502038497772,-2.47418404969248,7.1999704232e-05,87,52,4.592441435952119,-1.0629907355545996,-2.4800046554267414
-1.0740900981459842,-2.4741853668583635,7.2884657129e-05,87,52,4.592441435952119,-1.0629907355545996,-2.4800046554267414
-1.073567707837047,-2.4741842236577876,7.0209993282e-05,87,52,4.592441435952119,-1.0629907355545996,-2.4800046554267414
-1.0730322926920492,-2.4741847207015164,7.0789064921e-05,87,52,4.592441435952119,-1.0629907355545996,-2.4800046554267414
-1.072488899048438,-2.474185453841017,7.0747941209e-05,87,52,4.592441435952119,-1.0629907355545996,-2.4800046554267414
-1.0719506775861039,-2.4741849692233795,7.6297605119e-05,87,52,4.592441435952119,-1.0629907355545996,-2.4800046554267414
-1.0714153757005498,-2.4741865473372204,7.885627565e-05,87,52,4.592441435952119,-1.0629907355545996,-2.4800046554267414
-1.0708737690392784,-2.4741855532497623,8.2241604105e-05,87,52,4.592441435952119,-1.0629907355545996,-2.4800046554267414
-1.0703217676779238,-2.4741858514759976,8.1516147475e-05,87,52,4.592441435952119,-1.0629907355545996,-2.4800046554267414
-1.0698031400994037,-2.474183130161584,7.7469689131e-05,87,52,4.592441435952119,-1.0629907355545996,-2.4800046554267414
-1.0692729600575954,-2.474184633718863,7.6289441495e-05,87,52,4.592441435952119,-1.0629907355545996,-2.4800046554267414
-1.0687414838243727,-2.474186882841737,7.1944617957e-05,87,52,4.592441435952119,-1.0629907355545996,-2.4800046554267414
-1.068212549636448,-2.474183751466245,6.2995415647e-05,87,52,4.592441435952119,-1.0629907355545996,-2.4800046554267414
-1.0676834266827826,-2.4741876905377964,5.8637302573e-05,87,52,4.592441435952119,-1.0629907355545996,-2.4800046554267414
-1.067147218721677,-2.4741855656758536,6.2756422267e-05,87,52,4.592441435952119,-1.0629907355545996,-2.4800046554267414
-1.0666119168361212,-2.4741866715981518,6.8547153205e-05,87,52,4.592441435952119,-1.0629907355545996,-2.4800046554267414
-1.0660748908901414,-2.47418219820459,7.0448106271e-05,87,52,4.592441435952119,-1.0629907355545996,-2.4800046554267414
-1.0655415899214309,-2.4741845467362094,7.1033020504e-05,87,52,4.592441435952119,-1.0629907355545996,-2.4800046554267414
-1.0650060111794586,-2.4741854786932036,7.1016736911e-05,87,52,4.592441435952119,-1.0629907355545996,-2.4800046554267414
-1.0644739560646317,-2.4741869822504823,6.9440953666e-05,87,52,4.592441435952119,-1.0629907355545996,-2.4800046554267414
-1.0639407935241312,-2.474185714788975,7.0355788921e-05,87,52,4.592441435952119,-1.0629907355545996,-2.4800046554267414
-1.0634095689785616,-2.4741845094579316,6.8498025939e-05,87,52,4.592441435952119,-1.0629907355545996,-2.4800046554267414
-1.062877715213857,-2.4741821236480313,6.6580701969e-05,87,52,4.592441435952119,-1.0629907355545996,-2.4800046554267414
-1.0623430173786717,-2.4741874047376524,6.821637362e-05,87,52,4.592441435952119,-1.0629907355545996,-2.4800046554267414
-1.0618123213771737,-2.474186746154711,6.4282990934e-05,87,52,4.592441435952119,-1.0629907355545996,-2.4800046554267414
-1.061281839310181,-2.474184236083879,5.9511126892e-05,87,52,4.592441435952119,-1.0629907355545996,-2.4800046554267414
-1.060750526673931,-2.4741868331373644,5.59045111e-05,87,52,4.592441435952119,-1.0629907355545996,-2.4800046554267414
-1.06023782633965,-2.474188237285898,4.8250629334e-05,87,52,4.592441435952119,-1.0629907355545996,-2.4800046554267414
-1.0597160526654628,-2.474184745553703,7.4540330388e-05,87,52,4.592441435952119,-1.0629907355545996,-2.4800046554267414
-1.0591899877167872,-2.474187069233136,0.00010935942555,87,52,4.592441435952119,-1.0629907355545996,-2.4800046554267414
-1.0586712972163546,-2.474182024239286,0.00013334688265,87,52,4.592441435952119,-1.0629907355545996,-2.4800046554267414
-1.0581519397436407,-2.474185043779938,0.00014599878341,87,52,4.592441435952119,-1.0629907355545996,-2.4800046554267414
-1.0576316258578429,-2.474186634319871,0.00014997675316,87,52,4.592441435952119,-1.0629907355545996,-2.4800046554267414
-1.0571082413826753,-2.47418766568561,0.00014913118503,87,52,4.592441435952119,-1.0629907355545996,-2.4800046554267414
-1.0565939176630286,-2.4741866467459657,0.00014929805184,87,52,4.592441435952119,-1.0629907355545996,-2.4800046554267414
-1.0560737296210592,-2.4741847828319807,0.00014933555212,87,52,4.592441435952119,-1.0629907355545996,-2.4800046554267414
-1.0555541833826045,-2.4741877775204464,0.00014962743444,87,52,4.592441435952119,-1.0629907355545996,-2.4800046554267414
-1.0550364618796375,-2.474185056206033,0.00015215943858,87,52,4.592441435952119,-1.0629907355545996,-2.4800046554267414
-1.0545177084572908,-2.4741852923018044,0.00014852477761,87,52,4.592441435952119,-1.0629907355545996,-2.4800046554267414
-1.0540050962136864,-2.4741849692233795,0.00014921098773,87,52,4.592441435952119,-1.0629907355545996,-2.4800046554267414
-1.0534855877283815,-2.4741869946765735,0.00014748207468,87,52,4.592441435952119,-1.0629907355545996,-2.4800046554267414
-1.0529709368147857,-2.474185404136641,0.00014688397641,87,52,4.592441435952119,-1.0629907355545996,-2.4800046554267414
-1.0524530894679904,-2.4741836769096857,0.00014890710008,87,52,4.592441435952119,-1.0629907355545996,-2.4800046554267414
-1.051922292791432,-2.474185665084599,0.00014802407532,87,52,4.592441435952119,-1.0629907355545996,-2.4800046554267414
-1.051388261928526,-2.474186373371913,0.00014810673019,87,52,4.592441435952119,-1.0629907355545996,-2.4800046554267414
-1.0508552000630875,-2.474182446726456,0.00014837578055,87,52,4.592441435952119,-1.0629907355545996,-2.4800046554267414
-1.0503222011195614,-2.474186597041593,0.00015009990602,87,52,4.592441435952119,-1.0629907355545996,-2.4800046554267414
-1.0497897055513419,-2.474185168040873,0.00014792078582,87,52,4.592441435952119,-1.0629907355545996,-2.4800046554267414
-1.0492545420939958,-2.4741854786932036,0.00014859218209,87,52,4.592441435952119,-1.0629907355545996,-2.4800046554267414
-1.048724374636569,-2.474182570987388,0.00015057434211,87,52,4.592441435952119,-1.0629907355545996,-2.4800046554267414
-1.0481945972950073,-2.4741840745446666,0.0001497065241,87,52,4.592441435952119,-1.0629907355545996,-2.4800046554267414
-1.047637096558425,-2.474183664483591,0.00014885107521,87,52,4.592441435952119,-1.0629907355545996,-2.4800046554267414
-1.0471072814637137,-2.4741847952580756,0.0001507573761,87,52,4.592441435952119,-1.0629907355545996,-2.4800046554267414
-1.0466009236582956,-2.4741859384586515,0.00014840833319,87,52,4.592441435952119,-1.0629907355545996,-2.4800046554267414
-1.0460740658935122,-2.4741858639020924,0.00015027089103,87,52,4.592441435952119,-1.0629907355545996,-2.4800046554267414
-1.045548013529218,-2.4741873177549984,0.00015048198111,87,52,4.592441435952119,-1.0629907355545996,-2.4800046554267414
-1.0450363199455501,-2.4741824840047375,0.00015058471763,87,52,4.592441435952119,-1.0629907355545996,-2.4800046554267414
-1.0445289050519877,-2.4741872183462537,0.00014881904644,87,52,4.592441435952119,-1.0629907355545996,-2.4800046554267414
-1.0440207099267005,-2.4741852798757096,0.00014671536337,87,52,4.592441435952119,-1.0629907355545996,-2.4800046554267414
-1.0435133705394335,-2.4741848698146343,0.00014873137116,87,52,4.592441435952119,-1.0629907355545996,-2.4800046554267414
-1.0430076797062986,-2.4741857893455337,0.00015019149578,87,52,4.592441435952119,-1.0629907355545996,-2.4800046554267414
-1.0425027439361219,-2.4741877153899825,0.00015101485769,87,52,4.592441435952119,-1.0629907355545996,-2.4800046554267414
-1.0419784785541675,-2.4741848201102616,0.00014872039901,87,52,4.592441435952119,-1.0629907355545996,-2.4800046554267414
-1.0414945461186629,-2.474183900579362,0.00014801250654,87,52,4.592441435952119,-1.0629907355545996,-2.4800046554267414
-1.040994543426493,-2.4741852798757096,0.00014901222312,87,52,4.592441435952119,-1.0629907355545996,-2.4800046554267414
-1.0874054446814008,-2.473601042250754,4.1265695472e-05,87,52,4.592441435952119,-1.0629907355545996,-2.4800046554267414
-1.0868088190991043,-2.4735953635261487,4.4293366955e-05,87,52,4.592441435952119,-1.0629907355545996,-2.4800046554267414
-1.086205523793994,-2.473595860569878,1.4146620231e-07,87,52,4.592441435952119,-1.0629907355545996,-2.4800046554267414
-1.085613315330013,-2.473595413230525,1.4138487359e-07,87,52,4.592441435952119,-1.0629907355545996,-2.4800046554267414
-1.0850259141002139,-2.4735968298051496,0.00014604345779,87,52,4.592441435952119,-1.0629907355545996,-2.4800046554267414
-1.084438009495106,-2.4735924682464314,0.00014885522251,87,52,4.592441435952119,-1.0629907355545996,-2.4800046554267414
-1.083856510340776,-2.473594829204142,0.00015068335051,87,52,4.592441435952119,-1.0629907355545996,-2.4800046554267414
-1.0832834678915997,-2.4735974883880916,0.00014469392772,87,52,4.592441435952119,-1.0629907355545996,-2.4800046554267414
-1.0826819721532106,-2.4735947919258607,0.00013226142619,87,52,4.592441435952119,-1.0629907355545996,-2.4800046554267414
-1.082088291316459,-2.473596034535185,0.00010492743604,87,52,4.592441435952119,-1.0629907355545996,-2.4800046554267414
-1.0814971273562408,-2.4735963327614208,9.0310000814e-05,87,52,4.592441435952119,-1.0629907355545996,-2.4800046554267414
-1.0809086942070618,-2.4735966931181235,8.0966936366e-05,87,52,4.592441435952119,-1.0629907355545996,-2.4800046554267414
-1.0803238979444734,-2.4735957487350415,8.0043399066e-05,87,52,4.592441435952119,-1.0629907355545996,-2.4800046554267414
-1.079738271112629,-2.4735934996121673,7.7051641711e-05,87,52,4.592441435952119,-1.0629907355545996,-2.4800046554267414
-1.0791563818424357,-2.473595139856472,8.2520055003e-05,87,52,4.592441435952119,-1.0629907355545996,-2.4800046554267414
-1.078579387897103,-2.473594742221488,7.8804718214e-05,87,52,4.592441435952119,-1.0629907355545996,-2.4800046554267414
-1.0779847128941193,-2.4735948789085147,7.9947400081e-05,87,52,4.592441435952119,-1.0629907355545996,-2.4800046554267414
-1.0774308993816601,-2.4735939469515236,7.5348740211e-05,87,52,4.592441435952119,-1.0629907355545996,-2.4800046554267414
-1.0768525337386154,-2.473593599020912,7.4542280345e-05,87,52,4.592441435952119,-1.0629907355545996,-2.4800046554267414
-1.0762798436521528,-2.473593300794677,7.1240618126e-05,87,52,4.592441435952119,-1.0629907355545996,-2.4800046554267414
-1.0757273892530224,-2.4735920581853525,7.4553267041e-05,87,52,4.592441435952119,-1.0629907355545996,-2.4800046554267414
-1.075184410894041,-2.4735918966461434,7.5052448665e-05,87,52,4.592441435952119,-1.0629907355545996,-2.4800046554267414
-1.074642955245361,-2.4735946925171155,7.6195945439e-05,87,52,4.592441435952119,-1.0629907355545996,-2.4800046554267414
-1.0740986429418151,-2.4735942078994815,7.5582596764e-05,87,52,4.592441435952119,-1.0629907355545996,-2.4800046554267414
-1.073558923937944,-2.4735926297856405,7.5619602285e-05,87,52,4.592441435952119,-1.0629907355545996,-2.4800046554267414
-1.0730170026671069,-2.4735945061257167,7.5430936704e-05,87,52,4.592441435952119,-1.0629907355545996,-2.4800046554267414
-1.072479271995698,-2.473589548114524,7.4921867053e-05,87,52,4.592441435952119,-1.0629907355545996,-2.4800046554267414
-1.0719422208809517,-2.4735931019771833,7.6767340943e-05,87,52,4.592441435952119,-1.0629907355545996,-2.4800046554267414
-1.0714017593985037,-2.47359397180371,7.8995522927e-05,87,52,4.592441435952119,-1.0629907355545996,-2.4800046554267414
-1.0708664575129478,-2.4735941333429228,8.1095175119e-05,87,52,4.592441435952119,-1.0629907355545996,-2.4800046554267414
-1.0703311933805415,-2.473593002568438,7.9943303717e-05,87,52,4.592441435952119,-1.0629907355545996,-2.4800046554267414
-1.0697945701348082,-2.4735927540465754,7.9609439126e-05,87,52,4.592441435952119,-1.0629907355545996,-2.4800046554267414
-1.0692614075943057,-2.473593847542779,7.7637050708e-05,87,52,4.592441435952119,-1.0629907355545996,-2.4800046554267414
-1.0687290756230607,-2.4735923564115914,7.4839714216e-05,87,52,4.592441435952119,-1.0629907355545996,-2.4800046554267414
-1.0682019284174762,-2.473591300193666,7.3026538303e-05,87,52,4.592441435952119,-1.0629907355545996,-2.4800046554267414
-1.0676693447585779,-2.473589535688429,7.2485061537e-05,87,52,4.592441435952119,-1.0629907355545996,-2.4800046554267414
-1.0671142979766166,-2.473591548715532,7.5196243415e-05,87,52,4.592441435952119,-1.0629907355545996,-2.4800046554267414
-1.0666024282115911,-2.4735897717842006,7.5029463915e-05,87,52,4.592441435952119,-1.0629907355545996,-2.4800046554267414
-1.0660664971069016,-2.4735916356981855,7.46940932e-05,87,52,4.592441435952119,-1.0629907355545996,-2.4800046554267414
-1.0655355494177503,-2.4735941333429228,7.722958253e-05,87,52,4.592441435952119,-1.0629907355545996,-2.4800046554267414
-1.064998510887389,-2.4735942078994815,7.4452196714e-05,87,52,4.592441435952119,-1.0629907355545996,-2.4800046554267414
-1.0644653986844177,-2.473589672375456,7.730825746e-05,87,52,4.592441435952119,-1.0629907355545996,-2.4800046554267414
-1.0639322990658295,-2.473591225637107,7.7676151705e-05,87,52,4.592441435952119,-1.0629907355545996,-2.4800046554267414
-1.0634001055227944,-2.473589709653733,7.7921024058e-05,87,52,4.592441435952119,-1.0629907355545996,-2.4800046554267414
-1.0628652315062512,-2.473594120916828,7.2936985816e-05,87,52,4.592441435952119,-1.0629907355545996,-2.4800046554267414
-1.0623339817919155,-2.4735890634968865,7.4848627264e-05,87,52,4.592441435952119,-1.0629907355545996,-2.4800046554267414
-1.0618043554629433,-2.4735887528445564,7.2043469117e-05,87,52,4.592441435952119,-1.0629907355545996,-2.4800046554267414
-1.061274691380825,-2.473592257002846,6.9342699135e-05,87,52,4.592441435952119,-1.0629907355545996,-2.4800046554267414
-1.0607417301904467,-2.4735897469320145,5.8370409533e-05,87,52,4.592441435952119,-1.0629907355545996,-2.4800046554267414
-1.060230602903998,-2.4735932013859285,3.6986748455e-05,87,52,4.592441435952119,-1.0629907355545996,-2.4800046554267414
-1.0597076211290752,-2.4735917848113034,5.1803031965e-05,87,52,4.592441435952119,-1.0629907355545996,-2.4800046554267414
-1.0591815058428686,-2.4735917972373946,9.0846529929e-05,87,52,4.592441435952119,-1.0629907355545996,-2.4800046554267414
-1.0586409940228896,-2.473586951061039,0.00012585430522,87,52,4.592441435952119,-1.0629907355545996,-2.4800046554267414
-1.0581427153911436,-2.473588541600971,0.00014135624224,87,52,4.592441435952119,-1.0629907355545996,-2.4800046554267414
-1.0576252833289779,-2.47358852917488,0.00014792177535,87,52,4.592441435952119,-1.0629907355545996,-2.4800046554267414
-1.057106857100582,-2.473591399602414,0.00014842583914,87,52,4.592441435952119,-1.0629907355545996,-2.4800046554267414
-1.0565849827513345,-2.473589908471227,0.00015069720394,87,52,4.592441435952119,-1.0629907355545996,-2.4800046554267414
-1.0560683309208934,-2.473594257603854,0.00015120093303,87,52,4.592441435952119,-1.0629907355545996,-2.4800046554267414
-1.0555459657807225,-2.4735941954733867,0.0001506999688,87,52,4.592441435952119,-1.0629907355545996,-2.4800046554267414
-1.0550323845396528,-2.4735893617231253,0.00014904892305,87,52,4.592441435952119,-1.0629907355545996,-2.4800046554267414
-1.0545139960644045,-2.4735928161770393,0.00014936029038,87,52,4.592441435952119,-1.0629907355545996,-2.4800046554267414
-1.053997457493407,-2.473592505524709,0.00014978424588,87,52,4.592441435952119,-1.0629907355545996,-2.4800046554267414
-1.0534813090382744,-2.473588939235955,0.00014976819512,87,52,4.592441435952119,-1.0629907355545996,-2.4800046554267414
-1.052966330930728,-2.473594729795397,0.00014907958393,87,52,4.592441435952119,-1.0629907355545996,-2.4800046554267414
-1.052448949206093,-2.473593139255464,0.00015153510321,87,52,4.592441435952119,-1.0629907355545996,-2.4800046554267414
-1.0519133578797377,-2.4735918717939573,0.00014842707606,87,52,4.592441435952119,-1.0629907355545996,-2.4800046554267414
-1.0513776532939372,-2.473594841630237,0.00015074318799,87,52,4.592441435952119,-1.0629907355545996,-2.4800046554267414
-1.0508481905619413,-2.4735941954733867,0.00014998731785,87,52,4.592441435952119,-1.0629907355545996,-2.4800046554267414
-1.0503139331801483,-2.4735922818550327,0.00014827425184,87,52,4.592441435952119,-1.0629907355545996,-2.4800046554267414
-1.0497831994255025,-2.4735941333429228,0.00014956350788,87,52,4.592441435952119,-1.0629907355545996,-2.4800046554267414
-1.0492468404518038,-2.4735939469515236,0.00015115880524,87,52,4.592441435952119,-1.0629907355545996,-2.4800046554267414
-1.0486951662843964,-2.473591436880692,0.00014903095143,87,52,4.592441435952119,-1.0629907355545996,-2.4800046554267414
-1.0481841648417745,-2.4735924806725227,0.00014718766033,87,52,4.592441435952119,-1.0629907355545996,-2.4800046554267414
-1.04765876686538,-2.473596034535185,0.00015127949882,87,52,4.592441435952119,-1.0629907355545996,-2.4800046554267414
-1.0471253526372262,-2.4735953511000575,0.0001501578954,87,52,4.592441435952119,-1.0629907355545996,-2.4800046554267414
-1.046597286771705,-2.4735959724047176,0.00014850142179,87,52,4.592441435952119,-1.0629907355545996,-2.4800046554267414
-1.04606598671984,-2.4735920333331665,0.00014951862977,87,52,4.592441435952119,-1.0629907355545996,-2.4800046554267414
-1.0455398210961024,-2.4735970907531075,0.00015010373318,87,52,4.592441435952119,-1.0629907355545996,-2.4800046554267414
-1.0450321796836513,-2.47359243096815,0.00015118159354,87,52,4.592441435952119,-1.0629907355545996,-2.4800046554267414
-1.0445226883669494,-2.4735978114665165,0.00015093667025,87,52,4.592441435952119,-1.0629907355545996,-2.4800046554267414
-1.0440173876496757,-2.473595537491456,0.0001490835275,87,52,4.592441435952119,-1.0629907355545996,-2.4800046554267414
-1.0435147674059102,-2.473594431569158,0.00015029645874,87,52,4.592441435952119,-1.0629907355545996,-2.4800046554267414
-1.0430053264267394,-2.4735946676649294,0.00014848043793,87,52,4.592441435952119,-1.0629907355545996,-2.4800046554267414
-1.0425047070998177,-2.473596755248591,0.00014903311967,87,52,4.592441435952119,-1.0629907355545996,-2.4800046554267414
-1.0419991924480385,-2.473595313821776,0.00015017774422,87,52,4.592441435952119,-1.0629907355545996,-2.4800046554267414
-1.0414938791463817,-2.4735957487350415,0.00014820239448,87,52,4.592441435952119,-1.0629907355545996,-2.4800046554267414
-1.0409962549025356,-2.4735953511000575,0.00014852777531,87,52,4.592441435952119,-1.0629907355545996,-2.4800046554267414
-1.0874117242883514,-2.473013959050446,4.283196904e-05,87,52,4.592441435952119,-1.0629907355545996,-2.4800046554267414
-1.0868147589277228,-2.4730126418845666,5.3124538681e-05,87,52,4.592441435952119,-1.0629907355545996,-2.4800046554267414
-1.086215654222041,-2.473011436553523,1.4136371362e-07,87,52,4.592441435952119,-1.0629907355545996,-2.4800046554267414
-1.0856201234810368,-2.4730121572669286,1.4102471368e-07,87,52,4.592441435952119,-1.0629907355545996,-2.4800046554267414
-1.0850300417777279,-2.473008814647855,0.00014517160889,87,52,4.592441435952119,-1.0629907355545996,-2.4800046554267414
-1.084444289102057,-2.4730118093363207,0.00015010336938,87,52,4.592441435952119,-1.0629907355545996,-2.4800046554267414
-1.0838617957814964,-2.4730100324049897,0.00015147629892,87,52,4.592441435952119,-1.0629907355545996,-2.4800046554267414
-1.083288149281953,-2.473012592180194,0.00014331389684,87,52,4.592441435952119,-1.0629907355545996,-2.4800046554267414
-1.0826827020474061,-2.473006702212007,0.00012641416106,87,52,4.592441435952119,-1.0629907355545996,-2.4800046554267414
-1.0820983965757411,-2.4730089389087864,0.00010420596664,87,52,4.592441435952119,-1.0629907355545996,-2.4800046554267414
-1.0815061755273785,-2.4730085164216162,9.4008850283e-05,87,52,4.592441435952119,-1.0629907355545996,-2.4800046554267414
-1.0809168111338818,-2.473006416411863,8.464124403e-05,87,52,4.592441435952119,-1.0629907355545996,-2.4800046554267414
-1.0803284534909985,-2.473008864352227,7.7414493717e-05,87,52,4.592441435952119,-1.0629907355545996,-2.4800046554267414
-1.0797346719791847,-2.4730054968809636,7.7889548265e-05,87,52,4.592441435952119,-1.0629907355545996,-2.4800046554267414
-1.07917215007392,-2.473009261987208,7.7734257502e-05,87,52,4.592441435952119,-1.0629907355545996,-2.4800046554267414
-1.0785920226173,-2.4730063542813956,7.782933244e-05,87,52,4.592441435952119,-1.0629907355545996,-2.4800046554267414
-1.0780121971858663,-2.473006851325125,7.9609264503e-05,87,52,4.592441435952119,-1.0629907355545996,-2.4800046554267414
-1.0774345236838692,-2.473010902231513,7.8265642514e-05,87,52,4.592441435952119,-1.0629907355545996,-2.4800046554267414
-1.0768581337889018,-2.4730105294487186,7.7576594776e-05,87,52,4.592441435952119,-1.0629907355545996,-2.4800046554267414
-1.0762848018989242,-2.4730090631697177,7.699582784e-05,87,52,4.592441435952119,-1.0629907355545996,-2.4800046554267414
-1.0757343610010208,-2.4730091750045577,7.927853585e-05,87,52,4.592441435952119,-1.0629907355545996,-2.4800046554267414
-1.0751888028435914,-2.4730112625882192,7.8297009168e-05,87,52,4.592441435952119,-1.0629907355545996,-2.4800046554267414
-1.074646290106767,-2.4730113744230557,8.0381934822e-05,87,52,4.592441435952119,-1.0629907355545996,-2.4800046554267414
-1.074105539183518,-2.4730112501621244,7.9129655205e-05,87,52,4.592441435952119,-1.0629907355545996,-2.4800046554267414
-1.0735635298220019,-2.4730105170226238,7.90454651e-05,87,52,4.592441435952119,-1.0629907355545996,-2.4800046554267414
-1.0730237478962166,-2.473006664933726,7.9091791122e-05,87,52,4.592441435952119,-1.0629907355545996,-2.4800046554267414
-1.072482644610252,-2.4730095726395382,7.5596741226e-05,87,52,4.592441435952119,-1.0629907355545996,-2.4800046554267414
-1.071944863601312,-2.4730096596221918,7.8142889834e-05,87,52,4.592441435952119,-1.0629907355545996,-2.4800046554267414
-1.071408202602429,-2.473009162578463,7.5888892752e-05,87,52,4.592441435952119,-1.0629907355545996,-2.4800046554267414
-1.0708702957496623,-2.4730091377262764,7.7372475062e-05,87,52,4.592441435952119,-1.0629907355545996,-2.4800046554267414
-1.0703386433350819,-2.4730094235264204,7.7813849202e-05,87,52,4.592441435952119,-1.0629907355545996,-2.4800046554267414
-1.0697836594750347,-2.4730090010392503,8.0357589468e-05,87,52,4.592441435952119,-1.0629907355545996,-2.4800046554267414
-1.0692710472314306,-2.4730074602036938,8.0090052506e-05,87,52,4.592441435952119,-1.0629907355545996,-2.4800046554267414
-1.0687416474213471,-2.4730108152488626,8.097490354e-05,87,52,4.592441435952119,-1.0629907355545996,-2.4800046554267414
-1.0682105487196027,-2.4730060560551568,7.8564655269e-05,87,52,4.592441435952119,-1.0629907355545996,-2.4800046554267414
-1.0676599064715768,-2.473007621742903,7.9009514593e-05,87,52,4.592441435952119,-1.0629907355545996,-2.4800046554267414
-1.0671464259055692,-2.473008864352227,7.8444354585e-05,87,52,4.592441435952119,-1.0629907355545996,-2.4800046554267414
-1.0666105199696463,-2.4730098335874957,7.980268856e-05,87,52,4.592441435952119,-1.0629907355545996,-2.4800046554267414
-1.0660766023661856,-2.4730084667172436,7.902590005e-05,87,52,4.592441435952119,-1.0629907355545996,-2.4800046554267414
-1.0655406838458794,-2.4730099329962445,7.8520977695e-05,87,52,4.592441435952119,-1.0629907355545996,-2.4800046554267414
-1.0650099626756167,-2.4730092247089304,7.8087803558e-05,87,52,4.592441435952119,-1.0629907355545996,-2.4800046554267414
-1.0644722445885892,-2.4730107158401173,7.8139564721e-05,87,52,4.592441435952119,-1.0629907355545996,-2.4800046554267414
-1.0639438011915883,-2.4730108028227678,7.5873031165e-05,87,52,4.592441435952119,-1.0629907355545996,-2.4800046554267414
-1.0634074799710374,-2.4730074974819716,7.6712152804e-05,87,52,4.592441435952119,-1.0629907355545996,-2.4800046554267414
-1.062877526448118,-2.473010554300905,7.6295145846e-05,87,52,4.592441435952119,-1.0629907355545996,-2.4800046554267414
-1.062344439413913,-2.4730126046062852,7.69381586e-05,87,52,4.592441435952119,-1.0629907355545996,-2.4800046554267414
-1.0618086844905814,-2.473009125300185,7.8115481301e-05,87,52,4.592441435952119,-1.0629907355545996,-2.4800046554267414
-1.061282581788758,-2.4730095105090744,7.531385927e-05,87,52,4.592441435952119,-1.0629907355545996,-2.4800046554267414
-1.060751835449729,-2.4730092868393942,6.3896819483e-05,87,52,4.592441435952119,-1.0629907355545996,-2.4800046554267414
-1.0602389966872376,-2.473010442466065,4.6424378525e-05,87,52,4.592441435952119,-1.0629907355545996,-2.4800046554267414
-1.0597211115872947,-2.4730146300594793,3.6426168663e-05,87,52,4.592441435952119,-1.0629907355545996,-2.4800046554267414
-1.0591964309207125,-2.473011038918539,7.1021648182e-05,87,52,4.592441435952119,-1.0629907355545996,-2.4800046554267414
-1.058674317468195,-2.4730105915791825,1.4135808613e-07,87,52,4.592441435952119,-1.0629907355545996,-2.4800046554267414
-1.0581548467360358,-2.4730096720482866,0.00012504238111,87,52,4.592441435952119,-1.0629907355545996,-2.4800046554267414
-1.0576334002557994,-2.473009299265489,0.00014586617181,87,52,4.592441435952119,-1.0629907355545996,-2.4800046554267414
-1.0571137030047535,-2.4730106661357416,0.00015006080503,87,52,4.592441435952119,-1.0629907355545996,-2.4800046554267414
-1.0565999078291783,-2.473011014066353,0.00014880075469,87,52,4.592441435952119,-1.0629907355545996,-2.4800046554267414
-1.056077567857772,-2.4730122442495825,0.00014725484652,87,52,4.592441435952119,-1.0629907355545996,-2.4800046554267414
-1.055561771765353,-2.473009150152371,0.00015030501527,87,52,4.592441435952119,-1.0629907355545996,-2.4800046554267414
-1.0550428547460318,-2.4730105915791825,0.00014979374828,87,52,4.592441435952119,-1.0629907355545996,-2.4800046554267414
-1.0545241013236866,-2.4730114986839906,0.00014821867808,87,52,4.592441435952119,-1.0629907355545996,-2.4800046554267414
-1.05401104862669,-2.473009386248143,0.00014783030201,87,52,4.592441435952119,-1.0629907355545996,-2.4800046554267414
-1.0534938556677944,-2.4730121199886512,0.00015164296201,87,52,4.592441435952119,-1.0629907355545996,-2.4800046554267414
-1.0529824766936924,-2.473012169693024,0.00015176142915,87,52,4.592441435952119,-1.0629907355545996,-2.4800046554267414
-1.052468392077316,-2.4730083424563123,0.00014975093654,87,52,4.592441435952119,-1.0629907355545996,-2.4800046554267414
-1.0519308501716462,-2.4730105170226238,0.00015233758313,87,52,4.592441435952119,-1.0629907355545996,-2.4800046554267414
-1.0513990341600912,-2.47301034305732,0.00015257493942,87,52,4.592441435952119,-1.0629907355545996,-2.4800046554267414
-1.0508678347832863,-2.473009883291872,0.00014946372539,87,52,4.592441435952119,-1.0629907355545996,-2.4800046554267414
-1.050331954016128,-2.4730113744230557,0.00014806036779,87,52,4.592441435952119,-1.0629907355545996,-2.4800046554267414
-1.0498006917174107,-2.4730074602036938,0.00015102750331,87,52,4.592441435952119,-1.0629907355545996,-2.4800046554267414
-1.0492698195345551,-2.4730111010490066,0.00014738354366,87,52,4.592441435952119,-1.0629907355545996,-2.4800046554267414
-1.048741615240826,-2.4730117472058533,0.00014792030561,87,52,4.592441435952119,-1.0629907355545996,-2.4800046554267414
-1.0482076472998343,-2.4730087773695737,0.00014864656259,87,52,4.592441435952119,-1.0629907355545996,-2.4800046554267414
-1.0476551048100233,-2.4730052483590974,0.00014812446898,87,52,4.592441435952119,-1.0629907355545996,-2.4800046554267414
-1.047148080032324,-2.473009013465345,0.0001473435259,87,52,4.592441435952119,-1.0629907355545996,-2.4800046554267414
-1.0466244438695032,-2.4730096471961005,0.00014642978203,87,52,4.592441435952119,-1.0629907355545996,-2.4800046554267414
-1.0460940373088063,-2.4730079323952334,0.00014824193204,87,52,4.592441435952119,-1.0629907355545996,-2.4800046554267414
-1.045566726506247,-2.473009336543767,0.0001478891063,87,52,4.592441435952119,-1.0629907355545996,-2.4800046554267414
-1.0450547434817763,-2.4730092371350216,0.00015040762082,87,52,4.592441435952119,-1.0629907355545996,-2.4800046554267414
-1.0445465231877227,-2.473010616431369,0.00014932571503,87,52,4.592441435952119,-1.0629907355545996,-2.4800046554267414
-1.0440410840422392,-2.473010628857464,0.00014779034245,87,52,4.592441435952119,-1.0629907355545996,-2.4800046554267414
-1.0435362489471245,-2.4730076341689977,0.00014715037833,87,52,4.592441435952119,-1.0629907355545996,-2.4800046554267414
-1.0430305581139876,-2.473009261987208,0.00014641156304,87,52,4.592441435952119,-1.0629907355545996,-2.4800046554267414
-1.0425249050340004,-2.473009448378607,0.00014886057761,87,52,4.592441435952119,-1.0629907355545996,-2.4800046554267414
-1.0420007151583417,-2.4730084294389623,0.00014887217549,87,52,4.592441435952119,-1.0629907355545996,-2.4800046554267414
-1.0414984221085253,-2.473010044831081,0.00014914602798,87,52,4.592441435952119,-1.0629907355545996,-2.4800046554267414
-1.0410144267511083,-2.4730092247089304,0.00015163954231,87,52,4.592441435952119,-1.0629907355545996,-2.4800046554267414
-1.0874179661421561,-2.4724221539347178,4.2491319618e-05,87,52,4.592441435952119,-1.0629907355545996,-2.4800046554267414
-1.0868241342928113,-2.4724190598375064,4.2543688323e-05,87,52,4.592441435952119,-1.0629907355545996,-2.4800046554267414
-1.0862291698490265,-2.47241653734058,1.4140393034e-07,87,52,4.592441435952119,-1.0629907355545996,-2.4800046554267414
-1.0856297379493955,-2.4724231853004532,1.4136494997e-07,87,52,4.592441435952119,-1.0629907355545996,-2.4800046554267414
-1.0850399079337398,-2.472422775239378,0.00014429815928,87,52,4.592441435952119,-1.0629907355545996,-2.4800046554267414
-1.084456558875159,-2.4724194077681143,0.00014915062638,87,52,4.592441435952119,-1.0629907355545996,-2.4800046554267414
-1.0838739900483028,-2.4724185503676823,0.00015044675092,87,52,4.592441435952119,-1.0629907355545996,-2.4800046554267414
-1.0832981286974086,-2.4724195568812357,0.00014590210048,87,52,4.592441435952119,-1.0629907355545996,-2.4800046554267414
-1.082698495447655,-2.4724222657695574,0.00012926383351,87,52,4.592441435952119,-1.0629907355545996,-2.4800046554267414
-1.082103140888007,-2.472421569908335,0.00010456830933,87,52,4.592441435952119,-1.0629907355545996,-2.4800046554267414
-1.0815075220563242,-2.472421880560665,9.2686394055e-05,87,52,4.592441435952119,-1.0629907355545996,-2.4800046554267414
-1.0809219203932445,-2.4724194077681143,8.388581773e-05,87,52,4.592441435952119,-1.0629907355545996,-2.4800046554267414
-1.0803360670425133,-2.4724187491851763,7.6647986134e-05,87,52,4.592441435952119,-1.0629907355545996,-2.4800046554267414
-1.0797548573289844,-2.4724184882372184,7.6140357123e-05,87,52,4.592441435952119,-1.0629907355545996,-2.4800046554267414
-1.0791690291470177,-2.4724212965342858,7.8500153904e-05,87,52,4.592441435952119,-1.0629907355545996,-2.4800046554267414
-1.0785791110406833,-2.472420886473207,7.7137272456e-05,87,52,4.592441435952119,-1.0629907355545996,-2.4800046554267414
-1.078019093427569,-2.4724185503676823,7.8843266238e-05,87,52,4.592441435952119,-1.0629907355545996,-2.4800046554267414
-1.0774420868978514,-2.4724163385230895,7.6713193266e-05,87,52,4.592441435952119,-1.0629907355545996,-2.4800046554267414
-1.076868490735839,-2.472416189409972,7.7632998e-05,87,52,4.592441435952119,-1.0629907355545996,-2.4800046554267414
-1.0762921385940194,-2.472418600072055,7.8687167843e-05,87,52,4.592441435952119,-1.0629907355545996,-2.4800046554267414
-1.075742402421545,-2.472416251540436,7.8897661297e-05,87,52,4.592441435952119,-1.0629907355545996,-2.4800046554267414
-1.0751996631658336,-2.4724186622025224,7.8996316006e-05,87,52,4.592441435952119,-1.0629907355545996,-2.4800046554267414
-1.0746532241016176,-2.4724219426911325,7.9969504441e-05,87,52,4.592441435952119,-1.0629907355545996,-2.4800046554267414
-1.0741133163320074,-2.472419743272631,7.8267439676e-05,87,52,4.592441435952119,-1.0629907355545996,-2.4800046554267414
-1.0735736476656672,-2.472417034384309,7.9426259617e-05,87,52,4.592441435952119,-1.0629907355545996,-2.4800046554267414
-1.0730316886416804,-2.472419718420445,7.7025666542e-05,87,52,4.592441435952119,-1.0629907355545996,-2.4800046554267414
-1.0724922842473752,-2.4724186497764276,7.7313365182e-05,87,52,4.592441435952119,-1.0629907355545996,-2.4800046554267414
-1.071954163460103,-2.4724187616112676,7.8466015111e-05,87,52,4.592441435952119,-1.0629907355545996,-2.4800046554267414
-1.0714203968692355,-2.472417357462734,7.9089208157e-05,87,52,4.592441435952119,-1.0629907355545996,-2.4800046554267414
-1.0708831695731316,-2.472422762813283,7.7442375186e-05,87,52,4.592441435952119,-1.0629907355545996,-2.4800046554267414
-1.0703485598286249,-2.4724213835169357,7.8988996393e-05,87,52,4.592441435952119,-1.0629907355545996,-2.4800046554267414
-1.0698127419833807,-2.4724213835169357,7.7803844761e-05,87,52,4.592441435952119,-1.0629907355545996,-2.4800046554267414
-1.069279466183435,-2.4724190474114116,7.7739183325e-05,87,52,4.592441435952119,-1.0629907355545996,-2.4800046554267414
-1.068745296892321,-2.47242416696182,7.7361350122e-05,87,52,4.592441435952119,-1.0629907355545996,-2.4800046554267414
-1.0682211196010454,-2.4724220545259725,7.9474230006e-05,87,52,4.592441435952119,-1.0629907355545996,-2.4800046554267414
-1.0676730697358472,-2.4724170219582176,7.8829405538e-05,87,52,4.592441435952119,-1.0629907355545996,-2.4800046554267414
-1.0671540646258488,-2.47242024031636,7.8869066783e-05,87,52,4.592441435952119,-1.0629907355545996,-2.4800046554267414
-1.0666003895415979,-2.472418513089405,7.9564015323e-05,87,52,4.592441435952119,-1.0629907355545996,-2.4800046554267414
-1.066090470355885,-2.472417891784741,7.7391581726e-05,87,52,4.592441435952119,-1.0629907355545996,-2.4800046554267414
-1.0655528529439195,-2.4724183639762836,7.776649727e-05,87,52,4.592441435952119,-1.0629907355545996,-2.4800046554267414
-1.0650189353404587,-2.472418972854853,7.9830067989e-05,87,52,4.592441435952119,-1.0629907355545996,-2.4800046554267414
-1.0644645051932478,-2.4724177923759956,7.8040335211e-05,87,52,4.592441435952119,-1.0629907355545996,-2.4800046554267414
-1.063950798108353,-2.472420737360089,7.4561758083e-05,87,52,4.592441435952119,-1.0629907355545996,-2.4800046554267414
-1.0634232356181388,-2.472420004220589,7.5867719715e-05,87,52,4.592441435952119,-1.0629907355545996,-2.4800046554267414
-1.0628885881204826,-2.4724179787673948,7.6442927821e-05,87,52,4.592441435952119,-1.0629907355545996,-2.4800046554267414
-1.0623612269803924,-2.4724190722635977,7.8142700659e-05,87,52,4.592441435952119,-1.0629907355545996,-2.4800046554267414
-1.0618275736489664,-2.472419457472487,7.7825032349e-05,87,52,4.592441435952119,-1.0629907355545996,-2.4800046554267414
-1.0612987527204871,-2.472418600072055,7.8272983956e-05,87,52,4.592441435952119,-1.0629907355545996,-2.4800046554267414
-1.06076645850239,-2.4724160651490403,6.8634974014e-05,87,52,4.592441435952119,-1.0629907355545996,-2.4800046554267414
-1.0602561366164307,-2.472416686453701,4.4463464292e-05,87,52,4.592441435952119,-1.0629907355545996,-2.4800046554267414
-1.0597280329977636,-2.4724187740373624,3.2998850656e-05,87,52,4.592441435952119,-1.0629907355545996,-2.4800046554267414
-1.0592078323714091,-2.4724187740373624,5.8598281612e-05,87,52,4.592441435952119,-1.0629907355545996,-2.4800046554267414
-1.0586860838659884,-2.4724179042108356,1.4099070711e-07,87,52,4.592441435952119,-1.0629907355545996,-2.4800046554267414
-1.0581465536278583,-2.4724161769838773,0.00013377409778,87,52,4.592441435952119,-1.0629907355545996,-2.4800046554267414
-1.0576503514192532,-2.4724184882372184,0.00014392456796,87,52,4.592441435952119,-1.0629907355545996,-2.4800046554267414
-1.0571289301077818,-2.4724164503579296,0.00014768006804,87,52,4.592441435952119,-1.0629907355545996,-2.4800046554267414
-1.0566085533000713,-2.4724169971060315,0.00014889433805,87,52,4.592441435952119,-1.0629907355545996,-2.4800046554267414
-1.0560903158374144,-2.472419432620301,0.00014906079741,87,52,4.592441435952119,-1.0629907355545996,-2.4800046554267414
-1.0555762312210397,-2.4724207870644617,0.00014882542018,87,52,4.592441435952119,-1.0629907355545996,-2.4800046554267414
-1.0550337688217462,-2.4724159160359194,0.00014969774929,87,52,4.592441435952119,-1.0629907355545996,-2.4800046554267414
-1.0545386740388167,-2.4724168976972862,0.00014985316375,87,52,4.592441435952119,-1.0629907355545996,-2.4800046554267414
-1.0540264015735448,-2.472419432620301,0.00014969430049,87,52,4.592441435952119,-1.0629907355545996,-2.4800046554267414
-1.0535087933300213,-2.4724216444648937,0.00015079128207,87,52,4.592441435952119,-1.0629907355545996,-2.4800046554267414
-1.0529935131972923,-2.472418537941591,0.00014938657114,87,52,4.592441435952119,-1.0629907355545996,-2.4800046554267414
-1.052476534172902,-2.4724238190312087,0.00015130860265,87,52,4.592441435952119,-1.0629907355545996,-2.4800046554267414
-1.051941559481297,-2.472420538542599,0.00014947987802,87,52,4.592441435952119,-1.0629907355545996,-2.4800046554267414
-1.0514080445780811,-2.472422862222032,0.000147509214,87,52,4.592441435952119,-1.0629907355545996,-2.4800046554267414
-1.0508763418259695,-2.4724223403261165,0.00014817596821,87,52,4.592441435952119,-1.0629907355545996,-2.4800046554267414
-1.050343128947938,-2.472422390030489,0.00015075362171,87,52,4.592441435952119,-1.0629907355545996,-2.4800046554267414
-1.0498114387802095,-2.4724245273185232,0.00014929308963,87,52,4.592441435952119,-1.0629907355545996,-2.4800046554267414
-1.049281183232104,-2.4724225142914205,0.00014827304403,87,52,4.592441435952119,-1.0629907355545996,-2.4800046554267414
-1.0487454408931574,-2.472422775239378,0.0001496214536,87,52,4.592441435952119,-1.0629907355545996,-2.4800046554267414
-1.048220923823548,-2.472419743272631,0.00014899107919,87,52,4.592441435952119,-1.0629907355545996,-2.4800046554267414
-1.0476874466734816,-2.472423235004826,0.00014895487402,87,52,4.592441435952119,-1.0629907355545996,-2.4800046554267414
-1.047157996525867,-2.472422588847979,0.00015023870219,87,52,4.592441435952119,-1.0629907355545996,-2.4800046554267414
-1.0466306353857768,-2.472421855708479,0.00014817740885,87,52,4.592441435952119,-1.0629907355545996,-2.4800046554267414
-1.0461026072734037,-2.4724211971255405,0.00014913071936,87,52,4.592441435952119,-1.0629907355545996,-2.4800046554267414
-1.0455725153222744,-2.4724229989090545,0.00014962170098,87,52,4.592441435952119,-1.0629907355545996,-2.4800046554267414
-1.0450639678342717,-2.4724197681248175,0.00015040089784,87,52,4.592441435952119,-1.0629907355545996,-2.4800046554267414
-1.044557912054038,-2.4724193580637417,0.00015067649656,87,52,4.592441435952119,-1.0629907355545996,-2.4800046554267414
-1.0440508495231908,-2.472423061039522,0.00015040484141,87,52,4.592441435952119,-1.0629907355545996,-2.4800046554267414
-1.0435445672240684,-2.4724207870644617,0.0001504325628,87,52,4.592441435952119,-1.0629907355545996,-2.4800046554267414
-1.0430454328543022,-2.4724246391533597,0.00014953852224,87,52,4.592441435952119,-1.0629907355545996,-2.4800046554267414
-1.0425367343537082,-2.4724225391436065,0.00015031926159,87,52,4.592441435952119,-1.0629907355545996,-2.4800046554267414
-1.0420317482460004,-2.47242405512698,0.00014974446094,87,52,4.592441435952119,-1.0629907355545996,-2.4800046554267414
-1.0415337464706742,-2.4724228125176593,0.00014814083988,87,52,4.592441435952119,-1.0629907355545996,-2.4800046554267414
-1.0410308116173428,-2.4724216320388024,0.00014792916772,87,52,4.592441435952119,-1.0629907355545996,-2.4800046554267414
-1.0874050293967727,-2.471837580805242,4.2573337851e-05,87,52,4.592441435952119,-1.0629907355545996,-2.4800046554267414
-1.0868086680865114,-2.4718359902653093,4.5808770665e-05,87,52,4.592441435952119,-1.0629907355545996,-2.4800046554267414
-1.0862102303531123,-2.4718303985233616,1.4095566314e-07,87,52,4.592441435952119,-1.0629907355545996,-2.4800046554267414
-1.0856161090629664,-2.471834113925233,1.4170588258e-07,87,52,4.592441435952119,-1.0629907355545996,-2.4800046554267414
-1.0850281037827967,-2.4718310446802083,0.00014420747175,87,52,4.592441435952119,-1.0629907355545996,-2.4800046554267414
-1.0844438360642812,-2.47183170326315,0.00014955049846,87,52,4.592441435952119,-1.0629907355545996,-2.4800046554267414
-1.08386355759507,-2.471829379583717,0.00014856942289,87,52,4.592441435952119,-1.0629907355545996,-2.4800046554267414
-1.0832890679418876,-2.4718304979321064,0.00014076734078,87,52,4.592441435952119,-1.0629907355545996,-2.4800046554267414
-1.0826903533520689,-2.471830535210384,0.00012229914137,87,52,4.592441435952119,-1.0629907355545996,-2.4800046554267414
-1.082096886449821,-2.471829652957766,0.00010816037684,87,52,4.592441435952119,-1.0629907355545996,-2.4800046554267414
-1.0815047660765205,-2.4718283233657914,9.2905982456e-05,87,52,4.592441435952119,-1.0629907355545996,-2.4800046554267414
-1.080917163496597,-2.4718309328453683,8.3883001935e-05,87,52,4.592441435952119,-1.0629907355545996,-2.4800046554267414
-1.0803323546496255,-2.471831728115336,7.7334523667e-05,87,52,4.592441435952119,-1.0629907355545996,-2.4800046554267414
-1.07973577940486,-2.4718282860875136,7.8118930105e-05,87,52,4.592441435952119,-1.0629907355545996,-2.4800046554267414
-1.0791739496406414,-2.4718319269328264,7.7431235695e-05,87,52,4.592441435952119,-1.0629907355545996,-2.4800046554267414
-1.0785945394938354,-2.4718320263415716,8.0615493061e-05,87,52,4.592441435952119,-1.0629907355545996,-2.4800046554267414
-1.0780180740925724,-2.471828957096547,7.5485921116e-05,87,52,4.592441435952119,-1.0629907355545996,-2.4800046554267414
-1.0774399978903288,-2.471829864201351,7.5706324424e-05,87,52,4.592441435952119,-1.0629907355545996,-2.4800046554267414
-1.0768654578996155,-2.4718279630090887,7.8353710705e-05,87,52,4.592441435952119,-1.0629907355545996,-2.4800046554267414
-1.0762945925486407,-2.471831728115336,7.6980235463e-05,87,52,4.592441435952119,-1.0629907355545996,-2.4800046554267414
-1.0757411062301305,-2.471829155914037,7.7778211562e-05,87,52,4.592441435952119,-1.0629907355545996,-2.4800046554267414
-1.0751989081028737,-2.471828795557334,7.5707823271e-05,87,52,4.592441435952119,-1.0629907355545996,-2.4800046554267414
-1.074653387698592,-2.4718287582790563,7.7627555584e-05,87,52,4.592441435952119,-1.0629907355545996,-2.4800046554267414
-1.0741133666695384,-2.4718297399404197,7.8006996773e-05,87,52,4.592441435952119,-1.0629907355545996,-2.4800046554267414
-1.073576403645471,-2.471829814496979,7.8153854702e-05,87,52,4.592441435952119,-1.0629907355545996,-2.4800046554267414
-1.0730167006419224,-2.4718299884622827,7.6312979218e-05,87,52,4.592441435952119,-1.0629907355545996,-2.4800046554267414
-1.072496474846805,-2.471826670695395,7.8222350567e-05,87,52,4.592441435952119,-1.0629907355545996,-2.4800046554267414
-1.0719609086892143,-2.471826273060411,7.6239222835e-05,87,52,4.592441435952119,-1.0629907355545996,-2.4800046554267414
-1.0714252921940928,-2.4718286091659354,7.7632816101e-05,87,52,4.592441435952119,-1.0629907355545996,-2.4800046554267414
-1.0708861269030594,-2.471829081357478,7.6399184763e-05,87,52,4.592441435952119,-1.0629907355545996,-2.4800046554267414
-1.070355607082919,-2.4718274908175455,7.9767283751e-05,87,52,4.592441435952119,-1.0629907355545996,-2.4800046554267414
-1.0698174988800282,-2.4718300257405637,7.9456913227e-05,87,52,4.592441435952119,-1.0629907355545996,-2.4800046554267414
-1.0692812405813916,-2.471830659471319,7.7013995906e-05,87,52,4.592441435952119,-1.0629907355545996,-2.4800046554267414
-1.068753904610066,-2.4718299263318184,7.8875142208e-05,87,52,4.592441435952119,-1.0629907355545996,-2.4800046554267414
-1.0682201757723446,-2.471828795557334,7.8211924119e-05,87,52,4.592441435952119,-1.0629907355545996,-2.4800046554267414
-1.0676941989143478,-2.471829864201351,8.0476420408e-05,87,52,4.592441435952119,-1.0629907355545996,-2.4800046554267414
-1.0671626345904444,-2.471829230470599,7.8040677181e-05,87,52,4.592441435952119,-1.0629907355545996,-2.4800046554267414
-1.066621871082812,-2.4718316287065876,7.9493300291e-05,87,52,4.592441435952119,-1.0629907355545996,-2.4800046554267414
-1.0660864811065789,-2.471830734027878,7.8370823758e-05,87,52,4.592441435952119,-1.0629907355545996,-2.4800046554267414
-1.0655546021731097,-2.471828907392174,7.7513679571e-05,87,52,4.592441435952119,-1.0629907355545996,-2.4800046554267414
-1.065020395128848,-2.4718292553227856,7.8662036685e-05,87,52,4.592441435952119,-1.0629907355545996,-2.4800046554267414
-1.0644896362054372,-2.4718255399209106,7.5788098911e-05,87,52,4.592441435952119,-1.0629907355545996,-2.4800046554267414
-1.0639593554885671,-2.4718320263415716,7.7321827121e-05,87,52,4.592441435952119,-1.0629907355545996,-2.4800046554267414
-1.0634221030236986,-2.4718307713061556,7.5140676927e-05,87,52,4.592441435952119,-1.0629907355545996,-2.4800046554267414
-1.062890261843377,-2.471830236984149,7.8511962784e-05,87,52,4.592441435952119,-1.0629907355545996,-2.4800046554267414
-1.0623613654086004,-2.47183005059275,7.7100950875e-05,87,52,4.592441435952119,-1.0629907355545996,-2.4800046554267414
-1.061829524228281,-2.471828795557334,7.8733522969e-05,87,52,4.592441435952119,-1.0629907355545996,-2.4800046554267414
-1.0613017100504132,-2.471829478992462,8.0842139141e-05,87,52,4.592441435952119,-1.0629907355545996,-2.4800046554267414
-1.0607724612529228,-2.471830125149309,7.3703355156e-05,87,52,4.592441435952119,-1.0629907355545996,-2.4800046554267414
-1.0602564260572318,-2.471831131662862,4.9778074754e-05,87,52,4.592441435952119,-1.0629907355545996,-2.4800046554267414
-1.05973528160218,-2.4718303239668025,3.7414869439e-05,87,52,4.592441435952119,-1.0629907355545996,-2.4800046554267414
-1.0592116202705928,-2.4718274783914542,6.4692023443e-05,87,52,4.592441435952119,-1.0629907355545996,-2.4800046554267414
-1.0586927158356545,-2.471830410949453,0.00010284173186,87,52,4.592441435952119,-1.0629907355545996,-2.4800046554267414
-1.058170916992703,-2.471830510358198,0.00013003050117,87,52,4.592441435952119,-1.0629907355545996,-2.4800046554267414
-1.0576536611118947,-2.4718299884622827,0.00014534746879,87,52,4.592441435952119,-1.0629907355545996,-2.4800046554267414
-1.0571348825207834,-2.4718302742624267,0.00014841310622,87,52,4.592441435952119,-1.0629907355545996,-2.4800046554267414
-1.056615172685354,-2.4718316411326824,0.00015054548567,87,52,4.592441435952119,-1.0629907355545996,-2.4800046554267414
-1.0560956264469012,-2.471832225159065,0.00015017969417,87,52,4.592441435952119,-1.0629907355545996,-2.4800046554267414
-1.0555825989186691,-2.4718285718876576,0.00015042646555,87,52,4.592441435952119,-1.0629907355545996,-2.4800046554267414
-1.0550607119850386,-2.4718317902458002,0.00015013606753,87,52,4.592441435952119,-1.0629907355545996,-2.4800046554267414
-1.054547835469398,-2.471830261836335,0.00015056465054,87,52,4.592441435952119,-1.0629907355545996,-2.4800046554267414
-1.0540312213921064,-2.471830348818989,0.00015251884179,87,52,4.592441435952119,-1.0629907355545996,-2.4800046554267414
-1.0535130594357451,-2.471831541723937,0.00015095074195,87,52,4.592441435952119,-1.0629907355545996,-2.4800046554267414
-1.0530032535094775,-2.4718330328551246,0.0001473268203,87,52,4.592441435952119,-1.0629907355545996,-2.4800046554267414
-1.0524838834523806,-2.4718300257405637,0.00014780049969,87,52,4.592441435952119,-1.0629907355545996,-2.4800046554267414
-1.0519570256875954,-2.4718301997058676,0.00015023373999,87,52,4.592441435952119,-1.0629907355545996,-2.4800046554267414
-1.0514207548045755,-2.4718296156794883,0.00015037192497,87,52,4.592441435952119,-1.0629907355545996,-2.4800046554267414
-1.0508873405764216,-2.4718332440987063,0.00015113568224,87,52,4.592441435952119,-1.0629907355545996,-2.4800046554267414
-1.050355914680728,-2.471830510358198,0.00015118767624,87,52,4.592441435952119,-1.0629907355545996,-2.4800046554267414
-1.0498255081200312,-2.47183201391548,0.0001504883694,87,52,4.592441435952119,-1.0629907355545996,-2.4800046554267414
-1.0492953154938416,-2.471832573089673,0.00015098512813,87,52,4.592441435952119,-1.0629907355545996,-2.4800046554267414
-1.0487664442278295,-2.471832510959209,0.00015097523283,87,52,4.592441435952119,-1.0629907355545996,-2.4800046554267414
-1.0482346659694224,-2.4718304606538255,0.00014987392933,87,52,4.592441435952119,-1.0629907355545996,-2.4800046554267414
-1.0477033659175554,-2.471830261836335,0.00015148083912,87,52,4.592441435952119,-1.0629907355545996,-2.4800046554267414
-1.0471793899764024,-2.471832187880784,0.00015067572531,87,52,4.592441435952119,-1.0629907355545996,-2.4800046554267414
-1.0466478759900317,-2.4718307961583417,0.00015078645083,87,52,4.592441435952119,-1.0629907355545996,-2.4800046554267414
-1.0461235728549279,-2.471833741142435,0.00014972432109,87,52,4.592441435952119,-1.0629907355545996,-2.4800046554267414
-1.0455935186569465,-2.471832088472039,0.00014954910148,87,52,4.592441435952119,-1.0629907355545996,-2.4800046554267414
-1.0450786789776099,-2.4718327719071667,0.00014907006698,87,52,4.592441435952119,-1.0629907355545996,-2.4800046554267414
-1.0445736299479895,-2.471835145290972,0.00014860033116,87,52,4.592441435952119,-1.0629907355545996,-2.4800046554267414
-1.044072318480022,-2.4718345985428707,0.00015044034808,87,52,4.592441435952119,-1.0629907355545996,-2.4800046554267414
-1.0435661368559617,-2.4718301872797763,0.00014948705211,87,52,4.592441435952119,-1.0629907355545996,-2.4800046554267414
-1.0430601314132588,-2.4718355056476753,0.00015161828196,87,52,4.592441435952119,-1.0629907355545996,-2.4800046554267414
-1.0425553969932044,-2.4718319269328264,0.00015143142082,87,52,4.592441435952119,-1.0629907355545996,-2.4800046554267414
-1.0420585026435538,-2.471831939358921,0.00015027195332,87,52,4.592441435952119,-1.0629907355545996,-2.4800046554267414
-1.041552811810417,-2.4718345612645893,0.00015110032109,87,52,4.592441435952119,-1.0629907355545996,-2.4800046554267414
-1.0410508962920804,-2.471835729317352,0.00015062150487,87,52,4.592441435952119,-1.0629907355545996,-2.4800046554267414
-1.0874203697592444,-2.471232442491488,4.4824504585e-05,87,52,4.592441435952119,-1.0629907355545996,-2.4800046554267414
-1.0868262358847172,-2.4712323927871123,4.2491603381e-05,87,52,4.592441435952119,-1.0629907355545996,-2.4800046554267414
-1.0862236956425668,-2.4712326537350697,1.4165696882e-07,87,52,4.592441435952119,-1.0629907355545996,-2.4800046554267414
-1.0856300399745797,-2.471231833612919,1.4138524307e-07,87,52,4.592441435952119,-1.0629907355545996,-2.4800046554267414
-1.0850415942410176,-2.4712312744387224,0.00014682410983,87,52,4.592441435952119,-1.0629907355545996,-2.4800046554267414
-1.0844580438323128,-2.47123298923959,0.00014938395179,87,52,4.592441435952119,-1.0629907355545996,-2.4800046554267414
-1.083873574763675,-2.471228230045884,0.0001509628637,87,52,4.592441435952119,-1.0629907355545996,-2.4800046554267414
-1.0833003309643745,-2.471228304602443,0.00014669905067,87,52,4.592441435952119,-1.0629907355545996,-2.4800046554267414
-1.0826996406264766,-2.471228876202731,0.00013227996533,87,52,4.592441435952119,-1.0629907355545996,-2.4800046554267414
-1.082106765190216,-2.471231324143095,0.00011371428991,87,52,4.592441435952119,-1.0629907355545996,-2.4800046554267414
-1.0815183572098017,-2.4712332129092665,9.4348433777e-05,87,52,4.592441435952119,-1.0629907355545996,-2.4800046554267414
-1.0809279860656915,-2.4712283294546293,8.2455924712e-05,87,52,4.592441435952119,-1.0629907355545996,-2.4800046554267414
-1.0803417929366264,-2.4712312744387224,7.8223747551e-05,87,52,4.592441435952119,-1.0629907355545996,-2.4800046554267414
-1.0797600420946445,-2.471228950759293,7.7253600466e-05,87,52,4.592441435952119,-1.0629907355545996,-2.4800046554267414
-1.0791780018118597,-2.4712276087412235,7.6658332546e-05,87,52,4.592441435952119,-1.0629907355545996,-2.4800046554267414
-1.0786013476448575,-2.4712272980888934,7.5572090282e-05,87,52,4.592441435952119,-1.0629907355545996,-2.4800046554267414
-1.0780229568330482,-2.4712292241333422,7.6160002209e-05,87,52,4.592441435952119,-1.0629907355545996,-2.4800046554267414
-1.077450531018622,-2.4712257324011473,7.8478013165e-05,87,52,4.592441435952119,-1.0629907355545996,-2.4800046554267414
-1.0768750975367387,-2.4712279939501127,7.9676035966e-05,87,52,4.592441435952119,-1.0629907355545996,-2.4800046554267414
-1.0763014258684291,-2.471225098670392,7.8643490269e-05,87,52,4.592441435952119,-1.0629907355545996,-2.4800046554267414
-1.0757461525675809,-2.4712258815142647,7.6666670793e-05,87,52,4.592441435952119,-1.0629907355545996,-2.4800046554267414
-1.0752057917601932,-2.471228018802299,7.7438118751e-05,87,52,4.592441435952119,-1.0629907355545996,-2.4800046554267414
-1.0746608376531324,-2.471228453715564,7.6111231465e-05,87,52,4.592441435952119,-1.0629907355545996,-2.4800046554267414
-1.0741212319087048,-2.471225918792546,7.8868906712e-05,87,52,4.592441435952119,-1.0629907355545996,-2.4800046554267414
-1.0735783668091667,-2.471225769679428,7.6358017395e-05,87,52,4.592441435952119,-1.0629907355545996,-2.4800046554267414
-1.0730424357044792,-2.4712252726356994,7.7371405496e-05,87,52,4.592441435952119,-1.0629907355545996,-2.4800046554267414
-1.0725069953907151,-2.4712251359486728,7.7280245023e-05,87,52,4.592441435952119,-1.0629907355545996,-2.4800046554267414
-1.0719678678528295,-2.4712287643678943,7.7901204349e-05,87,52,4.592441435952119,-1.0629907355545996,-2.4800046554267414
-1.0714130098366093,-2.471226987436563,8.0318997789e-05,87,52,4.592441435952119,-1.0629907355545996,-2.4800046554267414
-1.070897478016225,-2.4712282921763515,8.0513898865e-05,87,52,4.592441435952119,-1.0629907355545996,-2.4800046554267414
-1.070361899274253,-2.4712270371409355,7.9583951447e-05,87,52,4.592441435952119,-1.0629907355545996,-2.4800046554267414
-1.0698283592022721,-2.47122752175857,7.8513359767e-05,87,52,4.592441435952119,-1.0629907355545996,-2.4800046554267414
-1.0692906536996278,-2.471228130637139,7.8963224951e-05,87,52,4.592441435952119,-1.0629907355545996,-2.4800046554267414
-1.0687585104941222,-2.4712267264886054,7.9247241956e-05,87,52,4.592441435952119,-1.0629907355545996,-2.4800046554267414
-1.0682325713892733,-2.4712259063664512,8.116850222e-05,87,52,4.592441435952119,-1.0629907355545996,-2.4800046554267414
-1.0677070098159027,-2.471232430065393,7.8926263086e-05,87,52,4.592441435952119,-1.0629907355545996,-2.4800046554267414
-1.0671680836281412,-2.4712283667329102,8.1266982306e-05,87,52,4.592441435952119,-1.0629907355545996,-2.4800046554267414
-1.066630944422716,-2.471230752542807,8.0450328824e-05,87,52,4.592441435952119,-1.0629907355545996,-2.4800046554267414
-1.0661019095597313,-2.4712305288731304,8.0832694948e-05,87,52,4.592441435952119,-1.0629907355545996,-2.4800046554267414
-1.0655648710293681,-2.4712286525330542,7.910552813e-05,87,52,4.592441435952119,-1.0629907355545996,-2.4800046554267414
-1.0650115357234493,-2.471229808159725,7.8217497503e-05,87,52,4.592441435952119,-1.0629907355545996,-2.4800046554267414
-1.0644986717921918,-2.4712250862443006,7.5853633462e-05,87,52,4.592441435952119,-1.0629907355545996,-2.4800046554267414
-1.063969448163466,-2.4712280312283936,7.8560762631e-05,87,52,4.592441435952119,-1.0629907355545996,-2.4800046554267414
-1.0634378586707998,-2.471227981524021,7.8620585555e-05,87,52,4.592441435952119,-1.0629907355545996,-2.4800046554267414
-1.0628872164227723,-2.471228702237427,7.6661584899e-05,87,52,4.592441435952119,-1.0629907355545996,-2.4800046554267414
-1.0623744531665769,-2.4712266395059515,7.8086588474e-05,87,52,4.592441435952119,-1.0629907355545996,-2.4800046554267414
-1.0618454434723548,-2.47122752175857,7.7828917711e-05,87,52,4.592441435952119,-1.0629907355545996,-2.4800046554267414
-1.0613145461207345,-2.47122519807914,7.8224664321e-05,87,52,4.592441435952119,-1.0629907355545996,-2.4800046554267414
-1.0607850833887384,-2.4712261921665952,7.5770338299e-05,87,52,4.592441435952119,-1.0629907355545996,-2.4800046554267414
-1.0602704324751429,-2.471229833011911,5.3595245845e-05,87,52,4.592441435952119,-1.0629907355545996,-2.4800046554267414
-1.0597466327153457,-2.4712257945316147,3.7994901504e-05,87,52,4.592441435952119,-1.0629907355545996,-2.4800046554267414
-1.0592252491570218,-2.4712300194033103,5.4306390666e-05,87,52,4.592441435952119,-1.0629907355545996,-2.4800046554267414
-1.0587042557145612,-2.471225173226954,1.4136709581e-07,87,52,4.592441435952119,-1.0629907355545996,-2.4800046554267414
-1.0581855022922162,-2.4712272856627986,1.4133109971e-07,87,52,4.592441435952119,-1.0629907355545996,-2.4800046554267414
-1.0576665852728948,-2.471228230045884,0.00014575416571,87,52,4.592441435952119,-1.0629907355545996,-2.4800046554267414
-1.0571440942888972,-2.4712283915850968,0.00014916522196,87,52,4.592441435952119,-1.0629907355545996,-2.4800046554267414
-1.0566287134811063,-2.471229012889757,0.00014971476048,87,52,4.592441435952119,-1.0629907355545996,-2.4800046554267414
-1.0561108157967816,-2.471230553725317,0.0001494311291,87,52,4.592441435952119,-1.0629907355545996,-2.4800046554267414
-1.0555923392308546,-2.471228441289469,0.00015002024884,87,52,4.592441435952119,-1.0629907355545996,-2.4800046554267414
-1.0550787454054016,-2.4712291495767835,0.00014911023027,87,52,4.592441435952119,-1.0629907355545996,-2.4800046554267414
-1.0545640189855103,-2.471228540698214,0.0001504670654,87,52,4.592441435952119,-1.0629907355545996,-2.4800046554267414
-1.0540450012911287,-2.4712281927676063,0.00014826771803,87,52,4.592441435952119,-1.0629907355545996,-2.4800046554267414
-1.0535305013901244,-2.4712299324206564,0.00015068694483,87,52,4.592441435952119,-1.0629907355545996,-2.4800046554267414
-1.0530179898215803,-2.4712250738182053,0.00014811333676,87,52,4.592441435952119,-1.0629907355545996,-2.4800046554267414
-1.0524997020213942,-2.4712259933491048,0.00014857860515,87,52,4.592441435952119,-1.0629907355545996,-2.4800046554267414
-1.0519723282969209,-2.4712297584553524,0.0001513674797,87,52,4.592441435952119,-1.0629907355545996,-2.4800046554267414
-1.051436334270319,-2.4712277578543413,0.00014786352403,87,52,4.592441435952119,-1.0629907355545996,-2.4800046554267414
-1.050907324576099,-2.471227969097926,0.00014890349121,87,52,4.592441435952119,-1.0629907355545996,-2.4800046554267414
-1.0503756344083688,-2.471230118812055,0.00015130609972,87,52,4.592441435952119,-1.0629907355545996,-2.4800046554267414
-1.0498424089459557,-2.4712300318294016,0.00015023328888,87,52,4.592441435952119,-1.0629907355545996,-2.4800046554267414
-1.0493129336295766,-2.4712258442359873,0.00014666456264,87,52,4.592441435952119,-1.0629907355545996,-2.4800046554267414
-1.048780903683516,-2.471228627680868,0.00014669237135,87,52,4.592441435952119,-1.0629907355545996,-2.4800046554267414
-1.048253680971634,-2.4712252974878854,0.00014848861611,87,52,4.592441435952119,-1.0629907355545996,-2.4800046554267414
-1.0477236645268002,-2.471226975010468,0.00014924029529,87,52,4.592441435952119,-1.0629907355545996,-2.4800046554267414
-1.0471946925857278,-2.4712251359486728,0.00015051855007,87,52,4.592441435952119,-1.0629907355545996,-2.4800046554267414
-1.0466684514556928,-2.471226888027818,0.00015070667723,87,52,4.592441435952119,-1.0629907355545996,-2.4800046554267414
-1.0461382965826511,-2.471227658445596,0.00014837180788,87,52,4.592441435952119,-1.0629907355545996,-2.4800046554267414
-1.0456090729539254,-2.4712275714629426,0.00014893943444,87,52,4.592441435952119,-1.0629907355545996,-2.4800046554267414
-1.0450966620604434,-2.4712276087412235,0.00014936325897,87,52,4.592441435952119,-1.0629907355545996,-2.4800046554267414
-1.0445999690609151,-2.4712275093324783,0.00014816771727,87,52,4.592441435952119,-1.0629907355545996,-2.4800046554267414
-1.0440950458751215,-2.471226030627386,0.0001521838858,87,52,4.592441435952119,-1.0629907355545996,-2.4800046554267414
-1.043587630981559,-2.471230118812055,0.00014785310486,87,52,4.592441435952119,-1.0629907355545996,-2.4800046554267414
-1.0430827203801487,-2.471227260810612,0.00014852057211,87,52,4.592441435952119,-1.0629907355545996,-2.4800046554267414
-1.04258046508348,-2.4712258690881734,0.00014887622092,87,52,4.592441435952119,-1.0629907355545996,-2.4800046554267414
-1.042078901927859,-2.47122609275785,0.00015092878311,87,52,4.592441435952119,-1.0629907355545996,-2.4800046554267414
-1.0415767095531043,-2.4712257199750556,0.00014831614681,87,52,4.592441435952119,-1.0629907355545996,-2.4800046554267414
-1.0410744039189048,-2.4712261424622226,0.00015150796389,87,52,4.592441435952119,-1.0629907355545996,-2.4800046554267414
-1.0873929735581762,-2.470575487369002,4.4360920583e-05,87,52,4.592441435952119,-1.0629907355545996,-2.4800046554267414
-1.086796398313411,-2.470578121700765,3.916728383e-05,87,52,4.592441435952119,-1.0629907355545996,-2.4800046554267414
-1.086194197849593,-2.470573710437671,1.4135198967e-07,87,52,4.592441435952119,-1.0629907355545996,-2.4800046554267414
-1.0856013979196264,-2.470576754830509,1.4133115656e-07,87,52,4.592441435952119,-1.0629907355545996,-2.4800046554267414
-1.0850144623119844,-2.4705737725681347,0.00014531782654,87,52,4.592441435952119,-1.0629907355545996,-2.4800046554267414
-1.08443048403427,-2.4705713743321462,0.00014857265342,87,52,4.592441435952119,-1.0629907355545996,-2.4800046554267414
-1.0838514640033257,-2.470575201568858,0.00015138063463,87,52,4.592441435952119,-1.0629907355545996,-2.4800046554267414
-1.083273626904354,-2.470574157777027,0.00014613528037,87,52,4.592441435952119,-1.0629907355545996,-2.4800046554267414
-1.0826766992968733,-2.4705712500712114,0.00013007546659,87,52,4.592441435952119,-1.0629907355545996,-2.4800046554267414
-1.0820800107926627,-2.470573051854729,0.00010572058818,87,52,4.592441435952119,-1.0629907355545996,-2.4800046554267414
-1.0814877268223877,-2.4705721074716434,9.5410490758e-05,87,52,4.592441435952119,-1.0629907355545996,-2.4800046554267414
-1.0808913655121262,-2.470568242956654,8.1850550487e-05,87,52,4.592441435952119,-1.0629907355545996,-2.4800046554267414
-1.080322412987318,-2.4705733997853403,7.720557187e-05,87,52,4.592441435952119,-1.0629907355545996,-2.4800046554267414
-1.0797377551529392,-2.470577786196245,7.6456744864e-05,87,52,4.592441435952119,-1.0629907355545996,-2.4800046554267414
-1.0791583198373669,-2.4705705790621786,7.5332864071e-05,87,52,4.592441435952119,-1.0629907355545996,-2.4800046554267414
-1.0785777141742066,-2.4705760838214763,7.5657990237e-05,87,52,4.592441435952119,-1.0629907355545996,-2.4800046554267414
-1.0780019660827576,-2.4705701441489167,7.5254458352e-05,87,52,4.592441435952119,-1.0629907355545996,-2.4800046554267414
-1.0774268723792064,-2.4705712252190253,7.7167940617e-05,87,52,4.592441435952119,-1.0629907355545996,-2.4800046554267414
-1.0768502307965875,-2.4705757110386783,7.8202305303e-05,87,52,4.592441435952119,-1.0629907355545996,-2.4800046554267414
-1.07627789307284,-2.4705746051163837,7.6393807831e-05,87,52,4.592441435952119,-1.0629907355545996,-2.4800046554267414
-1.075727502512466,-2.470571411610424,7.7168122516e-05,87,52,4.592441435952119,-1.0629907355545996,-2.4800046554267414
-1.075182523236639,-2.4705738844029748,7.8327066149e-05,87,52,4.592441435952119,-1.0629907355545996,-2.4800046554267414
-1.0746410172504297,-2.470573698011576,7.6325777627e-05,87,52,4.592441435952119,-1.0629907355545996,-2.4800046554267414
-1.0741047211986452,-2.470573449489713,7.9440447735e-05,87,52,4.592441435952119,-1.0629907355545996,-2.4800046554267414
-1.0735627873434233,-2.470575773169146,8.1023390521e-05,87,52,4.592441435952119,-1.0629907355545996,-2.4800046554267414
-1.0730221622640008,-2.4705722317325782,8.0711950432e-05,87,52,4.592441435952119,-1.0629907355545996,-2.4800046554267414
-1.072486923300359,-2.4705731015591015,7.7189753938e-05,87,52,4.592441435952119,-1.0629907355545996,-2.4800046554267414
-1.0719460087801354,-2.4705711133841888,8.1462567323e-05,87,52,4.592441435952119,-1.0629907355545996,-2.4800046554267414
-1.0714141550154308,-2.4705702932620346,7.8774806752e-05,87,52,4.592441435952119,-1.0629907355545996,-2.4800046554267414
-1.0708744485959427,-2.470575052455737,7.8009456047e-05,87,52,4.592441435952119,-1.0629907355545996,-2.4800046554267414
-1.0703244984889628,-2.4705678453216704,7.9297664342e-05,87,52,4.592441435952119,-1.0629907355545996,-2.4800046554267414
-1.0698121253486288,-2.4705709642710674,7.6570097008e-05,87,52,4.592441435952119,-1.0629907355545996,-2.4800046554267414
-1.0692783084202302,-2.4705725175327222,7.933141751e-05,87,52,4.592441435952119,-1.0629907355545996,-2.4800046554267414
-1.0687471342121901,-2.4705726169414675,7.9206409282e-05,87,52,4.592441435952119,-1.0629907355545996,-2.4800046554267414
-1.0682144372938482,-2.470573722863762,7.6425232692e-05,87,52,4.592441435952119,-1.0629907355545996,-2.4800046554267414
-1.0676918833879365,-2.47057266664584,7.9538469436e-05,87,52,4.592441435952119,-1.0629907355545996,-2.4800046554267414
-1.0671534857442446,-2.4705714613147967,8.0117803009e-05,87,52,4.592441435952119,-1.0629907355545996,-2.4800046554267414
-1.0666217200702206,-2.470574443577171,8.0043821072e-05,87,52,4.592441435952119,-1.0629907355545996,-2.4800046554267414
-1.066065578446967,-2.4705699950357958,7.6285636169e-05,87,52,4.592441435952119,-1.0629907355545996,-2.4800046554267414
-1.0655534695786697,-2.4705739216812557,7.6630807598e-05,87,52,4.592441435952119,-1.0629907355545996,-2.4800046554267414
-1.0650213012043992,-2.4705716601322902,7.6315860497e-05,87,52,4.592441435952119,-1.0629907355545996,-2.4800046554267414
-1.0644917000441936,-2.4705743441684263,7.7392593084e-05,87,52,4.592441435952119,-1.0629907355545996,-2.4800046554267414
-1.0639607146018943,-2.4705691873397364,7.7151402365e-05,87,52,4.592441435952119,-1.0629907355545996,-2.4800046554267414
-1.063427476555098,-2.470570268409848,7.772121171e-05,87,52,4.592441435952119,-1.0629907355545996,-2.4800046554267414
-1.062894200755152,-2.4705691749136447,7.6724158134e-05,87,52,4.592441435952119,-1.0629907355545996,-2.4800046554267414
-1.062363227897236,-2.4705716104279145,7.7696473454e-05,87,52,4.592441435952119,-1.0629907355545996,-2.4800046554267414
-1.0618324563894423,-2.4705712252190253,7.8794255387e-05,87,52,4.592441435952119,-1.0629907355545996,-2.4800046554267414
-1.0613037613047878,-2.470572008062898,7.750729128e-05,87,52,4.592441435952119,-1.0629907355545996,-2.4800046554267414
-1.0607543019887316,-2.470574132924841,7.5725918578e-05,87,52,4.592441435952119,-1.0629907355545996,-2.4800046554267414
-1.0602615982385089,-2.4705707778796686,6.2650135078e-05,87,52,4.592441435952119,-1.0629907355545996,-2.4800046554267414
-1.0597415486247475,-2.4705716104279145,3.9683760406e-05,87,52,4.592441435952119,-1.0629907355545996,-2.4800046554267414
-1.0592171699833497,-2.470570628766551,5.8931982494e-05,87,52,4.592441435952119,-1.0629907355545996,-2.4800046554267414
-1.0587004426466131,-2.470571523445264,0.00010056016617,87,52,4.592441435952119,-1.0629907355545996,-2.4800046554267414
-1.0581787570631065,-2.470572492680536,0.00012641206558,87,52,4.592441435952119,-1.0629907355545996,-2.4800046554267414
-1.0576609223006943,-2.470573536472367,0.00014412211021,87,52,4.592441435952119,-1.0629907355545996,-2.4800046554267414
-1.0571377643444155,-2.4705702808359398,0.0001476881007,87,52,4.592441435952119,-1.0629907355545996,-2.4800046554267414
-1.056622823990017,-2.4705733003765955,0.00015165170771,87,52,4.592441435952119,-1.0629907355545996,-2.4800046554267414
-1.0561042467490278,-2.470570529357806,0.00015227905533,87,52,4.592441435952119,-1.0629907355545996,-2.4800046554267414
-1.0555894699916055,-2.4705735861767395,0.00015198875917,87,52,4.592441435952119,-1.0629907355545996,-2.4800046554267414
-1.0550711821914176,-2.4705746299685702,0.00014826664119,87,52,4.592441435952119,-1.0629907355545996,-2.4800046554267414
-1.0545545429453616,-2.4705730021503567,0.00014974731312,87,52,4.592441435952119,-1.0629907355545996,-2.4800046554267414
-1.0540407226010216,-2.470572306289137,0.00014872402244,87,52,4.592441435952119,-1.0629907355545996,-2.4800046554267414
-1.0535246496521828,-2.4705735986028308,0.00015191284183,87,52,4.592441435952119,-1.0629907355545996,-2.4800046554267414
-1.0530148563102966,-2.470573064280824,0.00014872888278,87,52,4.592441435952119,-1.0629907355545996,-2.4800046554267414
-1.0524962035630119,-2.4705737477159486,0.00014761379862,87,52,4.592441435952119,-1.0629907355545996,-2.4800046554267414
-1.0519640477731247,-2.4705731139851963,0.00014944083523,87,52,4.592441435952119,-1.0629907355545996,-2.4800046554267414
-1.0514298784820106,-2.470571834097594,0.00015028161579,87,52,4.592441435952119,-1.0629907355545996,-2.4800046554267414
-1.050903335326793,-2.470573909255161,0.00015205013915,87,52,4.592441435952119,-1.0629907355545996,-2.4800046554267414
-1.0503702357082048,-2.470570554209992,0.00015100752353,87,52,4.592441435952119,-1.0629907355545996,-2.4800046554267414
-1.0498393006034366,-2.470573561324553,0.00014754848962,87,52,4.592441435952119,-1.0629907355545996,-2.4800046554267414
-1.0493068553727483,-2.4705716601322902,0.00015062223247,87,52,4.592441435952119,-1.0629907355545996,-2.4800046554267414
-1.0487790286104974,-2.47057123764512,0.00014909752645,87,52,4.592441435952119,-1.0629907355545996,-2.4800046554267414
-1.0482477537273969,-2.4705712500712114,0.00014800236386,87,52,4.592441435952119,-1.0629907355545996,-2.4800046554267414
-1.0477232995797017,-2.4705723311413235,0.00014890736202,87,52,4.592441435952119,-1.0629907355545996,-2.4800046554267414
-1.0471916723338877,-2.470573449489713,0.00015072958195,87,52,4.592441435952119,-1.0629907355545996,-2.4800046554267414
-1.0466596172190608,-2.470571958358526,0.00015001092106,87,52,4.592441435952119,-1.0629907355545996,-2.4800046554267414
-1.0461367109504336,-2.470571411610424,0.00015038512356,87,52,4.592441435952119,-1.0629907355545996,-2.4800046554267414
-1.045609047785159,-2.4705750400296456,0.00014838065545,87,52,4.592441435952119,-1.0629907355545996,-2.4800046554267414
-1.0450965991385293,-2.4705736483072034,0.00015056419943,87,52,4.592441435952119,-1.0629907355545996,-2.4800046554267414
-1.0445942431668003,-2.470573449489713,0.00014820216165,87,52,4.592441435952119,-1.0629907355545996,-2.4800046554267414
-1.044090314147237,-2.4705762577867802,0.00014766820823,87,52,4.592441435952119,-1.0629907355545996,-2.4800046554267414
-1.0435852651176167,-2.470571871375872,0.00014996244863,87,52,4.592441435952119,-1.0629907355545996,-2.4800046554267414
-1.043080996319723,-2.4705738719768835,0.00014983816072,87,52,4.592441435952119,-1.0629907355545996,-2.4800046554267414
-1.042580188227062,-2.470572119897738,0.00014964780712,87,52,4.592441435952119,-1.0629907355545996,-2.4800046554267414
-1.0420783230462565,-2.4705762329345937,0.00014949914475,87,52,4.592441435952119,-1.0629907355545996,-2.4800046554267414
-1.041570530621214,-2.470570802731855,0.0001475141471,87,52,4.592441435952119,-1.0629907355545996,-2.4800046554267414
-1.041069911294292,-2.4705748287860603,0.00014848510909,87,52,4.592441435952119,-1.0629907355545996,-2.4800046554267414
-1.0874056082783752,-2.4699253044673206,4.5104061428e-05,87,52,4.592441435952119,-1.0629907355545996,-2.4800046554267414
-1.0868107319252691,-2.4699211790043702,3.8136338844e-05,87,52,4.592441435952119,-1.0629907355545996,-2.4800046554267414
-1.0862093368619423,-2.46991963816881,1.4116666591e-07,87,52,4.592441435952119,-1.0629907355545996,-2.4800046554267414
-1.0856154924282162,-2.469919489055693,1.4137630444e-07,87,52,4.592441435952119,-1.0629907355545996,-2.4800046554267414
-1.0850266817475553,-2.4699217754568443,0.0001413821301,87,52,4.592441435952119,-1.0629907355545996,-2.4800046554267414
-1.0844391295051632,-2.469916481941132,0.00014703819761,87,52,4.592441435952119,-1.0629907355545996,-2.4800046554267414
-1.0838626892726664,-2.4699208310737624,0.00015329614689,87,52,4.592441435952119,-1.0629907355545996,-2.4800046554267414
-1.0832847514986328,-2.4699215269349817,0.00014964806905,87,52,4.592441435952119,-1.0629907355545996,-2.4800046554267414
-1.0826905672865725,-2.469920458290965,0.00012540073658,87,52,4.592441435952119,-1.0629907355545996,-2.4800046554267414
-1.0820919030342848,-2.469918743490101,0.00010643979476,87,52,4.592441435952119,-1.0629907355545996,-2.4800046554267414
-1.0814974419658068,-2.4699201227864482,9.6025461971e-05,87,52,4.592441435952119,-1.0629907355545996,-2.4800046554267414
-1.0809137153757458,-2.469920048229889,8.2543701865e-05,87,52,4.592441435952119,-1.0629907355545996,-2.4800046554267414
-1.0803282647252592,-2.4699197872819316,7.8586308518e-05,87,52,4.592441435952119,-1.0629907355545996,-2.4800046554267414
-1.0797458091578467,-2.4699193896469476,7.6352203905e-05,87,52,4.592441435952119,-1.0629907355545996,-2.4800046554267414
-1.0791655558574018,-2.4699159476191253,7.5367308455e-05,87,52,4.592441435952119,-1.0629907355545996,-2.4800046554267414
-1.0785849124410936,-2.4699184949682347,7.5244846812e-05,87,52,4.592441435952119,-1.0629907355545996,-2.4800046554267414
-1.0780082708584746,-2.469918942307591,7.5768024544e-05,87,52,4.592441435952119,-1.0629907355545996,-2.4800046554267414
-1.0774343097493637,-2.469919762429745,7.5922733231e-05,87,52,4.592441435952119,-1.0629907355545996,-2.4800046554267414
-1.0768606003279062,-2.4699215269349817,7.7784839959e-05,87,52,4.592441435952119,-1.0629907355545996,-2.4800046554267414
-1.076286865737682,-2.4699192902382023,8.072181663e-05,87,52,4.592441435952119,-1.0629907355545996,-2.4800046554267414
-1.0757390423913726,-2.4699185198204208,7.9392186308e-05,87,52,4.592441435952119,-1.0629907355545996,-2.4800046554267414
-1.0751909044354973,-2.469919923968954,8.2253151049e-05,87,52,4.592441435952119,-1.0629907355545996,-2.4800046554267414
-1.0746476240513312,-2.469920160064726,7.9228164395e-05,87,52,4.592441435952119,-1.0629907355545996,-2.4800046554267414
-1.0741087607854805,-2.4699187807683787,8.0439691374e-05,87,52,4.592441435952119,-1.0629907355545996,-2.4800046554267414
-1.0735671163710614,-2.469920010951608,7.8756493167e-05,87,52,4.592441435952119,-1.0629907355545996,-2.4800046554267414
-1.0730305686316235,-2.4699208559259485,7.8484496044e-05,87,52,4.592441435952119,-1.0629907355545996,-2.4800046554267414
-1.072491201990466,-2.469917438750312,7.8511096945e-05,87,52,4.592441435952119,-1.0629907355545996,-2.4800046554267414
-1.0719534209815262,-2.4699163949584815,7.9030905908e-05,87,52,4.592441435952119,-1.0629907355545996,-2.4800046554267414
-1.0714170242546797,-2.469919700299278,7.5759591709e-05,87,52,4.592441435952119,-1.0629907355545996,-2.4800046554267414
-1.0708843650894857,-2.4699181967419994,8.0227771832e-05,87,52,4.592441435952119,-1.0629907355545996,-2.4800046554267414
-1.0703501706296055,-2.4699195511861602,7.8195931565e-05,87,52,4.592441435952119,-1.0629907355545996,-2.4800046554267414
-1.0698121882705431,-2.469918917455405,7.7374425018e-05,87,52,4.592441435952119,-1.0629907355545996,-2.4800046554267414
-1.0692777169542447,-2.4699177121243614,7.8455945186e-05,87,52,4.592441435952119,-1.0629907355545996,-2.4800046554267414
-1.0687485562474315,-2.4699195511861602,7.9179058957e-05,87,52,4.592441435952119,-1.0629907355545996,-2.4800046554267414
-1.0682190557622877,-2.4699186068030747,7.8364493675e-05,87,52,4.592441435952119,-1.0629907355545996,-2.4800046554267414
-1.0676949791460726,-2.4699175133068714,7.8318065789e-05,87,52,4.592441435952119,-1.0629907355545996,-2.4800046554267414
-1.0671590102882371,-2.469916419810668,8.0172016169e-05,87,52,4.592441435952119,-1.0629907355545996,-2.4800046554267414
-1.0666251556066888,-2.4699167677412794,7.7565971878e-05,87,52,4.592441435952119,-1.0629907355545996,-2.4800046554267414
-1.0660924838571118,-2.469915711523354,7.7467382653e-05,87,52,4.592441435952119,-1.0629907355545996,-2.4800046554267414
-1.0655574336592109,-2.4699196630209967,7.7561737271e-05,87,52,4.592441435952119,-1.0629907355545996,-2.4800046554267414
-1.065023088186739,-2.4699165067933215,7.6966396591e-05,87,52,4.592441435952119,-1.0629907355545996,-2.4800046554267414
-1.06449196431623,-2.469919687873183,7.8374927398e-05,87,52,4.592441435952119,-1.0629907355545996,-2.4800046554267414
-1.063957706934437,-2.46991738904594,7.983706746e-05,87,52,4.592441435952119,-1.0629907355545996,-2.4800046554267414
-1.0634282567868227,-2.469917376619845,7.9250326962e-05,87,52,4.592441435952119,-1.0629907355545996,-2.4800046554267414
-1.0628982529263722,-2.46991604702787,8.1114056229e-05,87,52,4.592441435952119,-1.0629907355545996,-2.4800046554267414
-1.0623678086125274,-2.4699195511861602,8.0723802967e-05,87,52,4.592441435952119,-1.0629907355545996,-2.4800046554267414
-1.0618328590896868,-2.469915139923066,7.9246536188e-05,87,52,4.592441435952119,-1.0629907355545996,-2.4800046554267414
-1.0613073604382324,-2.4699186068030747,8.0772617366e-05,87,52,4.592441435952119,-1.0629907355545996,-2.4800046554267414
-1.0607768406180902,-2.4699194642035063,7.5793672295e-05,87,52,4.592441435952119,-1.0629907355545996,-2.4800046554267414
-1.0602681547018795,-2.4699176251417114,5.9253899963e-05,87,52,4.592441435952119,-1.0629907355545996,-2.4800046554267414
-1.0597435243728266,-2.469919613316624,3.7763606088e-05,87,52,4.592441435952119,-1.0629907355545996,-2.4800046554267414
-1.0592220275550592,-2.4699189671597774,4.8840014642e-05,87,52,4.592441435952119,-1.0629907355545996,-2.4800046554267414
-1.0587029469387652,-2.4699146304532453,9.3669528724e-05,87,52,4.592441435952119,-1.0629907355545996,-2.4800046554267414
-1.0581821296776606,-2.4699160843061514,1.4135449078e-07,87,52,4.592441435952119,-1.0629907355545996,-2.4800046554267414
-1.0576614005072364,-2.469916245845364,0.0001424686925,87,52,4.592441435952119,-1.0629907355545996,-2.4800046554267414
-1.0571426093317418,-2.4699172399328186,0.00014711763652,87,52,4.592441435952119,-1.0629907355545996,-2.4800046554267414
-1.0566270523425931,-2.469917314489381,0.00014775608724,87,52,4.592441435952119,-1.0629907355545996,-2.4800046554267414
-1.0560904039280932,-2.4699149286794806,0.00015048441128,87,52,4.592441435952119,-1.0629907355545996,-2.4800046554267414
-1.055592213387028,-2.469916307975828,0.00015076776617,87,52,4.592441435952119,-1.0629907355545996,-2.4800046554267414
-1.0550809980099003,-2.469917202654541,0.00014791979629,87,52,4.592441435952119,-1.0629907355545996,-2.4800046554267414
-1.0545638679729172,-2.469917761828734,0.00015174521832,87,52,4.592441435952119,-1.0629907355545996,-2.4800046554267414
-1.0540446489284132,-2.4699137606267185,0.00014981403365,87,52,4.592441435952119,-1.0629907355545996,-2.4800046554267414
-1.0535319108409824,-2.469916730462998,0.000148564548,87,52,4.592441435952119,-1.0629907355545996,-2.4800046554267414
-1.0530177633026934,-2.4699179233679467,0.00014892184117,87,52,4.592441435952119,-1.0629907355545996,-2.4800046554267414
-1.0525052894872993,-2.4699171778023548,0.00014772497525,87,52,4.592441435952119,-1.0629907355545996,-2.4800046554267414
-1.0519726429064866,-2.4699190665685227,0.00015051639639,87,52,4.592441435952119,-1.0629907355545996,-2.4800046554267414
-1.0514180365779198,-2.4699129777828457,0.00014752251445,87,52,4.592441435952119,-1.0629907355545996,-2.4800046554267414
-1.050907324576099,-2.46991368607016,0.00014879813534,87,52,4.592441435952119,-1.0629907355545996,-2.4800046554267414
-1.0503810205241513,-2.469912281921626,0.00014824034588,87,52,4.592441435952119,-1.0629907355545996,-2.4800046554267414
-1.0498469644924808,-2.469915251757906,0.00014708907111,87,52,4.592441435952119,-1.0629907355545996,-2.4800046554267414
-1.0493158406219716,-2.4699154754275825,0.00014621208538,87,52,4.592441435952119,-1.0629907355545996,-2.4800046554267414
-1.0487869441871966,-2.469913698496251,0.00014769613335,87,52,4.592441435952119,-1.0629907355545996,-2.4800046554267414
-1.048255279188233,-2.469915028088226,0.00014652975369,87,52,4.592441435952119,-1.0629907355545996,-2.4800046554267414
-1.0477313787533755,-2.4699158979147526,0.00014619952708,87,52,4.592441435952119,-1.0629907355545996,-2.4800046554267414
-1.0472000409483608,-2.469914207966075,0.00014793926675,87,52,4.592441435952119,-1.0629907355545996,-2.4800046554267414
-1.0466740011684499,-2.4699141582617026,0.00015087396605,87,52,4.592441435952119,-1.0629907355545996,-2.4800046554267414
-1.0461423613382526,-2.469913984296395,0.00014868589642,87,52,4.592441435952119,-1.0629907355545996,-2.4800046554267414
-1.0456159691956262,-2.469915873062566,0.00014859536896,87,52,4.592441435952119,-1.0629907355545996,-2.4800046554267414
-1.0451047664028819,-2.469914270096539,0.00014857473434,87,52,4.592441435952119,-1.0629907355545996,-2.4800046554267414
-1.0445988238820918,-2.469916307975828,0.00015220539353,87,52,4.592441435952119,-1.0629907355545996,-2.4800046554267414
-1.0440951339658004,-2.469913822757186,0.00014734278375,87,52,4.592441435952119,-1.0629907355545996,-2.4800046554267414
-1.0435937092383873,-2.4699140215746764,0.00014748173999,87,52,4.592441435952119,-1.0629907355545996,-2.4800046554267414
-1.0430897424656762,-2.4699166683325307,0.00014695437858,87,52,4.592441435952119,-1.0629907355545996,-2.4800046554267414
-1.0425873864939472,-2.4699163204019228,0.00014904991258,87,52,4.592441435952119,-1.0629907355545996,-2.4800046554267414
-1.042085005353452,-2.4699193896469476,0.00014880625531,87,52,4.592441435952119,-1.0629907355545996,-2.4800046554267414
-1.0415845496235063,-2.469913412696107,0.0001470301213,87,52,4.592441435952119,-1.0629907355545996,-2.4800046554267414
-1.0410861325635523,-2.469914394357474,0.00014873679902,87,52,4.592441435952119,-1.0629907355545996,-2.4800046554267414
-1.0874059983942383,-2.4692668706397423,4.6131332056e-05,87,52,4.592441435952119,-1.0629907355545996,-2.4800046554267414
-1.0868088190991043,-2.469264348142819,3.9158901927e-05,87,52,4.592441435952119,-1.0629907355545996,-2.4800046554267414
-1.0862113755319338,-2.4692641493253253,8.2098216808e-05,87,52,4.592441435952119,-1.0629907355545996,-2.4800046554267414
-1.0856146241058109,-2.4692602475320546,1.4166235474e-07,87,52,4.592441435952119,-1.0629907355545996,-2.4800046554267414
-1.0850273109666888,-2.469262807307259,1.4137097537e-07,87,52,4.592441435952119,-1.0629907355545996,-2.4800046554267414
-1.0844379717419583,-2.4692617883676147,0.00014954264043,87,52,4.592441435952119,-1.0629907355545996,-2.4800046554267414
-1.0838584609200903,-2.4692632173683347,0.00014961237321,87,52,4.592441435952119,-1.0629907355545996,-2.4800046554267414
-1.0832891560325666,-2.4692612913238854,0.00014391150034,87,52,4.592441435952119,-1.0629907355545996,-2.4800046554267414
-1.0826902526770068,-2.4692611173585814,0.00013595438213,87,52,4.592441435952119,-1.0629907355545996,-2.4800046554267414
-1.0820915506715694,-2.4692629315681907,0.00010992972966,87,52,4.592441435952119,-1.0629907355545996,-2.4800046554267414
-1.0814999336735756,-2.4692650440040382,9.5557981695e-05,87,52,4.592441435952119,-1.0629907355545996,-2.4800046554267414
-1.0809123310936524,-2.469261229193418,8.1277430581e-05,87,52,4.592441435952119,-1.0629907355545996,-2.4800046554267414
-1.0803257478487256,-2.469262210854785,7.6996882854e-05,87,52,4.592441435952119,-1.0629907355545996,-2.4800046554267414
-1.0797441606037166,-2.4692638138208087,7.7200624219e-05,87,52,4.592441435952119,-1.0629907355545996,-2.4800046554267414
-1.0791632780841383,-2.4692654167868358,7.6521340816e-05,87,52,4.592441435952119,-1.0629907355545996,-2.4800046554267414
-1.0785719756957104,-2.469262335115716,7.6774376794e-05,87,52,4.592441435952119,-1.0629907355545996,-2.4800046554267414
-1.0780161360976412,-2.469259191314129,7.6409640315e-05,87,52,4.592441435952119,-1.0629907355545996,-2.4800046554267414
-1.0774370279760197,-2.4692598250448845,7.9219884356e-05,87,52,4.592441435952119,-1.0629907355545996,-2.4800046554267414
-1.076866087118749,-2.4692633292031743,7.7250617323e-05,87,52,4.592441435952119,-1.0629907355545996,-2.4800046554267414
-1.076294705808084,-2.469262372393994,7.8953118646e-05,87,52,4.592441435952119,-1.0629907355545996,-2.4800046554267414
-1.0757237397820487,-2.4692613783065394,7.6325821283e-05,87,52,4.592441435952119,-1.0629907355545996,-2.4800046554267414
-1.07520006586608,-2.4692582096527658,7.9149736848e-05,87,52,4.592441435952119,-1.0629907355545996,-2.4800046554267414
-1.0746573014416023,-2.4692619623329186,7.8311109974e-05,87,52,4.592441435952119,-1.0629907355545996,-2.4800046554267414
-1.0741128632942316,-2.4692639877861127,7.9127610661e-05,87,52,4.592441435952119,-1.0629907355545996,-2.4800046554267414
-1.0735607486734318,-2.469261428010912,7.772364188e-05,87,52,4.592441435952119,-1.0629907355545996,-2.4800046554267414
-1.0730372761075853,-2.469262782455073,7.71653431e-05,87,52,4.592441435952119,-1.0629907355545996,-2.4800046554267414
-1.0725026411943124,-2.4692611546368592,7.7831158706e-05,87,52,4.592441435952119,-1.0629907355545996,-2.4800046554267414
-1.071963702422166,-2.4692619002024547,7.7446682553e-05,87,52,4.592441435952119,-1.0629907355545996,-2.4800046554267414
-1.071431886410611,-2.4692624345244614,7.7600183431e-05,87,52,4.592441435952119,-1.0629907355545996,-2.4800046554267414
-1.0708926707820465,-2.4692636771337826,7.6606112998e-05,87,52,4.592441435952119,-1.0629907355545996,-2.4800046554267414
-1.0703583504783394,-2.469263453464106,7.703735173e-05,87,52,4.592441435952119,-1.0629907355545996,-2.4800046554267414
-1.069822520048714,-2.469263453464106,7.6396740042e-05,87,52,4.592441435952119,-1.0629907355545996,-2.4800046554267414
-1.0692926042789406,-2.469263080681308,7.7042452176e-05,87,52,4.592441435952119,-1.0629907355545996,-2.4800046554267414
-1.0687545212448164,-2.469263093107403,7.8064069385e-05,87,52,4.592441435952119,-1.0629907355545996,-2.4800046554267414
-1.0682312751978587,-2.4692635280206647,7.8864883108e-05,87,52,4.592441435952119,-1.0629907355545996,-2.4800046554267414
-1.0677035239419035,-2.4692627576028867,7.9201272456e-05,87,52,4.592441435952119,-1.0629907355545996,-2.4800046554267414
-1.0671682598094971,-2.4692640126382988,7.8986449807e-05,87,52,4.592441435952119,-1.0629907355545996,-2.4800046554267414
-1.0666331215209175,-2.4692637144120635,7.8522469266e-05,87,52,4.592441435952119,-1.0629907355545996,-2.4800046554267414
-1.0661021486630013,-2.469262049315572,7.6184216596e-05,87,52,4.592441435952119,-1.0629907355545996,-2.4800046554267414
-1.0655689106162034,-2.4692618256458925,7.7672841144e-05,87,52,4.592441435952119,-1.0629907355545996,-2.4800046554267414
-1.0650354082973705,-2.469263055829122,8.0508936662e-05,87,52,4.592441435952119,-1.0629907355545996,-2.4800046554267414
-1.0645010502405172,-2.4692631303856807,7.9897894466e-05,87,52,4.592441435952119,-1.0629907355545996,-2.4800046554267414
-1.0639701151357472,-2.4692652552476235,8.000559319e-05,87,52,4.592441435952119,-1.0629907355545996,-2.4800046554267414
-1.0634392932904226,-2.4692650564301295,7.8444099927e-05,87,52,4.592441435952119,-1.0629907355545996,-2.4800046554267414
-1.0629110512435456,-2.469265106134502,7.9786113929e-05,87,52,4.592441435952119,-1.0629907355545996,-2.4800046554267414
-1.0623798770355055,-2.4692636895598774,8.0946629168e-05,87,52,4.592441435952119,-1.0629907355545996,-2.4800046554267414
-1.061846399885439,-2.469264696073427,7.9074809037e-05,87,52,4.592441435952119,-1.0629907355545996,-2.4800046554267414
-1.061318384357449,-2.4692633292031743,8.0677789811e-05,87,52,4.592441435952119,-1.0629907355545996,-2.4800046554267414
-1.0607921558117972,-2.469263590151132,7.5287316577e-05,87,52,4.592441435952119,-1.0629907355545996,-2.4800046554267414
-1.0602807768376952,-2.46926536708246,5.5996875744e-05,87,52,4.592441435952119,-1.0629907355545996,-2.4800046554267414
-1.0597555802114231,-2.469264223881884,3.9135633415e-05,87,52,4.592441435952119,-1.0629907355545996,-2.4800046554267414
-1.0592380348898138,-2.4692616889588694,4.7791119869e-05,87,52,4.592441435952119,-1.0629907355545996,-2.4800046554267414
-1.0587171421224135,-2.4692635404467596,9.2665781267e-05,87,52,4.592441435952119,-1.0629907355545996,-2.4800046554267414
-1.0581763534460165,-2.4692612913238854,0.00012786019943,87,52,4.592441435952119,-1.0629907355545996,-2.4800046554267414
-1.057655699781888,-2.469263341629266,0.00014132076467,87,52,4.592441435952119,-1.0629907355545996,-2.4800046554267414
-1.057160290389391,-2.4692633913336386,0.00014746747911,87,52,4.592441435952119,-1.0629907355545996,-2.4800046554267414
-1.0566457904883868,-2.4692651558388783,0.00014418443607,87,52,4.592441435952119,-1.0629907355545996,-2.4800046554267414
-1.0561270118972752,-2.46926250908102,0.00014735934383,87,52,4.592441435952119,-1.0629907355545996,-2.4800046554267414
-1.0556080697091894,-2.4692665599874117,0.00014472441399,87,52,4.592441435952119,-1.0629907355545996,-2.4800046554267414
-1.0550972696166898,-2.469263565298946,0.00014486222062,87,52,4.592441435952119,-1.0629907355545996,-2.4800046554267414
-1.054555260255172,-2.4692598126187932,0.00014773111616,87,52,4.592441435952119,-1.0629907355545996,-2.4800046554267414
-1.0540622670641482,-2.4692651558388783,0.00014928352903,87,52,4.592441435952119,-1.0629907355545996,-2.4800046554267414
-1.0535493402109783,-2.4692636025772234,0.00014972290955,87,52,4.592441435952119,-1.0629907355545996,-2.4800046554267414
-1.053031367020358,-2.4692628321594454,0.00015025357425,87,52,4.592441435952119,-1.0629907355545996,-2.4800046554267414
-1.052524392580188,-2.469260856410624,0.00014954667131,87,52,4.592441435952119,-1.0629907355545996,-2.4800046554267414
-1.05198647314304,-2.469264509682028,0.00015130525571,87,52,4.592441435952119,-1.0629907355545996,-2.4800046554267414
-1.0514563811919089,-2.469260322088614,0.00014869020379,87,52,4.592441435952119,-1.0629907355545996,-2.4800046554267414
-1.0509282649888585,-2.4692629688464716,0.00015139697643,87,52,4.592441435952119,-1.0629907355545996,-2.4800046554267414
-1.0503943473853978,-2.469262161150412,0.00015095666458,87,52,4.592441435952119,-1.0629907355545996,-2.4800046554267414
-1.0498620909204486,-2.469264907317012,0.0001495530596,87,52,4.592441435952119,-1.0629907355545996,-2.4800046554267414
-1.0493361769843643,-2.4692610800803005,0.00014984974405,87,52,4.592441435952119,-1.0629907355545996,-2.4800046554267414
-1.048802372640347,-2.4692632297944295,0.00014768980327,87,52,4.592441435952119,-1.0629907355545996,-2.4800046554267414
-1.0482704685381132,-2.46926231026353,0.00014843585086,87,52,4.592441435952119,-1.0629907355545996,-2.4800046554267414
-1.0477428431259865,-2.469265578326045,0.0001490811992,87,52,4.592441435952119,-1.0629907355545996,-2.4800046554267414
-1.047214852766761,-2.46926250908102,0.0001498304191,87,52,4.592441435952119,-1.0629907355545996,-2.4800046554267414
-1.0466902601908579,-2.469263590151132,0.00014847054263,87,52,4.592441435952119,-1.0629907355545996,-2.4800046554267414
-1.0461616531968823,-2.469264037490489,0.0001491587027,87,52,4.592441435952119,-1.0629907355545996,-2.4800046554267414
-1.0456366201675849,-2.4692633292031743,0.00014859582006,87,52,4.592441435952119,-1.0629907355545996,-2.4800046554267414
-1.0451245364680537,-2.4692663238916404,0.0001496632467,87,52,4.592441435952119,-1.0629907355545996,-2.4800046554267414
-1.0446228726373705,-2.4692671067355136,0.00015034760872,87,52,4.592441435952119,-1.0629907355545996,-2.4800046554267414
-1.0441160995473246,-2.4692651434127835,0.00014870591986,87,52,4.592441435952119,-1.0629907355545996,-2.4800046554267414
-1.0436138568350393,-2.469263552872851,0.00014963757712,87,52,4.592441435952119,-1.0629907355545996,-2.4800046554267414
-1.0431075871203,-2.4692654292129275,0.00015191923012,87,52,4.592441435952119,-1.0629907355545996,-2.4800046554267414
-1.0426084779192983,-2.469268821536377,0.00015050322691,87,52,4.592441435952119,-1.0629907355545996,-2.4800046554267414
-1.042105819922385,-2.4692658517000976,0.00015010035713,87,52,4.592441435952119,-1.0629907355545996,-2.4800046554267414
-1.041602054499798,-2.4692629812725633,0.00014953155187,87,52,4.592441435952119,-1.0629907355545996,-2.4800046554267414
-1.0411033354146595,-2.4692662493350817,0.00015130234533,87,52,4.592441435952119,-1.0629907355545996,-2.4800046554267414
-1.0873991147369189,-2.468612413161993,4.9846141337e-05,87,52,4.592441435952119,-1.0629907355545996,-2.4800046554267414
-1.0868062267162752,-2.468611394222348,4.0077877202e-05,87,52,4.592441435952119,-1.0629907355545996,-2.4800046554267414
-1.0862039255773952,-2.4686069332548812,8.6632331659e-05,87,52,4.592441435952119,-1.0629907355545996,-2.4800046554267414
-1.0856088352897837,-2.46860866048184,1.4136118409e-07,87,52,4.592441435952119,-1.0629907355545996,-2.4800046554267414
-1.0850207419189368,-2.4686059640196127,0.00014447589638,87,52,4.592441435952119,-1.0629907355545996,-2.4800046554267414
-1.0844348256462915,-2.468608088881552,0.00014877908689,87,52,4.592441435952119,-1.0629907355545996,-2.4800046554267414
-1.0838533013231966,-2.468607778229222,0.00015066315245,87,52,4.592441435952119,-1.0629907355545996,-2.4800046554267414
-1.083277842672547,-2.468606771715672,0.00015007914044,87,52,4.592441435952119,-1.0629907355545996,-2.4800046554267414
-1.0826753150147799,-2.4686053054366712,0.00013077531185,87,52,4.592441435952119,-1.0629907355545996,-2.4800046554267414
-1.082081193724634,-2.468605951593518,0.00010771527741,87,52,4.592441435952119,-1.0629907355545996,-2.4800046554267414
-1.0814918922530514,-2.468605466975884,9.6335628768e-05,87,52,4.592441435952119,-1.0629907355545996,-2.4800046554267414
-1.0809051705799149,-2.4686061379849167,8.2857448433e-05,87,52,4.592441435952119,-1.0629907355545996,-2.4800046554267414
-1.0803163473148727,-2.468607977046712,7.6910437201e-05,87,52,4.592441435952119,-1.0629907355545996,-2.4800046554267414
-1.0797341811882613,-2.468603453948781,7.8019154898e-05,87,52,4.592441435952119,-1.0629907355545996,-2.4800046554267414
-1.0791532231623873,-2.4686062995241294,7.8144104918e-05,87,52,4.592441435952119,-1.0629907355545996,-2.4800046554267414
-1.0785749581944029,-2.4686061876892893,7.6689713751e-05,87,52,4.592441435952119,-1.0629907355545996,-2.4800046554267414
-1.0779983921180796,-2.468603242705196,7.6492164226e-05,87,52,4.592441435952119,-1.0629907355545996,-2.4800046554267414
-1.0774246071903262,-2.468606162837103,7.8885233961e-05,87,52,4.592441435952119,-1.0629907355545996,-2.4800046554267414
-1.0768511620409034,-2.4686031060181697,7.7749129559e-05,87,52,4.592441435952119,-1.0629907355545996,-2.4800046554267414
-1.076261722141111,-2.468602161635084,7.593252667e-05,87,52,4.592441435952119,-1.0629907355545996,-2.4800046554267414
-1.075729855792025,-2.4686048705234094,7.7993543528e-05,87,52,4.592441435952119,-1.0629907355545996,-2.4800046554267414
-1.075188022611865,-2.468603193000823,7.9214558355e-05,87,52,4.592441435952119,-1.0629907355545996,-2.4800046554267414
-1.0746441004241842,-2.4686034042444085,7.6550175436e-05,87,52,4.592441435952119,-1.0629907355545996,-2.4800046554267414
-1.0741024685941465,-2.4686051563235534,8.1346828665e-05,87,52,4.592441435952119,-1.0629907355545996,-2.4800046554267414
-1.073562548240153,-2.468605553958534,7.9837271187e-05,87,52,4.592441435952119,-1.0629907355545996,-2.4800046554267414
-1.0730228921581961,-2.4686057030716553,8.3434737462e-05,87,52,4.592441435952119,-1.0629907355545996,-2.4800046554267414
-1.072486923300359,-2.4686054172715113,8.143181185e-05,87,52,4.592441435952119,-1.0629907355545996,-2.4800046554267414
-1.0719489409412968,-2.468601204825907,7.8961937106e-05,87,52,4.592441435952119,-1.0629907355545996,-2.4800046554267414
-1.0714112731918004,-2.468603429096595,7.7608150605e-05,87,52,4.592441435952119,-1.0629907355545996,-2.4800046554267414
-1.0708784630140133,-2.468603491227059,7.8833967564e-05,87,52,4.592441435952119,-1.0629907355545996,-2.4800046554267414
-1.0703464330679529,-2.468603255131291,7.6362041e-05,87,52,4.592441435952119,-1.0629907355545996,-2.4800046554267414
-1.0698097469003052,-2.468603143296451,7.7309785411e-05,87,52,4.592441435952119,-1.0629907355545996,-2.4800046554267414
-1.0692595199369055,-2.468600036773145,7.7628988947e-05,87,52,4.592441435952119,-1.0629907355545996,-2.4800046554267414
-1.068748732428789,-2.4686028077919344,7.7900112956e-05,87,52,4.592441435952119,-1.0629907355545996,-2.4800046554267414
-1.0682243034498602,-2.4685995024511382,8.0557801994e-05,87,52,4.592441435952119,-1.0629907355545996,-2.4800046554267414
-1.0676756747030596,-2.468602882348493,8.0451405665e-05,87,52,4.592441435952119,-1.0629907355545996,-2.4800046554267414
-1.067162760434271,-2.4686000491992397,7.9187193478e-05,87,52,4.592441435952119,-1.0629907355545996,-2.4800046554267414
-1.066630944422716,-2.4686004095559424,7.6601289038e-05,87,52,4.592441435952119,-1.0629907355545996,-2.4800046554267414
-1.0660954411870396,-2.468600894173577,7.6900432759e-05,87,52,4.592441435952119,-1.0629907355545996,-2.4800046554267414
-1.0655584781629721,-2.468605206027926,7.8890552686e-05,87,52,4.592441435952119,-1.0629907355545996,-2.4800046554267414
-1.0650293426249253,-2.468600919025763,7.6510492363e-05,87,52,4.592441435952119,-1.0629907355545996,-2.4800046554267414
-1.0645003455150865,-2.4686011675476296,8.2547936472e-05,87,52,4.592441435952119,-1.0629907355545996,-2.4800046554267414
-1.0639640117101543,-2.4686016521652636,7.820870087e-05,87,52,4.592441435952119,-1.0629907355545996,-2.4800046554267414
-1.0634321327766851,-2.468603130870356,8.0013756815e-05,87,52,4.592441435952119,-1.0629907355545996,-2.4800046554267414
-1.0629037648859814,-2.4686007699126455,8.2030004705e-05,87,52,4.592441435952119,-1.0629907355545996,-2.4800046554267414
-1.0623749313731172,-2.46860024801673,7.846862718e-05,87,52,4.592441435952119,-1.0629907355545996,-2.4800046554267414
-1.06184631179476,-2.4686034042444085,8.1237980339e-05,87,52,4.592441435952119,-1.0629907355545996,-2.4800046554267414
-1.0613167987252332,-2.4686021243568064,7.9885685409e-05,87,52,4.592441435952119,-1.0629907355545996,-2.4800046554267414
-1.060784970129295,-2.468601751574009,7.5860240031e-05,87,52,4.592441435952119,-1.0629907355545996,-2.4800046554267414
-1.0602745475682753,-2.468603056313797,5.6364962802e-05,87,52,4.592441435952119,-1.0629907355545996,-2.4800046554267414
-1.0597522831031647,-2.4686040131229743,4.1824288928e-05,87,52,4.592441435952119,-1.0629907355545996,-2.4800046554267414
-1.0592332150712522,-2.4686048208190337,5.4047101003e-05,87,52,4.592441435952119,-1.0629907355545996,-2.4800046554267414
-1.0587130396136641,-2.468600173460171,9.2285896244e-05,87,52,4.592441435952119,-1.0629907355545996,-2.4800046554267414
-1.0581930025842858,-2.468602745661467,1.4135459026e-07,87,52,4.592441435952119,-1.0629907355545996,-2.4800046554267414
-1.057673695449103,-2.4686052557322986,0.00014232620015,87,52,4.592441435952119,-1.0629907355545996,-2.4800046554267414
-1.0571570436186621,-2.4686039509925104,0.00014216911222,87,52,4.592441435952119,-1.0629907355545996,-2.4800046554267414
-1.0566351944381793,-2.4686035782097124,0.00013310853683,87,52,4.592441435952119,-1.0629907355545996,-2.4800046554267414
-1.0561206064464979,-2.4686026462527217,0.00013732058869,87,52,4.592441435952119,-1.0629907355545996,-2.4800046554267414
-1.0556068238553058,-2.4686024225830416,0.00012751977192,87,52,4.592441435952119,-1.0629907355545996,-2.4800046554267414
-1.0550915185538103,-2.468603317261755,0.00012761661492,87,52,4.592441435952119,-1.0629907355545996,-2.4800046554267414
-1.054575848305218,-2.468606237393662,0.00013329135254,87,52,4.592441435952119,-1.0629907355545996,-2.4800046554267414
-1.0540618643639037,-2.4686036651923664,0.00014238758013,87,52,4.592441435952119,-1.0629907355545996,-2.4800046554267414
-1.0535485348104872,-2.4686022486177377,0.00014632793318,87,52,4.592441435952119,-1.0629907355545996,-2.4800046554267414
-1.0530337580530649,-2.468602882348493,0.00014798698248,87,52,4.592441435952119,-1.0629907355545996,-2.4800046554267414
-1.0525219008724207,-2.468604882949501,0.0001505989203,87,52,4.592441435952119,-1.0629907355545996,-2.4800046554267414
-1.0519895689011758,-2.468602323174297,0.00014955890947,87,52,4.592441435952119,-1.0629907355545996,-2.4800046554267414
-1.0514611255041748,-2.46860649834162,0.00014957752137,87,52,4.592441435952119,-1.0629907355545996,-2.4800046554267414
-1.050928051054353,-2.468602857496307,0.00014915116481,87,52,4.592441435952119,-1.0629907355545996,-2.4800046554267414
-1.0503966880805737,-2.468604907801687,0.00014930847101,87,52,4.592441435952119,-1.0629907355545996,-2.4800046554267414
-1.0498666338825922,-2.4686066723069238,0.00014821466175,87,52,4.592441435952119,-1.0629907355545996,-2.4800046554267414
-1.04933917206744,-2.468604920227782,0.00014824958635,87,52,4.592441435952119,-1.0629907355545996,-2.4800046554267414
-1.0488054558141016,-2.4686045598710757,0.00014821856166,87,52,4.592441435952119,-1.0629907355545996,-2.4800046554267414
-1.0482786987243784,-2.468606038576172,0.00014861123054,87,52,4.592441435952119,-1.0629907355545996,-2.4800046554267414
-1.0477505573525618,-2.468605839758678,0.00014861513046,87,52,4.592441435952119,-1.0629907355545996,-2.4800046554267414
-1.0472251467917841,-2.468603205426915,0.00015237144544,87,52,4.592441435952119,-1.0629907355545996,-2.4800046554267414
-1.046696363616451,-2.4686031184442645,0.00014809711138,87,52,4.592441435952119,-1.0629907355545996,-2.4800046554267414
-1.0461726393629511,-2.4686080267510846,0.00014925056894,87,52,4.592441435952119,-1.0629907355545996,-2.4800046554267414
-1.0456457941825508,-2.468604137383909,0.00014996682876,87,52,4.592441435952119,-1.0629907355545996,-2.4800046554267414
-1.0451337230674014,-2.468602633826627,0.00014943380665,87,52,4.592441435952119,-1.0629907355545996,-2.4800046554267414
-1.0446352305011515,-2.4686035160792485,0.00014874873159,87,52,4.592441435952119,-1.0629907355545996,-2.4800046554267414
-1.0441275639199357,-2.468605094193086,0.00014782394283,87,52,4.592441435952119,-1.0629907355545996,-2.4800046554267414
-1.0436247674948125,-2.4686040006968826,0.00014773594739,87,52,4.592441435952119,-1.0629907355545996,-2.4800046554267414
-1.043120221840499,-2.4686037521750164,0.00015108846128,87,52,4.592441435952119,-1.0629907355545996,-2.4800046554267414
-1.0426182182314836,-2.4686031805747284,0.00014866249694,87,52,4.592441435952119,-1.0629907355545996,-2.4800046554267414
-1.0421145031464276,-2.468603242705196,0.0001485888497,87,52,4.592441435952119,-1.0629907355545996,-2.4800046554267414
-1.0416133175222848,-2.4686053054366712,0.00014739314793,87,52,4.592441435952119,-1.0629907355545996,-2.4800046554267414
-1.0411178955454063,-2.4686044356101444,0.00014778801415,87,52,4.592441435952119,-1.0629907355545996,-2.4800046554267414
-1.0874086662833633,-2.467960950372709,4.9066147767e-05,87,52,4.592441435952119,-1.0629907355545996,-2.4800046554267414
-1.0868172254667272,-2.4679561290485394,3.6328434362e-05,87,52,4.592441435952119,-1.0629907355545996,-2.4800046554267414
-1.0862213046098599,-2.467955905378863,1.4136253412e-07,87,52,4.592441435952119,-1.0629907355545996,-2.4800046554267414
-1.0856241253147259,-2.4679552716481075,1.4136431048e-07,87,52,4.592441435952119,-1.0629907355545996,-2.4800046554267414
-1.0850335528204933,-2.4679552095176436,1.4136583104e-07,87,52,4.592441435952119,-1.0629907355545996,-2.4800046554267414
-1.0844485426233994,-2.4679578189972204,0.0001516337361,87,52,4.592441435952119,-1.0629907355545996,-2.4800046554267414
-1.083871448003003,-2.467955992361517,0.00015189680562,87,52,4.592441435952119,-1.0629907355545996,-2.4800046554267414
-1.0832888036698511,-2.4679551846654575,0.00015140281175,87,52,4.592441435952119,-1.0629907355545996,-2.4800046554267414
-1.0827031390848592,-2.467956303013847,0.00013633081107,87,52,4.592441435952119,-1.0629907355545996,-2.4800046554267414
-1.0821070168778695,-2.4679603911985164,0.00011701210315,87,52,4.592441435952119,-1.0629907355545996,-2.4800046554267414
-1.0815122789529734,-2.4679579556842435,9.4891605841e-05,87,52,4.592441435952119,-1.0629907355545996,-2.4800046554267414
-1.0809259725644647,-2.467958788232489,8.8099055574e-05,87,52,4.592441435952119,-1.0629907355545996,-2.4800046554267414
-1.080341264392555,-2.4679576947362856,8.0606914707e-05,87,52,4.592441435952119,-1.0629907355545996,-2.4800046554267414
-1.0797568834145943,-2.4679588006585838,7.6790769526e-05,87,52,4.592441435952119,-1.0629907355545996,-2.4800046554267414
-1.0791754597665615,-2.4679585521367176,7.8272780229e-05,87,52,4.592441435952119,-1.0629907355545996,-2.4800046554267414
-1.0785987049244974,-2.467958005388616,7.9706296674e-05,87,52,4.592441435952119,-1.0629907355545996,-2.4800046554267414
-1.0780239887524263,-2.4679588130846755,8.053300553e-05,87,52,4.592441435952119,-1.0629907355545996,-2.4800046554267414
-1.0774477372856706,-2.467960826111778,7.7337630501e-05,87,52,4.592441435952119,-1.0629907355545996,-2.4800046554267414
-1.0768757015871075,-2.4679553834829475,7.9660625488e-05,87,52,4.592441435952119,-1.0629907355545996,-2.4800046554267414
-1.0763013126089855,-2.467960378772421,8.0257974332e-05,87,52,4.592441435952119,-1.0629907355545996,-2.4800046554267414
-1.0757497013634925,-2.4679589994760742,7.8835088061e-05,87,52,4.592441435952119,-1.0629907355545996,-2.4800046554267414
-1.0752091895435134,-2.4679563899964974,8.0545250967e-05,87,52,4.592441435952119,-1.0629907355545996,-2.4800046554267414
-1.0746693824489635,-2.4679564645530596,7.7141659858e-05,87,52,4.592441435952119,-1.0629907355545996,-2.4800046554267414
-1.074127209490473,-2.4679584278757862,7.6621428889e-05,87,52,4.592441435952119,-1.0629907355545996,-2.4800046554267414
-1.073568790093956,-2.4679553462046666,8.0093821452e-05,87,52,4.592441435952119,-1.0629907355545996,-2.4800046554267414
-1.0730510937597555,-2.467957744440658,8.2606398792e-05,87,52,4.592441435952119,-1.0629907355545996,-2.4800046554267414
-1.0725135392697025,-2.467955594726533,8.1550315372e-05,87,52,4.592441435952119,-1.0629907355545996,-2.4800046554267414
-1.0719797852632162,-2.467956887040226,7.8926444985e-05,87,52,4.592441435952119,-1.0629907355545996,-2.4800046554267414
-1.0714412617756977,-2.4679554828916928,7.7676922956e-05,87,52,4.592441435952119,-1.0629907355545996,-2.4800046554267414
-1.0709071428221146,-2.4679579805364296,7.6701231592e-05,87,52,4.592441435952119,-1.0629907355545996,-2.4800046554267414
-1.0703721429617448,-2.4679555574482515,7.8406730609e-05,87,52,4.592441435952119,-1.0629907355545996,-2.4800046554267414
-1.0698425795546869,-2.467958477580159,8.0096011516e-05,87,52,4.592441435952119,-1.0629907355545996,-2.4800046554267414
-1.0693082592509797,-2.4679593722588717,8.034073835e-05,87,52,4.592441435952119,-1.0629907355545996,-2.4800046554267414
-1.068775499410724,-2.467958502432345,7.6026008173e-05,87,52,4.592441435952119,-1.0629907355545996,-2.4800046554267414
-1.0682540025929566,-2.4679557686918367,8.019899542e-05,87,52,4.592441435952119,-1.0629907355545996,-2.4800046554267414
-1.0677032345011024,-2.467956613666177,7.9740391811e-05,87,52,4.592441435952119,-1.0629907355545996,-2.4800046554267414
-1.06716652316469,-2.467954439099862,7.7326032624e-05,87,52,4.592441435952119,-1.0629907355545996,-2.4800046554267414
-1.0666609455909966,-2.4679558556744903,7.5562908023e-05,87,52,4.592441435952119,-1.0629907355545996,-2.4800046554267414
-1.066124259423349,-2.4679561414746343,7.935922622e-05,87,52,4.592441435952119,-1.0629907355545996,-2.4800046554267414
-1.0655929971246318,-2.467959695337297,7.6541706221e-05,87,52,4.592441435952119,-1.0629907355545996,-2.4800046554267414
-1.065060337959436,-2.4679567752053897,7.8566845332e-05,87,52,4.592441435952119,-1.0629907355545996,-2.4800046554267414
-1.0645253632678309,-2.467960179954931,7.8853117884e-05,87,52,4.592441435952119,-1.0629907355545996,-2.4800046554267414
-1.0639730976344397,-2.4679573840839555,8.0286947195e-05,87,52,4.592441435952119,-1.0629907355545996,-2.4800046554267414
-1.0634663748819249,-2.4679583533192275,8.1932346802e-05,87,52,4.592441435952119,-1.0629907355545996,-2.4800046554267414
-1.062934521117222,-2.467962789434508,8.0206831626e-05,87,52,4.592441435952119,-1.0629907355545996,-2.4800046554267414
-1.0624067446925023,-2.467959074032633,8.2824582933e-05,87,52,4.592441435952119,-1.0629907355545996,-2.4800046554267414
-1.0618756963282905,-2.4679615716773733,7.8939621744e-05,87,52,4.592441435952119,-1.0629907355545996,-2.4800046554267414
-1.061345302351975,-2.4679612858772293,7.919753989e-05,87,52,4.592441435952119,-1.0629907355545996,-2.4800046554267414
-1.060816204567076,-2.4679601053983724,7.9057077528e-05,87,52,4.592441435952119,-1.0629907355545996,-2.4800046554267414
-1.0603042844645194,-2.467959148589195,6.6852880991e-05,87,52,4.592441435952119,-1.0629907355545996,-2.4800046554267414
-1.0597820325837919,-2.4679582290582958,4.3399370043e-05,87,52,4.592441435952119,-1.0629907355545996,-2.4800046554267414
-1.0592644243402685,-2.467958477580159,4.4245705794e-05,87,52,4.592441435952119,-1.0629907355545996,-2.4800046554267414
-1.0587433679758937,-2.4679615841034646,8.9780223789e-05,87,52,4.592441435952119,-1.0629907355545996,-2.4800046554267414
-1.0582262882764433,-2.4679595959285483,1.413441737e-07,87,52,4.592441435952119,-1.0629907355545996,-2.4800046554267414
-1.057706440012806,-2.4679578562754982,0.00013668269094,87,52,4.592441435952119,-1.0629907355545996,-2.4800046554267414
-1.0571905306609417,-2.4679610870597357,0.00013355490228,87,52,4.592441435952119,-1.0629907355545996,-2.4800046554267414
-1.0566750995156213,-2.467960652146474,0.00011622146849,87,52,4.592441435952119,-1.0629907355545996,-2.4800046554267414
-1.0561549366424166,-2.467959049180447,0.000108871267,87,52,4.592441435952119,-1.0629907355545996,-2.4800046554267414
-1.0556375171646322,-2.467960440902889,9.3647206086e-05,87,52,4.592441435952119,-1.0629907355545996,-2.4800046554267414
-1.0551226397321478,-2.4679578935537796,0.00010893154831,87,52,4.592441435952119,-1.0629907355545996,-2.4800046554267414
-1.0546094486069413,-2.4679590864587277,0.00010408778326,87,52,4.592441435952119,-1.0629907355545996,-2.4800046554267414
-1.0540937406052011,-2.4679584154496945,0.00012347752636,87,52,4.592441435952119,-1.0629907355545996,-2.4800046554267414
-1.0535786114850634,-2.4679580799451784,0.00013495900203,87,52,4.592441435952119,-1.0629907355545996,-2.4800046554267414
-1.0530644261936266,-2.4679579556842435,0.00014330743579,87,52,4.592441435952119,-1.0629907355545996,-2.4800046554267414
-1.0525546580205052,-2.4679602296593037,0.00014533021022,87,52,4.592441435952119,-1.0629907355545996,-2.4800046554267414
-1.0520242640441915,-2.467959508945898,0.00015171410632,87,52,4.592441435952119,-1.0629907355545996,-2.4800046554267414
-1.0514936813021385,-2.46795717284037,0.00015151799016,87,52,4.592441435952119,-1.0629907355545996,-2.4800046554267414
-1.0509616765248426,-2.4679582042061097,0.00014998104598,87,52,4.592441435952119,-1.0629907355545996,-2.4800046554267414
-1.050434718084997,-2.467959011902169,0.00014669921075,87,52,4.592441435952119,-1.0629907355545996,-2.4800046554267414
-1.049880438950379,-2.4679554704656015,0.00015229133714,87,52,4.592441435952119,-1.0629907355545996,-2.4800046554267414
-1.0493732883288531,-2.4679596704851106,0.00015106047795,87,52,4.592441435952119,-1.0629907355545996,-2.4800046554267414
-1.0488443415565454,-2.4679569118924127,0.00014820425713,87,52,4.592441435952119,-1.0629907355545996,-2.4800046554267414
-1.0482921262606852,-2.4679559178049577,0.00014927165466,87,52,4.592441435952119,-1.0629907355545996,-2.4800046554267414
-1.0477846484452102,-2.4679603166419573,0.00015115387214,87,52,4.592441435952119,-1.0629907355545996,-2.4800046554267414
-1.0472366740863075,-2.4679580923712696,0.00015067709319,87,52,4.592441435952119,-1.0629907355545996,-2.4800046554267414
-1.0467280888451571,-2.4679582539104823,0.00014994111552,87,52,4.592441435952119,-1.0629907355545996,-2.4800046554267414
-1.046201054899016,-2.467959869302601,0.00014945397561,87,52,4.592441435952119,-1.0629907355545996,-2.4800046554267414
-1.0456790421215587,-2.4679601675288363,0.00015101103054,87,52,4.592441435952119,-1.0629907355545996,-2.4800046554267414
-1.0451660523464763,-2.467959583502457,0.0001496886689,87,52,4.592441435952119,-1.0629907355545996,-2.4800046554267414
-1.0446600343193904,-2.4679604160507025,0.00015014618111,87,52,4.592441435952119,-1.0629907355545996,-2.4800046554267414
-1.0441572756474151,-2.4679549237174996,0.00014964355796,87,52,4.592441435952119,-1.0629907355545996,-2.4800046554267414
-1.0436523524616215,-2.4679602669375846,0.00014827211271,87,52,4.592441435952119,-1.0629907355545996,-2.4800046554267414
-1.0431494176082885,-2.4679599065808784,0.00014734728029,87,52,4.592441435952119,-1.0629907355545996,-2.4800046554267414
-1.042625567510962,-2.4679552467959214,0.00014964978618,87,52,4.592441435952119,-1.0629907355545996,-2.4800046554267414
-1.0421436359923029,-2.46795862669328,0.0001489030692,87,52,4.592441435952119,-1.0629907355545996,-2.4800046554267414
-1.0416442625192663,-2.467958042666897,0.00014692659897,87,52,4.592441435952119,-1.0629907355545996,-2.4800046554267414
-1.0411436054391967,-2.4679555698743463,0.00014774563897,87,52,4.592441435952119,-1.0629907355545996,-2.4800046554267414
-1.087398309336428,-2.4673098727923186,5.1372029702e-05,87,52,4.592441435952119,-1.0629907355545996,-2.4800046554267414
-1.0868009790287025,-2.4673067786951073,3.6834997445e-05,87,52,4.592441435952119,-1.0629907355545996,-2.4800046554267414
-1.0862007417285804,-2.4673051260247076,1.4137903293e-07,87,52,4.592441435952119,-1.0629907355545996,-2.4800046554267414
-1.0856057143628812,-2.467306144964352,1.4137768289e-07,87,52,4.592441435952119,-1.0629907355545996,-2.4800046554267414
-1.0850196974151756,-2.467307598817258,1.4151693506e-07,87,52,4.592441435952119,-1.0629907355545996,-2.4800046554267414
-1.0844330764170993,-2.4673071639039965,0.00014922983246,87,52,4.592441435952119,-1.0629907355545996,-2.4800046554267414
-1.0838531754793699,-2.467306542599336,0.00015229750716,87,52,4.592441435952119,-1.0629907355545996,-2.4800046554267414
-1.083278320879089,-2.4673059212946753,0.00014770579583,87,52,4.592441435952119,-1.0629907355545996,-2.4800046554267414
-1.082681380687225,-2.4673049520594037,0.00013036977907,87,52,4.592441435952119,-1.0629907355545996,-2.4800046554267414
-1.0820816090092618,-2.4673070520691565,0.00011040659592,87,52,4.592441435952119,-1.0629907355545996,-2.4800046554267414
-1.0814910239306461,-2.4673056230684365,9.8291908216e-05,87,52,4.592441435952119,-1.0629907355545996,-2.4800046554267414
-1.080903006066095,-2.4673051757290803,8.3992927102e-05,87,52,4.592441435952119,-1.0629907355545996,-2.4800046554267414
-1.0803192668916508,-2.4673050017637763,7.6825977885e-05,87,52,4.592441435952119,-1.0629907355545996,-2.4800046554267414
-1.0797326836467243,-2.467306530173241,7.647833263e-05,87,52,4.592441435952119,-1.0629907355545996,-2.4800046554267414
-1.0791565957769411,-2.4673033490933762,7.6761636592e-05,87,52,4.592441435952119,-1.0629907355545996,-2.4800046554267414
-1.0785753734790307,-2.467303920693664,8.0425088527e-05,87,52,4.592441435952119,-1.0629907355545996,-2.4800046554267414
-1.0779994869593716,-2.467309114800632,7.8928627772e-05,87,52,4.592441435952119,-1.0629907355545996,-2.4800046554267414
-1.0774297793716032,-2.467306530173241,8.1598926045e-05,87,52,4.592441435952119,-1.0629907355545996,-2.4800046554267414
-1.0768542829678058,-2.467306927808225,8.0826037447e-05,87,52,4.592441435952119,-1.0629907355545996,-2.4800046554267414
-1.0762832288510917,-2.467304815372377,7.8095683421e-05,87,52,4.592441435952119,-1.0629907355545996,-2.4800046554267414
-1.0757268607089494,-2.4673088414265827,7.8528544691e-05,87,52,4.592441435952119,-1.0629907355545996,-2.4800046554267414
-1.075188689584148,-2.4673065923037085,8.1471007434e-05,87,52,4.592441435952119,-1.0629907355545996,-2.4800046554267414
-1.074647611466948,-2.4673049520594037,8.1850666902e-05,87,52,4.592441435952119,-1.0629907355545996,-2.4800046554267414
-1.0741088740449256,-2.467307710652098,7.99627378e-05,87,52,4.592441435952119,-1.0629907355545996,-2.4800046554267414
-1.0735658579327945,-2.467307524260699,8.1628997577e-05,87,52,4.592441435952119,-1.0629907355545996,-2.4800046554267414
-1.0730284670397179,-2.467309288765936,7.8759148892e-05,87,52,4.592441435952119,-1.0629907355545996,-2.4800046554267414
-1.0724726022728823,-2.4673033739455628,7.8874239989e-05,87,52,4.592441435952119,-1.0629907355545996,-2.4800046554267414
-1.0719574353995966,-2.467304218919903,7.7636585047e-05,87,52,4.592441435952119,-1.0629907355545996,-2.4800046554267414
-1.071423379367928,-2.467307536686794,7.759838627e-05,87,52,4.592441435952119,-1.0629907355545996,-2.4800046554267414
-1.0708672754978221,-2.467304691111446,7.7145967225e-05,87,52,4.592441435952119,-1.0629907355545996,-2.4800046554267414
-1.0703535558285442,-2.467304616554887,7.6753574831e-05,87,52,4.592441435952119,-1.0629907355545996,-2.4800046554267414
-1.0698209218321149,-2.467306530173241,7.7150587458e-05,87,52,4.592441435952119,-1.0629907355545996,-2.4800046554267414
-1.069289017729881,-2.467309139652818,7.7795419202e-05,87,52,4.592441435952119,-1.0629907355545996,-2.4800046554267414
-1.068758737013011,-2.4673052005812663,7.6866905147e-05,87,52,4.592441435952119,-1.0629907355545996,-2.4800046554267414
-1.068228707983794,-2.4673069029560386,7.7380907896e-05,87,52,4.592441435952119,-1.0629907355545996,-2.4800046554267414
-1.0677030457353631,-2.4673074497041405,7.8075259808e-05,87,52,4.592441435952119,-1.0629907355545996,-2.4800046554267414
-1.0671478227720441,-2.4673067289907347,7.6966869528e-05,87,52,4.592441435952119,-1.0629907355545996,-2.4800046554267414
-1.0666382811178112,-2.4673062070948193,7.6322998211e-05,87,52,4.592441435952119,-1.0629907355545996,-2.4800046554267414
-1.0661047913833617,-2.4673066171558946,7.679007831e-05,87,52,4.592441435952119,-1.0629907355545996,-2.4800046554267414
-1.0655701187169409,-2.4673043183286483,7.6897682447e-05,87,52,4.592441435952119,-1.0629907355545996,-2.4800046554267414
-1.0650402029471675,-2.467307126625715,7.7687407611e-05,87,52,4.592441435952119,-1.0629907355545996,-2.4800046554267414
-1.0645069774847526,-2.467306555025427,7.8958844824e-05,87,52,4.592441435952119,-1.0629907355545996,-2.4800046554267414
-1.0639764199114645,-2.467307114199624,8.0269528553e-05,87,52,4.592441435952119,-1.0629907355545996,-2.4800046554267414
-1.0634230216836331,-2.4673015473098587,8.0958576291e-05,87,52,4.592441435952119,-1.0629907355545996,-2.4800046554267414
-1.0629146881301361,-2.4673069029560386,8.0010097008e-05,87,52,4.592441435952119,-1.0629907355545996,-2.4800046554267414
-1.06238460876339,-2.467304802946286,7.9688208643e-05,87,52,4.592441435952119,-1.0629907355545996,-2.4800046554267414
-1.0618602301219904,-2.467305573364064,8.1420068454e-05,87,52,4.592441435952119,-1.0629907355545996,-2.4800046554267414
-1.0613295718736402,-2.467309164505004,7.9370256572e-05,87,52,4.592441435952119,-1.0629907355545996,-2.4800046554267414
-1.0607991023910308,-2.467305498807505,7.734909741e-05,87,52,4.592441435952119,-1.0629907355545996,-2.4800046554267414
-1.06028547081243,-2.4673070147908787,6.4466898039e-05,87,52,4.592441435952119,-1.0629907355545996,-2.4800046554267414
-1.0597652827704604,-2.4673087668700204,3.8876038161e-05,87,52,4.592441435952119,-1.0629907355545996,-2.4800046554267414
-1.059246592270028,-2.467307524260699,4.1620260163e-05,87,52,4.592441435952119,-1.0629907355545996,-2.4800046554267414
-1.0587271718753999,-2.467307399999768,8.1407517428e-05,87,52,4.592441435952119,-1.0629907355545996,-2.4800046554267414
-1.0582078269870694,-2.467306840825571,1.4136264781e-07,87,52,4.592441435952119,-1.0629907355545996,-2.4800046554267414
-1.057690558521878,-2.467305946146862,0.00012320181122,87,52,4.592441435952119,-1.0629907355545996,-2.4800046554267414
-1.0571692378854685,-2.4673092142093767,0.00012280308874,87,52,4.592441435952119,-1.0629907355545996,-2.4800046554267414
-1.0566510381759593,-2.4673047408158184,0.00010419319005,87,52,4.592441435952119,-1.0629907355545996,-2.4800046554267414
-1.056137192662853,-2.467305275137825,8.0340854765e-05,87,52,4.592441435952119,-1.0629907355545996,-2.4800046554267414
-1.0556227305149983,-2.4673063313557506,6.452712114e-05,87,52,4.592441435952119,-1.0629907355545996,-2.4800046554267414
-1.0551048705838215,-2.4673076609477254,6.2017126766e-05,87,52,4.592441435952119,-1.0629907355545996,-2.4800046554267414
-1.0545885711160958,-2.467306182242633,7.4283139838e-05,87,52,4.592441435952119,-1.0629907355545996,-2.4800046554267414
-1.0540716927667677,-2.467307611243353,8.8289991254e-05,87,52,4.592441435952119,-1.0629907355545996,-2.4800046554267414
-1.053560741661675,-2.4673066047298,0.00011483335402,87,52,4.592441435952119,-1.0629907355545996,-2.4800046554267414
-1.0530465312014718,-2.4673084810698764,0.00013124445104,87,52,4.592441435952119,-1.0629907355545996,-2.4800046554267414
-1.052539519008156,-2.467306468042777,0.00014328332327,87,52,4.592441435952119,-1.0629907355545996,-2.4800046554267414
-1.0520028328405082,-2.467304653833165,0.00014695746358,87,52,4.592441435952119,-1.0629907355545996,-2.4800046554267414
-1.051476075750785,-2.467304827798472,0.00014759600163,87,52,4.592441435952119,-1.0629907355545996,-2.4800046554267414
-1.050944549180031,-2.4673062816513784,0.00014896523498,87,52,4.592441435952119,-1.0629907355545996,-2.4800046554267414
-1.0504105686546563,-2.4673064556166824,0.00014897352958,87,52,4.592441435952119,-1.0629907355545996,-2.4800046554267414
-1.0498814457009926,-2.4673072633127417,0.00014974984515,87,52,4.592441435952119,-1.0629907355545996,-2.4800046554267414
-1.0493556953618828,-2.4673041692155304,0.00014746459783,87,52,4.592441435952119,-1.0629907355545996,-2.4800046554267414
-1.0488246847508171,-2.467304827798472,0.0001467922848,87,52,4.592441435952119,-1.0629907355545996,-2.4800046554267414
-1.0482982926081925,-2.4673039579719456,0.00014885047858,87,52,4.592441435952119,-1.0629907355545996,-2.4800046554267414
-1.04776983662681,-2.467304790520191,0.00014780528727,87,52,4.592441435952119,-1.0629907355545996,-2.4800046554267414
-1.0472432179652948,-2.4673067911211986,0.00014772669238,87,52,4.592441435952119,-1.0629907355545996,-2.4800046554267414
-1.04671493816527,-2.467308530774249,0.00014638008724,87,52,4.592441435952119,-1.0629907355545996,-2.4800046554267414
-1.046187098818638,-2.4673050266159624,0.00015024541062,87,52,4.592441435952119,-1.0629907355545996,-2.4800046554267414
-1.045639124459737,-2.467305262711734,0.00014840149379,87,52,4.592441435952119,-1.0629907355545996,-2.4800046554267414
-1.0451476413946317,-2.467307810060843,0.0001502897212,87,52,4.592441435952119,-1.0629907355545996,-2.4800046554267414
-1.0446444422692638,-2.467306542599336,0.0001494827593,87,52,4.592441435952119,-1.0629907355545996,-2.4800046554267414
-1.044121473078724,-2.4673075491128857,0.00015123058984,87,52,4.592441435952119,-1.0629907355545996,-2.4800046554267414
-1.0436379810966137,-2.4673071514779017,0.00014963805734,87,52,4.592441435952119,-1.0629907355545996,-2.4800046554267414
-1.0431370219913614,-2.4673097236792008,0.000149449319,87,52,4.592441435952119,-1.0629907355545996,-2.4800046554267414
-1.0426351190574081,-2.4673064059123098,0.00015077738499,87,52,4.592441435952119,-1.0629907355545996,-2.4800046554267414
-1.0421320709446316,-2.4673041567894356,0.00015077185526,87,52,4.592441435952119,-1.0629907355545996,-2.4800046554267414
-1.0416323954464106,-2.4673064431905907,0.00015045581677,87,52,4.592441435952119,-1.0629907355545996,-2.4800046554267414
-1.0411308071220233,-2.467304218919903,0.00014839955838,87,52,4.592441435952119,-1.0629907355545996,-2.4800046554267414
-1.0874078482984908,-2.466659267403467,5.2956496802e-05,87,52,4.592441435952119,-1.0629907355545996,-2.4800046554267414
-1.0868112730537238,-2.4666578756810282,3.6743189412e-05,87,52,4.592441435952119,-1.0629907355545996,-2.4800046554267414
-1.0862084685395388,-2.4666579750897735,1.9897761661e-07,87,52,4.592441435952119,-1.0629907355545996,-2.4800046554267414
-1.0856120317229816,-2.466656496384681,1.4115518354e-07,87,52,4.592441435952119,-1.0629907355545996,-2.4800046554267414
-1.0850242907148484,-2.4666540732965028,1.4133800619e-07,87,52,4.592441435952119,-1.0629907355545996,-2.4800046554267414
-1.0844418225630543,-2.4666534768440287,0.00014915678184,87,52,4.592441435952119,-1.0629907355545996,-2.4800046554267414
-1.0838579197916358,-2.4666544833575785,0.00015286808775,87,52,4.592441435952119,-1.0629907355545996,-2.4800046554267414
-1.083283027438207,-2.4666538247746366,0.00014604951139,87,52,4.592441435952119,-1.0629907355545996,-2.4800046554267414
-1.0826767118812566,-2.466652706426247,0.00013550091535,87,52,4.592441435952119,-1.0629907355545996,-2.4800046554267414
-1.0820945583390282,-2.4666535016962152,0.00011588592315,87,52,4.592441435952119,-1.0629907355545996,-2.4800046554267414
-1.0815030923536257,-2.46665545259285,9.7354095487e-05,87,52,4.592441435952119,-1.0629907355545996,-2.4800046554267414
-1.0809137027913627,-2.466653302878721,8.383027307e-05,87,52,4.592441435952119,-1.0629907355545996,-2.4800046554267414
-1.0803284283222339,-2.4666534147135613,7.7692515333e-05,87,52,4.592441435952119,-1.0629907355545996,-2.4800046554267414
-1.0797464761301279,-2.4666528306871784,7.7444019553e-05,87,52,4.592441435952119,-1.0629907355545996,-2.4800046554267414
-1.0791618938020449,-2.466655986914857,7.7218406659e-05,87,52,4.592441435952119,-1.0629907355545996,-2.4800046554267414
-1.0785863596450995,-2.466653663235424,7.9560617451e-05,87,52,4.592441435952119,-1.0629907355545996,-2.4800046554267414
-1.078006068591507,-2.4666552786275426,7.9731289588e-05,87,52,4.592441435952119,-1.0629907355545996,-2.4800046554267414
-1.0774352032405319,-2.4666580744985187,8.3124788944e-05,87,52,4.592441435952119,-1.0629907355545996,-2.4800046554267414
-1.0768602605495738,-2.4666555395755005,8.0072182755e-05,87,52,4.592441435952119,-1.0629907355545996,-2.4800046554267414
-1.076288073838418,-2.4666523336434527,8.0246347352e-05,87,52,4.592441435952119,-1.0629907355545996,-2.4800046554267414
-1.075720140648606,-2.466652433052198,7.8678509453e-05,87,52,4.592441435952119,-1.0629907355545996,-2.4800046554267414
-1.075197335055041,-2.4666540235921306,7.7555072494e-05,87,52,4.592441435952119,-1.0629907355545996,-2.4800046554267414
-1.0746559926658046,-2.4666535265484013,8.1043144746e-05,87,52,4.592441435952119,-1.0629907355545996,-2.4800046554267414
-1.0741143230826207,-2.466654744305536,7.7952390711e-05,87,52,4.592441435952119,-1.0629907355545996,-2.4800046554267414
-1.0735721878772764,-2.466655179218798,7.8276338172e-05,87,52,4.592441435952119,-1.0629907355545996,-2.4800046554267414
-1.0730334127021062,-2.4666546573228825,7.7961762145e-05,87,52,4.592441435952119,-1.0629907355545996,-2.4800046554267414
-1.0724964370936574,-2.466652321217358,7.8861681686e-05,87,52,4.592441435952119,-1.0629907355545996,-2.4800046554267414
-1.0719598893542177,-2.46665348927012,7.897427713e-05,87,52,4.592441435952119,-1.0629907355545996,-2.4800046554267414
-1.0714250405064394,-2.46665174961707,7.8639983258e-05,87,52,4.592441435952119,-1.0629907355545996,-2.4800046554267414
-1.0708899525553908,-2.466650830086171,7.8426965047e-05,87,52,4.592441435952119,-1.0629907355545996,-2.4800046554267414
-1.070358891606794,-2.4666513395559946,7.8047916759e-05,87,52,4.592441435952119,-1.0629907355545996,-2.4800046554267414
-1.0698242189403733,-2.466652147252054,7.7825767221e-05,87,52,4.592441435952119,-1.0629907355545996,-2.4800046554267414
-1.0692914716845006,-2.466653004652486,7.747890777e-05,87,52,4.592441435952119,-1.0629907355545996,-2.4800046554267414
-1.0687585230785053,-2.4666499602596472,7.6832009654e-05,87,52,4.592441435952119,-1.0629907355545996,-2.4800046554267414
-1.0682339934245146,-2.466652420626103,7.7339085692e-05,87,52,4.592441435952119,-1.0629907355545996,-2.4800046554267414
-1.067704492939369,-2.4666518738780017,7.8598575783e-05,87,52,4.592441435952119,-1.0629907355545996,-2.4800046554267414
-1.067153510913011,-2.4666518738780017,7.6899013948e-05,87,52,4.592441435952119,-1.0629907355545996,-2.4800046554267414
-1.0666404456316312,-2.4666501217988563,7.8115532233e-05,87,52,4.592441435952119,-1.0629907355545996,-2.4800046554267414
-1.066109460189332,-2.4666514762430176,7.7889941167e-05,87,52,4.592441435952119,-1.0629907355545996,-2.4800046554267414
-1.065576788439755,-2.4666529176698324,7.7866243373e-05,87,52,4.592441435952119,-1.0629907355545996,-2.4800046554267414
-1.0650444438841267,-2.4666510537558506,7.8302466136e-05,87,52,4.592441435952119,-1.0629907355545996,-2.4800046554267414
-1.0645109919028248,-2.4666526567218745,8.1815778685e-05,87,52,4.592441435952119,-1.0629907355545996,-2.4800046554267414
-1.0639779300373846,-2.466650792807893,8.0905971117e-05,87,52,4.592441435952119,-1.0629907355545996,-2.4800046554267414
-1.063448391799093,-2.46665143896474,8.0487057858e-05,87,52,4.592441435952119,-1.0629907355545996,-2.4800046554267414
-1.0629178216414217,-2.4666530916351364,8.1079007941e-05,87,52,4.592441435952119,-1.0629907355545996,-2.4800046554267414
-1.0623652791516107,-2.466650991625383,8.0242338299e-05,87,52,4.592441435952119,-1.0629907355545996,-2.4800046554267414
-1.0618576503235444,-2.466652855539365,7.8726669017e-05,87,52,4.592441435952119,-1.0629907355545996,-2.4800046554267414
-1.0613302010927737,-2.4666529798003,7.9932244262e-05,87,52,4.592441435952119,-1.0629907355545996,-2.4800046554267414
-1.0607801377263502,-2.466652694000156,7.6107171481e-05,87,52,4.592441435952119,-1.0629907355545996,-2.4800046554267414
-1.060288755336307,-2.4666531910438847,6.3387851696e-05,87,52,4.592441435952119,-1.0629907355545996,-2.4800046554267414
-1.0597742302665378,-2.466654856140376,3.7839959987e-05,87,52,4.592441435952119,-1.0629907355545996,-2.4800046554267414
-1.059252506929882,-2.466653998739944,3.6393874325e-05,87,52,4.592441435952119,-1.0629907355545996,-2.4800046554267414
-1.0587314379811257,-2.466651426538645,6.1100981839e-05,87,52,4.592441435952119,-1.0629907355545996,-2.4800046554267414
-1.058210771732614,-2.4666533774352803,9.3089460279e-05,87,52,4.592441435952119,-1.0629907355545996,-2.4800046554267414
-1.0576928362951414,-2.466655601705968,0.00010766836931,87,52,4.592441435952119,-1.0629907355545996,-2.4800046554267414
-1.0571755300768024,-2.466655415314569,0.00010658010433,87,52,4.592441435952119,-1.0629907355545996,-2.4800046554267414
-1.0566600485939492,-2.4666565585151448,8.7173706561e-05,87,52,4.592441435952119,-1.0629907355545996,-2.4800046554267414
-1.056141005730803,-2.466653563826679,8.1444115494e-05,87,52,4.592441435952119,-1.0629907355545996,-2.4800046554267414
-1.055627978202571,-2.4666538993311957,7.2118098615e-05,87,52,4.592441435952119,-1.0629907355545996,-2.4800046554267414
-1.0551113892940425,-2.4666516377822303,5.9514426539e-05,87,52,4.592441435952119,-1.0629907355545996,-2.4800046554267414
-1.0545998593073491,-2.4666539366094766,4.9249236326e-05,87,52,4.592441435952119,-1.0629907355545996,-2.4800046554267414
-1.054084100968078,-2.4666545330619507,5.7770728745e-05,87,52,4.592441435952119,-1.0629907355545996,-2.4800046554267414
-1.0535676379033778,-2.4666514762430176,8.7349675596e-05,87,52,4.592441435952119,-1.0629907355545996,-2.4800046554267414
-1.0530538301434194,-2.46665360110496,1.4136094251e-07,87,52,4.592441435952119,-1.0629907355545996,-2.4800046554267414
-1.0525472458191143,-2.4666565460890535,0.00013913059956,87,52,4.592441435952119,-1.0629907355545996,-2.4800046554267414
-1.052010723248441,-2.4666552164970788,0.00014614466636,87,52,4.592441435952119,-1.0629907355545996,-2.4800046554267414
-1.0514820155794036,-2.4666529300959272,0.00014871885651,87,52,4.592441435952119,-1.0629907355545996,-2.4800046554267414
-1.0509544279204246,-2.4666549928273986,0.00014541945711,87,52,4.592441435952119,-1.0629907355545996,-2.4800046554267414
-1.0504233166342987,-2.466651463816926,0.00014761302737,87,52,4.592441435952119,-1.0629907355545996,-2.4800046554267414
-1.0498933379426127,-2.4666516626344164,0.00014866818674,87,52,4.592441435952119,-1.0629907355545996,-2.4800046554267414
-1.0493616855280323,-2.466652892817646,0.00014723432832,87,52,4.592441435952119,-1.0629907355545996,-2.4800046554267414
-1.048834274050411,-2.466655924784393,0.00014992887736,87,52,4.592441435952119,-1.0629907355545996,-2.4800046554267414
-1.0483064598725433,-2.466652532460943,0.00014884525444,87,52,4.592441435952119,-1.0629907355545996,-2.4800046554267414
-1.047775285664505,-2.466652731278433,0.00015183033247,87,52,4.592441435952119,-1.0629907355545996,-2.4800046554267414
-1.047252769511741,-2.4666531661916986,0.00015045213513,87,52,4.592441435952119,-1.0629907355545996,-2.4800046554267414
-1.0467286173892303,-2.466653563826679,0.00014999114501,87,52,4.592441435952119,-1.0629907355545996,-2.4800046554267414
-1.0462018477151238,-2.4666529300959272,0.00014999046107,87,52,4.592441435952119,-1.0629907355545996,-2.4800046554267414
-1.0456765000762605,-2.466655179218798,0.00015110263485,87,52,4.592441435952119,-1.0629907355545996,-2.4800046554267414
-1.0451608424120513,-2.4666510910341284,0.00015057215933,87,52,4.592441435952119,-1.0629907355545996,-2.4800046554267414
-1.0446597197098229,-2.4666507555296118,0.00015151123807,87,52,4.592441435952119,-1.0629907355545996,-2.4800046554267414
-1.0441532612293445,-2.466651849025815,0.00015177528257,87,52,4.592441435952119,-1.0629907355545996,-2.4800046554267414
-1.0436551210258085,-2.466653278026535,0.00015060268925,87,52,4.592441435952119,-1.0629907355545996,-2.4800046554267414
-1.0431266398756596,-2.466654036018222,0.00014812529844,87,52,4.592441435952119,-1.0629907355545996,-2.4800046554267414
-1.0426453627449002,-2.4666529176698324,0.00014744677173,87,52,4.592441435952119,-1.0629907355545996,-2.4800046554267414
-1.042147700747906,-2.4666549804013074,0.00015022302978,87,52,4.592441435952119,-1.0629907355545996,-2.4800046554267414
-1.0416488432345576,-2.466651426538645,0.00014587915211,87,52,4.592441435952119,-1.0629907355545996,-2.4800046554267414
-1.0411504135902205,-2.4666523336434527,0.00014492083574,87,52,4.592441435952119,-1.0629907355545996,-2.4800046554267414
-1.0874130456485325,-2.466008562605874,5.2988252719e-05,87,52,4.592441435952119,-1.0629907355545996,-2.4800046554267414
-1.086818861436474,-2.466007419405298,3.8019254134e-05,87,52,4.592441435952119,-1.0629907355545996,-2.4800046554267414
-1.0862167364789517,-2.4660047229430675,6.6006097768e-05,87,52,4.592441435952119,-1.0629907355545996,-2.4800046554267414
-1.0856197333651736,-2.466004785073535,1.41368389e-07,87,52,4.592441435952119,-1.0629907355545996,-2.4800046554267414
-1.0850290098583497,-2.466003554890305,1.4132332637e-07,87,52,4.592441435952119,-1.0629907355545996,-2.4800046554267414
-1.0844439367393415,-2.466004834777907,0.00014701022883,87,52,4.592441435952119,-1.0629907355545996,-2.4800046554267414
-1.0838668169501822,-2.466004946612744,0.00015079749573,87,52,4.592441435952119,-1.0629907355545996,-2.4800046554267414
-1.0832892818763933,-2.46600499631712,0.00015095472918,87,52,4.592441435952119,-1.0629907355545996,-2.4800046554267414
-1.082693600122796,-2.4660020389069315,0.00013750496146,87,52,4.592441435952119,-1.0629907355545996,-2.4800046554267414
-1.0820951749737784,-2.466004834777907,0.00011695738067,87,52,4.592441435952119,-1.0629907355545996,-2.4800046554267414
-1.081503809663438,-2.4660024116897294,0.00010089475109,87,52,4.592441435952119,-1.0629907355545996,-2.4800046554267414
-1.0809045916983107,-2.466002647785501,8.6938518507e-05,87,52,4.592441435952119,-1.0629907355545996,-2.4800046554267414
-1.0803350602919,-2.4660017158285066,8.1726750068e-05,87,52,4.592441435952119,-1.0629907355545996,-2.4800046554267414
-1.0797534101249784,-2.466000212271228,7.9531564552e-05,87,52,4.592441435952119,-1.0629907355545996,-2.4800046554267414
-1.0791592762504494,-2.4659995288361,8.0197954958e-05,87,52,4.592441435952119,-1.0629907355545996,-2.4800046554267414
-1.0785991327935083,-2.466002560802847,8.2615908468e-05,87,52,4.592441435952119,-1.0629907355545996,-2.4800046554267414
-1.0780234224552072,-2.466002386837543,8.1202866568e-05,87,52,4.592441435952119,-1.0629907355545996,-2.4800046554267414
-1.0774480141420886,-2.4660043625863644,7.760078006e-05,87,52,4.592441435952119,-1.0629907355545996,-2.4800046554267414
-1.0768743298893955,-2.4660028714551774,7.9426463344e-05,87,52,4.592441435952119,-1.0629907355545996,-2.4800046554267414
-1.076301941828119,-2.466004685664786,7.9784629634e-05,87,52,4.592441435952119,-1.0629907355545996,-2.4800046554267414
-1.0757442523257974,-2.466002486246288,7.8677985584e-05,87,52,4.592441435952119,-1.0629907355545996,-2.4800046554267414
-1.075204193543594,-2.466005369099914,8.1385485828e-05,87,52,4.592441435952119,-1.0629907355545996,-2.4800046554267414
-1.0746650911744733,-2.466003256664066,7.569452282e-05,87,52,4.592441435952119,-1.0629907355545996,-2.4800046554267414
-1.0741249694703574,-2.4660022128722354,8.0507736129e-05,87,52,4.592441435952119,-1.0629907355545996,-2.4800046554267414
-1.0735856783354973,-2.466007146031245,7.8543649579e-05,87,52,4.592441435952119,-1.0629907355545996,-2.4800046554267414
-1.0730476582232855,-2.466004983891025,7.7607910498e-05,87,52,4.592441435952119,-1.0629907355545996,-2.4800046554267414
-1.0725057872899795,-2.466005754308803,8.0967860413e-05,87,52,4.592441435952119,-1.0629907355545996,-2.4800046554267414
-1.0719698184321422,-2.4660055430652217,7.7348471677e-05,87,52,4.592441435952119,-1.0629907355545996,-2.4800046554267414
-1.0714344787934402,-2.4660051454302376,7.8254248365e-05,87,52,4.592441435952119,-1.0629907355545996,-2.4800046554267414
-1.0709007373713373,-2.466004375012456,7.7519856859e-05,87,52,4.592441435952119,-1.0629907355545996,-2.4800046554267414
-1.0703644664883174,-2.4660057418827117,7.9172939877e-05,87,52,4.592441435952119,-1.0629907355545996,-2.4800046554267414
-1.0698365893885355,-2.4660056300478717,7.7985387179e-05,87,52,4.592441435952119,-1.0629907355545996,-2.4800046554267414
-1.0692984686012634,-2.4660047602213484,8.1250655057e-05,87,52,4.592441435952119,-1.0629907355545996,-2.4800046554267414
-1.0687699874511163,-2.466005866143643,7.9611207184e-05,87,52,4.592441435952119,-1.0629907355545996,-2.4800046554267414
-1.0682448285779922,-2.466004300455897,7.8761520854e-05,87,52,4.592441435952119,-1.0629907355545996,-2.4800046554267414
-1.0677187636293148,-2.4660059158480157,7.7787510236e-05,87,52,4.592441435952119,-1.0629907355545996,-2.4800046554267414
-1.0671846824288795,-2.466002598081128,7.8536439105e-05,87,52,4.592441435952119,-1.0629907355545996,-2.4800046554267414
-1.0666507396566525,-2.466006164369882,7.6445096056e-05,87,52,4.592441435952119,-1.0629907355545996,-2.4800046554267414
-1.0661178162194238,-2.4660053939521003,7.7877397416e-05,87,52,4.592441435952119,-1.0629907355545996,-2.4800046554267414
-1.0655853206512027,-2.466004698090881,7.7324584709e-05,87,52,4.592441435952119,-1.0629907355545996,-2.4800046554267414
-1.0650569779292636,-2.4660074566835757,7.8990276961e-05,87,52,4.592441435952119,-1.0629907355545996,-2.4800046554267414
-1.0645260176557307,-2.4660059158480157,7.8020944784e-05,87,52,4.592441435952119,-1.0629907355545996,-2.4800046554267414
-1.0639969953771273,-2.466006350761281,7.8289609519e-05,87,52,4.592441435952119,-1.0629907355545996,-2.4800046554267414
-1.0634661861161858,-2.466005418804287,8.2290978753e-05,87,52,4.592441435952119,-1.0629907355545996,-2.4800046554267414
-1.062936345852708,-2.4660062016481596,8.1166726886e-05,87,52,4.592441435952119,-1.0629907355545996,-2.4800046554267414
-1.062405599513679,-2.466008376214475,7.9210483818e-05,87,52,4.592441435952119,-1.0629907355545996,-2.4800046554267414
-1.0618764891443984,-2.4660085129015012,8.0716497905e-05,87,52,4.592441435952119,-1.0629907355545996,-2.4800046554267414
-1.061350097001772,-2.4660070590485916,7.5120304246e-05,87,52,4.592441435952119,-1.0629907355545996,-2.4800046554267414
-1.060820017635026,-2.466004797499626,7.4948788097e-05,87,52,4.592441435952119,-1.0629907355545996,-2.4800046554267414
-1.0603094188926485,-2.466007991005586,7.163482951e-05,87,52,4.592441435952119,-1.0629907355545996,-2.4800046554267414
-1.0597689951633484,-2.4660071708834317,5.5649234127e-05,87,52,4.592441435952119,-1.0629907355545996,-2.4800046554267414
-1.0592695587683978,-2.466006015256761,4.1453156882e-05,87,52,4.592441435952119,-1.0629907355545996,-2.4800046554267414
-1.05875075500852,-2.4660042631776196,4.6601995564e-05,87,52,4.592441435952119,-1.0629907355545996,-2.4800046554267414
-1.0582351728506065,-2.4660045365516683,6.5301814175e-05,87,52,4.592441435952119,-1.0629907355545996,-2.4800046554267414
-1.0577143681738868,-2.466005530639127,7.3464791058e-05,87,52,4.592441435952119,-1.0629907355545996,-2.4800046554267414
-1.0571997172602894,-2.4660069223615686,8.03293442e-05,87,52,4.592441435952119,-1.0629907355545996,-2.4800046554267414
-1.0566842735305857,-2.4660068975093825,8.2565653429e-05,87,52,4.592441435952119,-1.0629907355545996,-2.4800046554267414
-1.0561679363097123,-2.4660039028209164,8.1218495325e-05,87,52,4.592441435952119,-1.0629907355545996,-2.4800046554267414
-1.0556499882878565,-2.466005443656473,7.5543299317e-05,87,52,4.592441435952119,-1.0629907355545996,-2.4800046554267414
-1.0551362308654308,-2.4660051702824237,6.300280802e-05,87,52,4.592441435952119,-1.0629907355545996,-2.4800046554267414
-1.0546219197301656,-2.4660053318216364,4.7055054893e-05,87,52,4.592441435952119,-1.0629907355545996,-2.4800046554267414
-1.0541069164538546,-2.4660073821270165,3.866408224e-05,87,52,4.592441435952119,-1.0629907355545996,-2.4800046554267414
-1.053593674991117,-2.466007121179059,7.1483213105e-05,87,52,4.592441435952119,-1.0629907355545996,-2.4800046554267414
-1.0530750851657464,-2.4660038531165407,1.4135353865e-07,87,52,4.592441435952119,-1.0629907355545996,-2.4800046554267414
-1.0525701368111884,-2.4660038531165407,1.4136388415e-07,87,52,4.592441435952119,-1.0629907355545996,-2.4800046554267414
-1.0520407999230172,-2.4660057791609895,0.00014405258116,87,52,4.592441435952119,-1.0629907355545996,-2.4800046554267414
-1.0514828587330425,-2.46600354246421,0.00014853410539,87,52,4.592441435952119,-1.0629907355545996,-2.4800046554267414
-1.050975116645531,-2.466006089813323,0.00014947947056,87,52,4.592441435952119,-1.0629907355545996,-2.4800046554267414
-1.0504462327951374,-2.4660057791609895,0.00015030526265,87,52,4.592441435952119,-1.0629907355545996,-2.4800046554267414
-1.0499183305265927,-2.466008550179779,0.00014942415874,87,52,4.592441435952119,-1.0629907355545996,-2.4800046554267414
-1.049384362585601,-2.4660079413012133,0.00014899989765,87,52,4.592441435952119,-1.0629907355545996,-2.4800046554267414
-1.048859405062599,-2.4660056797522443,0.00014850455045,87,52,4.592441435952119,-1.0629907355545996,-2.4800046554267414
-1.0483295773835044,-2.4660072454399904,0.00015143859491,87,52,4.592441435952119,-1.0629907355545996,-2.4800046554267414
-1.0478036760318035,-2.4660076430749744,0.00014867978462,87,52,4.592441435952119,-1.0629907355545996,-2.4800046554267414
-1.0472757737632585,-2.4660059034219244,0.00015112181427,87,52,4.592441435952119,-1.0629907355545996,-2.4800046554267414
-1.0467469024972464,-2.4660090969278805,0.00015078627621,87,52,4.592441435952119,-1.0629907355545996,-2.4800046554267414
-1.0462216555334434,-2.466006064961137,0.00014821589866,87,52,4.592441435952119,-1.0629907355545996,-2.4800046554267414
-1.045701517829005,-2.4660069347876603,0.00014908528829,87,52,4.592441435952119,-1.0629907355545996,-2.4800046554267414
-1.0451819464217855,-2.466007419405298,0.00014928191376,87,52,4.592441435952119,-1.0629907355545996,-2.4800046554267414
-1.0446845738655928,-2.4660093205975606,0.00014798570191,87,52,4.592441435952119,-1.0629907355545996,-2.4800046554267414
-1.044180909118066,-2.4660079661533993,0.00014960629051,87,52,4.592441435952119,-1.0629907355545996,-2.4800046554267414
-1.0436782511211526,-2.4660072205878043,0.0001486447145,87,52,4.592441435952119,-1.0629907355545996,-2.4800046554267414
-1.0431746492955383,-2.4660074691096705,0.00015171198174,87,52,4.592441435952119,-1.0629907355545996,-2.4800046554267414
-1.0426494904224142,-2.466005095725865,0.0001515118056,87,52,4.592441435952119,-1.0629907355545996,-2.4800046554267414
-1.0421702393772647,-2.466004785073535,0.00015102476755,87,52,4.592441435952119,-1.0629907355545996,-2.4800046554267414
-1.0416736596371798,-2.4660074815357618,0.00015005520254,87,52,4.592441435952119,-1.0629907355545996,-2.4800046554267414
-1.0411496711116435,-2.4660042507515243,0.00014891485625,87,52,4.592441435952119,-1.0629907355545996,-2.4800046554267414
-1.0873881411552315,-2.465362380906208,5.4777330661e-05,87,52,4.592441435952119,-1.0629907355545996,-2.4800046554267414
-1.0867934913210142,-2.46535832999982,3.5678491258e-05,87,52,4.592441435952119,-1.0629907355545996,-2.4800046554267414
-1.0861951668470569,-2.465357335912362,1.4135643767e-07,87,52,4.592441435952119,-1.0629907355545996,-2.4800046554267414
-1.0855992837433392,-2.4653545897457585,1.4137104642e-07,87,52,4.592441435952119,-1.0629907355545996,-2.4800046554267414
-1.0850087490022544,-2.4653554098679127,0.00014092148922,87,52,4.592441435952119,-1.0629907355545996,-2.4800046554267414
-1.0844284327798954,-2.465351843579159,0.00014865901903,87,52,4.592441435952119,-1.0629907355545996,-2.4800046554267414
-1.0838497147741353,-2.4653573110601754,0.00015047707711,87,52,4.592441435952119,-1.0629907355545996,-2.4800046554267414
-1.0832714498061526,-2.4653545773196672,0.00015087425709,87,52,4.592441435952119,-1.0629907355545996,-2.4800046554267414
-1.0826703190148605,-2.4653537447714218,0.00013349375513,87,52,4.592441435952119,-1.0629907355545996,-2.4800046554267414
-1.0820779343695235,-2.4653564163814625,0.00011397976778,87,52,4.592441435952119,-1.0629907355545996,-2.4800046554267414
-1.0814869214218967,-2.4653570998165906,9.8219090432e-05,87,52,4.592441435952119,-1.0629907355545996,-2.4800046554267414
-1.0808899560612681,-2.4653531483189473,8.5293133452e-05,87,52,4.592441435952119,-1.0629907355545996,-2.4800046554267414
-1.08030958950138,-2.4653524276055383,7.8052835306e-05,87,52,4.592441435952119,-1.0629907355545996,-2.4800046554267414
-1.0797402594450896,-2.465352440031633,7.542642561e-05,87,52,4.592441435952119,-1.0629907355545996,-2.4800046554267414
-1.0791581310716276,-2.4653518932835317,7.7948279795e-05,87,52,4.592441435952119,-1.0629907355545996,-2.4800046554267414
-1.07858050790716,-2.4653522412141395,7.7231947216e-05,87,52,4.592441435952119,-1.0629907355545996,-2.4800046554267414
-1.07800570364441,-2.465352601570846,7.7338372648e-05,87,52,4.592441435952119,-1.0629907355545996,-2.4800046554267414
-1.077428684530311,-2.465355148919955,7.7933611465e-05,87,52,4.592441435952119,-1.0629907355545996,-2.4800046554267414
-1.0768596690835883,-2.465354366076082,7.9711920989e-05,87,52,4.592441435952119,-1.0629907355545996,-2.4800046554267414
-1.0762858841558334,-2.4653559814682007,7.6912183431e-05,87,52,4.592441435952119,-1.0629907355545996,-2.4800046554267414
-1.0757318063713395,-2.465353496249555,7.6753691246e-05,87,52,4.592441435952119,-1.0629907355545996,-2.4800046554267414
-1.0751903507226594,-2.465355770224616,7.9346886196e-05,87,52,4.592441435952119,-1.0629907355545996,-2.4800046554267414
-1.0746464537037432,-2.465356292120531,7.6868913311e-05,87,52,4.592441435952119,-1.0629907355545996,-2.4800046554267414
-1.074109440342145,-2.465355037085115,7.5254960393e-05,87,52,4.592441435952119,-1.0629907355545996,-2.4800046554267414
-1.073568047615379,-2.465353906310634,7.8233635577e-05,87,52,4.592441435952119,-1.0629907355545996,-2.4800046554267414
-1.0730120695891001,-2.465351930561809,7.5724543422e-05,87,52,4.592441435952119,-1.0629907355545996,-2.4800046554267414
-1.072495153486624,-2.4653535708061143,7.9919278505e-05,87,52,4.592441435952119,-1.0629907355545996,-2.4800046554267414
-1.0719601913794021,-2.465356217563972,7.7493750723e-05,87,52,4.592441435952119,-1.0629907355545996,-2.4800046554267414
-1.071425682309956,-2.4653533968408103,7.6143573096e-05,87,52,4.592441435952119,-1.0629907355545996,-2.4800046554267414
-1.070890292333723,-2.465354453058736,7.688554615e-05,87,52,4.592441435952119,-1.0629907355545996,-2.4800046554267414
-1.0703572052995178,-2.4653565530684887,7.7461882029e-05,87,52,4.592441435952119,-1.0629907355545996,-2.4800046554267414
-1.0698227213988363,-2.4653547885632525,7.8685770859e-05,87,52,4.592441435952119,-1.0629907355545996,-2.4800046554267414
-1.069268995977056,-2.4653560311725733,7.9310892033e-05,87,52,4.592441435952119,-1.0629907355545996,-2.4800046554267414
-1.0687568241868444,-2.4653540181454705,8.0905265349e-05,87,52,4.592441435952119,-1.0629907355545996,-2.4800046554267414
-1.0682369004169114,-2.465351905709623,7.9515550169e-05,87,52,4.592441435952119,-1.0629907355545996,-2.4800046554267414
-1.0676857170404292,-2.465353794475794,8.004411211e-05,87,52,4.592441435952119,-1.0629907355545996,-2.4800046554267414
-1.0671755713358277,-2.46535667732942,8.0418845755e-05,87,52,4.592441435952119,-1.0629907355545996,-2.4800046554267414
-1.0666422577827357,-2.465356863720819,8.1600439444e-05,87,52,4.592441435952119,-1.0629907355545996,-2.4800046554267414
-1.0661137011262911,-2.465353794475794,7.7599186625e-05,87,52,4.592441435952119,-1.0629907355545996,-2.4800046554267414
-1.0655750266261814,-2.4653567394598874,8.0398567661e-05,87,52,4.592441435952119,-1.0629907355545996,-2.4800046554267414
-1.0650225470582846,-2.465351011030913,7.8253935499e-05,87,52,4.592441435952119,-1.0629907355545996,-2.4800046554267414
-1.0645114449406006,-2.4653538069018857,7.9652476416e-05,87,52,4.592441435952119,-1.0629907355545996,-2.4800046554267414
-1.063981478833298,-2.4653551240677687,8.2123726315e-05,87,52,4.592441435952119,-1.0629907355545996,-2.4800046554267414
-1.0634543190433283,-2.465355471998377,7.9322562669e-05,87,52,4.592441435952119,-1.0629907355545996,-2.4800046554267414
-1.0629237237168923,-2.4653529743536398,7.8188320913e-05,87,52,4.592441435952119,-1.0629907355545996,-2.4800046554267414
-1.0623938331158853,-2.4653561430074133,7.809689123e-05,87,52,4.592441435952119,-1.0629907355545996,-2.4800046554267414
-1.0618612620413703,-2.4653536453626765,7.8880315414e-05,87,52,4.592441435952119,-1.0629907355545996,-2.4800046554267414
-1.0613357004679997,-2.4653521790836757,8.1979189417e-05,87,52,4.592441435952119,-1.0629907355545996,-2.4800046554267414
-1.0607854231670706,-2.4653540305715658,7.7604134276e-05,87,52,4.592441435952119,-1.0629907355545996,-2.4800046554267414
-1.0602921405352441,-2.465354477910922,7.7219170635e-05,87,52,4.592441435952119,-1.0629907355545996,-2.4800046554267414
-1.0597763318584437,-2.465351868431345,6.856793334e-05,87,52,4.592441435952119,-1.0629907355545996,-2.4800046554267414
-1.059257905630046,-2.4653553725896318,5.9261150454e-05,87,52,4.592441435952119,-1.0629907355545996,-2.4800046554267414
-1.0587389508575784,-2.4653563791031847,5.6262939324e-05,87,52,4.592441435952119,-1.0629907355545996,-2.4800046554267414
-1.0582172275209225,-2.4653547140066934,6.0063048295e-05,87,52,4.592441435952119,-1.0629907355545996,-2.4800046554267414
-1.0576957936250675,-2.4653549501024647,6.9453701144e-05,87,52,4.592441435952119,-1.0629907355545996,-2.4800046554267414
-1.057183634419241,-2.4653576092864107,7.6920274296e-05,87,52,4.592441435952119,-1.0629907355545996,-2.4800046554267414
-1.0566431100148785,-2.465353881458448,8.0608377175e-05,87,52,4.592441435952119,-1.0629907355545996,-2.4800046554267414
-1.0561485060228728,-2.4653535708061143,8.0286285083e-05,87,52,4.592441435952119,-1.0629907355545996,-2.4800046554267414
-1.0556343333158174,-2.465356938277378,7.7093063737e-05,87,52,4.592441435952119,-1.0629907355545996,-2.4800046554267414
-1.0551184994702507,-2.465355397441818,7.1696056693e-05,87,52,4.592441435952119,-1.0629907355545996,-2.4800046554267414
-1.0546037101284451,-2.4653543039456145,4.8794565373e-05,87,52,4.592441435952119,-1.0629907355545996,-2.4800046554267414
-1.0540878636984952,-2.4653525642925644,3.8401944039e-05,87,52,4.592441435952119,-1.0629907355545996,-2.4800046554267414
-1.0535715893995359,-2.4653569009991,6.3349223637e-05,87,52,4.592441435952119,-1.0629907355545996,-2.4800046554267414
-1.0530647533875757,-2.465356577920675,1.4137394544e-07,87,52,4.592441435952119,-1.0629907355545996,-2.4800046554267414
-1.052554280489025,-2.4653540305715658,1.4136803372e-07,87,52,4.592441435952119,-1.0629907355545996,-2.4800046554267414
-1.052024012356538,-2.465353458971278,0.00014344575175,87,52,4.592441435952119,-1.0629907355545996,-2.4800046554267414
-1.0514890754180808,-2.4653568264425414,0.00014820077922,87,52,4.592441435952119,-1.0629907355545996,-2.4800046554267414
-1.0509601034770082,-2.465353409266905,0.00015080640151,87,52,4.592441435952119,-1.0629907355545996,-2.4800046554267414
-1.0504289041002035,-2.4653527134056823,0.00015212727885,87,52,4.592441435952119,-1.0629907355545996,-2.4800046554267414
-1.0498991896805543,-2.4653559938942924,0.00015007628826,87,52,4.592441435952119,-1.0629907355545996,-2.4800046554267414
-1.049368430757142,-2.4653525394403784,0.00014814594761,87,52,4.592441435952119,-1.0629907355545996,-2.4800046554267414
-1.0488423658084662,-2.4653519554139955,0.00014815127361,87,52,4.592441435952119,-1.0629907355545996,-2.4800046554267414
-1.0483143251117117,-2.4653548755459025,0.0001496730838,87,52,4.592441435952119,-1.0629907355545996,-2.4800046554267414
-1.0477845729389128,-2.4653549998068374,0.0001518518111,87,52,4.592441435952119,-1.0629907355545996,-2.4800046554267414
-1.047257362811414,-2.4653548631198112,0.00015163503122,87,52,4.592441435952119,-1.0629907355545996,-2.4800046554267414
-1.0467319774194028,-2.4653560311725733,0.0001482652151,87,52,4.592441435952119,-1.0629907355545996,-2.4800046554267414
-1.0462064032616507,-2.465353695067049,0.00014904374257,87,52,4.592441435952119,-1.0629907355545996,-2.4800046554267414
-1.0456809675321084,-2.4653546767284125,0.00014786251995,87,52,4.592441435952119,-1.0629907355545996,-2.4800046554267414
-1.0451698150768935,-2.465351868431345,0.0001474157616,87,52,4.592441435952119,-1.0629907355545996,-2.4800046554267414
-1.0446440144002527,-2.465353769623608,0.00015114122652,87,52,4.592441435952119,-1.0629907355545996,-2.4800046554267414
-1.044139128967607,-2.4653539311628205,0.00015028149937,87,52,4.592441435952119,-1.0629907355545996,-2.4800046554267414
-1.0436645341440447,-2.4653524897360057,0.00015077186981,87,52,4.592441435952119,-1.0629907355545996,-2.4800046554267414
-1.0431589943234991,-2.465354328797801,0.00015022183652,87,52,4.592441435952119,-1.0629907355545996,-2.4800046554267414
-1.0426551533946147,-2.4653551613460465,0.0001504184329,87,52,4.592441435952119,-1.0629907355545996,-2.4800046554267414
-1.0421534392264022,-2.46535504951121,0.00015092307876,87,52,4.592441435952119,-1.0629907355545996,-2.4800046554267414
-1.041655714307494,-2.4653554471461905,0.00014918165107,87,52,4.592441435952119,-1.0629907355545996,-2.4800046554267414
-1.0411540504768126,-2.4653564163814625,0.00015069051005,87,52,4.592441435952119,-1.0629907355545996,-2.4800046554267414
-1.0874116865352037,-2.4647154039365815,5.3653540817e-05,87,52,4.592441435952119,-1.0629907355545996,-2.4800046554267414
-1.0868142807211827,-2.4647104086471043,3.3375305065e-05,87,52,4.592441435952119,-1.0629907355545996,-2.4800046554267414
-1.0862117782321803,-2.4647116885347065,7.8497832874e-05,87,52,4.592441435952119,-1.0629907355545996,-2.4800046554267414
-1.0856176317732698,-2.4647115766998664,1.4096050904e-07,87,52,4.592441435952119,-1.0629907355545996,-2.4800046554267414
-1.0850297397525435,-2.4647097873424437,1.4167999041e-07,87,52,4.592441435952119,-1.0629907355545996,-2.4800046554267414
-1.0844444652834146,-2.4647089796463844,0.00014824248501,87,52,4.592441435952119,-1.0629907355545996,-2.4800046554267414
-1.083862764778962,-2.46471003586431,0.00015311769675,87,52,4.592441435952119,-1.0629907355545996,-2.4800046554267414
-1.0832883883852233,-2.464707028749749,0.00015079214063,87,52,4.592441435952119,-1.0629907355545996,-2.4800046554267414
-1.082690592455339,-2.4647091039073157,0.00013347290223,87,52,4.592441435952119,-1.0629907355545996,-2.4800046554267414
-1.082093803276068,-2.4647116139781473,0.00012117531878,87,52,4.592441435952119,-1.0629907355545996,-2.4800046554267414
-1.0815042501168306,-2.4647092281682506,9.5070659881e-05,87,52,4.592441435952119,-1.0629907355545996,-2.4800046554267414
-1.0809149612296294,-2.464709563672767,8.9494831627e-05,87,52,4.592441435952119,-1.0629907355545996,-2.4800046554267414
-1.0803300894607453,-2.464708743550613,7.9700083006e-05,87,52,4.592441435952119,-1.0629907355545996,-2.4800046554267414
-1.0797458846641423,-2.4647079482806484,7.5726529758e-05,87,52,4.592441435952119,-1.0629907355545996,-2.4800046554267414
-1.0791661095702394,-2.4647063577407162,7.5819771155e-05,87,52,4.592441435952119,-1.0629907355545996,-2.4800046554267414
-1.0785867371765796,-2.464706258331971,7.9574077972e-05,87,52,4.592441435952119,-1.0629907355545996,-2.4800046554267414
-1.077998618636968,-2.4647070660280304,7.975709741e-05,87,52,4.592441435952119,-1.0629907355545996,-2.4800046554267414
-1.0774396706963798,-2.464703437608809,7.853594434e-05,87,52,4.592441435952119,-1.0629907355545996,-2.4800046554267414
-1.0768692332144159,-2.4647067678017915,7.5404117524e-05,87,52,4.592441435952119,-1.0629907355545996,-2.4800046554267414
-1.0762956873899328,-2.4647069293410038,7.5988238677e-05,87,52,4.592441435952119,-1.0629907355545996,-2.4800046554267414
-1.0757431700688884,-2.464705425783722,7.620856195e-05,87,52,4.592441435952119,-1.0629907355545996,-2.4800046554267414
-1.0752004433975602,-2.464707016323654,7.6925294707e-05,87,52,4.592441435952119,-1.0629907355545996,-2.4800046554267414
-1.0746605985498623,-2.464704692644225,7.8699260484e-05,87,52,4.592441435952119,-1.0629907355545996,-2.4800046554267414
-1.0741164875964389,-2.46470664354086,7.5954798376e-05,87,52,4.592441435952119,-1.0629907355545996,-2.4800046554267414
-1.0735799524413825,-2.4647046305137574,7.5200099673e-05,87,52,4.592441435952119,-1.0629907355545996,-2.4800046554267414
-1.07303781723604,-2.4647059849579183,7.6022901339e-05,87,52,4.592441435952119,-1.0629907355545996,-2.4800046554267414
-1.0725054223428807,-2.4647050530009276,7.9089375504e-05,87,52,4.592441435952119,-1.0629907355545996,-2.4800046554267414
-1.0719666975052418,-2.4647078115936223,7.6471202192e-05,87,52,4.592441435952119,-1.0629907355545996,-2.4800046554267414
-1.0714345542997359,-2.464709203316061,7.6487020124e-05,87,52,4.592441435952119,-1.0629907355545996,-2.4800046554267414
-1.0708783497545697,-2.4647059849579183,8.0693222117e-05,87,52,4.592441435952119,-1.0629907355545996,-2.4800046554267414
-1.0703672979744168,-2.464707587923942,7.9212099081e-05,87,52,4.592441435952119,-1.0629907355545996,-2.4800046554267414
-1.0698387664867388,-2.464704531105012,8.1663718447e-05,87,52,4.592441435952119,-1.0629907355545996,-2.4800046554267414
-1.069303389094887,-2.4647063577407162,7.8042314271e-05,87,52,4.592441435952119,-1.0629907355545996,-2.4800046554267414
-1.068770767682841,-2.464707115732403,7.8634024248e-05,87,52,4.592441435952119,-1.0629907355545996,-2.4800046554267414
-1.0682401975251696,-2.4647047547746888,7.8952536569e-05,87,52,4.592441435952119,-1.0629907355545996,-2.4800046554267414
-1.0677205506116547,-2.4647051151313915,8.1954720372e-05,87,52,4.592441435952119,-1.0629907355545996,-2.4800046554267414
-1.0671850222072117,-2.464708196802511,7.8583252616e-05,87,52,4.592441435952119,-1.0629907355545996,-2.4800046554267414
-1.0666291196872302,-2.4647033506261553,7.9880017438e-05,87,52,4.592441435952119,-1.0629907355545996,-2.4800046554267414
-1.0661157272118995,-2.4647039843569107,8.1514270278e-05,87,52,4.592441435952119,-1.0629907355545996,-2.4800046554267414
-1.065587459996256,-2.4647044814006396,7.7423908806e-05,87,52,4.592441435952119,-1.0629907355545996,-2.4800046554267414
-1.0650545239746443,-2.464708420472191,7.7032767877e-05,87,52,4.592441435952119,-1.0629907355545996,-2.4800046554267414
-1.0645236895449364,-2.4647079855589262,7.8057761129e-05,87,52,4.592441435952119,-1.0629907355545996,-2.4800046554267414
-1.0639949441227525,-2.464706034662291,8.4504441475e-05,87,52,4.592441435952119,-1.0629907355545996,-2.4800046554267414
-1.0634661735318025,-2.4647072151411478,8.1232115917e-05,87,52,4.592441435952119,-1.0629907355545996,-2.4800046554267414
-1.0629341561701235,-2.464706494427739,8.2527847553e-05,87,52,4.592441435952119,-1.0629907355545996,-2.4800046554267414
-1.0624050709696076,-2.4647069541931903,7.9273224401e-05,87,52,4.592441435952119,-1.0629907355545996,-2.4800046554267414
-1.0618772567917398,-2.4647093772813684,8.2878643298e-05,87,52,4.592441435952119,-1.0629907355545996,-2.4800046554267414
-1.0613496313796131,-2.46470530152279,7.8653189121e-05,87,52,4.592441435952119,-1.0629907355545996,-2.4800046554267414
-1.060819828869285,-2.464707712184877,8.0260229879e-05,87,52,4.592441435952119,-1.0629907355545996,-2.4800046554267414
-1.0603071662881498,-2.4647042080265873,7.8837852925e-05,87,52,4.592441435952119,-1.0629907355545996,-2.4800046554267414
-1.0597902376012907,-2.4647045186789174,7.7583026723e-05,87,52,4.592441435952119,-1.0629907355545996,-2.4800046554267414
-1.059268677861611,-2.464706245905876,7.4512310675e-05,87,52,4.592441435952119,-1.0629907355545996,-2.4800046554267414
-1.0587489931949463,-2.464706916914909,7.322133024e-05,87,52,4.592441435952119,-1.0629907355545996,-2.4800046554267414
-1.058230264941366,-2.464706258331971,7.45102152e-05,87,52,4.592441435952119,-1.0629907355545996,-2.4800046554267414
-1.057712681866609,-2.4647072151411478,7.5747622759e-05,87,52,4.592441435952119,-1.0629907355545996,-2.4800046554267414
-1.05719650824271,-2.4647063701668075,7.9077399278e-05,87,52,4.592441435952119,-1.0629907355545996,-2.4800046554267414
-1.0566817189009043,-2.464706208627595,8.1252139353e-05,87,52,4.592441435952119,-1.0629907355545996,-2.4800046554267414
-1.0561689304759425,-2.4647066559669515,7.8656230471e-05,87,52,4.592441435952119,-1.0629907355545996,-2.4800046554267414
-1.055648880862183,-2.4647045186789174,7.8709039371e-05,87,52,4.592441435952119,-1.0629907355545996,-2.4800046554267414
-1.055135765243272,-2.4647041831744008,7.5276962889e-05,87,52,4.592441435952119,-1.0629907355545996,-2.4800046554267414
-1.0545979590655656,-2.4647014618599874,5.5374548538e-05,87,52,4.592441435952119,-1.0629907355545996,-2.4800046554267414
-1.0541054818342301,-2.4647034624609954,3.8907579437e-05,87,52,4.592441435952119,-1.0629907355545996,-2.4800046554267414
-1.0535944300540772,-2.4647040961917472,5.4097014072e-05,87,52,4.592441435952119,-1.0629907355545996,-2.4800046554267414
-1.0530798043092477,-2.4647039470786294,1.4135423498e-07,87,52,4.592441435952119,-1.0629907355545996,-2.4800046554267414
-1.052571621768342,-2.4647040961917472,1.4138664994e-07,87,52,4.592441435952119,-1.0629907355545996,-2.4800046554267414
-1.0520413662202381,-2.4647087932549856,0.0001442082721,87,52,4.592441435952119,-1.0629907355545996,-2.4800046554267414
-1.0515095502086815,-2.4647072275672395,0.00015049138165,87,52,4.592441435952119,-1.0629907355545996,-2.4800046554267414
-1.0509804020862532,-2.4647077867414358,0.00015002273722,87,52,4.592441435952119,-1.0629907355545996,-2.4800046554267414
-1.0504500458630854,-2.4647040961917472,0.00015096510469,87,52,4.592441435952119,-1.0629907355545996,-2.4800046554267414
-1.0499221939320718,-2.464705711583866,0.00015204590454,87,52,4.592441435952119,-1.0629907355545996,-2.4800046554267414
-1.0493894718449637,-2.4647083334895377,0.00014936650405,87,52,4.592441435952119,-1.0629907355545996,-2.4800046554267414
-1.0488595309064257,-2.464706245905876,0.00015046414046,87,52,4.592441435952119,-1.0629907355545996,-2.4800046554267414
-1.0483084104518579,-2.4647034997392727,0.0001493160089,87,52,4.592441435952119,-1.0629907355545996,-2.4800046554267414
-1.0478049093013055,-2.46470294056508,0.00014929177996,87,52,4.592441435952119,-1.0629907355545996,-2.4800046554267414
-1.0472823302266274,-2.464705003296555,0.00014950279729,87,52,4.592441435952119,-1.0629907355545996,-2.4800046554267414
-1.0467534463762338,-2.464706494427739,0.00014673554688,87,52,4.592441435952119,-1.0629907355545996,-2.4800046554267414
-1.0462325536088353,-2.464705997384013,0.00014814471069,87,52,4.592441435952119,-1.0629907355545996,-2.4800046554267414
-1.0457008256879574,-2.4647044689745448,0.0001479760831,87,52,4.592441435952119,-1.0629907355545996,-2.4800046554267414
-1.0451859230867084,-2.464703996783002,0.00014800777717,87,52,4.592441435952119,-1.0629907355545996,-2.4800046554267414
-1.044689179749649,-2.464705264244513,0.00014802873193,87,52,4.592441435952119,-1.0629907355545996,-2.4800046554267414
-1.0441842691482386,-2.464707202715053,0.00015000803978,87,52,4.592441435952119,-1.0629907355545996,-2.4800046554267414
-1.0436830961084789,-2.4647064695755527,0.00014997516701,87,52,4.592441435952119,-1.0629907355545996,-2.4800046554267414
-1.0431777450536743,-2.4647057861404282,0.00014836454648,87,52,4.592441435952119,-1.0629907355545996,-2.4800046554267414
-1.04267706280484,-2.464706916914909,0.0001483845117,87,52,4.592441435952119,-1.0629907355545996,-2.4800046554267414
-1.0421783814728511,-2.464705463062003,0.00014726984955,87,52,4.592441435952119,-1.0629907355545996,-2.4800046554267414
-1.0416779760804347,-2.464704717496411,0.00014862230455,87,52,4.592441435952119,-1.0629907355545996,-2.4800046554267414
-1.0411793954235062,-2.4647065938364876,0.00014874381304,87,52,4.592441435952119,-1.0629907355545996,-2.4800046554267414
-1.0874007255378995,-2.4640617665809827,5.212150063e-05,87,52,4.592441435952119,-1.0629907355545996,-2.4800046554267414
-1.0868068433510254,-2.464059480179831,3.425140676e-05,87,52,4.592441435952119,-1.0629907355545996,-2.4800046554267414
-1.0862020630887597,-2.4640571067960257,8.3457562141e-05,87,52,4.592441435952119,-1.0629907355545996,-2.4800046554267414
-1.0856082186550333,-2.4640555783865605,0.00012129091192,87,52,4.592441435952119,-1.0629907355545996,-2.4800046554267414
-1.0850274368105155,-2.464052496715441,0.00014091578487,87,52,4.592441435952119,-1.0629907355545996,-2.4800046554267414
-1.0844428922355802,-2.4640551807515765,0.00014942861162,87,52,4.592441435952119,-1.0629907355545996,-2.4800046554267414
-1.0838597948646527,-2.4640524345849735,0.00014993052173,87,52,4.592441435952119,-1.0629907355545996,-2.4800046554267414
-1.083283291710242,-2.4640531304461963,0.00015212153085,87,52,4.592441435952119,-1.0629907355545996,-2.4800046554267414
-1.0826841114982642,-2.464054783116593,0.00013185926946,87,52,4.592441435952119,-1.0629907355545996,-2.4800046554267414
-1.0820894239108991,-2.4640541866641184,0.00011163487943,87,52,4.592441435952119,-1.0629907355545996,-2.4800046554267414
-1.0814947111547675,-2.4640577902311533,9.79884353e-05,87,52,4.592441435952119,-1.0629907355545996,-2.4800046554267414
-1.0809057494615173,-2.4640577405267807,8.3654020273e-05,87,52,4.592441435952119,-1.0629907355545996,-2.4800046554267414
-1.0803188767757876,-2.464055802056237,8.0237994553e-05,87,52,4.592441435952119,-1.0629907355545996,-2.4800046554267414
-1.0797359304174514,-2.4640552801603217,7.3856252129e-05,87,52,4.592441435952119,-1.0629907355545996,-2.4800046554267414
-1.0791444392632843,-2.4640528694982384,7.7452881669e-05,87,52,4.592441435952119,-1.0629907355545996,-2.4800046554267414
-1.0785833393932593,-2.4640581630139513,8.0263715063e-05,87,52,4.592441435952119,-1.0629907355545996,-2.4800046554267414
-1.078009126596495,-2.46405310559401,7.7252167102e-05,87,52,4.592441435952119,-1.0629907355545996,-2.4800046554267414
-1.0774182269083135,-2.464055342290789,7.6574317063e-05,87,52,4.592441435952119,-1.0629907355545996,-2.4800046554267414
-1.0768452977185805,-2.4640560008737307,7.8607234173e-05,87,52,4.592441435952119,-1.0629907355545996,-2.4800046554267414
-1.0762819200752938,-2.464053453524618,7.7930584666e-05,87,52,4.592441435952119,-1.0629907355545996,-2.4800046554267414
-1.0757447053635731,-2.4640528446460523,7.6287011325e-05,87,52,4.592441435952119,-1.0629907355545996,-2.4800046554267414
-1.0752033629743383,-2.464053341689781,7.7230928582e-05,87,52,4.592441435952119,-1.0629907355545996,-2.4800046554267414
-1.0746415835476506,-2.464053167724474,7.6616124716e-05,87,52,4.592441435952119,-1.0629907355545996,-2.4800046554267414
-1.0741203006643871,-2.4640559511693585,7.7214710473e-05,87,52,4.592441435952119,-1.0629907355545996,-2.4800046554267414
-1.0735827713431005,-2.464056063004195,7.7609358414e-05,87,52,4.592441435952119,-1.0629907355545996,-2.4800046554267414
-1.0730428635734903,-2.464053354115873,8.0601843365e-05,87,52,4.592441435952119,-1.0629907355545996,-2.4800046554267414
-1.0725041135670847,-2.4640580387530164,7.7299861005e-05,87,52,4.592441435952119,-1.0629907355545996,-2.4800046554267414
-1.0719674777369663,-2.464055516256093,7.9095436377e-05,87,52,4.592441435952119,-1.0629907355545996,-2.4800046554267414
-1.0714325659672754,-2.464056448213084,7.7213349869e-05,87,52,4.592441435952119,-1.0629907355545996,-2.4800046554267414
-1.070895124736666,-2.464055143473299,7.7098222391e-05,87,52,4.592441435952119,-1.0629907355545996,-2.4800046554267414
-1.070362188715054,-2.4640578896398986,7.854578871e-05,87,52,4.592441435952119,-1.0629907355545996,-2.4800046554267414
-1.0698273146985091,-2.4640561748390346,7.7914279245e-05,87,52,4.592441435952119,-1.0629907355545996,-2.4800046554267414
-1.0692970591504054,-2.464058212718324,8.1141639384e-05,87,52,4.592441435952119,-1.0629907355545996,-2.4800046554267414
-1.0687650166199616,-2.4640569328307214,8.0104146036e-05,87,52,4.592441435952119,-1.0629907355545996,-2.4800046554267414
-1.0682194584625322,-2.4640554416995344,8.1428814156e-05,87,52,4.592441435952119,-1.0629907355545996,-2.4800046554267414
-1.0677157056243267,-2.4640576783963133,7.9161531175e-05,87,52,4.592441435952119,-1.0629907355545996,-2.4800046554267414
-1.0671855381669018,-2.464055342290789,7.9051977082e-05,87,52,4.592441435952119,-1.0629907355545996,-2.4800046554267414
-1.0666471405232099,-2.46405484524706,8.1190650235e-05,87,52,4.592441435952119,-1.0629907355545996,-2.4800046554267414
-1.0661151734990635,-2.4640584488140953,8.1353726273e-05,87,52,4.592441435952119,-1.0629907355545996,-2.4800046554267414
-1.0655840370441712,-2.464057951770366,8.1440135546e-05,87,52,4.592441435952119,-1.0629907355545996,-2.4800046554267414
-1.0650504843878073,-2.4640571937786793,7.8399469203e-05,87,52,4.592441435952119,-1.0629907355545996,-2.4800046554267414
-1.064520618955565,-2.4640568707002544,8.1394333392e-05,87,52,4.592441435952119,-1.0629907355545996,-2.4800046554267414
-1.0639911939767168,-2.464056783717604,8.2276092144e-05,87,52,4.592441435952119,-1.0629907355545996,-2.4800046554267414
-1.0634633168769367,-2.4640570073872805,7.802478649e-05,87,52,4.592441435952119,-1.0629907355545996,-2.4800046554267414
-1.062930619958595,-2.464056100282476,7.750828081e-05,87,52,4.592441435952119,-1.0629907355545996,-2.4800046554267414
-1.0624043284910307,-2.4640555783865605,7.7730568592e-05,87,52,4.592441435952119,-1.0629907355545996,-2.4800046554267414
-1.0618720594416982,-2.4640551061950178,7.8081640822e-05,87,52,4.592441435952119,-1.0629907355545996,-2.4800046554267414
-1.0613446479640771,-2.464057516857101,8.2756378106e-05,87,52,4.592441435952119,-1.0629907355545996,-2.4800046554267414
-1.0608200428037906,-2.4640561375607537,8.3774815721e-05,87,52,4.592441435952119,-1.0629907355545996,-2.4800046554267414
-1.0603077200009876,-2.464057541709287,8.090101619e-05,87,52,4.592441435952119,-1.0629907355545996,-2.4800046554267414
-1.0597864622864903,-2.464057951770366,7.7367039921e-05,87,52,4.592441435952119,-1.0629907355545996,-2.4800046554267414
-1.0592739507179483,-2.464060747641338,7.8863224189e-05,87,52,4.592441435952119,-1.0629907355545996,-2.4800046554267414
-1.058754341557581,-2.464057939344271,7.4564028182e-05,87,52,4.592441435952119,-1.0629907355545996,-2.4800046554267414
-1.0582090980097194,-2.464055242882044,7.5515541539e-05,87,52,4.592441435952119,-1.0629907355545996,-2.4800046554267414
-1.0577153875088816,-2.464056671882764,7.5662552263e-05,87,52,4.592441435952119,-1.0629907355545996,-2.4800046554267414
-1.0571968606054236,-2.464053739324762,7.6758464274e-05,87,52,4.592441435952119,-1.0629907355545996,-2.4800046554267414
-1.0566849279184838,-2.464055230455949,7.8350836702e-05,87,52,4.592441435952119,-1.0629907355545996,-2.4800046554267414
-1.0561678733877982,-2.4640574298744506,7.7794160461e-05,87,52,4.592441435952119,-1.0629907355545996,-2.4800046554267414
-1.0556543424842593,-2.4640566221783913,7.9808938608e-05,87,52,4.592441435952119,-1.0629907355545996,-2.4800046554267414
-1.0551366209812922,-2.4640568955524405,7.1448615927e-05,87,52,4.592441435952119,-1.0629907355545996,-2.4800046554267414
-1.0546225237805344,-2.464056087856381,5.8537323639e-05,87,52,4.592441435952119,-1.0629907355545996,-2.4800046554267414
-1.0540897136027474,-2.464055739925773,3.8842117647e-05,87,52,4.592441435952119,-1.0629907355545996,-2.4800046554267414
-1.0535954116359258,-2.464060871902273,5.7345125242e-05,87,52,4.592441435952119,-1.0629907355545996,-2.4800046554267414
-1.0530853414376218,-2.464058945857824,1.4136563209e-07,87,52,4.592441435952119,-1.0629907355545996,-2.4800046554267414
-1.0525759004584492,-2.4640583618314413,1.4135564186e-07,87,52,4.592441435952119,-1.0629907355545996,-2.4800046554267414
-1.0520226406588278,-2.4640526831068397,0.00014142224973,87,52,4.592441435952119,-1.0629907355545996,-2.4800046554267414
-1.0515108589844793,-2.4640583121270687,0.00014705605281,87,52,4.592441435952119,-1.0629907355545996,-2.4800046554267414
-1.0509818367058759,-2.4640585730750266,0.00014944981376,87,52,4.592441435952119,-1.0629907355545996,-2.4800046554267414
-1.0504501213693829,-2.464058834022984,0.0001493885793,87,52,4.592441435952119,-1.0629907355545996,-2.4800046554267414
-1.0499236914736088,-2.4640574795788233,0.00014944560826,87,52,4.592441435952119,-1.0629907355545996,-2.4800046554267414
-1.0493928947970486,-2.464056796143695,0.00015151397383,87,52,4.592441435952119,-1.0629907355545996,-2.4800046554267414
-1.0488653574756008,-2.464055131047204,0.00014884721895,87,52,4.592441435952119,-1.0629907355545996,-2.4800046554267414
-1.0483386633077918,-2.46405627424778,0.00014744618966,87,52,4.592441435952119,-1.0629907355545996,-2.4800046554267414
-1.0478067466211747,-2.4640554665517205,0.00014860318333,87,52,4.592441435952119,-1.0629907355545996,-2.4800046554267414
-1.0472805180755245,-2.4640580511791113,0.00014848182036,87,52,4.592441435952119,-1.0629907355545996,-2.4800046554267414
-1.0467583542854744,-2.4640557523518645,0.00014876284695,87,52,4.592441435952119,-1.0629907355545996,-2.4800046554267414
-1.046232729790193,-2.4640562618216886,0.00014950234618,87,52,4.592441435952119,-1.0629907355545996,-2.4800046554267414
-1.0457096347558248,-2.4640550813428317,0.00014744910004,87,52,4.592441435952119,-1.0629907355545996,-2.4800046554267414
-1.045191648980823,-2.4640577653789673,0.00014756337623,87,52,4.592441435952119,-1.0629907355545996,-2.4800046554267414
-1.0446917721324782,-2.4640612198328813,0.00014858778741,87,52,4.592441435952119,-1.0629907355545996,-2.4800046554267414
-1.0441896300952547,-2.4640584612401866,0.0001497726771,87,52,4.592441435952119,-1.0629907355545996,-2.4800046554267414
-1.0436832345366889,-2.4640583494053465,0.00014985915914,87,52,4.592441435952119,-1.0629907355545996,-2.4800046554267414
-1.0431855977084594,-2.464055628090933,0.00014747146633,87,52,4.592441435952119,-1.0629907355545996,-2.4800046554267414
-1.0426845001749971,-2.464056087856381,0.00014715215366,87,52,4.592441435952119,-1.0629907355545996,-2.4800046554267414
-1.0421839941075206,-2.4640584736662814,0.00014808193373,87,52,4.592441435952119,-1.0629907355545996,-2.4800046554267414
-1.0416825945488741,-2.4640568209958817,0.00014942971757,87,52,4.592441435952119,-1.0629907355545996,-2.4800046554267414
-1.0411827428692955,-2.464058796744703,0.00014967087191,87,52,4.592441435952119,-1.0629907355545996,-2.4800046554267414
-1.087417336923021,-2.4634148765940065,5.2736198995e-05,87,52,4.592441435952119,-1.0629907355545996,-2.4800046554267414
-1.0868214915724512,-2.4634132736279826,3.4289703763e-05,87,52,4.592441435952119,-1.0629907355545996,-2.4800046554267414
-1.0862178439046255,-2.4634083528950677,7.4058450991e-05,87,52,4.592441435952119,-1.0629907355545996,-2.4800046554267414
-1.0856231689016436,-2.4634077067382174,1.4133486559e-07,87,52,4.592441435952119,-1.0629907355545996,-2.4800046554267414
-1.0850299788558153,-2.4634078309991523,1.4132901072e-07,87,52,4.592441435952119,-1.0629907355545996,-2.4800046554267414
-1.0844474100289592,-2.4634047741802187,0.00014909105084,87,52,4.592441435952119,-1.0629907355545996,-2.4800046554267414
-1.0838669302096255,-2.4634095955043884,0.00015355148935,87,52,4.592441435952119,-1.0629907355545996,-2.4800046554267414
-1.0832911317806455,-2.4634057185633043,0.00015225655807,87,52,4.592441435952119,-1.0629907355545996,-2.4800046554267414
-1.082693272928847,-2.463407793720871,0.00013568246504,87,52,4.592441435952119,-1.0629907355545996,-2.4800046554267414
-1.0820904809990435,-2.4634085641386494,0.00011460186943,87,52,4.592441435952119,-1.0629907355545996,-2.4800046554267414
-1.081510856917732,-2.463408054668829,9.8988930404e-05,87,52,4.592441435952119,-1.0629907355545996,-2.4800046554267414
-1.0809244246853966,-2.463404314414771,8.5327097622e-05,87,52,4.592441435952119,-1.0629907355545996,-2.4800046554267414
-1.0803347456823325,-2.463407321529328,7.7581018559e-05,87,52,4.592441435952119,-1.0629907355545996,-2.4800046554267414
-1.0797525418025749,-2.4634084398777176,7.4821393355e-05,87,52,4.592441435952119,-1.0629907355545996,-2.4800046554267414
-1.0791720871520059,-2.4634099682871864,7.5531592302e-05,87,52,4.592441435952119,-1.0629907355545996,-2.4800046554267414
-1.0785925385769901,-2.4634092351476857,7.6661395724e-05,87,52,4.592441435952119,-1.0629907355545996,-2.4800046554267414
-1.0780168282386888,-2.463409757043601,7.9760036897e-05,87,52,4.592441435952119,-1.0629907355545996,-2.4800046554267414
-1.0774399223840332,-2.463405830398141,7.9544028267e-05,87,52,4.592441435952119,-1.0629907355545996,-2.4800046554267414
-1.0768663891439334,-2.4634059298068895,8.0896970758e-05,87,52,4.592441435952119,-1.0629907355545996,-2.4800046554267414
-1.0762960523370297,-2.4634096824870424,8.1220568973e-05,87,52,4.592441435952119,-1.0629907355545996,-2.4800046554267414
-1.075746202905112,-2.4634080919471097,8.0157231423e-05,87,52,4.592441435952119,-1.0629907355545996,-2.4800046554267414
-1.075202972858475,-2.463410229235144,8.1179161498e-05,87,52,4.592441435952119,-1.0629907355545996,-2.4800046554267414
-1.0746609131594282,-2.463409073608473,7.7479409811e-05,87,52,4.592441435952119,-1.0629907355545996,-2.4800046554267414
-1.0741232328255486,-2.4634099807132777,7.8204102465e-05,87,52,4.592441435952119,-1.0629907355545996,-2.4800046554267414
-1.0735826832524216,-2.4634107262788696,7.9679441114e-05,87,52,4.592441435952119,-1.0629907355545996,-2.4800046554267414
-1.073042951664169,-2.463412938123466,7.9216501035e-05,87,52,4.592441435952119,-1.0629907355545996,-2.4800046554267414
-1.0725089711387943,-2.463410527461379,7.8874421888e-05,87,52,4.592441435952119,-1.0629907355545996,-2.4800046554267414
-1.0719731532935501,-2.463411608531491,8.0421181337e-05,87,52,4.592441435952119,-1.0629907355545996,-2.4800046554267414
-1.0714343403652304,-2.4634089244953556,7.9813107732e-05,87,52,4.592441435952119,-1.0629907355545996,-2.4800046554267414
-1.070898371507395,-2.463411670661955,7.9141012975e-05,87,52,4.592441435952119,-1.0629907355545996,-2.4800046554267414
-1.070368720009658,-2.463408762956143,8.1034784671e-05,87,52,4.592441435952119,-1.0629907355545996,-2.4800046554267414
-1.069836929166868,-2.4634088375127017,7.7843775216e-05,87,52,4.592441435952119,-1.0629907355545996,-2.4800046554267414
-1.069304697870685,-2.4634102789395165,8.0412341049e-05,87,52,4.592441435952119,-1.0629907355545996,-2.4800046554267414
-1.0687725798339456,-2.4634128511408124,8.0598409113e-05,87,52,4.592441435952119,-1.0629907355545996,-2.4800046554267414
-1.0682495477214917,-2.4634105771657517,8.1118247181e-05,87,52,4.592441435952119,-1.0629907355545996,-2.4800046554267414
-1.0677034861887555,-2.4634090984606596,7.9548663052e-05,87,52,4.592441435952119,-1.0629907355545996,-2.4800046554267414
-1.0671909620358304,-2.463405619154556,8.3496204752e-05,87,52,4.592441435952119,-1.0629907355545996,-2.4800046554267414
-1.0666576107295906,-2.4634084150255315,7.9920959251e-05,87,52,4.592441435952119,-1.0629907355545996,-2.4800046554267414
-1.0661275187784596,-2.4634113103052524,8.1001388025e-05,87,52,4.592441435952119,-1.0629907355545996,-2.4800046554267414
-1.0655929719558654,-2.4634108381137096,7.9556870332e-05,87,52,4.592441435952119,-1.0629907355545996,-2.4800046554267414
-1.0650616215664692,-2.463408912069261,7.8897777712e-05,87,52,4.592441435952119,-1.0629907355545996,-2.4800046554267414
-1.064512074159734,-2.4634079801122697,7.7684351709e-05,87,52,4.592441435952119,-1.0629907355545996,-2.4800046554267414
-1.0639980272965053,-2.463409794321879,7.9418729001e-05,87,52,4.592441435952119,-1.0629907355545996,-2.4800046554267414
-1.063471874257151,-2.463410365922167,8.0950470874e-05,87,52,4.592441435952119,-1.0629907355545996,-2.4800046554267414
-1.0629210935809152,-2.463410179530768,7.9182646004e-05,87,52,4.592441435952119,-1.0629907355545996,-2.4800046554267414
-1.0624115896798303,-2.463410651722311,8.0138685007e-05,87,52,4.592441435952119,-1.0629907355545996,-2.4800046554267414
-1.061885524731153,-2.4634130126800247,7.9114375694e-05,87,52,4.592441435952119,-1.0629907355545996,-2.4800046554267414
-1.0613558984021825,-2.4634085144342768,7.9873971117e-05,87,52,4.592441435952119,-1.0629907355545996,-2.4800046554267414
-1.0608271026424678,-2.4634087008256755,8.2151163951e-05,87,52,4.592441435952119,-1.0629907355545996,-2.4800046554267414
-1.0602956389936264,-2.463407967686175,7.7510914707e-05,87,52,4.592441435952119,-1.0629907355545996,-2.4800046554267414
-1.059793308190662,-2.4634078309991523,7.5763215136e-05,87,52,4.592441435952119,-1.0629907355545996,-2.4800046554267414
-1.0592749071310308,-2.4634097073392285,7.2971146437e-05,87,52,4.592441435952119,-1.0629907355545996,-2.4800046554267414
-1.058757059784237,-2.463410067695931,6.9822810474e-05,87,52,4.592441435952119,-1.0629907355545996,-2.4800046554267414
-1.0582167241456157,-2.4634058801025134,6.8415334681e-05,87,52,4.592441435952119,-1.0629907355545996,-2.4800046554267414
-1.0577172625819005,-2.4634066380942,7.2003982496e-05,87,52,4.592441435952119,-1.0629907355545996,-2.4800046554267414
-1.057203077290462,-2.4634082659124137,7.4183386459e-05,87,52,4.592441435952119,-1.0629907355545996,-2.4800046554267414
-1.056687293782426,-2.463404985423804,7.8085475252e-05,87,52,4.592441435952119,-1.0629907355545996,-2.4800046554267414
-1.0561708684708737,-2.4634080670949237,7.8046468843e-05,87,52,4.592441435952119,-1.0629907355545996,-2.4800046554267414
-1.0556558148570316,-2.4634047120497513,7.9896257375e-05,87,52,4.592441435952119,-1.0629907355545996,-2.4800046554267414
-1.0551403711273282,-2.463408452303813,7.1517300967e-05,87,52,4.592441435952119,-1.0629907355545996,-2.4800046554267414
-1.054625695044966,-2.4634086014169303,5.3339957958e-05,87,52,4.592441435952119,-1.0629907355545996,-2.4800046554267414
-1.0541122018945752,-2.463405693711118,3.7479094317e-05,87,52,4.592441435952119,-1.0629907355545996,-2.4800046554267414
-1.0535751885329785,-2.4634051096847354,6.2698483816e-05,87,52,4.592441435952119,-1.0629907355545996,-2.4800046554267414
-1.0530796532966549,-2.4634107138527783,0.00010247195314,87,52,4.592441435952119,-1.0629907355545996,-2.4800046554267414
-1.0525791975667091,-2.463409645208761,0.00013009955001,87,52,4.592441435952119,-1.0629907355545996,-2.4800046554267414
-1.0520435684872043,-2.463407681886031,0.00014210464724,87,52,4.592441435952119,-1.0629907355545996,-2.4800046554267414
-1.0515154648685354,-2.4634080298166423,0.00014787487453,87,52,4.592441435952119,-1.0629907355545996,-2.4800046554267414
-1.0509840138040774,-2.4634104280526343,0.00014799935161,87,52,4.592441435952119,-1.0629907355545996,-2.4800046554267414
-1.0504520719486956,-2.4634085641386494,0.00014768035908,87,52,4.592441435952119,-1.0629907355545996,-2.4800046554267414
-1.0499261705969944,-2.4634079801122697,0.00014995111269,87,52,4.592441435952119,-1.0629907355545996,-2.4800046554267414
-1.0493922404091507,-2.463405581876278,0.00014932035992,87,52,4.592441435952119,-1.0629907355545996,-2.4800046554267414
-1.0488666914201632,-2.4634079801122697,0.00014847668353,87,52,4.592441435952119,-1.0629907355545996,-2.4800046554267414
-1.0483410543404985,-2.4634079179818027,0.00014896527864,87,52,4.592441435952119,-1.0629907355545996,-2.4800046554267414
-1.0478120068931305,-2.46340427713649,0.00015028539929,87,52,4.592441435952119,-1.0629907355545996,-2.4800046554267414
-1.0472841675464983,-2.463406923894344,0.00014698388986,87,52,4.592441435952119,-1.0629907355545996,-2.4800046554267414
-1.046758064844673,-2.4634056067284646,0.00014818704221,87,52,4.592441435952119,-1.0629907355545996,-2.4800046554267414
-1.0462393869286237,-2.4634072469727695,0.00014590742649,87,52,4.592441435952119,-1.0629907355545996,-2.4800046554267414
-1.0457111322973636,-2.4634103410699804,0.00014693141566,87,52,4.592441435952119,-1.0629907355545996,-2.4800046554267414
-1.0451923537062522,-2.463405358206598,0.00014627208293,87,52,4.592441435952119,-1.0629907355545996,-2.4800046554267414
-1.0446945658654314,-2.4634045132322613,0.00014757893223,87,52,4.592441435952119,-1.0629907355545996,-2.4800046554267414
-1.0441917442715436,-2.4634081416514824,0.00014767116227,87,52,4.592441435952119,-1.0629907355545996,-2.4800046554267414
-1.0436888094182104,-2.4634090114780056,0.0001489414135,87,52,4.592441435952119,-1.0629907355545996,-2.4800046554267414
-1.0431886682978306,-2.463407222120583,0.00014897105575,87,52,4.592441435952119,-1.0629907355545996,-2.4800046554267414
-1.0426875330112206,-2.4634085144342768,0.00014877744252,87,52,4.592441435952119,-1.0629907355545996,-2.4800046554267414
-1.0421873038001621,-2.4634057061372094,0.00014785135863,87,52,4.592441435952119,-1.0629907355545996,-2.4800046554267414
-1.0416869864984246,-2.463405755841582,0.0001469081908,87,52,4.592441435952119,-1.0629907355545996,-2.4800046554267414
-1.0411887582042114,-2.463409247573777,0.00014908600133,87,52,4.592441435952119,-1.0629907355545996,-2.4800046554267414
