y_mm,z_mm,r,n_y,n_z,start_x_mm,start_y_mm,start_z_mm
-1.9392654249985926,-4.191881635297805,0.00014761243074,37,32,4.592493789646318,-1.5000659898403625,-4.334960493965239
-1.9131625209368608,-4.1918778080610934,0.00014801630459,37,32,4.592493789646318,-1.5000659898403625,-4.334960493965239
-1.8868289199720587,-4.191878715165898,0.00014783206279,37,32,4.592493789646318,-1.5000659898403625,-4.334960493965239
-1.8604841063222972,-4.191880566653788,0.00014463964908,37,32,4.592493789646318,-1.5000659898403625,-4.334960493965239
-1.8336200107061194,-4.191881523462966,0.00014585177996,37,32,4.592493789646318,-1.5000659898403625,-4.334960493965239
-1.8066403778726636,-4.191880355410203,0.00014432474563,37,32,4.592493789646318,-1.5000659898403625,-4.334960493965239
-1.7795187051120338,-4.191882505124329,0.00014609075151,37,32,4.592493789646318,-1.5000659898403625,-4.334960493965239
-1.7524094405527157,-4.191881436480312,0.00015107306535,37,32,4.592493789646318,-1.5000659898403625,-4.334960493965239
-1.725757756731592,-4.191878553626686,9.4500654086e-05,37,32,4.592493789646318,-1.5000659898403625,-4.334960493965239
-1.6988761310703562,-4.191881722280455,0.00014751173148,37,32,4.592493789646318,-1.5000659898403625,-4.334960493965239
-1.6721580646306602,-4.191878578478872,3.6500508171e-10,37,32,4.592493789646318,-1.5000659898403625,-4.334960493965239
-1.645344356882683,-4.191881175532354,4.1153693019e-05,37,32,4.592493789646318,-1.5000659898403625,-4.334960493965239
-1.6185829749978433,-4.191878740018085,7.0564790803e-05,37,32,4.592493789646318,-1.5000659898403625,-4.334960493965239
-1.5920103840217896,-4.191879324044468,5.2943127313e-12,37,32,4.592493789646318,-1.5000659898403625,-4.334960493965239
-1.5649893611537382,-4.191878702739803,0.00014958009706,37,32,4.592493789646318,-1.5000659898403625,-4.334960493965239
-1.5379332656111928,-4.191879510435863,0.00012269659783,37,32,4.592493789646318,-1.5000659898403625,-4.334960493965239
-1.5109756806161723,-4.191882616959169,0.00014865485718,37,32,4.592493789646318,-1.5000659898403625,-4.334960493965239
-1.4841134978261592,-4.191881200384544,0.00014758647012,37,32,4.592493789646318,-1.5000659898403625,-4.334960493965239
-1.4573949783486857,-4.191882380863397,0.00015029888891,37,32,4.592493789646318,-1.5000659898403625,-4.334960493965239
-1.430798690980067,-4.191884058385983,0.00015029318456,37,32,4.592493789646318,-1.5000659898403625,-4.334960493965239
-1.403934205248026,-4.191882567254797,0.00014717473823,37,32,4.592493789646318,-1.5000659898403625,-4.334960493965239
-1.376796411893198,-4.191881150680167,0.00014682140318,37,32,4.592493789646318,-1.5000659898403625,-4.334960493965239
-1.349985032256017,-4.19188419507301,0.00014942877169,37,32,4.592493789646318,-1.5000659898403625,-4.334960493965239
-1.3231907170417334,-4.1918819459501355,0.00014878857473,37,32,4.592493789646318,-1.5000659898403625,-4.334960493965239
-1.2965639125451442,-4.191884716968925,0.00014897526125,37,32,4.592493789646318,-1.5000659898403625,-4.334960493965239
-1.2700221784753933,-4.191884418742687,0.00014967365132,37,32,4.592493789646318,-1.5000659898403625,-4.334960493965239
-1.2431901226974875,-4.191882952463685,0.00014694270794,37,32,4.592493789646318,-1.5000659898403625,-4.334960493965239
-1.2163962353522149,-4.19188385956849,0.00014863772958,37,32,4.592493789646318,-1.5000659898403625,-4.334960493965239
-1.1895346314438042,-4.191882492698237,0.0001502524683,37,32,4.592493789646318,-1.5000659898403625,-4.334960493965239
-1.1627884766619907,-4.191883138855084,0.00014785226085,37,32,4.592493789646318,-1.5000659898403625,-4.334960493965239
-1.135960787664871,-4.191885040047347,0.00014727310918,37,32,4.592493789646318,-1.5000659898403625,-4.334960493965239
-1.109347121263789,-4.191884369038314,0.00014765010565,37,32,4.592493789646318,-1.5000659898403625,-4.334960493965239
-1.0828544537020597,-4.1918860589869915,0.00014840107178,37,32,4.592493789646318,-1.5000659898403625,-4.334960493965239
-1.0561629654785576,-4.191883114002898,0.00014653812104,37,32,4.592493789646318,-1.5000659898403625,-4.334960493965239
-1.029558246573553,-4.191884443594873,0.00014717491285,37,32,4.592493789646318,-1.5000659898403625,-4.334960493965239
-1.0029529865400924,-4.191883536490068,0.0001487902191,37,32,4.592493789646318,-1.5000659898403625,-4.334960493965239
-0.9763656214987864,-4.1918849779168825,0.00014850121806,37,32,4.592493789646318,-1.5000659898403625,-4.334960493965239
-1.0041206536547214,-4.223450597316565,0.00014894145716,37,32,4.592493789646318,-1.5000659898403625,-4.334960493965239
-1.0308745855850225,-4.22344915588975,0.00014733790886,37,32,4.592493789646318,-1.5000659898403625,-4.334960493965239
-1.057617543933638,-4.22344935470724,0.00015062488092,37,32,4.592493789646318,-1.5000659898403625,-4.334960493965239
-1.0843857213851202,-4.223450734003587,0.0001473549637,37,32,4.592493789646318,-1.5000659898403625,-4.334960493965239
-1.1109001850976297,-4.223448870089606,0.00014990306227,37,32,4.592493789646318,-1.5000659898403625,-4.334960493965239
-1.1373576163878871,-4.223447714462935,0.00014849973377,37,32,4.592493789646318,-1.5000659898403625,-4.334960493965239
-1.1639593276254345,-4.223451802647604,0.00014531167108,37,32,4.592493789646318,-1.5000659898403625,-4.334960493965239
-1.1904566514087511,-4.223451218621225,0.00014750468836,37,32,4.592493789646318,-1.5000659898403625,-4.334960493965239
-1.2168895053996567,-4.223450634594842,0.00014610537619,37,32,4.592493789646318,-1.5000659898403625,-4.334960493965239
-1.2432084078055037,-4.223450684299214,0.00014589051716,37,32,4.592493789646318,-1.5000659898403625,-4.334960493965239
-1.2694096965709354,-4.223451405012623,0.00013785644842,37,32,4.592493789646318,-1.5000659898403625,-4.334960493965239
-1.295353773139012,-4.223453964787825,2.0870022126e-05,37,32,4.592493789646318,-1.5000659898403625,-4.334960493965239
-1.3214244611811123,-4.223453082535206,3.8363098809e-10,37,32,4.592493789646318,-1.5000659898403625,-4.334960493965239
-1.347473277566135,-4.223448596715553,5.2493411204e-05,37,32,4.592493789646318,-1.5000659898403625,-4.334960493965239
-1.3732183698754625,-4.223451280751689,6.3820982177e-05,37,32,4.592493789646318,-1.5000659898403625,-4.334960493965239
-1.3990920494068928,-4.223451057082013,8.0723046267e-05,37,32,4.592493789646318,-1.5000659898403625,-4.334960493965239
-1.42458083559442,-4.22345594053665,0.00010762604506,37,32,4.592493789646318,-1.5000659898403625,-4.334960493965239
-1.4503731067543706,-4.223451218621225,0.00013809492521,37,32,4.592493789646318,-1.5000659898403625,-4.334960493965239
-1.4763844342634245,-4.223451193769039,0.00014892790932,37,32,4.592493789646318,-1.5000659898403625,-4.334960493965239
-1.5022788780262586,-4.223454151179223,0.00014839541109,37,32,4.592493789646318,-1.5000659898403625,-4.334960493965239
-1.5282190282669417,-4.22345100737764,0.00014649287914,37,32,4.592493789646318,-1.5000659898403625,-4.334960493965239
-1.5538992229148507,-4.22345212572603,0.00014688236115,37,32,4.592493789646318,-1.5000659898403625,-4.334960493965239
-1.5798720170441747,-4.223451815073699,0.00014559937699,37,32,4.592493789646318,-1.5000659898403625,-4.334960493965239
-1.6060443994826181,-4.22345274703069,0.00014543093857,37,32,4.592493789646318,-1.5000659898403625,-4.334960493965239
-1.6321232044515384,-4.223453244074419,0.00014697625011,37,32,4.592493789646318,-1.5000659898403625,-4.334960493965239
-1.6582515289662592,-4.223452834013344,0.00014448269212,37,32,4.592493789646318,-1.5000659898403625,-4.334960493965239
-1.6840060847313538,-4.223453094961301,0.00014497002121,37,32,4.592493789646318,-1.5000659898403625,-4.334960493965239
-1.7098603717290926,-4.223450671873123,0.00013614192721,37,32,4.592493789646318,-1.5000659898403625,-4.334960493965239
-1.7356126874740716,-4.223451728091045,0.0001459805062,37,32,4.592493789646318,-1.5000659898403625,-4.334960493965239
-1.7612516682687425,-4.22345367898768,0.00014777801698,37,32,4.592493789646318,-1.5000659898403625,-4.334960493965239
-1.7865503799404485,-4.223454610944675,0.00014360118075,37,32,4.592493789646318,-1.5000659898403625,-4.334960493965239
-1.8119732239627924,-4.223453032830834,0.00014411132724,37,32,4.592493789646318,-1.5000659898403625,-4.334960493965239
-1.837347240580385,-4.2234533310570725,0.00014468908194,37,32,4.592493789646318,-1.5000659898403625,-4.334960493965239
-1.863025409142684,-4.223453654135494,0.00014498851669,37,32,4.592493789646318,-1.5000659898403625,-4.334960493965239
-1.8885707747146856,-4.223455766571342,0.00014642780297,37,32,4.592493789646318,-1.5000659898403625,-4.334960493965239
-1.9145326455998548,-4.2234543624228085,0.00014682947949,37,32,4.592493789646318,-1.5000659898403625,-4.334960493965239
-1.9402687274911925,-4.223455853553996,0.00014211871894,37,32,4.592493789646318,-1.5000659898403625,-4.334960493965239
-1.9131068853810858,-4.255405103729681,0.00014677923173,37,32,4.592493789646318,-1.5000659898403625,-4.334960493965239
-1.8867410809810352,-4.255402680641503,0.00014331034617,37,32,4.592493789646318,-1.5000659898403625,-4.334960493965239
-1.8604731327406117,-4.255402767624154,0.00014630712394,37,32,4.592493789646318,-1.5000659898403625,-4.334960493965239
-1.8337633342403268,-4.255403065850392,0.00014380314678,37,32,4.592493789646318,-1.5000659898403625,-4.334960493965239
-1.8069496264923515,-4.255400854005799,0.00014604955504,37,32,4.592493789646318,-1.5000659898403625,-4.334960493965239
-1.7799903677744362,-4.255398977665723,0.00014667180949,37,32,4.592493789646318,-1.5000659898403625,-4.334960493965239
-1.7530894502545709,-4.255402630937128,0.00014646493946,37,32,4.592493789646318,-1.5000659898403625,-4.334960493965239
-1.7266493099060993,-4.255402630937128,0.00014672505495,37,32,4.592493789646318,-1.5000659898403625,-4.334960493965239
-1.699933105955037,-4.2554014628843655,0.00014573008229,37,32,4.592493789646318,-1.5000659898403625,-4.334960493965239
-1.6734348005898718,-4.255403401354909,0.00014526495943,37,32,4.592493789646318,-1.5000659898403625,-4.334960493965239
-1.6468071781084102,-4.255403575320213,0.00014562383876,37,32,4.592493789646318,-1.5000659898403625,-4.334960493965239
-1.6202669793333457,-4.255402978867739,1.98186842e-15,37,32,4.592493789646318,-1.5000659898403625,-4.334960493965239
-1.5938992621071286,-4.25540587414746,0.0001475490717,37,32,4.592493789646318,-1.5000659898403625,-4.334960493965239
-1.5670549113873562,-4.255403649876772,0.00014695014397,37,32,4.592493789646318,-1.5000659898403625,-4.334960493965239
-1.5402443371506647,-4.255405538642943,0.00014602292504,37,32,4.592493789646318,-1.5000659898403625,-4.334960493965239
-1.5134263507125822,-4.255404320885808,0.00014596353867,37,32,4.592493789646318,-1.5000659898403625,-4.334960493965239
-1.486633092586443,-4.255400829153613,0.00015165244986,37,32,4.592493789646318,-1.5000659898403625,-4.334960493965239
-1.4600298712229756,-4.255403712007239,0.00014743770589,37,32,4.592493789646318,-1.5000659898403625,-4.334960493965239
-1.433293909791123,-4.2554016119974865,0.00015025980247,37,32,4.592493789646318,-1.5000659898403625,-4.334960493965239
-1.4064132279585881,-4.255403997807383,0.00014918178204,37,32,4.592493789646318,-1.5000659898403625,-4.334960493965239
-1.379297935479971,-4.255401388327806,0.00015035457909,37,32,4.592493789646318,-1.5000659898403625,-4.334960493965239
-1.352421935037788,-4.255400083588018,0.00015161802003,37,32,4.592493789646318,-1.5000659898403625,-4.334960493965239
-1.3256043135468025,-4.2554033516505365,0.00014970575285,37,32,4.592493789646318,-1.5000659898403625,-4.334960493965239
-1.2990546261472045,-4.255402357563078,0.00014799388009,37,32,4.592493789646318,-1.5000659898403625,-4.334960493965239
-1.2724420797561795,-4.255400829153613,0.00014751536946,37,32,4.592493789646318,-1.5000659898403625,-4.334960493965239
-1.245582136986282,-4.255400232701139,0.00014788760745,37,32,4.592493789646318,-1.5000659898403625,-4.334960493965239
-1.2187919494495123,-4.255399226187586,0.0001468546252,37,32,4.592493789646318,-1.5000659898403625,-4.334960493965239
-1.1919267589920421,-4.25540035696207,0.00014884374104,37,32,4.592493789646318,-1.5000659898403625,-4.334960493965239
-1.1650974088564108,-4.255400083588018,0.00014892163745,37,32,4.592493789646318,-1.5000659898403625,-4.334960493965239
-1.1382233086560112,-4.2554025812327545,0.00014859021758,37,32,4.592493789646318,-1.5000659898403625,-4.334960493965239
-1.1116250707080797,-4.255397113751738,0.00014833180467,37,32,4.592493789646318,-1.5000659898403625,-4.334960493965239
-1.085007264045099,-4.255398443343713,0.00014758697944,37,32,4.592493789646318,-1.5000659898403625,-4.334960493965239
-1.0582424088706415,-4.255397399551883,0.00014854865731,37,32,4.592493789646318,-1.5000659898403625,-4.334960493965239
-1.0316032339258898,-4.255399288318054,0.00014472336625,37,32,4.592493789646318,-1.5000659898403625,-4.334960493965239
-1.0049408407951168,-4.2554003196837895,0.00014487464796,37,32,4.592493789646318,-1.5000659898403625,-4.334960493965239
-0.9782751883092318,-4.255401015545009,0.00014585933241,37,32,4.592493789646318,-1.5000659898403625,-4.334960493965239
-0.95158987901762,-4.255403898398638,0.00014798263146,37,32,4.592493789646318,-1.5000659898403625,-4.334960493965239
-0.9794238152528827,-4.287426847733214,0.00014897315123,37,32,4.592493789646318,-1.5000659898403625,-4.334960493965239
-1.0062368056910476,-4.287426089741527,0.0001496210898,37,32,4.592493789646318,-1.5000659898403625,-4.334960493965239
-1.03285675169908,-4.2874222625048155,0.00014632836974,37,32,4.592493789646318,-1.5000659898403625,-4.334960493965239
-1.0594989594800552,-4.287422871383384,0.00014822847152,37,32,4.592493789646318,-1.5000659898403625,-4.334960493965239
-1.0862215437131302,-4.287420373738648,0.00015159198665,37,32,4.592493789646318,-1.5000659898403625,-4.334960493965239
-1.1127617676569608,-4.287424300384105,0.00014905793068,37,32,4.592493789646318,-1.5000659898403625,-4.334960493965239
-1.1391827545750126,-4.28742490926267,0.0001493395539,37,32,4.592493789646318,-1.5000659898403625,-4.334960493965239
-1.1656729933508854,-4.287422647713704,0.00015094045375,37,32,4.592493789646318,-1.5000659898403625,-4.334960493965239
-1.1921367545856247,-4.287420883208468,0.00015020719729,37,32,4.592493789646318,-1.5000659898403625,-4.334960493965239
-1.218540513483803,-4.287419715155706,0.00015176342276,37,32,4.592493789646318,-1.5000659898403625,-4.334960493965239
-1.2447888300872647,-4.287426015184968,0.00015066241031,37,32,4.592493789646318,-1.5000659898403625,-4.334960493965239
-1.2709869601726462,-4.287425108080164,0.00014948600437,37,32,4.592493789646318,-1.5000659898403625,-4.334960493965239
-1.2969285450329537,-4.287423293870551,0.00014855960035,37,32,4.592493789646318,-1.5000659898403625,-4.334960493965239
-1.3229129419630985,-4.2874234057053915,0.00014787183318,37,32,4.592493789646318,-1.5000659898403625,-4.334960493965239
-1.3489256285854814,-4.287427046550704,0.00014859919611,37,32,4.592493789646318,-1.5000659898403625,-4.334960493965239
-1.3746328293185954,-4.287420386164739,0.00014807497791,37,32,4.592493789646318,-1.5000659898403625,-4.334960493965239
-1.4005408642147106,-4.287422883809476,0.00014797048061,37,32,4.592493789646318,-1.5000659898403625,-4.334960493965239
-1.4260829075096875,-4.287423927601306,0.0001475464087,37,32,4.592493789646318,-1.5000659898403625,-4.334960493965239
-1.4517829099759163,-4.287426127019808,0.00014932650083,37,32,4.592493789646318,-1.5000659898403625,-4.334960493965239
-1.4777572519843098,-4.287423753636003,0.00014941957488,37,32,4.592493789646318,-1.5000659898403625,-4.334960493965239
-1.5036126715764886,-4.287425418732494,0.00014868486323,37,32,4.592493789646318,-1.5000659898403625,-4.334960493965239
-1.529553740477108,-4.2874251826367225,0.00014587918122,37,32,4.592493789646318,-1.5000659898403625,-4.334960493965239
-1.5553051249777694,-4.287428699221104,0.00014566804748,37,32,4.592493789646318,-1.5000659898403625,-4.334960493965239
-1.581258186795071,-4.287429283247487,0.0001447792165,37,32,4.592493789646318,-1.5000659898403625,-4.334960493965239
-1.6074219111782366,-4.2874252944715625,0.0001451408607,37,32,4.592493789646318,-1.5000659898403625,-4.334960493965239
-1.6334499381630927,-4.287430960770069,0.00014452001778,37,32,4.592493789646318,-1.5000659898403625,-4.334960493965239
-1.6595760604108458,-4.287429867273866,0.00014596960682,37,32,4.592493789646318,-1.5000659898403625,-4.334960493965239
-1.6851840207022395,-4.287427419333502,0.000147858329,37,32,4.592493789646318,-1.5000659898403625,-4.334960493965239
-1.7109576669758417,-4.28742861223845,0.00013458543981,37,32,4.592493789646318,-1.5000659898403625,-4.334960493965239
-1.7366503075782087,-4.2874295193432586,0.00014631960948,37,32,4.592493789646318,-1.5000659898403625,-4.334960493965239
-1.7622181362732716,-4.287427021698518,0.00014582186122,37,32,4.592493789646318,-1.5000659898403625,-4.334960493965239
-1.787485877779233,-4.28742459861034,0.00014345993986,37,32,4.592493789646318,-1.5000659898403625,-4.334960493965239
-1.8128280307399096,-4.287429109282179,0.00014540902339,37,32,4.592493789646318,-1.5000659898403625,-4.334960493965239
-1.838181081775976,-4.287429059577807,0.00014452311734,37,32,4.592493789646318,-1.5000659898403625,-4.334960493965239
-1.8637904389338464,-4.287427829394577,0.00014405710681,37,32,4.592493789646318,-1.5000659898403625,-4.334960493965239
-1.8893095408992182,-4.287428736499385,0.00014618827845,37,32,4.592493789646318,-1.5000659898403625,-4.334960493965239
-1.9151982084304082,-4.287428985021248,0.00014682892652,37,32,4.592493789646318,-1.5000659898403625,-4.334960493965239
-1.8877835838256463,-4.319604377667457,0.00014614213433,37,32,4.592493789646318,-1.5000659898403625,-4.334960493965239
-1.8614286775009858,-4.3196026504404985,0.00014322438801,37,32,4.592493789646318,-1.5000659898403625,-4.334960493965239
-1.834633116432817,-4.319603632101862,0.00014314398868,37,32,4.592493789646318,-1.5000659898403625,-4.334960493965239
-1.8078320937425716,-4.319605421459288,0.00014352606377,37,32,4.592493789646318,-1.5000659898403625,-4.334960493965239
-1.7809259914570477,-4.319601395405083,0.00014574764646,37,32,4.592493789646318,-1.5000659898403625,-4.334960493965239
-1.7540989065102948,-4.319603023223297,0.00014640516019,37,32,4.592493789646318,-1.5000659898403625,-4.334960493965239
-1.7276522222828359,-4.319603743936702,0.0001159039457,37,32,4.592493789646318,-1.5000659898403625,-4.334960493965239
-1.7009695557115845,-4.3196002770566935,0.00014538408141,37,32,4.592493789646318,-1.5000659898403625,-4.334960493965239
-1.6745163276051382,-4.319603184762509,1.9687775258e-15,37,32,4.592493789646318,-1.5000659898403625,-4.334960493965239
-1.6479110046497634,-4.319601656353041,9.2295304057e-05,37,32,4.592493789646318,-1.5000659898403625,-4.334960493965239
-1.62143868603481,-4.319601519666015,7.4103860243e-05,37,32,4.592493789646318,-1.5000659898403625,-4.334960493965239
-1.595070742289706,-4.319600711969955,3.7965794397e-10,37,32,4.592493789646318,-1.5000659898403625,-4.334960493965239
-1.568256203972473,-4.3196051356591445,0.00014854653273,37,32,4.592493789646318,-1.5000659898403625,-4.334960493965239
-1.5414955268130623,-4.3196050486764905,0.00015065823391,37,32,4.592493789646318,-1.5000659898403625,-4.334960493965239
-1.5146968448179927,-4.319603321449532,0.00014799133351,37,32,4.592493789646318,-1.5000659898403625,-4.334960493965239
-1.4879134906010134,-4.3196050238243044,0.00014645034389,37,32,4.592493789646318,-1.5000659898403625,-4.334960493965239
-1.4613498722898017,-4.319601047474475,0.00014905858552,37,32,4.592493789646318,-1.5000659898403625,-4.334960493965239
-1.4345622897202446,-4.319604775302438,0.00014879382798,37,32,4.592493789646318,-1.5000659898403625,-4.334960493965239
-1.4077170077561545,-4.319601544518201,0.00014583545271,37,32,4.592493789646318,-1.5000659898403625,-4.334960493965239
-1.3806114178365747,-4.319600985344008,0.00014582555741,37,32,4.592493789646318,-1.5000659898403625,-4.334960493965239
-1.3537159996919352,-4.3196025883100315,0.00014429727162,37,32,4.592493789646318,-1.5000659898403625,-4.334960493965239
-1.3268950936770745,-4.319602426770822,5.7671815739e-05,37,32,4.592493789646318,-1.5000659898403625,-4.334960493965239
-1.3003398188115716,-4.319602874110175,7.225835725e-05,37,32,4.592493789646318,-1.5000659898403625,-4.334960493965239
-1.2736078214602604,-4.319605284772262,3.8363548449e-10,37,32,4.592493789646318,-1.5000659898403625,-4.334960493965239
-1.2467121264592014,-4.319601320848524,8.0008539953e-05,37,32,4.592493789646318,-1.5000659898403625,-4.334960493965239
-1.2198812032757373,-4.319604501928389,0.00014780848869,37,32,4.592493789646318,-1.5000659898403625,-4.334960493965239
-1.1929514549351774,-4.31960215339677,0.00015037148842,37,32,4.592493789646318,-1.5000659898403625,-4.334960493965239
-1.1660749133645416,-4.31960204156193,0.0001503622334,37,32,4.592493789646318,-1.5000659898403625,-4.334960493965239
-1.1392231126902286,-4.319603234466881,0.00014878885122,37,32,4.592493789646318,-1.5000659898403625,-4.334960493965239
-1.1125568435695934,-4.319605160511331,0.00014837512572,37,32,4.592493789646318,-1.5000659898403625,-4.334960493965239
-1.0858533120918779,-4.319604327963085,0.00014924857533,37,32,4.592493789646318,-1.5000659898403625,-4.334960493965239
-1.0590134414123349,-4.319604526780576,0.00014779690537,37,32,4.592493789646318,-1.5000659898403625,-4.334960493965239
-1.0323179891082932,-4.319602762275339,0.00014703790657,37,32,4.592493789646318,-1.5000659898403625,-4.334960493965239
-1.0055900942657312,-4.319602985945015,0.00014643483155,37,32,4.592493789646318,-1.5000659898403625,-4.334960493965239
-0.9788588897305279,-4.319601681205227,0.00014873206965,37,32,4.592493789646318,-1.5000659898403625,-4.334960493965239
-0.9521092364903339,-4.319603532693117,0.00014809561253,37,32,4.592493789646318,-1.5000659898403625,-4.334960493965239
-0.9257075162621472,-4.319603843345448,0.00014690154057,37,32,4.592493789646318,-1.5000659898403625,-4.334960493965239
-0.953594231398321,-4.351775533015877,0.00011454016931,37,32,4.592493789646318,-1.5000659898403625,-4.334960493965239
-0.9804385443649456,-4.351776328285845,0.00014572759392,37,32,4.592493789646318,-1.5000659898403625,-4.334960493965239
-1.0070995909667746,-4.351773420580029,0.00014501296391,37,32,4.592493789646318,-1.5000659898403625,-4.334960493965239
-1.0336602645324415,-4.351773383301751,0.0001459447667,37,32,4.592493789646318,-1.5000659898403625,-4.334960493965239
-1.0602613087977077,-4.35177281170146,0.000149178828,37,32,4.592493789646318,-1.5000659898403625,-4.334960493965239
-1.086961593504696,-4.351774054310784,0.00015035110118,37,32,4.592493789646318,-1.5000659898403625,-4.334960493965239
-1.1134951603100958,-4.351773681527987,0.00014918223314,37,32,4.592493789646318,-1.5000659898403625,-4.334960493965239
-1.1398900849716402,-4.3517772602428355,0.00014779160847,37,32,4.592493789646318,-1.5000659898403625,-4.334960493965239
-1.1663116633556756,-4.351777222964555,0.00014536133676,37,32,4.592493789646318,-1.5000659898403625,-4.334960493965239
-1.1927398988781437,-4.351774414667487,0.00014696203289,37,32,4.592493789646318,-1.5000659898403625,-4.334960493965239
-1.2191037778676461,-4.351776850181756,0.00014517818636,37,32,4.592493789646318,-1.5000659898403625,-4.334960493965239
-1.245303418078948,-4.351775272067919,0.00014709048264,37,32,4.592493789646318,-1.5000659898403625,-4.334960493965239
-1.2714442640544226,-4.351775533015877,0.0001462319924,37,32,4.592493789646318,-1.5000659898403625,-4.334960493965239
-1.2973672869502957,-4.351776551955521,0.00014913735504,37,32,4.592493789646318,-1.5000659898403625,-4.334960493965239
-1.323287667125809,-4.35177940995696,0.00014943328279,37,32,4.592493789646318,-1.5000659898403625,-4.334960493965239
-1.3492722905748407,-4.351777384503767,0.00014856646885,37,32,4.592493789646318,-1.5000659898403625,-4.334960493965239
-1.3749669950159655,-4.351776228877096,0.00014996156096,37,32,4.592493789646318,-1.5000659898403625,-4.334960493965239
-1.4008563169350534,-4.351776986868783,0.00014997829567,37,32,4.592493789646318,-1.5000659898403625,-4.334960493965239
-1.4264110956252913,-4.351776154320537,0.00015047460329,37,32,4.592493789646318,-1.5000659898403625,-4.334960493965239
-1.4520902331850543,-4.351775048398243,0.00014895995264,37,32,4.592493789646318,-1.5000659898403625,-4.334960493965239
-1.4780607621254997,-4.351776464972867,0.00014621621813,37,32,4.592493789646318,-1.5000659898403625,-4.334960493965239
-1.5039070832090096,-4.3517761170422595,0.00014659947192,37,32,4.592493789646318,-1.5000659898403625,-4.334960493965239
-1.5298416585681711,-4.35177419099781,0.00014863569231,37,32,4.592493789646318,-1.5000659898403625,-4.334960493965239
-1.5556040166505198,-4.351773159632071,0.00015011809592,37,32,4.592493789646318,-1.5000659898403625,-4.334960493965239
-1.5815468473647127,-4.3517766016598936,0.00014806096442,37,32,4.592493789646318,-1.5000659898403625,-4.334960493965239
-1.6077206770071604,-4.351773109927699,0.0001483875094,37,32,4.592493789646318,-1.5000659898403625,-4.334960493965239
-1.6337339676799119,-4.351775731833367,0.00014490053582,37,32,4.592493789646318,-1.5000659898403625,-4.334960493965239
-1.6598446866432792,-4.351775458459318,0.00014487920271,37,32,4.592493789646318,-1.5000659898403625,-4.334960493965239
-1.685454534592073,-4.351774041884689,0.00014427272254,37,32,4.592493789646318,-1.5000659898403625,-4.334960493965239
-1.7112236504879148,-4.351774389815301,0.00010274119268,37,32,4.592493789646318,-1.5000659898403625,-4.334960493965239
-1.736921085740079,-4.351772935962394,0.00014609005302,37,32,4.592493789646318,-1.5000659898403625,-4.334960493965239
-1.7624624746471578,-4.351774688041536,0.00014465099957,37,32,4.592493789646318,-1.5000659898403625,-4.334960493965239
-1.7877199347124777,-4.351773843067199,0.00014525235747,37,32,4.592493789646318,-1.5000659898403625,-4.334960493965239
-1.8130340119154216,-4.351776949590505,0.00014613711392,37,32,4.592493789646318,-1.5000659898403625,-4.334960493965239
-1.8383564325640742,-4.351777819417029,0.00014511270274,37,32,4.592493789646318,-1.5000659898403625,-4.334960493965239
-1.8639348950624939,-4.35177593065086,0.00014443481632,37,32,4.592493789646318,-1.5000659898403625,-4.334960493965239
-1.8894482333806049,-4.351775135380893,0.00014566065511,37,32,4.592493789646318,-1.5000659898403625,-4.334960493965239
-1.862018520101023,-4.383929353964255,0.0001445904345,37,32,4.592493789646318,-1.5000659898403625,-4.334960493965239
-1.83512020754837,-4.383925477023168,0.00014461485262,37,32,4.592493789646318,-1.5000659898403625,-4.334960493965239
-1.8083525460565777,-4.383928359876797,0.00014385208488,37,32,4.592493789646318,-1.5000659898403625,-4.334960493965239
-1.7814640996599365,-4.383927328511058,0.00014478538651,37,32,4.592493789646318,-1.5000659898403625,-4.334960493965239
-1.7546936570195741,-4.383928036798372,0.00014645633928,37,32,4.592493789646318,-1.5000659898403625,-4.334960493965239
-1.7282733622425699,-4.383923103639362,0.00014775180898,37,32,4.592493789646318,-1.5000659898403625,-4.334960493965239
-1.7016651574635662,-4.383925377614423,0.00014531332999,37,32,4.592493789646318,-1.5000659898403625,-4.334960493965239
-1.6752745492452752,-4.38392532791005,0.00014711054973,37,32,4.592493789646318,-1.5000659898403625,-4.334960493965239
-1.648700196455648,-4.383925874658152,0.00014719855972,37,32,4.592493789646318,-1.5000659898403625,-4.334960493965239
-1.6222901327817527,-4.38392840958117,1.9686710114e-15,37,32,4.592493789646318,-1.5000659898403625,-4.334960493965239
-1.595916563817596,-4.383929217277229,0.00014943539281,37,32,4.592493789646318,-1.5000659898403625,-4.334960493965239
-1.5691372995249828,-4.383927589459016,0.00014584221935,37,32,4.592493789646318,-1.5000659898403625,-4.334960493965239
-1.5424445654475971,-4.383925601284103,0.00015141745098,37,32,4.592493789646318,-1.5000659898403625,-4.334960493965239
-1.5156617020215413,-4.383925949214711,0.00014884801931,37,32,4.592493789646318,-1.5000659898403625,-4.334960493965239
-1.4889428175969694,-4.383925887084247,0.00014848272258,37,32,4.592493789646318,-1.5000659898403625,-4.334960493965239
-1.4624022161216585,-4.383927726146042,0.00014684020425,37,32,4.592493789646318,-1.5000659898403625,-4.334960493965239
-1.4355880930890554,-4.383923874057144,0.00014617823763,37,32,4.592493789646318,-1.5000659898403625,-4.334960493965239
-1.4087720949834353,-4.383926570519371,0.00014698231826,37,32,4.592493789646318,-1.5000659898403625,-4.334960493965239
-1.3816978401766984,-4.383926968154355,0.00014552198991,37,32,4.592493789646318,-1.5000659898403625,-4.334960493965239
-1.3547938394830785,-4.383926682354211,0.00014643813483,37,32,4.592493789646318,-1.5000659898403625,-4.334960493965239
-1.328005829044512,-4.383924830866321,0.00014790802379,37,32,4.592493789646318,-1.5000659898403625,-4.334960493965239
-1.3014338798719733,-4.383926123180018,0.00015054353571,37,32,4.592493789646318,-1.5000659898403625,-4.334960493965239
-1.274684025281657,-4.383925315483959,0.00014817074407,37,32,4.592493789646318,-1.5000659898403625,-4.334960493965239
-1.247803280527208,-4.383927875259159,0.00014941008703,37,32,4.592493789646318,-1.5000659898403625,-4.334960493965239
-1.2210092799224919,-4.383926495962812,0.00015111349057,37,32,4.592493789646318,-1.5000659898403625,-4.334960493965239
-1.194103743934187,-4.3839240604485425,0.00015167647507,37,32,4.592493789646318,-1.5000659898403625,-4.334960493965239
-1.167268202282282,-4.383927539754643,0.00015034739044,37,32,4.592493789646318,-1.5000659898403625,-4.334960493965239
-1.1404806071283433,-4.383928956329272,0.00015177411842,37,32,4.592493789646318,-1.5000659898403625,-4.334960493965239
-1.1138110660682128,-4.383926570519371,0.00014908020967,37,32,4.592493789646318,-1.5000659898403625,-4.334960493965239
-1.0870873114875497,-4.38392521607521,0.00014749758702,37,32,4.592493789646318,-1.5000659898403625,-4.334960493965239
-1.0602526884955794,-4.38392666992812,0.00015042007726,37,32,4.592493789646318,-1.5000659898403625,-4.334960493965239
-1.0335764022063407,-4.38392860839866,0.00014613346139,37,32,4.592493789646318,-1.5000659898403625,-4.334960493965239
-1.0068334690264917,-4.383925849805966,0.00014718985767,37,32,4.592493789646318,-1.5000659898403625,-4.334960493965239
-0.9800816890256254,-4.383926893597796,0.00014621918672,37,32,4.592493789646318,-1.5000659898403625,-4.334960493965239
-0.9533086036649028,-4.383928546268196,0.00014731789997,37,32,4.592493789646318,-1.5000659898403625,-4.334960493965239
-0.9269134399000866,-4.383929552781746,0.00015009503113,37,32,4.592493789646318,-1.5000659898403625,-4.334960493965239
-0.9007605380860154,-4.383930932078093,0.00014656470739,37,32,4.592493789646318,-1.5000659898403625,-4.334960493965239
-0.9287909668722598,-4.4159754406844085,0.00014936696971,37,32,4.592493789646318,-1.5000659898403625,-4.334960493965239
-0.9556231988315234,-4.415972806352645,0.00014879521041,37,32,4.592493789646318,-1.5000659898403625,-4.334960493965239
-0.9822573651919724,-4.415972098065331,0.0001477192709,37,32,4.592493789646318,-1.5000659898403625,-4.334960493965239
-1.008856232359037,-4.415970172020882,0.00014681638277,37,32,4.592493789646318,-1.5000659898403625,-4.334960493965239
-1.035427099274665,-4.415971886821746,0.00014852218737,37,32,4.592493789646318,-1.5000659898403625,-4.334960493965239
-1.0620006592481843,-4.4159711536822455,0.00014883690164,37,32,4.592493789646318,-1.5000659898403625,-4.334960493965239
-1.0886705023334977,-4.415970507525398,0.00014634967374,37,32,4.592493789646318,-1.5000659898403625,-4.334960493965239
-1.1152409539644976,-4.415971302795366,0.00014737753372,37,32,4.592493789646318,-1.5000659898403625,-4.334960493965239
-1.141734754120667,-4.415970482673212,0.00014740912593,37,32,4.592493789646318,-1.5000659898403625,-4.334960493965239
-1.1680744962642118,-4.415973241265907,0.00014722040214,37,32,4.592493789646318,-1.5000659898403625,-4.334960493965239
-1.1945221872422842,-4.415974285057738,0.00014923895651,37,32,4.592493789646318,-1.5000659898403625,-4.334960493965239
-1.2209051315715294,-4.415972856057017,0.00014935008949,37,32,4.592493789646318,-1.5000659898403625,-4.334960493965239
-1.2471030603067867,-4.415972259604543,0.00014863339311,37,32,4.592493789646318,-1.5000659898403625,-4.334960493965239
-1.2732792432287952,-4.415973415231214,0.00014690042008,37,32,4.592493789646318,-1.5000659898403625,-4.334960493965239
-1.2992676671613936,-4.4159734400834,0.00014803129307,37,32,4.592493789646318,-1.5000659898403625,-4.334960493965239
-1.3251363129397569,-4.415976757850288,0.00014656822896,37,32,4.592493789646318,-1.5000659898403625,-4.334960493965239
-1.3511260959856841,-4.415975254293009,0.00014495982032,37,32,4.592493789646318,-1.5000659898403625,-4.334960493965239
-1.3768538973532256,-4.4159711785344316,0.00014289333194,37,32,4.592493789646318,-1.5000659898403625,-4.334960493965239
-1.402761944833724,-4.415973340674652,0.00013806667994,37,32,4.592493789646318,-1.5000659898403625,-4.334960493965239
-1.4284295299301988,-4.415973278544188,0.00013404696074,37,32,4.592493789646318,-1.5000659898403625,-4.334960493965239
-1.4540605951481704,-4.415973067300603,0.00013797845168,37,32,4.592493789646318,-1.5000659898403625,-4.334960493965239
-1.4800444509498605,-4.415971016995222,0.00014964284492,37,32,4.592493789646318,-1.5000659898403625,-4.334960493965239
-1.5059309917203785,-4.415971352499739,0.00014928610472,37,32,4.592493789646318,-1.5000659898403625,-4.334960493965239
-1.5318850854570583,-4.4159747572492805,0.00014716376609,37,32,4.592493789646318,-1.5000659898403625,-4.334960493965239
-1.5577741934416407,-4.4159754158322215,0.00014698678569,37,32,4.592493789646318,-1.5000659898403625,-4.334960493965239
-1.5836889106449517,-4.415973837718381,0.00014871993335,37,32,4.592493789646318,-1.5000659898403625,-4.334960493965239
-1.6098858955515098,-4.415974260205551,0.00015008325863,37,32,4.592493789646318,-1.5000659898403625,-4.334960493965239
-1.6358744830810845,-4.415975204588637,0.00014995753008,37,32,4.592493789646318,-1.5000659898403625,-4.334960493965239
-1.6619877818428979,-4.415972669665619,0.00014832057059,37,32,4.592493789646318,-1.5000659898403625,-4.334960493965239
-1.6876822220119863,-4.415973862570567,0.00014415377518,37,32,4.592493789646318,-1.5000659898403625,-4.334960493965239
-1.7133671232190135,-4.415976459624052,0.00014489884779,37,32,4.592493789646318,-1.5000659898403625,-4.334960493965239
-1.7390803770401912,-4.4159770685026185,0.00014679375454,37,32,4.592493789646318,-1.5000659898403625,-4.334960493965239
-1.7646165685972266,-4.415971688004255,0.00014842259407,37,32,4.592493789646318,-1.5000659898403625,-4.334960493965239
-1.7899649508273248,-4.415973999257593,0.0001458410843,37,32,4.592493789646318,-1.5000659898403625,-4.334960493965239
-1.8152283884744127,-4.4159734400834,0.00014819290664,37,32,4.592493789646318,-1.5000659898403625,-4.334960493965239
-1.840602530935832,-4.415971402204112,0.00014728610404,37,32,4.592493789646318,-1.5000659898403625,-4.334960493965239
-1.8661973153785705,-4.415975850745483,0.00014587935584,37,32,4.592493789646318,-1.5000659898403625,-4.334960493965239
-1.8381997695842387,-4.447363714881643,0.00014647765784,37,32,4.592493789646318,-1.5000659898403625,-4.334960493965239
-1.8112372766799778,-4.447364137368813,0.00014648921206,37,32,4.592493789646318,-1.5000659898403625,-4.334960493965239
-1.7842747586069523,-4.4473634290814985,0.00014727245434,37,32,4.592493789646318,-1.5000659898403625,-4.334960493965239
-1.757539841678861,-4.447366100691543,0.00014791522699,37,32,4.592493789646318,-1.5000659898403625,-4.334960493965239
-1.7309977552463947,-4.447358508348584,0.00014912486949,37,32,4.592493789646318,-1.5000659898403625,-4.334960493965239
-1.7043685597171003,-4.447363279968381,0.0001438841573,37,32,4.592493789646318,-1.5000659898403625,-4.334960493965239
-1.6779473714489264,-4.447364597134261,0.00014464308333,37,32,4.592493789646318,-1.5000659898403625,-4.334960493965239
-1.6513644235259373,-4.447362956889956,0.00014752602146,37,32,4.592493789646318,-1.5000659898403625,-4.334960493965239
-1.625008686632021,-4.447359055096686,3.8362960031e-10,37,32,4.592493789646318,-1.5000659898403625,-4.334960493965239
-1.5985334736090522,-4.447363255116195,0.00014755013399,37,32,4.592493789646318,-1.5000659898403625,-4.334960493965239
-1.571785267572864,-4.447363988255695,0.00014677706349,37,32,4.592493789646318,-1.5000659898403625,-4.334960493965239
-1.5450837495963754,-4.4473616272979815,0.00014806840045,37,32,4.592493789646318,-1.5000659898403625,-4.334960493965239
-1.518298520306379,-4.447363118429169,0.00014709291281,37,32,4.592493789646318,-1.5000659898403625,-4.334960493965239
-1.4916489254927778,-4.447364075238346,0.00014585387544,37,32,4.592493789646318,-1.5000659898403625,-4.334960493965239
-1.465003873641322,-4.447361677002354,0.00014566107711,37,32,4.592493789646318,-1.5000659898403625,-4.334960493965239
-1.4381787392738834,-4.447363963403509,0.00014616598492,37,32,4.592493789646318,-1.5000659898403625,-4.334960493965239
-1.4114011612885482,-4.447363652751179,0.00014786497923,37,32,4.592493789646318,-1.5000659898403625,-4.334960493965239
-1.384292626623424,-4.4473641994992805,0.00014865443518,37,32,4.592493789646318,-1.5000659898403625,-4.334960493965239
-1.3573841836427223,-4.447363652751179,0.00014609802747,37,32,4.592493789646318,-1.5000659898403625,-4.334960493965239
-1.330706915771635,-4.44736346635978,0.00014374911552,37,32,4.592493789646318,-1.5000659898403625,-4.334960493965239
-1.3040143327068403,-4.447365392404229,1.5427589233e-06,37,32,4.592493789646318,-1.5000659898403625,-4.334960493965239
-1.2772100380771014,-4.4473641994992805,6.4171646954e-05,37,32,4.592493789646318,-1.5000659898403625,-4.334960493965239
-1.250316646018072,-4.447362012506874,1.9685132515e-15,37,32,4.592493789646318,-1.5000659898403625,-4.334960493965239
-1.2234886801645324,-4.447362149193896,1.1365580352e-11,37,32,4.592493789646318,-1.5000659898403625,-4.334960493965239
-1.196530403028466,-4.447362559254976,0.00014830958389,37,32,4.592493789646318,-1.5000659898403625,-4.334960493965239
-1.1696762742433604,-4.44735926634027,0.0001507965062,37,32,4.592493789646318,-1.5000659898403625,-4.334960493965239
-1.1430131763871567,-4.44736161487189,0.00014846588601,37,32,4.592493789646318,-1.5000659898403625,-4.334960493965239
-1.116129361043338,-4.44736427405584,0.00015063444152,37,32,4.592493789646318,-1.5000659898403625,-4.334960493965239
-1.089355180841323,-4.447364646838634,0.00014872683096,37,32,4.592493789646318,-1.5000659898403625,-4.334960493965239
-1.0625363764183664,-4.447362261028736,0.00014927376469,37,32,4.592493789646318,-1.5000659898403625,-4.334960493965239
-1.0358847555191568,-4.447361527889236,0.0001510042639,37,32,4.592493789646318,-1.5000659898403625,-4.334960493965239
-1.0091437099967078,-4.447361900672034,0.00014806752733,37,32,4.592493789646318,-1.5000659898403625,-4.334960493965239
-0.9823999588319844,-4.447362695941998,0.00014804014063,37,32,4.592493789646318,-1.5000659898403625,-4.334960493965239
-0.9557061676664542,-4.447366411343873,0.00013426097576,37,32,4.592493789646318,-1.5000659898403625,-4.334960493965239
-0.9293128412215073,-4.447364373464584,1.8983078917e-05,37,32,4.592493789646318,-1.5000659898403625,-4.334960493965239
-0.903063140335952,-4.447366050987171,6.9742331107e-05,37,32,4.592493789646318,-1.5000659898403625,-4.334960493965239
-0.8764918581356963,-4.4473618012632885,8.6164880486e-05,37,32,4.592493789646318,-1.5000659898403625,-4.334960493965239
-0.9052113447949351,-4.479140702127009,0.00014388392447,37,32,4.592493789646318,-1.5000659898403625,-4.334960493965239
-0.9322772058184322,-4.479140813961849,0.00014623483003,37,32,4.592493789646318,-1.5000659898403625,-4.334960493965239
-0.959027790302944,-4.479141012779339,0.00014611503866,37,32,4.592493789646318,-1.5000659898403625,-4.334960493965239
-0.9854536347927035,-4.4791416216579085,0.00014624207688,37,32,4.592493789646318,-1.5000659898403625,-4.334960493965239
-1.0119768194824033,-4.479141062483712,0.00014658123837,37,32,4.592493789646318,-1.5000659898403625,-4.334960493965239
-1.038516904998024,-4.479139807448299,0.00014988191833,37,32,4.592493789646318,-1.5000659898403625,-4.334960493965239
-1.0650956371528204,-4.479143522850171,0.0001485842804,37,32,4.592493789646318,-1.5000659898403625,-4.334960493965239
-1.0916847136701706,-4.479141397988228,0.00015009121853,37,32,4.592493789646318,-1.5000659898403625,-4.334960493965239
-1.1182184063193972,-4.479142951249883,0.00015157993766,37,32,4.592493789646318,-1.5000659898403625,-4.334960493965239
-1.1448168204486864,-4.479141870179771,0.000147177896,37,32,4.592493789646318,-1.5000659898403625,-4.334960493965239
-1.1710026933453472,-4.479143920485154,0.00014632668172,37,32,4.592493789646318,-1.5000659898403625,-4.334960493965239
-1.1973097412627203,-4.47914185775368,0.00014583859593,37,32,4.592493789646318,-1.5000659898403625,-4.334960493965239
-1.223643807849683,-4.479141646510095,0.00014943795395,37,32,4.592493789646318,-1.5000659898403625,-4.334960493965239
-1.2497670734425703,-4.479146306295052,0.00015044501924,37,32,4.592493789646318,-1.5000659898403625,-4.334960493965239
-1.2758512016053607,-4.479142516336621,0.00014892738545,37,32,4.592493789646318,-1.5000659898403625,-4.334960493965239
-1.3018864016883374,-4.479142131127729,0.00014962775458,37,32,4.592493789646318,-1.5000659898403625,-4.334960493965239
-1.3276786854326712,-4.479143945337341,0.00015032786177,37,32,4.592493789646318,-1.5000659898403625,-4.334960493965239
-1.3535958188374553,-4.479142441780059,0.00014939600078,37,32,4.592493789646318,-1.5000659898403625,-4.334960493965239
-1.379319165333532,-4.479141087335898,0.00014545394515,37,32,4.592493789646318,-1.5000659898403625,-4.334960493965239
-1.4051851558071518,-4.479140900944502,0.00014660875604,37,32,4.592493789646318,-1.5000659898403625,-4.334960493965239
-1.4309186830688079,-4.479141832901493,0.00014866996207,37,32,4.592493789646318,-1.5000659898403625,-4.334960493965239
-1.4565685116013378,-4.479141733492749,0.00015161825286,37,32,4.592493789646318,-1.5000659898403625,-4.334960493965239
-1.4824813411472502,-4.479143361310959,0.00014926637232,37,32,4.592493789646318,-1.5000659898403625,-4.334960493965239
-1.5083732554491673,-4.47914011810063,0.00014653502149,37,32,4.592493789646318,-1.5000659898403625,-4.334960493965239
-1.534273022405868,-4.479139471943779,0.00014730094699,37,32,4.592493789646318,-1.5000659898403625,-4.334960493965239
-1.5602489248777127,-4.479140453605146,0.00014798805933,37,32,4.592493789646318,-1.5000659898403625,-4.334960493965239
-1.5860763568028378,-4.479141186744647,0.0001445531525,37,32,4.592493789646318,-1.5000659898403625,-4.334960493965239
-1.6121970677660438,-4.479139049456612,0.0001466225367,37,32,4.592493789646318,-1.5000659898403625,-4.334960493965239
-1.6381827734719863,-4.479143895632968,0.00014371104771,37,32,4.592493789646318,-1.5000659898403625,-4.334960493965239
-1.6642226046077857,-4.479143671963288,0.00014792014554,37,32,4.592493789646318,-1.5000659898403625,-4.334960493965239
-1.689947209542129,-4.479141012779339,0.00014701524924,37,32,4.592493789646318,-1.5000659898403625,-4.334960493965239
-1.7155318887255855,-4.479142690301925,0.00015113680274,37,32,4.592493789646318,-1.5000659898403625,-4.334960493965239
-1.7412506922595203,-4.4791426778758305,0.00014481045946,37,32,4.592493789646318,-1.5000659898403625,-4.334960493965239
-1.766760255262831,-4.479143535276262,0.00014872476459,37,32,4.592493789646318,-1.5000659898403625,-4.334960493965239
-1.7921790219451919,-4.47914321219784,0.00012076924759,37,32,4.592493789646318,-1.5000659898403625,-4.334960493965239
-1.8173519275433652,-4.479141820475398,0.00014492760238,37,32,4.592493789646318,-1.5000659898403625,-4.334960493965239
-1.8427512891076512,-4.47914196958852,0.00014622299932,37,32,4.592493789646318,-1.5000659898403625,-4.334960493965239
-1.814698510457787,-4.511212647547155,0.00014900547103,37,32,4.592493789646318,-1.5000659898403625,-4.334960493965239
-1.7876368652024848,-4.51120741616191,0.00014739157632,37,32,4.592493789646318,-1.5000659898403625,-4.334960493965239
-1.7608457967589302,-4.511207851075172,0.00014759037003,37,32,4.592493789646318,-1.5000659898403625,-4.334960493965239
-1.734181226529954,-4.511210000789301,0.00014627850032,37,32,4.592493789646318,-1.5000659898403625,-4.334960493965239
-1.7075835297104773,-4.511207888353453,0.00012029641948,37,32,4.592493789646318,-1.5000659898403625,-4.334960493965239
-1.6811595477093517,-4.511207018526926,0.00014570575149,37,32,4.592493789646318,-1.5000659898403625,-4.334960493965239
-1.6547868974051294,-4.511208484805927,0.00014756909513,37,32,4.592493789646318,-1.5000659898403625,-4.334960493965239
-1.6283633055198654,-4.511209615580408,9.9372307886e-05,37,32,4.592493789646318,-1.5000659898403625,-4.334960493965239
-1.6018524786939463,-4.511209242797614,0.00014985742746,37,32,4.592493789646318,-1.5000659898403625,-4.334960493965239
-1.5751876064397878,-4.51121027416335,0.00015063112369,37,32,4.592493789646318,-1.5000659898403625,-4.334960493965239
-1.5484605421664834,-4.511213070034326,0.000150557913,37,32,4.592493789646318,-1.5000659898403625,-4.334960493965239
-1.5217464649760915,-4.511210721502707,0.0001483655069,37,32,4.592493789646318,-1.5000659898403625,-4.334960493965239
-1.495142954171821,-4.511208571788577,0.00014751995332,37,32,4.592493789646318,-1.5000659898403625,-4.334960493965239
-1.4683523891035732,-4.511211106711595,0.00014714707504,37,32,4.592493789646318,-1.5000659898403625,-4.334960493965239
-1.44154940324963,-4.5112104481286535,0.00014885942801,37,32,4.592493789646318,-1.5000659898403625,-4.334960493965239
-1.4147863979794248,-4.511212821512459,0.00015122827608,37,32,4.592493789646318,-1.5000659898403625,-4.334960493965239
-1.3877030950015505,-4.511209851676179,0.00015155725123,37,32,4.592493789646318,-1.5000659898403625,-4.334960493965239
-1.360895289329046,-4.5112104481286535,0.00014732942509,37,32,4.592493789646318,-1.5000659898403625,-4.334960493965239
-1.3343047530233083,-4.511211616181419,0.00014821495279,37,32,4.592493789646318,-1.5000659898403625,-4.334960493965239
-1.3075132692951241,-4.511211230972527,0.0001458642364,37,32,4.592493789646318,-1.5000659898403625,-4.334960493965239
-1.2807571099290906,-4.511210932746292,0.00014527818712,37,32,4.592493789646318,-1.5000659898403625,-4.334960493965239
-1.2539416655363063,-4.511212995477766,0.00014649452351,37,32,4.592493789646318,-1.5000659898403625,-4.334960493965239
-1.2270988501112203,-4.511213691338986,0.00014669266238,37,32,4.592493789646318,-1.5000659898403625,-4.334960493965239
-1.2001606828186562,-4.511211740442351,0.00014841050142,37,32,4.592493789646318,-1.5000659898403625,-4.334960493965239
-1.173448807895232,-4.511210249311164,0.00014640729933,37,32,4.592493789646318,-1.5000659898403625,-4.334960493965239
-1.1467447478734436,-4.511213927434757,0.00014663604088,37,32,4.592493789646318,-1.5000659898403625,-4.334960493965239
-1.11977776234457,-4.511211467068298,0.00014811198344,37,32,4.592493789646318,-1.5000659898403625,-4.334960493965239
-1.093006363291125,-4.511212150503426,0.00014848756837,37,32,4.592493789646318,-1.5000659898403625,-4.334960493965239
-1.0662385507867416,-4.511211106711595,0.00014939534594,37,32,4.592493789646318,-1.5000659898403625,-4.334960493965239
-1.0395383541704322,-4.511214474182859,0.0001498520578,37,32,4.592493789646318,-1.5000659898403625,-4.334960493965239
-1.0128298266927973,-4.511214225660993,0.00014947731688,37,32,4.592493789646318,-1.5000659898403625,-4.334960493965239
-0.986115057361358,-4.511213741043359,0.00014926503354,37,32,4.592493789646318,-1.5000659898403625,-4.334960493965239
-0.9594998430812081,-4.511215952887952,0.00014906459546,37,32,4.592493789646318,-1.5000659898403625,-4.334960493965239
-0.9329153598635325,-4.511212796660273,0.00014759591431,37,32,4.592493789646318,-1.5000659898403625,-4.334960493965239
-0.906579808319416,-4.51121377832164,0.00014328965335,37,32,4.592493789646318,-1.5000659898403625,-4.334960493965239
-0.8799986977162961,-4.511211293102995,0.00014330919657,37,32,4.592493789646318,-1.5000659898403625,-4.334960493965239
-0.8539701799405164,-4.511211032155036,0.00014274576097,37,32,4.592493789646318,-1.5000659898403625,-4.334960493965239
-0.8823436589982941,-4.543374719421432,0.00014612395898,37,32,4.592493789646318,-1.5000659898403625,-4.334960493965239
-0.9099412856958151,-4.54337181171562,0.00014709142852,37,32,4.592493789646318,-1.5000659898403625,-4.334960493965239
-0.9367802377154236,-4.5433716253242205,0.00014776835451,37,32,4.592493789646318,-1.5000659898403625,-4.334960493965239
-0.9634919112887254,-4.5433670773741,0.00014603234013,37,32,4.592493789646318,-1.5000659898403625,-4.334960493965239
-0.9899361667303295,-4.543369115253388,0.00014310314145,37,32,4.592493789646318,-1.5000659898403625,-4.334960493965239
-1.0162971261430536,-4.543372457872466,0.00014494912466,37,32,4.592493789646318,-1.5000659898403625,-4.334960493965239
-1.0428074873468136,-4.543370022358193,0.00014590175124,37,32,4.592493789646318,-1.5000659898403625,-4.334960493965239
-1.0694446991278677,-4.543374806404085,0.00014927065058,37,32,4.592493789646318,-1.5000659898403625,-4.334960493965239
-1.0960654505363931,-4.543372234202786,0.00015141058248,37,32,4.592493789646318,-1.5000659898403625,-4.334960493965239
-1.122560106430583,-4.5433721596462275,0.00014752236893,37,32,4.592493789646318,-1.5000659898403625,-4.334960493965239
-1.1491461249429433,-4.543373725333973,0.00014864618424,37,32,4.592493789646318,-1.5000659898403625,-4.334960493965239
-1.1755203734637645,-4.5433686182096595,0.00014033081243,37,32,4.592493789646318,-1.5000659898403625,-4.334960493965239
-1.201740299699926,-4.5433716501764065,2.1768089937e-05,37,32,4.592493789646318,-1.5000659898403625,-4.334960493965239
-1.2279730997595586,-4.543371935976551,5.7152530644e-05,37,32,4.592493789646318,-1.5000659898403625,-4.334960493965239
-1.2541193570195803,-4.5433715383415665,6.7623201176e-05,37,32,4.592493789646318,-1.5000659898403625,-4.334960493965239
-1.2801419349667413,-4.543369401053533,8.4701037849e-05,37,32,4.592493789646318,-1.5000659898403625,-4.334960493965239
-1.3061684392412942,-4.543372296333254,0.00012227708066,37,32,4.592493789646318,-1.5000659898403625,-4.334960493965239
-1.3321526096525502,-4.543372196924508,0.00014412726159,37,32,4.592493789646318,-1.5000659898403625,-4.334960493965239
-1.3578520709903243,-4.543374247229889,0.00014695081336,37,32,4.592493789646318,-1.5000659898403625,-4.334960493965239
-1.383583635088283,-4.5433721099418545,0.00014642215683,37,32,4.592493789646318,-1.5000659898403625,-4.334960493965239
-1.4094409675066282,-4.543374470899566,0.00014993392688,37,32,4.592493789646318,-1.5000659898403625,-4.334960493965239
-1.4351733747582276,-4.5433729424901,0.00015081721358,37,32,4.592493789646318,-1.5000659898403625,-4.334960493965239
-1.4610444367380622,-4.543375452560932,0.0001497414778,37,32,4.592493789646318,-1.5000659898403625,-4.334960493965239
-1.4867474342873648,-4.543372507576839,0.00014992317301,37,32,4.592493789646318,-1.5000659898403625,-4.334960493965239
-1.5126479940601751,-4.5433746200126865,0.00014692702098,37,32,4.592493789646318,-1.5000659898403625,-4.334960493965239
-1.538536133047292,-4.5433721596462275,3.8363057175e-10,37,32,4.592493789646318,-1.5000659898403625,-4.334960493965239
-1.564503591398366,-4.543372457872466,9.3530681625e-05,37,32,4.592493789646318,-1.5000659898403625,-4.334960493965239
-1.5905609274104553,-4.543374545456127,0.0001473450975,37,32,4.592493789646318,-1.5000659898403625,-4.334960493965239
-1.6165141402403482,-4.543373153733685,0.00014671644021,37,32,4.592493789646318,-1.5000659898403625,-4.334960493965239
-1.6425247756083565,-4.543376720022439,0.00014608625497,37,32,4.592493789646318,-1.5000659898403625,-4.334960493965239
-1.6685082287098019,-4.543374756699709,0.00014572907821,37,32,4.592493789646318,-1.5000659898403625,-4.334960493965239
-1.6943750623370606,-4.543375440134837,0.00014536219533,37,32,4.592493789646318,-1.5000659898403625,-4.334960493965239
-1.7199448667802042,-4.543372954916195,0.00014763840591,37,32,4.592493789646318,-1.5000659898403625,-4.334960493965239
-1.7456230856800343,-4.543373750186159,0.00014546740567,37,32,4.592493789646318,-1.5000659898403625,-4.334960493965239
-1.7711563828290577,-4.543374272082075,0.00014631837257,37,32,4.592493789646318,-1.5000659898403625,-4.334960493965239
-1.7966736097214127,-4.543375054925948,3.3667033462e-13,37,32,4.592493789646318,-1.5000659898403625,-4.334960493965239
-1.8218908626841077,-4.543375092204229,0.00014628071222,37,32,4.592493789646318,-1.5000659898403625,-4.334960493965239
-1.793928225967297,-4.5753987995304914,0.00011559200357,37,32,4.592493789646318,-1.5000659898403625,-4.334960493965239
-1.7666924757777802,-4.575395779989839,0.00014613058011,37,32,4.592493789646318,-1.5000659898403625,-4.334960493965239
-1.73990968785802,-4.575392785301373,0.00014743351494,37,32,4.592493789646318,-1.5000659898403625,-4.334960493965239
-1.7132298779416344,-4.575393878797577,1.9685384507e-15,37,32,4.592493789646318,-1.5000659898403625,-4.334960493965239
-1.6867606047472858,-4.575393145658077,0.00014922342962,37,32,4.592493789646318,-1.5000659898403625,-4.334960493965239
-1.6604741322955758,-4.575395556320159,0.00014918812667,37,32,4.592493789646318,-1.5000659898403625,-4.334960493965239
-1.6337917425807424,-4.575394848032845,0.00014853032189,37,32,4.592493789646318,-1.5000659898403625,-4.334960493965239
-1.6072898758352823,-4.575393605423525,0.00014812250447,37,32,4.592493789646318,-1.5000659898403625,-4.334960493965239
-1.5805772961864293,-4.5753940527628805,0.00014850261505,37,32,4.592493789646318,-1.5000659898403625,-4.334960493965239
-1.553843562190309,-4.5753940527628805,0.00014765412197,37,32,4.592493789646318,-1.5000659898403625,-4.334960493965239
-1.5272822845742735,-4.575397171712278,0.00014693464618,37,32,4.592493789646318,-1.5000659898403625,-4.334960493965239
-1.5004609381060185,-4.575395320224388,0.00014718460443,37,32,4.592493789646318,-1.5000659898403625,-4.334960493965239
-1.473650930166548,-4.5753947361980085,0.00014946865849,37,32,4.592493789646318,-1.5000659898403625,-4.334960493965239
-1.4468249652298537,-4.575392536779507,0.00014782928338,37,32,4.592493789646318,-1.5000659898403625,-4.334960493965239
-1.4200268117788573,-4.575395494189696,0.00014785894018,37,32,4.592493789646318,-1.5000659898403625,-4.334960493965239
-1.3931147570803297,-4.575392835005746,0.0001483290107,37,32,4.592493789646318,-1.5000659898403625,-4.334960493965239
-1.366283116587052,-4.575392710744811,0.00014677886793,37,32,4.592493789646318,-1.5000659898403625,-4.334960493965239
-1.3394619463001547,-4.575391840918288,0.00014648227079,37,32,4.592493789646318,-1.5000659898403625,-4.334960493965239
-1.3126251336255996,-4.575392748023092,0.00014995824313,37,32,4.592493789646318,-1.5000659898403625,-4.334960493965239
-1.2859205450597397,-4.5753946243631685,0.00015117642761,37,32,4.592493789646318,-1.5000659898403625,-4.334960493965239
-1.259027782219844,-4.575394599510982,0.00014912840561,37,32,4.592493789646318,-1.5000659898403625,-4.334960493965239
-1.232159747691891,-4.575392822579651,0.00014598449343,37,32,4.592493789646318,-1.5000659898403625,-4.334960493965239
-1.2054477846777865,-4.575395494189696,0.00014298010501,37,32,4.592493789646318,-1.5000659898403625,-4.334960493965239
-1.1786133378671737,-4.57539505927643,0.00013660878176,37,32,4.592493789646318,-1.5000659898403625,-4.334960493965239
-1.151854221171214,-4.575394574658796,0.00014021084644,37,32,4.592493789646318,-1.5000659898403625,-4.334960493965239
-1.1249964680838993,-4.57539535750267,0.00014703597117,37,32,4.592493789646318,-1.5000659898403625,-4.334960493965239
-1.0982983604751144,-4.5753945870848876,0.00014704429486,37,32,4.592493789646318,-1.5000659898403625,-4.334960493965239
-1.071501276696642,-4.57539185334438,0.00014568091137,37,32,4.592493789646318,-1.5000659898403625,-4.334960493965239
-1.0448101030827075,-4.5753975941994485,0.00014523266873,37,32,4.592493789646318,-1.5000659898403625,-4.334960493965239
-1.0182141680768042,-4.575395121406898,0.00014604417083,37,32,4.592493789646318,-1.5000659898403625,-4.334960493965239
-0.9915919191267417,-4.575394823180659,0.00014331810235,37,32,4.592493789646318,-1.5000659898403625,-4.334960493965239
-0.9648692971405189,-4.575394276432557,0.00014461767569,37,32,4.592493789646318,-1.5000659898403625,-4.334960493965239
-0.938144170862144,-4.575393021397145,0.00014500645921,37,32,4.592493789646318,-1.5000659898403625,-4.334960493965239
-0.9117847970816356,-4.575390349787101,0.00014818410273,37,32,4.592493789646318,-1.5000659898403625,-4.334960493965239
-0.885189843657581,-4.575388709542795,0.00014629989164,37,32,4.592493789646318,-1.5000659898403625,-4.334960493965239
-0.859018480554136,-4.575395568746254,0.00014629059297,37,32,4.592493789646318,-1.5000659898403625,-4.334960493965239
-0.8329433250561877,-4.575391480561585,0.0001460290805,37,32,4.592493789646318,-1.5000659898403625,-4.334960493965239
-0.8614258603741667,-4.607555068419232,0.00014918460511,37,32,4.592493789646318,-1.5000659898403625,-4.334960493965239
-0.8888626334924259,-4.607556696237445,0.00014954294602,37,32,4.592493789646318,-1.5000659898403625,-4.334960493965239
-0.9163331579249978,-4.607550582599582,0.00014522954007,37,32,4.592493789646318,-1.5000659898403625,-4.334960493965239
-0.9431286434868711,-4.607556311028556,0.00014345915406,37,32,4.592493789646318,-1.5000659898403625,-4.334960493965239
-0.9697901934640051,-4.6075562240459025,0.0001441854838,37,32,4.592493789646318,-1.5000659898403625,-4.334960493965239
-0.9963684725810256,-4.607555838837013,0.00014500436373,37,32,4.592493789646318,-1.5000659898403625,-4.334960493965239
-1.0229472676577342,-4.607553540009766,0.00014349889534,37,32,4.592493789646318,-1.5000659898403625,-4.334960493965239
-1.0494509088011492,-4.607554248297081,0.00014597160043,37,32,4.592493789646318,-1.5000659898403625,-4.334960493965239
-1.0759758427200394,-4.607553925218656,0.0001487993286,37,32,4.592493789646318,-1.5000659898403625,-4.334960493965239
-1.1026723269434608,-4.607553502731485,0.00014657473366,37,32,4.592493789646318,-1.5000659898403625,-4.334960493965239
-1.1292542303626887,-4.60755516782798,0.00014585632016,37,32,4.592493789646318,-1.5000659898403625,-4.334960493965239
-1.1557998152535374,-4.607555267236725,0.00014664152695,37,32,4.592493789646318,-1.5000659898403625,-4.334960493965239
-1.1822301775366757,-4.607555205106258,0.000149163694,37,32,4.592493789646318,-1.5000659898403625,-4.334960493965239
-1.208684601159476,-4.607555242384539,0.00014848198043,37,32,4.592493789646318,-1.5000659898403625,-4.334960493965239
-1.2348068725861334,-4.607552583200589,0.00015168008395,37,32,4.592493789646318,-1.5000659898403625,-4.334960493965239
-1.2608721367593032,-4.607553564861953,0.00015113405243,37,32,4.592493789646318,-1.5000659898403625,-4.334960493965239
-1.2869912998434412,-4.607553577288048,0.00014915473002,37,32,4.592493789646318,-1.5000659898403625,-4.334960493965239
-1.313032892792814,-4.607554471966758,0.00015186656674,37,32,4.592493789646318,-1.5000659898403625,-4.334960493965239
-1.339126534748901,-4.607554931732208,0.00014685915085,37,32,4.592493789646318,-1.5000659898403625,-4.334960493965239
-1.3650109865118962,-4.607553105096505,0.00014740911138,37,32,4.592493789646318,-1.5000659898403625,-4.334960493965239
-1.3905783244160357,-4.607557180855079,0.00014622353774,37,32,4.592493789646318,-1.5000659898403625,-4.334960493965239
-1.41652319380022,-4.607555540610774,0.00014758614998,37,32,4.592493789646318,-1.5000659898403625,-4.334960493965239
-1.4423084554590244,-4.607557354820386,0.00014920685499,37,32,4.592493789646318,-1.5000659898403625,-4.334960493965239
-1.4682991697492696,-4.607557131150706,0.00014903524425,37,32,4.592493789646318,-1.5000659898403625,-4.334960493965239
-1.4942319958792405,-4.607559293290927,0.00014888581063,37,32,4.592493789646318,-1.5000659898403625,-4.334960493965239
-1.5199686063146496,-4.607556112211062,0.00014834917965,37,32,4.592493789646318,-1.5000659898403625,-4.334960493965239
-1.545937348272755,-4.607558125238165,0.00015356999938,37,32,4.592493789646318,-1.5000659898403625,-4.334960493965239
-1.5719356131926008,-4.607559541812793,0.00014931548503,37,32,4.592493789646318,-1.5000659898403625,-4.334960493965239
-1.5980366673500803,-4.60756203945753,0.00014955626102,37,32,4.592493789646318,-1.5000659898403625,-4.334960493965239
-1.6240421682899593,-4.60755833648175,8.6964195361e-05,37,32,4.592493789646318,-1.5000659898403625,-4.334960493965239
-1.649868656386385,-4.6075600761348,0.00014708862,37,32,4.592493789646318,-1.5000659898403625,-4.334960493965239
-1.67590691447435,-4.607557876716302,0.00014744728105,37,32,4.592493789646318,-1.5000659898403625,-4.334960493965239
-1.7016647295945553,-4.607558995064691,0.00015075261763,37,32,4.592493789646318,-1.5000659898403625,-4.334960493965239
-1.727560192692384,-4.607562499222978,0.00014500200632,37,32,4.592493789646318,-1.5000659898403625,-4.334960493965239
-1.752981526588808,-4.60756192762269,0.00014625373296,37,32,4.592493789646318,-1.5000659898403625,-4.334960493965239
-1.7785500096717723,-4.6075620270314355,0.00014597186237,37,32,4.592493789646318,-1.5000659898403625,-4.334960493965239
-1.8040051829731913,-4.607562474370792,0.00014547501632,37,32,4.592493789646318,-1.5000659898403625,-4.334960493965239
-1.7758382639725279,-4.639563615911765,0.0001463466906,37,32,4.592493789646318,-1.5000659898403625,-4.334960493965239
-1.748761794314442,-4.639562857920079,0.00014873112377,37,32,4.592493789646318,-1.5000659898403625,-4.334960493965239
-1.722116402684654,-4.639559055535553,0.00014867490972,37,32,4.592493789646318,-1.5000659898403625,-4.334960493965239
-1.6956524904373216,-4.639563019459291,0.00014678742446,37,32,4.592493789646318,-1.5000659898403625,-4.334960493965239
-1.6691986708648898,-4.63955849636136,0.00014805006504,37,32,4.592493789646318,-1.5000659898403625,-4.334960493965239
-1.642680368915666,-4.639563031885386,0.00014755607117,37,32,4.592493789646318,-1.5000659898403625,-4.334960493965239
-1.6161681955608014,-4.639559825953335,0.00014594988897,37,32,4.592493789646318,-1.5000659898403625,-4.334960493965239
-1.5897483538215746,-4.63956003719692,0.00014642035239,37,32,4.592493789646318,-1.5000659898403625,-4.334960493965239
-1.5631250226146014,-4.639560683353767,0.00015009271738,37,32,4.592493789646318,-1.5000659898403625,-4.334960493965239
-1.5363797109864286,-4.63956126738015,0.00014784009545,37,32,4.592493789646318,-1.5000659898403625,-4.334960493965239
-1.5096543330204004,-4.63956023601441,0.00014885257406,37,32,4.592493789646318,-1.5000659898403625,-4.334960493965239
-1.482885778037438,-4.639558893996345,0.00014112563804,37,32,4.592493789646318,-1.5000659898403625,-4.334960493965239
-1.4561076337548835,-4.639561341936709,0.0001332105312,37,32,4.592493789646318,-1.5000659898403625,-4.334960493965239
-1.4295460163605156,-4.639561379214986,0.00013005077199,37,32,4.592493789646318,-1.5000659898403625,-4.334960493965239
-1.4027486808943919,-4.6395586703266645,0.00014528061729,37,32,4.592493789646318,-1.5000659898403625,-4.334960493965239
-1.3756477220276329,-4.639557825352327,0.00015086092753,37,32,4.592493789646318,-1.5000659898403625,-4.334960493965239
-1.3488637134227555,-4.639560646075486,0.00014836897026,37,32,4.592493789646318,-1.5000659898403625,-4.334960493965239
-1.3220534160424817,-4.63956146619764,0.00014725526853,37,32,4.592493789646318,-1.5000659898403625,-4.334960493965239
-1.2953373127664818,-4.6395606212233,0.00014702427143,37,32,4.592493789646318,-1.5000659898403625,-4.334960493965239
-1.2687201227382512,-4.639558372100429,0.00014860156807,37,32,4.592493789646318,-1.5000659898403625,-4.334960493965239
-1.2419190371260915,-4.639560322997064,0.00015044993779,37,32,4.592493789646318,-1.5000659898403625,-4.334960493965239
-1.215096545479015,-4.63955876973541,0.00014759822807,37,32,4.592493789646318,-1.5000659898403625,-4.334960493965239
-1.188207671213363,-4.6395609318756295,0.00014552604989,37,32,4.592493789646318,-1.5000659898403625,-4.334960493965239
-1.1613913207450273,-4.6395568685431465,0.00014570022176,37,32,4.592493789646318,-1.5000659898403625,-4.334960493965239
-1.1344994262275347,-4.63955827269168,0.00014422011736,37,32,4.592493789646318,-1.5000659898403625,-4.334960493965239
-1.107756820241633,-4.639557166769386,0.00014399985957,37,32,4.592493789646318,-1.5000659898403625,-4.334960493965239
-1.081135817145456,-4.6395581608568435,0.00014411938901,37,32,4.592493789646318,-1.5000659898403625,-4.334960493965239
-1.0544165677737871,-4.639560608797208,0.00014435251069,37,32,4.592493789646318,-1.5000659898403625,-4.334960493965239
-1.0277374499984473,-4.639557477421715,0.00014997660764,37,32,4.592493789646318,-1.5000659898403625,-4.334960493965239
-1.0009784717306958,-4.639557104638918,0.00014992362412,37,32,4.592493789646318,-1.5000659898403625,-4.334960493965239
-0.9742630480113583,-4.639560136605665,0.00014713926066,37,32,4.592493789646318,-1.5000659898403625,-4.334960493965239
-0.9474443946009946,-4.639558297543866,0.00014502620616,37,32,4.592493789646318,-1.5000659898403625,-4.334960493965239
-0.9209920222325706,-4.639558446656988,0.00014493000344,37,32,4.592493789646318,-1.5000659898403625,-4.334960493965239
-0.8944085080123607,-4.639561217675774,0.00014759146143,37,32,4.592493789646318,-1.5000659898403625,-4.334960493965239
-0.8683325219451566,-4.639560149031756,0.0001454634039,37,32,4.592493789646318,-1.5000659898403625,-4.334960493965239
-0.8423380449244945,-4.639560770336421,0.00014600789291,37,32,4.592493789646318,-1.5000659898403625,-4.334960493965239
-0.8163176314911532,-4.639558546065733,0.00014677338186,37,32,4.592493789646318,-1.5000659898403625,-4.334960493965239
-0.8447832533988262,-4.671515500419214,0.000144292193,37,32,4.592493789646318,-1.5000659898403625,-4.334960493965239
-0.8720754571289926,-4.671512406322003,0.00014373766317,37,32,4.592493789646318,-1.5000659898403625,-4.334960493965239
-0.8995287283729281,-4.67151173531297,0.00014633644605,37,32,4.592493789646318,-1.5000659898403625,-4.334960493965239
-0.9263134794563841,-4.67151356194867,0.00014558596013,37,32,4.592493789646318,-1.5000659898403625,-4.334960493965239
-0.9529054881348941,-4.67151294064401,0.00010193128401,37,32,4.592493789646318,-1.5000659898403625,-4.334960493965239
-0.9794840441083326,-4.671510741225512,3.8841656671e-13,37,32,4.592493789646318,-1.5000659898403625,-4.334960493965239
-1.0060039694429201,-4.671512145374045,7.0201363997e-05,37,32,4.592493789646318,-1.5000659898403625,-4.334960493965239
-1.0324418949400425,-4.6715133258528985,9.3827242381e-05,37,32,4.592493789646318,-1.5000659898403625,-4.334960493965239
-1.058979249644626,-4.6715122323566955,0.00013474894513,37,32,4.592493789646318,-1.5000659898403625,-4.334960493965239
-1.085617644357651,-4.671510679095045,0.00014444776752,37,32,4.592493789646318,-1.5000659898403625,-4.334960493965239
-1.1120434510942645,-4.671510455425368,0.00014506107254,37,32,4.592493789646318,-1.5000659898403625,-4.334960493965239
-1.138354299495204,-4.671510964895188,0.00014367874246,37,32,4.592493789646318,-1.5000659898403625,-4.334960493965239
-1.16481502789372,-4.671513487392112,0.00014634869876,37,32,4.592493789646318,-1.5000659898403625,-4.334960493965239
-1.1912065044344147,-4.67151398443584,0.00014666609059,37,32,4.592493789646318,-1.5000659898403625,-4.334960493965239
-1.2175110732284018,-4.671512505730748,0.00014495450887,37,32,4.592493789646318,-1.5000659898403625,-4.334960493965239
-1.2436895842612028,-4.671512629991679,0.00014462808031,37,32,4.592493789646318,-1.5000659898403625,-4.334960493965239
-1.2697561194570228,-4.671510169625224,0.00014941241534,37,32,4.592493789646318,-1.5000659898403625,-4.334960493965239
-1.295595783402102,-4.671510815782071,0.00015102246834,37,32,4.592493789646318,-1.5000659898403625,-4.334960493965239
-1.3215798405539145,-4.671513773192255,0.00015139376046,37,32,4.592493789646318,-1.5000659898403625,-4.334960493965239
-1.3475879338766243,-4.671510542408018,0.00015140751202,37,32,4.592493789646318,-1.5000659898403625,-4.334960493965239
-1.3733673060443394,-4.6715112382692405,0.00014806260879,37,32,4.592493789646318,-1.5000659898403625,-4.334960493965239
-1.3993075192069369,-4.671510877912534,0.00015017589612,37,32,4.592493789646318,-1.5000659898403625,-4.334960493965239
-1.4248315668346987,-4.671512008687019,0.00014944633585,37,32,4.592493789646318,-1.5000659898403625,-4.334960493965239
-1.4505468844946343,-4.671512654843866,0.00014761801867,37,32,4.592493789646318,-1.5000659898403625,-4.334960493965239
-1.4764980334857694,-4.671514257809893,0.00014785634994,37,32,4.592493789646318,-1.5000659898403625,-4.334960493965239
-1.5023425046650287,-4.67151224478279,0.00014508905588,37,32,4.592493789646318,-1.5000659898403625,-4.334960493965239
-1.5282813838830636,-4.671510592112391,0.00014597417612,37,32,4.592493789646318,-1.5000659898403625,-4.334960493965239
-1.553990560364255,-4.671512915791824,0.0001492567535,37,32,4.592493789646318,-1.5000659898403625,-4.334960493965239
-1.580005952628912,-4.671510430573181,0.00014707181253,37,32,4.592493789646318,-1.5000659898403625,-4.334960493965239
-1.6061583510676765,-4.67151294064401,0.00014939064567,37,32,4.592493789646318,-1.5000659898403625,-4.334960493965239
-1.632196772752616,-4.671512083243578,0.00015060626902,37,32,4.592493789646318,-1.5000659898403625,-4.334960493965239
-1.658257493963644,-4.671513189165876,0.00015017563419,37,32,4.592493789646318,-1.5000659898403625,-4.334960493965239
-1.6839706722785261,-4.6715106045384855,0.00014965853188,37,32,4.592493789646318,-1.5000659898403625,-4.334960493965239
-1.7098293638101985,-4.671512754252611,0.00011391086446,37,32,4.592493789646318,-1.5000659898403625,-4.334960493965239
-1.7355974226178956,-4.67151748859413,0.00015064075706,37,32,4.592493789646318,-1.5000659898403625,-4.334960493965239
-1.761267801447322,-4.671511188564865,0.00014964702132,37,32,4.592493789646318,-1.5000659898403625,-4.334960493965239
-1.7866413524427558,-4.671513338278994,0.00015064023319,37,32,4.592493789646318,-1.5000659898403625,-4.334960493965239
-1.7586773566126164,-4.703977985523192,0.00014981164713,37,32,4.592493789646318,-1.5000659898403625,-4.334960493965239
-1.7317935916063287,-4.703975214504406,0.00015019267448,37,32,4.592493789646318,-1.5000659898403625,-4.334960493965239
-1.7050537919377633,-4.703973561834006,0.00014875250054,37,32,4.592493789646318,-1.5000659898403625,-4.334960493965239
-1.6785516609202684,-4.703974854147703,0.00014897547953,37,32,4.592493789646318,-1.5000659898403625,-4.334960493965239
-1.651964409138406,-4.7039759849221845,0.0001472447475,37,32,4.592493789646318,-1.5000659898403625,-4.334960493965239
-1.625622338884067,-4.703973313312144,3.3548512292e-15,37,32,4.592493789646318,-1.5000659898403625,-4.334960493965239
-1.599132616067882,-4.703972965381532,0.00014733978605,37,32,4.592493789646318,-1.5000659898403625,-4.334960493965239
-1.572424214434074,-4.703975338765338,0.00014879347873,37,32,4.592493789646318,-1.5000659898403625,-4.334960493965239
-1.5457489474798303,-4.703973449999166,0.00010553668835,37,32,4.592493789646318,-1.5000659898403625,-4.334960493965239
-1.518973018048625,-4.703973313312144,0.00014600840223,37,32,4.592493789646318,-1.5000659898403625,-4.334960493965239
-1.4923492463882608,-4.7039731269207445,0.00014507675951,37,32,4.592493789646318,-1.5000659898403625,-4.334960493965239
-1.4656759803508608,-4.703972518042176,0.00014694887795,37,32,4.592493789646318,-1.5000659898403625,-4.334960493965239
-1.43882781656314,-4.703972617450921,0.00014515424846,37,32,4.592493789646318,-1.5000659898403625,-4.334960493965239
-1.4120538377112493,-4.703974990834727,0.00014997491962,37,32,4.592493789646318,-1.5000659898403625,-4.334960493965239
-1.3849753293831701,-4.703973909764618,0.0001477732585,37,32,4.592493789646318,-1.5000659898403625,-4.334960493965239
-1.3580854483669045,-4.703972257094218,0.00014649782679,37,32,4.592493789646318,-1.5000659898403625,-4.334960493965239
-1.3314399686464375,-4.703970641702099,0.0001472786098,37,32,4.592493789646318,-1.5000659898403625,-4.334960493965239
-1.3047072288165478,-4.703975376043619,0.00014657052816,37,32,4.592493789646318,-1.5000659898403625,-4.334960493965239
-1.2778924765648112,-4.703978060079755,0.00014514653594,37,32,4.592493789646318,-1.5000659898403625,-4.334960493965239
-1.2510244420368584,-4.70397291567716,0.00014400827058,37,32,4.592493789646318,-1.5000659898403625,-4.334960493965239
-1.2241971809087495,-4.703977376644627,0.00014648008801,37,32,4.592493789646318,-1.5000659898403625,-4.334960493965239
-1.1972634936564148,-4.703974605625837,0.00014432838361,37,32,4.592493789646318,-1.5000659898403625,-4.334960493965239
-1.170425334452916,-4.703976357704982,0.00014715807629,37,32,4.592493789646318,-1.5000659898403625,-4.334960493965239
-1.1437375460379187,-4.703975624565482,0.00014532254136,37,32,4.592493789646318,-1.5000659898403625,-4.334960493965239
-1.1168265861806834,-4.7039743571039745,0.00014481991821,37,32,4.592493789646318,-1.5000659898403625,-4.334960493965239
-1.090057414562971,-4.703975251782684,0.00014457647922,37,32,4.592493789646318,-1.5000659898403625,-4.334960493965239
-1.06327849004869,-4.703974121008203,0.00014620147704,37,32,4.592493789646318,-1.5000659898403625,-4.334960493965239
-1.0366588838189879,-4.703977488479463,0.00014675922284,37,32,4.592493789646318,-1.5000659898403625,-4.334960493965239
-1.0099494880189477,-4.703973574260101,0.00014701462351,37,32,4.592493789646318,-1.5000659898403625,-4.334960493965239
-0.9831975821742566,-4.703977960671006,0.00014576225658,37,32,4.592493789646318,-1.5000659898403625,-4.334960493965239
-0.9565435324891923,-4.703975264208779,0.00014622067101,37,32,4.592493789646318,-1.5000659898403625,-4.334960493965239
-0.9301423408050787,-4.70397280384232,0.00014553061919,37,32,4.592493789646318,-1.5000659898403625,-4.334960493965239
-0.9038806092496916,-4.703976146461397,0.00014589782222,37,32,4.592493789646318,-1.5000659898403625,-4.334960493965239
-0.8772937601680755,-4.703973984321177,0.00014429572911,37,32,4.592493789646318,-1.5000659898403625,-4.334960493965239
-0.8511748739403555,-4.703973276033863,0.00014445293345,37,32,4.592493789646318,-1.5000659898403625,-4.334960493965239
-0.8250786647702041,-4.70397496598254,0.00014429683506,37,32,4.592493789646318,-1.5000659898403625,-4.334960493965239
-0.7992192936818674,-4.703973238755585,0.00014383571397,37,32,4.592493789646318,-1.5000659898403625,-4.334960493965239
-0.827632992426653,-4.736540363990574,0.00014475887292,37,32,4.592493789646318,-1.5000659898403625,-4.334960493965239
-0.8549377050331899,-4.736541271095379,0.00014514825307,37,32,4.592493789646318,-1.5000659898403625,-4.334960493965239
-0.8820477749930007,-4.736538475224407,0.0001443442743,37,32,4.592493789646318,-1.5000659898403625,-4.334960493965239
-0.9093820986519566,-4.736538537354871,0.00014559947886,37,32,4.592493789646318,-1.5000659898403625,-4.334960493965239
-0.9361247298066231,-4.736542526130795,0.00014763162471,37,32,4.592493789646318,-1.5000659898403625,-4.334960493965239
-0.9627755704741062,-4.736541457486778,0.00014624274627,37,32,4.592493789646318,-1.5000659898403625,-4.334960493965239
-0.9891393362041652,-4.736540935590862,0.00014654811821,37,32,4.592493789646318,-1.5000659898403625,-4.334960493965239
-1.0154753911235885,-4.736540127894803,0.00014604689204,37,32,4.592493789646318,-1.5000659898403625,-4.334960493965239
-1.041915166524963,-4.736542637965635,0.00014688087685,37,32,4.592493789646318,-1.5000659898403625,-4.334960493965239
-1.0684553023781167,-4.736541942104412,0.00014533253852,37,32,4.592493789646318,-1.5000659898403625,-4.334960493965239
-1.095008374976652,-4.736540227303548,0.00014503924467,37,32,4.592493789646318,-1.5000659898403625,-4.334960493965239
-1.1214841920499878,-4.736542575835168,0.0001460009953,37,32,4.592493789646318,-1.5000659898403625,-4.334960493965239
-1.1480364844167983,-4.736539966355591,0.00014476243814,37,32,4.592493789646318,-1.5000659898403625,-4.334960493965239
-1.1743323825711278,-4.73654015274699,0.00014787835244,37,32,4.592493789646318,-1.5000659898403625,-4.334960493965239
-1.2005163300572406,-4.736543482939972,0.0001476387115,37,32,4.592493789646318,-1.5000659898403625,-4.334960493965239
-1.2267984860656975,-4.736544626140548,0.00014764606021,37,32,4.592493789646318,-1.5000659898403625,-4.334960493965239
-1.2529304726357735,-4.736544017261982,0.00014699892199,37,32,4.592493789646318,-1.5000659898403625,-4.334960493965239
-1.278937546623487,-4.7365434083834135,0.00014821936202,37,32,4.592493789646318,-1.5000659898403625,-4.334960493965239
-1.3049694873513515,-4.736543482939972,0.00014721836487,37,32,4.592493789646318,-1.5000659898403625,-4.334960493965239
-1.3308898801112479,-4.73654374388793,0.00014787839609,37,32,4.592493789646318,-1.5000659898403625,-4.334960493965239
-1.3566348843298965,-4.7365451480364635,0.00014836719492,37,32,4.592493789646318,-1.5000659898403625,-4.334960493965239
-1.3824042015758604,-4.736543072878897,0.00014735375589,37,32,4.592493789646318,-1.5000659898403625,-4.334960493965239
-1.4082698774399143,-4.736544539157897,0.00014607833873,37,32,4.592493789646318,-1.5000659898403625,-4.334960493965239
-1.4340047008929853,-4.736540053338245,0.00014691102842,37,32,4.592493789646318,-1.5000659898403625,-4.334960493965239
-1.4598188940475443,-4.736544402470871,0.00014711239783,37,32,4.592493789646318,-1.5000659898403625,-4.334960493965239
-1.4855760925329975,-4.736545359280049,0.00014918399393,37,32,4.592493789646318,-1.5000659898403625,-4.334960493965239
-1.5114941571820992,-4.736543097731083,0.00014870737505,37,32,4.592493789646318,-1.5000659898403625,-4.334960493965239
-1.5373786970357735,-4.73654517288865,0.00014950502373,37,32,4.592493789646318,-1.5000659898403625,-4.334960493965239
-1.5633662023084374,-4.736544675844924,0.00014733307762,37,32,4.592493789646318,-1.5000659898403625,-4.334960493965239
-1.5893531664526468,-4.736543296548573,0.00014680114691,37,32,4.592493789646318,-1.5000659898403625,-4.334960493965239
-1.615349153599229,-4.736542650391726,0.00014927960001,37,32,4.592493789646318,-1.5000659898403625,-4.334960493965239
-1.641377860140748,-4.7365476084029225,0.00014851771994,37,32,4.592493789646318,-1.5000659898403625,-4.334960493965239
-1.6674561365655987,-4.736811762292608,0.00014926410222,37,32,4.592493789646318,-1.5000659898403625,-4.334960493965239
-1.6933181000367645,-4.736809016126008,0.0001462977234,37,32,4.592493789646318,-1.5000659898403625,-4.334960493965239
-1.7189679663224422,-4.736812097797125,0.0001507094712,37,32,4.592493789646318,-1.5000659898403625,-4.334960493965239
-1.7448051133909879,-4.736809687135041,0.00014907833247,37,32,4.592493789646318,-1.5000659898403625,-4.334960493965239
-1.770467727656308,-4.736811638031677,0.00015071794041,37,32,4.592493789646318,-1.5000659898403625,-4.334960493965239
-1.7424593592928819,-4.769407852750898,0.00014793273294,37,32,4.592493789646318,-1.5000659898403625,-4.334960493965239
-1.715482255920343,-4.769407107185305,0.00015002975124,37,32,4.592493789646318,-1.5000659898403625,-4.334960493965239
-1.6889560761475693,-4.769409008377568,0.00014921789989,37,32,4.592493789646318,-1.5000659898403625,-4.334960493965239
-1.6625685133498849,-4.769403926105441,0.00014916123473,37,32,4.592493789646318,-1.5000659898403625,-4.334960493965239
-1.6358537188496807,-4.769404013088091,0.00014621191076,37,32,4.592493789646318,-1.5000659898403625,-4.334960493965239
-1.6093514116508283,-4.769406075819567,0.0001233551593,37,32,4.592493789646318,-1.5000659898403625,-4.334960493965239
-1.5826513408783474,-4.769405715462863,1.5716162807e-06,37,32,4.592493789646318,-1.5000659898403625,-4.334960493965239
-1.5560167214801226,-4.7694029195918874,5.0751077652e-06,37,32,4.592493789646318,-1.5000659898403625,-4.334960493965239
-1.529418143753859,-4.769404050366372,5.4577893025e-05,37,32,4.592493789646318,-1.5000659898403625,-4.334960493965239
-1.5026275912699925,-4.769406224932684,3.3001231955e-12,37,32,4.592493789646318,-1.5000659898403625,-4.334960493965239
-1.4758490317028083,-4.7694059142803535,0.00014970308985,37,32,4.592493789646318,-1.5000659898403625,-4.334960493965239
-1.4490351100203274,-4.76940350361827,0.00015087872453,37,32,4.592493789646318,-1.5000659898403625,-4.334960493965239
-1.4222619114001613,-4.769406113097848,0.00014859517978,37,32,4.592493789646318,-1.5000659898403625,-4.334960493965239
-1.395562381756135,-4.769405752741145,0.0001485744433,37,32,4.592493789646318,-1.5000659898403625,-4.334960493965239
-1.3685916964187566,-4.769405553923651,0.00014511805784,37,32,4.592493789646318,-1.5000659898403625,-4.334960493965239
-1.3417675058800191,-4.769405777593331,0.00014683726477,37,32,4.592493789646318,-1.5000659898403625,-4.334960493965239
-1.3149688742224805,-4.769404646818846,0.00014782846847,37,32,4.592493789646318,-1.5000659898403625,-4.334960493965239
-1.2882029619598785,-4.7694012047910235,0.00014752140851,37,32,4.592493789646318,-1.5000659898403625,-4.334960493965239
-1.2613656333256353,-4.769400993547439,0.00014712940902,37,32,4.592493789646318,-1.5000659898403625,-4.334960493965239
-1.2346047044785695,-4.769400384668873,0.00012811481429,37,32,4.592493789646318,-1.5000659898403625,-4.334960493965239
-1.2079151290812322,-4.7694035408965485,7.0844388298e-13,37,32,4.592493789646318,-1.5000659898403625,-4.334960493965239
-1.1809381137993722,-4.7694007698777625,2.7450829293e-05,37,32,4.592493789646318,-1.5000659898403625,-4.334960493965239
-1.1540922277849148,-4.769403180539846,0.00011233612895,37,32,4.592493789646318,-1.5000659898403625,-4.334960493965239
-1.1271925183657852,-4.769401279347583,0.00014702984481,37,32,4.592493789646318,-1.5000659898403625,-4.334960493965239
-1.1004270339721942,-4.769401614852099,0.00014829961583,37,32,4.592493789646318,-1.5000659898403625,-4.334960493965239
-1.0736488015989607,-4.769399713659837,0.00014776857279,37,32,4.592493789646318,-1.5000659898403625,-4.334960493965239
-1.0470353994699138,-4.769405553923651,0.00014524489234,37,32,4.592493789646318,-1.5000659898403625,-4.334960493965239
-1.0205785848144064,-4.7694018260956845,0.00014579636627,37,32,4.592493789646318,-1.5000659898403625,-4.334960493965239
-0.9939030535881278,-4.769402981722355,0.00014758865291,37,32,4.592493789646318,-1.5000659898403625,-4.334960493965239
-0.9672141325786903,-4.769400558634177,0.00014399031352,37,32,4.592493789646318,-1.5000659898403625,-4.334960493965239
-0.9405352287378561,-4.7694035408965485,0.00014512792404,37,32,4.592493789646318,-1.5000659898403625,-4.334960493965239
-0.9142155586846658,-4.769402062191456,0.00014463152911,37,32,4.592493789646318,-1.5000659898403625,-4.334960493965239
-0.8876389029530106,-4.76940154029554,0.00014405530237,37,32,4.592493789646318,-1.5000659898403625,-4.334960493965239
-0.8614947221161282,-4.769399987033889,0.00014427978022,37,32,4.592493789646318,-1.5000659898403625,-4.334960493965239
-0.8353607346292067,-4.769401527869449,0.00014366753749,37,32,4.592493789646318,-1.5000659898403625,-4.334960493965239
-0.8094492641966232,-4.769400906564785,0.00014062147238,37,32,4.592493789646318,-1.5000659898403625,-4.334960493965239
-0.7837530622139612,-4.769402584087371,0.00014215783449,37,32,4.592493789646318,-1.5000659898403625,-4.334960493965239
-0.8121564921024886,-4.802174814417064,0.00014422507957,37,32,4.592493789646318,-1.5000659898403625,-4.334960493965239
-0.8393483857184071,-4.802172677129031,0.00014304221258,37,32,4.592493789646318,-1.5000659898403625,-4.334960493965239
-0.8662968470359924,-4.802169471196979,0.00014320400078,37,32,4.592493789646318,-1.5000659898403625,-4.334960493965239
-0.8932788079802408,-4.802170055223362,0.00014269881649,37,32,4.592493789646318,-1.5000659898403625,-4.334960493965239
-0.9205074983310805,-4.802168091900632,0.00014351213758,37,32,4.592493789646318,-1.5000659898403625,-4.334960493965239
-0.9471721440663522,-4.802172130380929,0.00014669873053,37,32,4.592493789646318,-1.5000659898403625,-4.334960493965239
-0.9737237820452647,-4.802168899596691,0.00014499682584,37,32,4.592493789646318,-1.5000659898403625,-4.334960493965239
-1.0001652311695322,-4.802169856405868,0.00014565281163,37,32,4.592493789646318,-1.5000659898403625,-4.334960493965239
-1.0266673873557934,-4.802170726232395,0.00014256969735,37,32,4.592493789646318,-1.5000659898403625,-4.334960493965239
-1.0531867841463098,-4.802172751685589,0.00014619079593,37,32,4.592493789646318,-1.5000659898403625,-4.334960493965239
-1.0796716242220186,-4.802169322083862,0.00014498237579,37,32,4.592493789646318,-1.5000659898403625,-4.334960493965239
-1.1060893517849582,-4.802172826242148,0.0001417837484,37,32,4.592493789646318,-1.5000659898403625,-4.334960493965239
-1.1325422526974553,-4.8021736339382075,0.00014262096374,37,32,4.592493789646318,-1.5000659898403625,-4.334960493965239
-1.1590333597957316,-4.802173783051325,0.00014304213983,37,32,4.592493789646318,-1.5000659898403625,-4.334960493965239
-1.1853479457583238,-4.802173944590537,0.00014298324822,37,32,4.592493789646318,-1.5000659898403625,-4.334960493965239
-1.2117284613017143,-4.802170539840996,0.00014516031661,37,32,4.592493789646318,-1.5000659898403625,-4.334960493965239
-1.23789647695937,-4.8021742676689625,0.00014294779976,37,32,4.592493789646318,-1.5000659898403625,-4.334960493965239
-1.2638159888124778,-4.8021737209208615,0.00014442787506,37,32,4.592493789646318,-1.5000659898403625,-4.334960493965239
-1.2898627916962755,-4.8021758954871725,0.00014488490706,37,32,4.592493789646318,-1.5000659898403625,-4.334960493965239
-1.3158629316891384,-4.802170949902072,0.0001474476594,37,32,4.592493789646318,-1.5000659898403625,-4.334960493965239
-1.3418746996515865,-4.802172354050605,0.00014714193821,37,32,4.592493789646318,-1.5000659898403625,-4.334960493965239
-1.367749411102395,-4.802171061736912,0.00014754768927,37,32,4.592493789646318,-1.5000659898403625,-4.334960493965239
-1.3934329657804765,-4.802172863520429,0.00015004108718,37,32,4.592493789646318,-1.5000659898403625,-4.334960493965239
-1.4191667950673152,-4.802176230991693,0.00014785434178,37,32,4.592493789646318,-1.5000659898403625,-4.334960493965239
-1.4449585502675777,-4.80217337299025,0.0001462836517,37,32,4.592493789646318,-1.5000659898403625,-4.334960493965239
-1.4708836370022071,-4.802173857607888,0.00014866942365,37,32,4.592493789646318,-1.5000659898403625,-4.334960493965239
-1.4968174572984085,-4.8021742676689625,0.00014752431889,37,32,4.592493789646318,-1.5000659898403625,-4.334960493965239
-1.522599535108398,-4.802174739860505,0.00014746149827,37,32,4.592493789646318,-1.5000659898403625,-4.334960493965239
-1.5484826277580646,-4.802171583632827,0.0001469754352,37,32,4.592493789646318,-1.5000659898403625,-4.334960493965239
-1.5745294935637748,-4.802171931563438,0.00014804748935,37,32,4.592493789646318,-1.5000659898403625,-4.334960493965239
-1.6006718244964049,-4.80217225464186,0.00014779563935,37,32,4.592493789646318,-1.5000659898403625,-4.334960493965239
-1.626775030583321,-4.802174466486453,0.00015057173732,37,32,4.592493789646318,-1.5000659898403625,-4.334960493965239
-1.6526065272640476,-4.802172677129031,0.00014577369438,37,32,4.592493789646318,-1.5000659898403625,-4.334960493965239
-1.6786423943193056,-4.8021696078840055,0.00014511645713,37,32,4.592493789646318,-1.5000659898403625,-4.334960493965239
-1.7045214977196663,-4.802172888372615,0.00014497990196,37,32,4.592493789646318,-1.5000659898403625,-4.334960493965239
-1.7304721433354948,-4.802174702582224,0.00014607861522,37,32,4.592493789646318,-1.5000659898403625,-4.334960493965239
-1.7560940722916498,-4.802173546955557,0.00014780044148,37,32,4.592493789646318,-1.5000659898403625,-4.334960493965239
-1.7282865003380756,-4.83515065871027,0.00014962343266,37,32,4.592493789646318,-1.5000659898403625,-4.334960493965239
-1.7013366547383966,-4.835149863440305,0.00015006924514,37,32,4.592493789646318,-1.5000659898403625,-4.334960493965239
-1.674771111016637,-4.835151491258516,0.00015010924835,37,32,4.592493789646318,-1.5000659898403625,-4.334960493965239
-1.6481049174022975,-4.835149316692204,0.00014717118756,37,32,4.592493789646318,-1.5000659898403625,-4.334960493965239
-1.6215831547478405,-4.835148223196001,0.00014786032261,37,32,4.592493789646318,-1.5000659898403625,-4.334960493965239
-1.5951847945498265,-4.8351499379968645,0.00015096500283,37,32,4.592493789646318,-1.5000659898403625,-4.334960493965239
-1.5683901773103586,-4.835150285927472,0.00014962775458,37,32,4.592493789646318,-1.5000659898403625,-4.334960493965239
-1.541700463484813,-4.835148272900374,0.00014984665904,37,32,4.592493789646318,-1.5000659898403625,-4.334960493965239
-1.5149265978923638,-4.835150869953855,0.00015073777467,37,32,4.592493789646318,-1.5000659898403625,-4.334960493965239
-1.48815765279354,-4.835147216682448,0.00014845907572,37,32,4.592493789646318,-1.5000659898403625,-4.334960493965239
-1.4615877297066113,-4.835148372309119,0.00014588142221,37,32,4.592493789646318,-1.5000659898403625,-4.334960493965239
-1.434821804859628,-4.835152771146118,0.00014831314911,37,32,4.592493789646318,-1.5000659898403625,-4.334960493965239
-1.4080240918620222,-4.835150845101669,0.00014504962019,37,32,4.592493789646318,-1.5000659898403625,-4.334960493965239
-1.381007561618585,-4.835147440352127,0.00014537808602,37,32,4.592493789646318,-1.5000659898403625,-4.334960493965239
-1.3541475810955397,-4.835150174092636,0.00014483473205,37,32,4.592493789646318,-1.5000659898403625,-4.334960493965239
-1.3273534168938474,-4.835152361085043,0.0001431589626,37,32,4.592493789646318,-1.5000659898403625,-4.334960493965239
-1.3007710604368423,-4.835147502482592,0.00014632915554,37,32,4.592493789646318,-1.5000659898403625,-4.334960493965239
-1.2739953952776735,-4.835149180005178,0.00014652454411,37,32,4.592493789646318,-1.5000659898403625,-4.334960493965239
-1.2471198604576492,-4.835148335030837,0.00014819577336,37,32,4.592493789646318,-1.5000659898403625,-4.334960493965239
-1.2203625181596445,-4.835148533848331,0.00014726325753,37,32,4.592493789646318,-1.5000659898403625,-4.334960493965239
-1.1934870965990656,-4.83514807408288,0.00014584496967,37,32,4.592493789646318,-1.5000659898403625,-4.334960493965239
-1.1666756288712041,-4.8351505095971525,0.00014505328727,37,32,4.592493789646318,-1.5000659898403625,-4.334960493965239
-1.1399224016663319,-4.835150435040593,0.00014479362289,37,32,4.592493789646318,-1.5000659898403625,-4.334960493965239
-1.1133024179051498,-4.835148322604746,0.00014480350364,37,32,4.592493789646318,-1.5000659898403625,-4.334960493965239
-1.0865880890271047,-4.835150646284179,0.00014401088993,37,32,4.592493789646318,-1.5000659898403625,-4.334960493965239
-1.0598277264772595,-4.835147552186965,0.00014510036272,37,32,4.592493789646318,-1.5000659898403625,-4.334960493965239
-1.0332575013651484,-4.8351486829614485,0.00014265216305,37,32,4.592493789646318,-1.5000659898403625,-4.334960493965239
-1.0066144126773864,-4.835148583552703,0.00014466854918,37,32,4.592493789646318,-1.5000659898403625,-4.334960493965239
-0.9799243339047424,-4.83515014924045,0.00014487383305,37,32,4.592493789646318,-1.5000659898403625,-4.334960493965239
-0.9531697853396911,-4.835148633257076,0.00014425814152,37,32,4.592493789646318,-1.5000659898403625,-4.334960493965239
-0.9267813164664552,-4.8351499131446785,0.00014361935609,37,32,4.592493789646318,-1.5000659898403625,-4.334960493965239
-0.9006482602238498,-4.8351484095874,0.00014084622671,37,32,4.592493789646318,-1.5000659898403625,-4.334960493965239
-0.8740811057011099,-4.835149503083603,0.00014014722547,37,32,4.592493789646318,-1.5000659898403625,-4.334960493965239
-0.8479326839272682,-4.8351492545617365,0.0001415044535,37,32,4.592493789646318,-1.5000659898403625,-4.334960493965239
-0.821765536592016,-4.835150211370913,0.00014163323794,37,32,4.592493789646318,-1.5000659898403625,-4.334960493965239
-0.7958548967286881,-4.835147390647755,0.00014363044465,37,32,4.592493789646318,-1.5000659898403625,-4.334960493965239
-0.7701102826259028,-4.835150385336221,0.00014380949142,37,32,4.592493789646318,-1.5000659898403625,-4.334960493965239
-0.7985993114853398,-4.868049709747375,0.00014480683603,37,32,4.592493789646318,-1.5000659898403625,-4.334960493965239
-0.8258012474386262,-4.868049336964577,0.0001445527887,37,32,4.592493789646318,-1.5000659898403625,-4.334960493965239
-0.852851025621073,-4.868049597912535,0.00014464826381,37,32,4.592493789646318,-1.5000659898403625,-4.334960493965239
-0.879848150746437,-4.86804784583339,0.00014389908756,37,32,4.592493789646318,-1.5000659898403625,-4.334960493965239
-0.9072188810244526,-4.8680506665565515,0.00014383693633,37,32,4.592493789646318,-1.5000659898403625,-4.334960493965239
-0.9339416666076499,-4.868046155884712,0.0001425343653,37,32,4.592493789646318,-1.5000659898403625,-4.334960493965239
-0.9605636261169112,-4.868050629278271,0.0001427737734,37,32,4.592493789646318,-1.5000659898403625,-4.334960493965239
-0.9868686605330572,-4.868049734599561,0.00014320708578,37,32,4.592493789646318,-1.5000659898403625,-4.334960493965239
-1.013304346010064,-4.868048678381635,0.00014491680486,37,32,4.592493789646318,-1.5000659898403625,-4.334960493965239
-1.0397872103376955,-4.8680495482081625,0.00014816343901,37,32,4.592493789646318,-1.5000659898403625,-4.334960493965239
-1.06634603399911,-4.868048989033966,0.0001451363205,37,32,4.592493789646318,-1.5000659898403625,-4.334960493965239
-1.0929157053983836,-4.868050890226228,0.00014406081755,37,32,4.592493789646318,-1.5000659898403625,-4.334960493965239
-1.1194038174135879,-4.868049436373322,0.00014603949967,37,32,4.592493789646318,-1.5000659898403625,-4.334960493965239
-1.1459953856387053,-4.86804907601662,0.00014520731929,37,32,4.592493789646318,-1.5000659898403625,-4.334960493965239
-1.172240631652794,-4.868049386668949,0.00014888308942,37,32,4.592493789646318,-1.5000659898403625,-4.334960493965239
-1.1985165080542985,-4.868047485476687,0.00014736434969,37,32,4.592493789646318,-1.5000659898403625,-4.334960493965239
-1.2248511157697157,-4.868048479564145,0.00014578210539,37,32,4.592493789646318,-1.5000659898403625,-4.334960493965239
-1.25101379564912,-4.8680506044260845,0.00014507806918,37,32,4.592493789646318,-1.5000659898403625,-4.334960493965239
-1.2771124461895094,-4.868046702632814,0.00014662039757,37,32,4.592493789646318,-1.5000659898403625,-4.334960493965239
-1.3031837508663615,-4.868046988432958,0.00014564851881,37,32,4.592493789646318,-1.5000659898403625,-4.334960493965239
-1.3290725316569934,-4.868048454711959,0.0001379243331,37,32,4.592493789646318,-1.5000659898403625,-4.334960493965239
-1.3549879284169686,-4.8680520085746215,6.4232990553e-05,37,32,4.592493789646318,-1.5000659898403625,-4.334960493965239
-1.3808206835359635,-4.868048603825077,1.664297091e-13,37,32,4.592493789646318,-1.5000659898403625,-4.334960493965239
-1.406736797605751,-4.868048877199129,6.7024717282e-05,37,32,4.592493789646318,-1.5000659898403625,-4.334960493965239
-1.4325559867602293,-4.86805092750451,7.736353291e-05,37,32,4.592493789646318,-1.5000659898403625,-4.334960493965239
-1.4583309543940108,-4.868052021000713,7.8547214798e-05,37,32,4.592493789646318,-1.5000659898403625,-4.334960493965239
-1.4842119580361548,-4.868052356505229,8.4327708464e-05,37,32,4.592493789646318,-1.5000659898403625,-4.334960493965239
-1.5101658504227122,-4.8680483553032134,0.00010033116996,37,32,4.592493789646318,-1.5000659898403625,-4.334960493965239
-1.536089263434447,-4.868051026913254,0.0001344489865,37,32,4.592493789646318,-1.5000659898403625,-4.334960493965239
-1.5621358020462082,-4.868051461826516,0.00015020096907,37,32,4.592493789646318,-1.5000659898403625,-4.334960493965239
-1.5880940863823163,-4.8680494612255085,0.00015073572285,37,32,4.592493789646318,-1.5000659898403625,-4.334960493965239
-1.6141676059105177,-4.868049573060349,0.00014736542653,37,32,4.592493789646318,-1.5000659898403625,-4.334960493965239
-1.6402036994846627,-4.868049945843146,0.00014843075769,37,32,4.592493789646318,-1.5000659898403625,-4.334960493965239
-1.6662890483325719,-4.868051362417771,0.00014826565166,37,32,4.592493789646318,-1.5000659898403625,-4.334960493965239
-1.6922392786637726,-4.868051337565585,0.00014740211191,37,32,4.592493789646318,-1.5000659898403625,-4.334960493965239
-1.717933781754775,-4.8680542079931195,0.00014819808712,37,32,4.592493789646318,-1.5000659898403625,-4.334960493965239
-1.743812797064457,-4.868053996749534,0.00014836262562,37,32,4.592493789646318,-1.5000659898403625,-4.334960493965239
-1.7158425971336624,-4.901207496897517,0.00014827043924,37,32,4.592493789646318,-1.5000659898403625,-4.334960493965239
-1.6891429164770428,-4.901202861964746,0.00014842687233,37,32,4.592493789646318,-1.5000659898403625,-4.334960493965239
-1.6626971131563708,-4.901202265512272,0.00014923533308,37,32,4.592493789646318,-1.5000659898403625,-4.334960493965239
-1.635975283986256,-4.901204837713568,0.00014810537687,37,32,4.592493789646318,-1.5000659898403625,-4.334960493965239
-1.6094800743792284,-4.901203980313136,0.00014824843674,37,32,4.592493789646318,-1.5000659898403625,-4.334960493965239
-1.5827895803219565,-4.901204924696222,0.00014845591795,37,32,4.592493789646318,-1.5000659898403625,-4.334960493965239
-1.5561903733765596,-4.901201818172916,0.00014795488096,37,32,4.592493789646318,-1.5000659898403625,-4.334960493965239
-1.5295955206275653,-4.901205409313856,0.00014789163833,37,32,4.592493789646318,-1.5000659898403625,-4.334960493965239
-1.502796284919658,-4.901200724676713,0.00014796844334,37,32,4.592493789646318,-1.5000659898403625,-4.334960493965239
-1.4760515018355564,-4.9012006501201535,0.00014814347378,37,32,4.592493789646318,-1.5000659898403625,-4.334960493965239
-1.449247383387175,-4.901203122912704,0.00014794022718,37,32,4.592493789646318,-1.5000659898403625,-4.334960493965239
-1.422470233270851,-4.901204651322173,0.00014769016707,37,32,4.592493789646318,-1.5000659898403625,-4.334960493965239
-1.3957697346293572,-4.901201930007756,0.00014627038036,37,32,4.592493789646318,-1.5000659898403625,-4.334960493965239
-1.3687768881941003,-4.901203383860662,0.00014709933021,37,32,4.592493789646318,-1.5000659898403625,-4.334960493965239
-1.3419180150967305,-4.901201756042452,0.00014699046733,37,32,4.592493789646318,-1.5000659898403625,-4.334960493965239
-1.3150929939887355,-4.901204912270127,0.00014735564764,37,32,4.592493789646318,-1.5000659898403625,-4.334960493965239
-1.288311187650824,-4.901202340068831,0.00014795013703,37,32,4.592493789646318,-1.5000659898403625,-4.334960493965239
-1.261440032195969,-4.901202041842596,0.00014767311222,37,32,4.592493789646318,-1.5000659898403625,-4.334960493965239
-1.23465955980262,-4.901204713452636,0.00014610568178,37,32,4.592493789646318,-1.5000659898403625,-4.334960493965239
-1.20796727876301,-4.901202973799586,0.00013868174574,37,32,4.592493789646318,-1.5000659898403625,-4.334960493965239
-1.181039455833,-4.90120480043529,0.00014095411461,37,32,4.592493789646318,-1.5000659898403625,-4.334960493965239
-1.1542375270672014,-4.901199146562875,0.00014403245586,37,32,4.592493789646318,-1.5000659898403625,-4.334960493965239
-1.127417992750051,-4.9012047383048225,0.00014395329345,37,32,4.592493789646318,-1.5000659898403625,-4.334960493965239
-1.1006850515700388,-4.9012011347377875,0.0001459151099,37,32,4.592493789646318,-1.5000659898403625,-4.334960493965239
-1.0738946123456174,-4.90120549629651,0.0001467779075,37,32,4.592493789646318,-1.5000659898403625,-4.334960493965239
-1.0472635669120707,-4.901202601016789,0.00014275425929,37,32,4.592493789646318,-1.5000659898403625,-4.334960493965239
-1.0207430375271145,-4.901205260200738,0.00014262981131,37,32,4.592493789646318,-1.5000659898403625,-4.334960493965239
-0.9940419222508705,-4.901203856052205,0.00014221844322,37,32,4.592493789646318,-1.5000659898403625,-4.334960493965239
-0.9673486218762638,-4.901199556623951,0.00014355841267,37,32,4.592493789646318,-1.5000659898403625,-4.334960493965239
-0.9406234452603597,-4.901197717562155,0.00014322609059,37,32,4.592493789646318,-1.5000659898403625,-4.334960493965239
-0.9142762657466577,-4.901203706939087,0.0001401205227,37,32,4.592493789646318,-1.5000659898403625,-4.334960493965239
-0.8876490333810574,-4.901203930608763,0.00014043625561,37,32,4.592493789646318,-1.5000659898403625,-4.334960493965239
-0.8614598382073717,-4.901204464930774,0.00011800769425,37,32,4.592493789646318,-1.5000659898403625,-4.334960493965239
-0.8352661000715424,-4.901198885614917,9.3124283012e-05,37,32,4.592493789646318,-1.5000659898403625,-4.334960493965239
-0.8092722271012474,-4.901201283850909,7.8066674178e-05,37,32,4.592493789646318,-1.5000659898403625,-4.334960493965239
-0.7834170466123388,-4.90120457676561,8.0128913396e-05,37,32,4.592493789646318,-1.5000659898403625,-4.334960493965239
-0.7576167214474807,-4.901203122912704,5.7403631217e-05,37,32,4.592493789646318,-1.5000659898403625,-4.334960493965239
-0.7862121638467587,-4.934433379038511,0.00014375687169,37,32,4.592493789646318,-1.5000659898403625,-4.334960493965239
-0.8134489962931847,-4.934429676062734,0.00014346382522,37,32,4.592493789646318,-1.5000659898403625,-4.334960493965239
-0.8404766637152838,-4.934429402688681,0.00014304547221,37,32,4.592493789646318,-1.5000659898403625,-4.334960493965239
-0.867305724410114,-4.934431204472199,0.00014044177078,37,32,4.592493789646318,-1.5000659898403625,-4.334960493965239
-0.8942915865129911,-4.934432198559657,0.00014119480329,37,32,4.592493789646318,-1.5000659898403625,-4.334960493965239
-0.921443839323504,-4.934432086724818,0.00014314390137,37,32,4.592493789646318,-1.5000659898403625,-4.334960493965239
-0.9481047726658878,-4.93443081926331,0.00014567706967,37,32,4.592493789646318,-1.5000659898403625,-4.334960493965239
-0.9746562470478239,-4.934431254176571,0.00014396580809,37,32,4.592493789646318,-1.5000659898403625,-4.334960493965239
-1.0011386709220613,-4.934430458906607,0.00014359102352,37,32,4.592493789646318,-1.5000659898403625,-4.334960493965239
-1.027631351068172,-4.934429352984309,0.00014445731358,37,32,4.592493789646318,-1.5000659898403625,-4.334960493965239
-1.0541823220748032,-4.934429937010692,0.00014273780107,37,32,4.592493789646318,-1.5000659898403625,-4.334960493965239
-1.080765496516681,-4.934433453595073,0.00014576631656,37,32,4.592493789646318,-1.5000659898403625,-4.334960493965239
-1.1071956196965476,-4.934430856541588,0.00014397650375,37,32,4.592493789646318,-1.5000659898403625,-4.334960493965239
-1.133716853806933,-4.93443070742847,0.00014485155407,37,32,4.592493789646318,-1.5000659898403625,-4.334960493965239
-1.1602687560578802,-4.934430458906607,0.00014448202273,37,32,4.592493789646318,-1.5000659898403625,-4.334960493965239
-1.1866363096871229,-4.9344314157157845,0.00014689708769,37,32,4.592493789646318,-1.5000659898403625,-4.334960493965239
-1.2130373503586451,-4.934431341159225,0.00014673217083,37,32,4.592493789646318,-1.5000659898403625,-4.334960493965239
-1.2392750834962825,-4.934428694401367,0.00014561177522,37,32,4.592493789646318,-1.5000659898403625,-4.334960493965239
-1.2652658607084402,-4.934429005053698,0.00014633311366,37,32,4.592493789646318,-1.5000659898403625,-4.334960493965239
-1.291315054624943,-4.934430384350045,0.00014669877419,37,32,4.592493789646318,-1.5000659898403625,-4.334960493965239
-1.317383200621745,-4.934427327531115,0.0001462304499,37,32,4.592493789646318,-1.5000659898403625,-4.334960493965239
-1.3434441105985122,-4.934429203871192,0.00014525244478,37,32,4.592493789646318,-1.5000659898403625,-4.334960493965239
-1.369380498108778,-4.934427824574844,0.00014771090355,37,32,4.592493789646318,-1.5000659898403625,-4.334960493965239
-1.3952434305774097,-4.9344253269301035,0.00014538198593,37,32,4.592493789646318,-1.5000659898403625,-4.334960493965239
-1.420930269779368,-4.934428781384021,0.00014608599304,37,32,4.592493789646318,-1.5000659898403625,-4.334960493965239
-1.4467840785705646,-4.934431167193918,0.00014626636403,37,32,4.592493789646318,-1.5000659898403625,-4.334960493965239
-1.4727808962864044,-4.9344289553493255,0.00014701916371,37,32,4.592493789646318,-1.5000659898403625,-4.334960493965239
-1.4987699242693715,-4.934428483157783,0.00014513768838,37,32,4.592493789646318,-1.5000659898403625,-4.334960493965239
-1.5247208341572365,-4.934429999141156,0.00014645549527,37,32,4.592493789646318,-1.5000659898403625,-4.334960493965239
-1.550613264418842,-4.934428918071047,0.0001471532596,37,32,4.592493789646318,-1.5000659898403625,-4.334960493965239
-1.5767449489637355,-4.934429862454129,0.00014880849631,37,32,4.592493789646318,-1.5000659898403625,-4.334960493965239
-1.602913103049601,-4.934430048845528,0.000150326523,37,32,4.592493789646318,-1.5000659898403625,-4.334960493965239
-1.629044435231779,-4.934430781985029,0.00014936120715,37,32,4.592493789646318,-1.5000659898403625,-4.334960493965239
-1.6550223763736154,-4.934431440567971,0.00014941659174,37,32,4.592493789646318,-1.5000659898403625,-4.334960493965239
-1.6810015004474228,-4.93443236009887,0.00014878201182,37,32,4.592493789646318,-1.5000659898403625,-4.334960493965239
-1.706957821619835,-4.93442896777542,0.00014910197933,37,32,4.592493789646318,-1.5000659898403625,-4.334960493965239
-1.7329130353665716,-4.93442939026259,0.00014785825624,37,32,4.592493789646318,-1.5000659898403625,-4.334960493965239
-1.7050006480897555,-4.96765190493232,0.00014701214968,37,32,4.592493789646318,-1.5000659898403625,-4.334960493965239
-1.6782409650965748,-4.967652426828235,0.00014725222718,37,32,4.592493789646318,-1.5000659898403625,-4.334960493965239
-1.6515301724300597,-4.967651768245294,0.0001479680941,37,32,4.592493789646318,-1.5000659898403625,-4.334960493965239
-1.6251220719198605,-4.967648587165429,0.00014727853704,37,32,4.592493789646318,-1.5000659898403625,-4.334960493965239
-1.5985843270994153,-4.967649842200845,0.00014913297491,37,32,4.592493789646318,-1.5000659898403625,-4.334960493965239
-1.5718225550987106,-4.96765179309748,0.00014894128253,37,32,4.592493789646318,-1.5000659898403625,-4.334960493965239
-1.5451250892934403,-4.967652153454183,0.00014836873743,37,32,4.592493789646318,-1.5000659898403625,-4.334960493965239
-1.5183532623709843,-4.967649245748371,0.00014973964426,37,32,4.592493789646318,-1.5000659898403625,-4.334960493965239
-1.4917070653407052,-4.967651743393107,0.00014894703054,37,32,4.592493789646318,-1.5000659898403625,-4.334960493965239
-1.4650343404317614,-4.967651830375761,0.00014546509192,37,32,4.592493789646318,-1.5000659898403625,-4.334960493965239
-1.4382134470012822,-4.967651047531888,0.00014491484035,37,32,4.592493789646318,-1.5000659898403625,-4.334960493965239
-1.4114626359978817,-4.967652861741497,8.9418266725e-05,37,32,4.592493789646318,-1.5000659898403625,-4.334960493965239
-1.3844115112864892,-4.967652103749811,7.3457158578e-05,37,32,4.592493789646318,-1.5000659898403625,-4.334960493965239
-1.357525506260086,-4.967651631558267,0.00011005507258,37,32,4.592493789646318,-1.5000659898403625,-4.334960493965239
-1.3308467282630785,-4.967650426227228,0.00014315788576,37,32,4.592493789646318,-1.5000659898403625,-4.334960493965239
-1.3041321351129966,-4.96765456411627,0.0001478359336,37,32,4.592493789646318,-1.5000659898403625,-4.334960493965239
-1.2773337048055806,-4.967652799611033,0.00014554569498,37,32,4.592493789646318,-1.5000659898403625,-4.334960493965239
-1.2504551623180993,-4.967652886593683,0.00014481069229,37,32,4.592493789646318,-1.5000659898403625,-4.334960493965239
-1.2236211811296454,-4.9676532593764815,0.00014504719002,37,32,4.592493789646318,-1.5000659898403625,-4.334960493965239
-1.1966545983010182,-4.9676520664715325,0.0001458631159,37,32,4.592493789646318,-1.5000659898403625,-4.334960493965239
-1.1697877592894181,-4.967652252862932,0.00014613178791,37,32,4.592493789646318,-1.5000659898403625,-4.334960493965239
-1.1430518356107133,-4.967648773556828,0.00014429466682,37,32,4.592493789646318,-1.5000659898403625,-4.334960493965239
-1.1161444119650084,-4.967653570028811,0.0001436467428,37,32,4.592493789646318,-1.5000659898403625,-4.334960493965239
-1.0893414009423008,-4.967651022679702,0.00014301647025,37,32,4.592493789646318,-1.5000659898403625,-4.334960493965239
-1.0625321732345565,-4.967650388948947,0.00014282146003,37,32,4.592493789646318,-1.5000659898403625,-4.334960493965239
-1.0358914252419706,-4.967651954636692,0.000141088487,37,32,4.592493789646318,-1.5000659898403625,-4.334960493965239
-1.0092039640209223,-4.9676502025575475,0.00014112783538,37,32,4.592493789646318,-1.5000659898403625,-4.334960493965239
-0.9824481444332209,-4.967652973576337,0.0001411226549,37,32,4.592493789646318,-1.5000659898403625,-4.334960493965239
-0.9557057146286786,-4.967649444565861,0.000142516903,37,32,4.592493789646318,-1.5000659898403625,-4.334960493965239
-0.9292974379371214,-4.967650264688015,0.00014590036881,37,32,4.592493789646318,-1.5000659898403625,-4.334960493965239
-0.9030747305523896,-4.967650239835828,0.0001446705719,37,32,4.592493789646318,-1.5000659898403625,-4.334960493965239
-0.8764530353151649,-4.967650985401421,0.00014580595598,37,32,4.592493789646318,-1.5000659898403625,-4.334960493965239
-0.8502596998795804,-4.967650960549235,0.00014308548998,37,32,4.592493789646318,-1.5000659898403625,-4.334960493965239
-0.8240240305807007,-4.967654191333472,0.00014327226381,37,32,4.592493789646318,-1.5000659898403625,-4.334960493965239
-0.7979816573996049,-4.967649394861488,0.00013982941164,37,32,4.592493789646318,-1.5000659898403625,-4.334960493965239
-0.7720766175865635,-4.967649456991956,0.00013970893633,37,32,4.592493789646318,-1.5000659898403625,-4.334960493965239
-0.7463039277260455,-4.967650823862209,0.00014008001017,37,32,4.592493789646318,-1.5000659898403625,-4.334960493965239
-0.7749174916363653,-5.000844298752083,0.00013888209651,37,32,4.592493789646318,-1.5000659898403625,-4.334960493965239
-0.8021839854727413,-5.000842335429356,0.00014470338647,37,32,4.592493789646318,-1.5000659898403625,-4.334960493965239
-0.8291492469411892,-5.000840931280822,0.00014242506586,37,32,4.592493789646318,-1.5000659898403625,-4.334960493965239
-0.8561157794322853,-5.0008391543494914,0.00014048091543,37,32,4.592493789646318,-1.5000659898403625,-4.334960493965239
-0.8830931093237113,-5.000843478629932,1.9685212983e-15,37,32,4.592493789646318,-1.5000659898403625,-4.334960493965239
-0.9103739619407119,-5.000839216479956,7.5980446127e-05,37,32,4.592493789646318,-1.5000659898403625,-4.334960493965239
-0.9370761217207171,-5.000842248446703,9.0979716333e-05,37,32,4.592493789646318,-1.5000659898403625,-4.334960493965239
-0.9637236023580277,-5.000839303462609,0.00012696358317,37,32,4.592493789646318,-1.5000659898403625,-4.334960493965239
-0.9901586208627532,-5.000842770342618,0.0001407978707,37,32,4.592493789646318,-1.5000659898403625,-4.334960493965239
-1.0165298113785863,-5.0008402105674135,0.00014202055172,37,32,4.592493789646318,-1.5000659898403625,-4.334960493965239
-1.0429753126740757,-5.000840086306482,0.00014434797049,37,32,4.592493789646318,-1.5000659898403625,-4.334960493965239
-1.0695569140681191,-5.000843801708354,0.0001445589005,37,32,4.592493789646318,-1.5000659898403625,-4.334960493965239
-1.0961856062221085,-5.0008439259692885,0.00014468199515,37,32,4.592493789646318,-1.5000659898403625,-4.334960493965239
-1.1226975027205532,-5.000839129497305,0.00014448996808,37,32,4.592493789646318,-1.5000659898403625,-4.334960493965239
-1.1493292654639122,-5.000839576836662,0.00014510535402,37,32,4.592493789646318,-1.5000659898403625,-4.334960493965239
-1.175751045198072,-5.000845702900617,0.00014456064673,37,32,4.592493789646318,-1.5000659898403625,-4.334960493965239
-1.2020017780030052,-5.000843553186491,0.00014497704979,37,32,4.592493789646318,-1.5000659898403625,-4.334960493965239
-1.228299714827328,-5.0008408070198875,0.00014679387095,37,32,4.592493789646318,-1.5000659898403625,-4.334960493965239
-1.2544918044090272,-5.00084139104627,0.00014814721362,37,32,4.592493789646318,-1.5000659898403625,-4.334960493965239
-1.2805673877759847,-5.000841651994229,0.00014358614862,37,32,4.592493789646318,-1.5000659898403625,-4.334960493965239
-1.306672758376719,-5.000844485143482,0.00014412838209,37,32,4.592493789646318,-1.5000659898403625,-4.334960493965239
-1.3327639715469513,-5.000841987498745,0.0001436087914,37,32,4.592493789646318,-1.5000659898403625,-4.334960493965239
-1.358544186868307,-5.000841515307202,0.00014370155986,37,32,4.592493789646318,-1.5000659898403625,-4.334960493965239
-1.3844156137952404,-5.000845330117822,0.00014397276391,37,32,4.592493789646318,-1.5000659898403625,-4.334960493965239
-1.4103968394609516,-5.0008450070393975,0.00014531901979,37,32,4.592493789646318,-1.5000659898403625,-4.334960493965239
-1.4362021480413476,-5.000844596978322,0.00014886863937,37,32,4.592493789646318,-1.5000659898403625,-4.334960493965239
-1.462199217444839,-5.000846299353094,0.00015015322424,37,32,4.592493789646318,-1.5000659898403625,-4.334960493965239
-1.487961424514595,-5.0008426957860594,0.00014819450735,37,32,4.592493789646318,-1.5000659898403625,-4.334960493965239
-1.5139521136360752,-5.000840024176015,0.0001475585741,37,32,4.592493789646318,-1.5000659898403625,-4.334960493965239
-1.5400169751090005,-5.000842733064337,0.00014735294099,37,32,4.592493789646318,-1.5000659898403625,-4.334960493965239
-1.5661207852462837,-5.000842422412006,0.00014724525681,37,32,4.592493789646318,-1.5000659898403625,-4.334960493965239
-1.5923594747970036,-5.00084199992484,0.00014690794342,37,32,4.592493789646318,-1.5000659898403625,-4.334960493965239
-1.6183346725434176,-5.000845243135169,0.00015069037909,37,32,4.592493789646318,-1.5000659898403625,-4.334960493965239
-1.6444621664888828,-5.000841676846415,0.00015223104856,37,32,4.592493789646318,-1.5000659898403625,-4.334960493965239
-1.6706068632854534,-5.000841527733297,0.00014975685917,37,32,4.592493789646318,-1.5000659898403625,-4.334960493965239
-1.6966711962143073,-5.000843988099753,0.00015032646479,37,32,4.592493789646318,-1.5000659898403625,-4.334960493965239
-1.7226065769739598,-5.0008449200567435,0.00015068100765,37,32,4.592493789646318,-1.5000659898403625,-4.334960493965239
-1.6948481344503212,-5.033870580557674,0.00014652960817,37,32,4.592493789646318,-1.5000659898403625,-4.334960493965239
-1.6680027392267875,-5.033869462209284,0.00014722484048,37,32,4.592493789646318,-1.5000659898403625,-4.334960493965239
-1.6412188061282058,-5.033865697103037,0.00014900517999,37,32,4.592493789646318,-1.5000659898403625,-4.334960493965239
-1.6145423562419925,-5.033869636174589,0.00015045360487,37,32,4.592493789646318,-1.5000659898403625,-4.334960493965239
-1.5878979839471994,-5.033868343860895,0.00014970755728,37,32,4.592493789646318,-1.5000659898403625,-4.334960493965239
-1.5612656549066195,-5.033869039722115,0.00014737820311,37,32,4.592493789646318,-1.5000659898403625,-4.334960493965239
-1.5344771410927462,-5.033872382341191,0.00014792014554,37,32,4.592493789646318,-1.5000659898403625,-4.334960493965239
-1.5076836061101873,-5.03387214624542,0.00014789332636,37,32,4.592493789646318,-1.5000659898403625,-4.334960493965239
-1.4809022779788164,-5.033870008957386,0.00014820345677,37,32,4.592493789646318,-1.5000659898403625,-4.334960493965239
-1.4540551083573277,-5.033871785888717,0.00014798151096,37,32,4.592493789646318,-1.5000659898403625,-4.334960493965239
-1.4274564173716187,-5.033867598295299,0.00014682747133,37,32,4.592493789646318,-1.5000659898403625,-4.334960493965239
-1.4007306115365812,-5.033871475236388,0.00014639741858,37,32,4.592493789646318,-1.5000659898403625,-4.334960493965239
-1.3736166026649954,-5.033869884696455,0.00014625847689,37,32,4.592493789646318,-1.5000659898403625,-4.334960493965239
-1.346800126352833,-5.033872444471656,0.00014586072939,37,32,4.592493789646318,-1.5000659898403625,-4.334960493965239
-1.3199744005194107,-5.033869275817886,0.00014680747699,37,32,4.592493789646318,-1.5000659898403625,-4.334960493965239
-1.2931975146751213,-5.03387304092413,0.00014791748254,37,32,4.592493789646318,-1.5000659898403625,-4.334960493965239
-1.266497985031095,-5.033872469323842,0.00014559661213,37,32,4.592493789646318,-1.5000659898403625,-4.334960493965239
-1.2397522455339094,-5.033869226113513,0.00014540211123,37,32,4.592493789646318,-1.5000659898403625,-4.334960493965239
-1.2128923279327766,-5.03386956161803,0.00014766796085,37,32,4.592493789646318,-1.5000659898403625,-4.334960493965239
-1.1859457668569746,-5.033869847418174,0.00014754745644,37,32,4.592493789646318,-1.5000659898403625,-4.334960493965239
-1.1591471729525837,-5.033871077601403,0.00014778936747,37,32,4.592493789646318,-1.5000659898403625,-4.334960493965239
-1.1322329159870885,-5.033868990017742,0.00014356104657,37,32,4.592493789646318,-1.5000659898403625,-4.334960493965239
-1.105453588772563,-5.033868704217598,0.00014154809469,37,32,4.592493789646318,-1.5000659898403625,-4.334960493965239
-1.078734842776201,-5.033871040323122,0.00014295238361,37,32,4.592493789646318,-1.5000659898403625,-4.334960493965239
-1.0521174891509975,-5.033870033809572,0.00014225280029,37,32,4.592493789646318,-1.5000659898403625,-4.334960493965239
-1.0254828697527727,-5.033868145043401,0.00014199012367,37,32,4.592493789646318,-1.5000659898403625,-4.334960493965239
-0.9987617830612348,-5.033869387652726,0.00014425482368,37,32,4.592493789646318,-1.5000659898403625,-4.334960493965239
-0.9720810419005312,-5.033868356286987,0.00014685517817,37,32,4.592493789646318,-1.5000659898403625,-4.334960493965239
-0.9453317661918155,-5.033866728468777,0.00014615477994,37,32,4.592493789646318,-1.5000659898403625,-4.334960493965239
-0.9188984591631324,-5.033867983504193,0.00014352719882,37,32,4.592493789646318,-1.5000659898403625,-4.334960493965239
-0.8922513812260665,-5.033868455695732,0.00014146555623,37,32,4.592493789646318,-1.5000659898403625,-4.334960493965239
-0.866089431240856,-5.03386701426892,0.00014197445125,37,32,4.592493789646318,-1.5000659898403625,-4.334960493965239
-0.8399990738086459,-5.033872084114953,0.00014250067761,37,32,4.592493789646318,-1.5000659898403625,-4.334960493965239
-0.8137892150786187,-5.033867063973293,0.00014300718613,37,32,4.592493789646318,-1.5000659898403625,-4.334960493965239
-0.7877746282144524,-5.033869437357098,0.00014254866983,37,32,4.592493789646318,-1.5000659898403625,-4.334960493965239
-0.7618348932583973,-5.033866653912217,0.00014138643746,37,32,4.592493789646318,-1.5000659898403625,-4.334960493965239
-0.7360448621185605,-5.033870008957386,0.00013921342907,37,32,4.592493789646318,-1.5000659898403625,-4.334960493965239
-0.7646560979180875,-5.067226973955765,0.0001403279457,37,32,4.592493789646318,-1.5000659898403625,-4.334960493965239
-0.7920010931335465,-5.067228912426308,0.0001423702779,37,32,4.592493789646318,-1.5000659898403625,-4.334960493965239
-0.8189679402342103,-5.067225221876619,0.00014170349459,37,32,4.592493789646318,-1.5000659898403625,-4.334960493965239
-0.8458928310030589,-5.067227073364509,0.00014126843598,37,32,4.592493789646318,-1.5000659898403625,-4.334960493965239
-0.872792364240831,-5.067226824842646,0.00014049759193,37,32,4.592493789646318,-1.5000659898403625,-4.334960493965239
-0.9000885698046847,-5.067224923650384,0.00014187466877,37,32,4.592493789646318,-1.5000659898403625,-4.334960493965239
-0.9267232143716757,-5.067227943191036,0.00014199769066,37,32,4.592493789646318,-1.5000659898403625,-4.334960493965239
-0.95317987801459,-5.067224339624001,0.00014250357344,37,32,4.592493789646318,-1.5000659898403625,-4.334960493965239
-0.9796559341911978,-5.067223780449808,0.0001423049398,37,32,4.592493789646318,-1.5000659898403625,-4.334960493965239
-1.0061501999695244,-5.0672275579821475,0.00014242711768,37,32,4.592493789646318,-1.5000659898403625,-4.334960493965239
-1.0325720174568318,-5.067226526616408,0.00014278604067,37,32,4.592493789646318,-1.5000659898403625,-4.334960493965239
-1.059069265733851,-5.067225420694113,0.00014394101163,37,32,4.592493789646318,-1.5000659898403625,-4.334960493965239
-1.0856777851224222,-5.067225097615688,0.00014495658979,37,32,4.592493789646318,-1.5000659898403625,-4.334960493965239
-1.1120890694814363,-5.067227197625444,0.00014410512813,37,32,4.592493789646318,-1.5000659898403625,-4.334960493965239
-1.13841508206349,-5.067227582834334,0.00014492782066,37,32,4.592493789646318,-1.5000659898403625,-4.334960493965239
-1.1648788936357604,-5.06722771952136,0.00014563799778,37,32,4.592493789646318,-1.5000659898403625,-4.334960493965239
-1.1912866795363921,-5.067229620713622,0.0001470791467,37,32,4.592493789646318,-1.5000659898403625,-4.334960493965239
-1.2176145546070831,-5.067226899399206,0.00014553670189,37,32,4.592493789646318,-1.5000659898403625,-4.334960493965239
-1.2438312592412804,-5.067227731947451,0.00014648615615,37,32,4.592493789646318,-1.5000659898403625,-4.334960493965239
-1.2699615595040803,-5.0672268496948325,0.00014631261001,37,32,4.592493789646318,-1.5000659898403625,-4.334960493965239
-1.2958535996498242,-5.067227098216696,0.00014691823162,37,32,4.592493789646318,-1.5000659898403625,-4.334960493965239
-1.3218732202670576,-5.067227843782291,0.0001461005013,37,32,4.592493789646318,-1.5000659898403625,-4.334960493965239
-1.3479611363290314,-5.06722637750329,0.00014706923685,37,32,4.592493789646318,-1.5000659898403625,-4.334960493965239
-1.3738468213615271,-5.067227881060568,0.00014806899708,37,32,4.592493789646318,-1.5000659898403625,-4.334960493965239
-1.399913633413765,-5.06722474968508,0.00014794514573,37,32,4.592493789646318,-1.5000659898403625,-4.334960493965239
-1.4255902792657607,-5.067230540244518,0.00014774755982,37,32,4.592493789646318,-1.5000659898403625,-4.334960493965239
-1.451403213982053,-5.067230291722655,0.00014688647934,37,32,4.592493789646318,-1.5000659898403625,-4.334960493965239
-1.4774833528955373,-5.067230030774698,0.00014753882715,37,32,4.592493789646318,-1.5000659898403625,-4.334960493965239
-1.5034673093722897,-5.0672252467288095,0.00014837339404,37,32,4.592493789646318,-1.5000659898403625,-4.334960493965239
-1.5296030964259324,-5.067226514190317,0.00014570436906,37,32,4.592493789646318,-1.5000659898403625,-4.334960493965239
-1.5555697997140465,-5.067227408869029,0.00014521167031,37,32,4.592493789646318,-1.5000659898403625,-4.334960493965239
-1.5816384868393012,-5.067225296433182,0.00014602110605,37,32,4.592493789646318,-1.5000659898403625,-4.334960493965239
-1.6079008098606722,-5.06722749585168,0.00012836139649,37,32,4.592493789646318,-1.5000659898403625,-4.334960493965239
-1.634036747926908,-5.067227011234046,1.9685945667e-15,37,32,4.592493789646318,-1.5000659898403625,-4.334960493965239
-1.6603009334369128,-5.067227210051536,5.8053839894e-05,37,32,4.592493789646318,-1.5000659898403625,-4.334960493965239
-1.6861588447368605,-5.067225383415832,7.6618081948e-05,37,32,4.592493789646318,-1.5000659898403625,-4.334960493965239
-1.712208214834721,-5.067224289919628,7.6956552221e-05,37,32,4.592493789646318,-1.5000659898403625,-4.334960493965239
-1.6843666272947957,-5.100608443209975,0.00014760273916,37,32,4.592493789646318,-1.5000659898403625,-4.334960493965239
-1.6576781467387507,-5.100607523679076,0.00014933443163,37,32,4.592493789646318,-1.5000659898403625,-4.334960493965239
-1.6308197644323044,-5.100608405931697,0.00014754899894,37,32,4.592493789646318,-1.5000659898403625,-4.334960493965239
-1.6041064423048725,-5.100609735523673,0.00014596228721,37,32,4.592493789646318,-1.5000659898403625,-4.334960493965239
-1.5772956793024417,-5.100609747949764,0.00014597743575,37,32,4.592493789646318,-1.5000659898403625,-4.334960493965239
-1.5504664298418707,-5.100603584607528,0.0001460971398,37,32,4.592493789646318,-1.5000659898403625,-4.334960493965239
-1.5237461611352052,-5.10060834380123,0.00014558984549,37,32,4.592493789646318,-1.5000659898403625,-4.334960493965239
-1.4969972126204403,-5.100607213026746,0.00014625558106,37,32,4.592493789646318,-1.5000659898403625,-4.334960493965239
-1.4701315565408113,-5.10060718817456,0.00014641902817,37,32,4.592493789646318,-1.5000659898403625,-4.334960493965239
-1.4432659759674777,-5.100605150295274,0.00014777343313,37,32,4.592493789646318,-1.5000659898403625,-4.334960493965239
-1.4164506196653726,-5.100606865096138,0.00014614839165,37,32,4.592493789646318,-1.5000659898403625,-4.334960493965239
-1.3893618676498032,-5.100605324260578,0.00014590397768,37,32,4.592493789646318,-1.5000659898403625,-4.334960493965239
-1.3625642175741117,-5.100604976329967,0.00013910487178,37,32,4.592493789646318,-1.5000659898403625,-4.334960493965239
-1.3358418976130733,-5.100606405330686,0.00012627674732,37,32,4.592493789646318,-1.5000659898403625,-4.334960493965239
-1.3089303085367048,-5.100605436095417,0.00013740514987,37,32,4.592493789646318,-1.5000659898403625,-4.334960493965239
-1.282117997655206,-5.1006084804882565,0.00014731970441,37,32,4.592493789646318,-1.5000659898403625,-4.334960493965239
-1.255209302986851,-5.100605721895562,0.00014750975242,37,32,4.592493789646318,-1.5000659898403625,-4.334960493965239
-1.2283112421218514,-5.100608306522949,0.0001464929228,37,32,4.592493789646318,-1.5000659898403625,-4.334960493965239
-1.2013720051567613,-5.100605460947604,0.00014535328955,37,32,4.592493789646318,-1.5000659898403625,-4.334960493965239
-1.1746048596246572,-5.100608579897002,0.00014551269123,37,32,4.592493789646318,-1.5000659898403625,-4.334960493965239
-1.147797796430731,-5.100607349713772,0.00014498051314,37,32,4.592493789646318,-1.5000659898403625,-4.334960493965239
-1.1207817318094528,-5.100608517766534,0.00014586109319,37,32,4.592493789646318,-1.5000659898403625,-4.334960493965239
-1.0939905249376867,-5.10060977280195,0.00014600192662,37,32,4.592493789646318,-1.5000659898403625,-4.334960493965239
-1.0672027536023903,-5.100606778113484,0.00014311121777,37,32,4.592493789646318,-1.5000659898403625,-4.334960493965239
-1.0404038702571985,-5.100605821304307,0.00012826206512,37,32,4.592493789646318,-1.5000659898403625,-4.334960493965239
-1.0136392038484816,-5.100604429581865,8.6905529315e-05,37,32,4.592493789646318,-1.5000659898403625,-4.334960493965239
-0.9869115858623378,-5.100607337287681,7.4257295637e-05,37,32,4.592493789646318,-1.5000659898403625,-4.334960493965239
-0.960239427250615,-5.100602230163367,1.9687226804e-15,37,32,4.592493789646318,-1.5000659898403625,-4.334960493965239
-0.9335751842155879,-5.100604864495127,3.4008761519e-12,37,32,4.592493789646318,-1.5000659898403625,-4.334960493965239
-0.9072166661731017,-5.100603721294551,0.00014210087829,37,32,4.592493789646318,-1.5000659898403625,-4.334960493965239
-0.8805371331131341,-5.100605038460434,0.00014372750593,37,32,4.592493789646318,-1.5000659898403625,-4.334960493965239
-0.8543058431794235,-5.100605460947604,0.00014353948063,37,32,4.592493789646318,-1.5000659898403625,-4.334960493965239
-0.8279704929854294,-5.100605386391042,0.00014283691416,37,32,4.592493789646318,-1.5000659898403625,-4.334960493965239
-0.8018290177908214,-5.100606952078788,0.0001416211162,37,32,4.592493789646318,-1.5000659898403625,-4.334960493965239
-0.7758972235802284,-5.100602727207096,0.00014384323731,37,32,4.592493789646318,-1.5000659898403625,-4.334960493965239
-0.7500777324005656,-5.100608381079511,0.00014097963867,37,32,4.592493789646318,-1.5000659898403625,-4.334960493965239
-0.7242931502984256,-5.100606243791477,0.00014092560741,37,32,4.592493789646318,-1.5000659898403625,-4.334960493965239
-0.7529076580374463,-5.133990334951356,0.00014136738901,37,32,4.592493789646318,-1.5000659898403625,-4.334960493965239
-0.7803137000932276,-5.1339933669181,0.00014167992049,37,32,4.592493789646318,-1.5000659898403625,-4.334960493965239
-0.8072206958699233,-5.133989601811856,0.00014307006495,37,32,4.592493789646318,-1.5000659898403625,-4.334960493965239
-0.8339610366669432,-5.133990409507915,0.00014167760673,37,32,4.592493789646318,-1.5000659898403625,-4.334960493965239
-0.8608768540958878,-5.133992248569711,0.00014062976697,37,32,4.592493789646318,-1.5000659898403625,-4.334960493965239
-0.8878404670102057,-5.133990446786196,0.00014134096273,37,32,4.592493789646318,-1.5000659898403625,-4.334960493965239
-0.915070503889991,-5.133991838508635,0.00014291802654,37,32,4.592493789646318,-1.5000659898403625,-4.334960493965239
-0.9416655579891076,-5.1339905213427555,0.00014102441492,37,32,4.592493789646318,-1.5000659898403625,-4.334960493965239
-0.9681978789406239,-5.133991614838958,0.00014105271839,37,32,4.592493789646318,-1.5000659898403625,-4.334960493965239
-0.9946324444075737,-5.133988483463466,0.00014091785124,37,32,4.592493789646318,-1.5000659898403625,-4.334960493965239
-1.0210784994158992,-5.133994000648856,0.00014077387459,37,32,4.592493789646318,-1.5000659898403625,-4.334960493965239
-1.0474061479676995,-5.133993130822332,0.00014168926282,37,32,4.592493789646318,-1.5000659898403625,-4.334960493965239
-1.0738946249300008,-5.133992024900034,0.00014188421483,37,32,4.592493789646318,-1.5000659898403625,-4.334960493965239
-1.100487690696655,-5.133989216602966,0.00014462418039,37,32,4.592493789646318,-1.5000659898403625,-4.334960493965239
-1.1269628911352407,-5.133989763351068,0.00014535493392,37,32,4.592493789646318,-1.5000659898403625,-4.334960493965239
-1.1534772919258358,-5.1339910059603895,0.00014447397552,37,32,4.592493789646318,-1.5000659898403625,-4.334960493965239
-1.1798934841940907,-5.133992708335162,0.00014714059944,37,32,4.592493789646318,-1.5000659898403625,-4.334960493965239
-1.2062635924530145,-5.133994050353228,0.00014518757234,37,32,4.592493789646318,-1.5000659898403625,-4.334960493965239
-1.2323135414324775,-5.133991589986772,0.00014511781046,37,32,4.592493789646318,-1.5000659898403625,-4.334960493965239
-1.258454299317275,-5.133990210690425,0.00014407286653,37,32,4.592493789646318,-1.5000659898403625,-4.334960493965239
-1.2845415358225827,-5.133990384655728,0.00014460633975,37,32,4.592493789646318,-1.5000659898403625,-4.334960493965239
-1.310514896249129,-5.133992596500322,0.00014646402269,37,32,4.592493789646318,-1.5000659898403625,-4.334960493965239
-1.3366208709002305,-5.133995939119399,0.00014735609875,37,32,4.592493789646318,-1.5000659898403625,-4.334960493965239
-1.362430936377274,-5.133994435562117,0.00014740804909,37,32,4.592493789646318,-1.5000659898403625,-4.334960493965239
-1.3881222682038432,-5.133994075205414,0.00014615575492,37,32,4.592493789646318,-1.5000659898403625,-4.334960493965239
-1.4141124665343983,-5.133993093544051,0.00014427026326,37,32,4.592493789646318,-1.5000659898403625,-4.334960493965239
-1.4398985084249292,-5.1339963243282885,0.00014465865388,37,32,4.592493789646318,-1.5000659898403625,-4.334960493965239
-1.4659317453442084,-5.13399258407423,0.00014400604414,37,32,4.592493789646318,-1.5000659898403625,-4.334960493965239
-1.4918423600387698,-5.133992845022188,0.00014776583703,37,32,4.592493789646318,-1.5000659898403625,-4.334960493965239
-1.5177473620986617,-5.1339964113109415,0.00014736276353,37,32,4.592493789646318,-1.5000659898403625,-4.334960493965239
-1.543905536769072,-5.133994485266493,0.0001495723991,37,32,4.592493789646318,-1.5000659898403625,-4.334960493965239
-1.5700308787851003,-5.133994274022908,0.00014733611897,37,32,4.592493789646318,-1.5000659898403625,-4.334960493965239
-1.596361975457752,-5.133999704225643,0.00014744822693,37,32,4.592493789646318,-1.5000659898403625,-4.334960493965239
-1.622463419731093,-5.133994398283839,0.00014845142141,37,32,4.592493789646318,-1.5000659898403625,-4.334960493965239
-1.6485020805193045,-5.133995876988932,0.00014914518397,37,32,4.592493789646318,-1.5000659898403625,-4.334960493965239
-1.6747397884881756,-5.13399490775366,0.00014932478371,37,32,4.592493789646318,-1.5000659898403625,-4.334960493965239
-1.7008343365198155,-5.133991552708491,0.00014993203513,37,32,4.592493789646318,-1.5000659898403625,-4.334960493965239
-1.6730254054529123,-5.167324485642583,0.00014598741836,37,32,4.592493789646318,-1.5000659898403625,-4.334960493965239
-1.64598772086221,-5.1673223359284535,0.00014726992231,37,32,4.592493789646318,-1.5000659898403625,-4.334960493965239
-1.6191365368226491,-5.167322012850032,0.00014939274115,37,32,4.592493789646318,-1.5000659898403625,-4.334960493965239
-1.5925793617153627,-5.167319055439844,0.00014543849102,37,32,4.592493789646318,-1.5000659898403625,-4.334960493965239
-1.5656735111174922,-5.1673200743794885,0.00011613435345,37,32,4.592493789646318,-1.5000659898403625,-4.334960493965239
-1.5388398697073706,-5.1673195027792005,8.937525854e-05,37,32,4.592493789646318,-1.5000659898403625,-4.334960493965239
-1.5120065177380502,-5.167319453074827,0.00010507693514,37,32,4.592493789646318,-1.5000659898403625,-4.334960493965239
-1.4851542891947278,-5.167319689170599,0.00014084092982,37,32,4.592493789646318,-1.5000659898403625,-4.334960493965239
-1.4583943167607445,-5.167321515806303,0.00014628484496,37,32,4.592493789646318,-1.5000659898403625,-4.334960493965239
-1.4316834989254648,-5.167318968457193,0.00014660887246,37,32,4.592493789646318,-1.5000659898403625,-4.334960493965239
-1.404825695500619,-5.167319801005439,0.00014554905647,37,32,4.592493789646318,-1.5000659898403625,-4.334960493965239
-1.377729355102301,-5.167319378518269,0.00014425715199,37,32,4.592493789646318,-1.5000659898403625,-4.334960493965239
-1.3508548773704214,-5.167322572024225,0.00014411692973,37,32,4.592493789646318,-1.5000659898403625,-4.334960493965239
-1.3239715528175247,-5.167320596275403,0.00014719394676,37,32,4.592493789646318,-1.5000659898403625,-4.334960493965239
-1.29721991124487,-5.1673200743794885,0.00014498231758,37,32,4.592493789646318,-1.5000659898403625,-4.334960493965239
-1.2705267492984715,-5.167319937692462,0.00014589585771,37,32,4.592493789646318,-1.5000659898403625,-4.334960493965239
-1.2435754439104034,-5.1673224477632935,0.00014600319264,37,32,4.592493789646318,-1.5000659898403625,-4.334960493965239
-1.2166738090807256,-5.167319378518269,0.00014723281492,37,32,4.592493789646318,-1.5000659898403625,-4.334960493965239
-1.1897382719241405,-5.167318632952673,0.00014366724645,37,32,4.592493789646318,-1.5000659898403625,-4.334960493965239
-1.1628614283283185,-5.167319738874972,0.00014385581017,37,32,4.592493789646318,-1.5000659898403625,-4.334960493965239
-1.1358685567242968,-5.167319962544648,0.00014367744734,37,32,4.592493789646318,-1.5000659898403625,-4.334960493965239
-1.1090535653692901,-5.167321950719565,0.00014435987396,37,32,4.592493789646318,-1.5000659898403625,-4.334960493965239
-1.0824241307367237,-5.167319900414184,0.00014411080338,37,32,4.592493789646318,-1.5000659898403625,-4.334960493965239
-1.0556366614266117,-5.167320670831963,0.00014398658823,37,32,4.592493789646318,-1.5000659898403625,-4.334960493965239
-1.0289751995401548,-5.167321292136623,0.00014135212405,37,32,4.592493789646318,-1.5000659898403625,-4.334960493965239
-1.0022839378355397,-5.167319167274684,0.00014040607493,37,32,4.592493789646318,-1.5000659898403625,-4.334960493965239
-0.9756032847655152,-5.167317464899911,0.00014047313016,37,32,4.592493789646318,-1.5000659898403625,-4.334960493965239
-0.9488087682011093,-5.167321938293473,0.00014061310503,37,32,4.592493789646318,-1.5000659898403625,-4.334960493965239
-0.9223544830065187,-5.167319241831243,0.0001424740185,37,32,4.592493789646318,-1.5000659898403625,-4.334960493965239
-0.8959425945971374,-5.167321453675836,0.00014140078565,37,32,4.592493789646318,-1.5000659898403625,-4.334960493965239
-0.869696782285826,-5.167322186815336,0.00014077266678,37,32,4.592493789646318,-1.5000659898403625,-4.334960493965239
-0.84351192872416,-5.167319129996403,0.00014216531417,37,32,4.592493789646318,-1.5000659898403625,-4.334960493965239
-0.8171906982075202,-5.1673195649096675,0.00014234877017,37,32,4.592493789646318,-1.5000659898403625,-4.334960493965239
-0.7911277369763783,-5.167321366693182,0.00014406525588,37,32,4.592493789646318,-1.5000659898403625,-4.334960493965239
-0.765180099028007,-5.1673201862143285,0.00014321436174,37,32,4.592493789646318,-1.5000659898403625,-4.334960493965239
-0.7392600837995909,-5.167317440047725,0.00013906153617,37,32,4.592493789646318,-1.5000659898403625,-4.334960493965239
-0.713232182658563,-5.167319055439844,0.00013970170403,37,32,4.592493789646318,-1.5000659898403625,-4.334960493965239
-0.7418613008658599,-5.200593983370781,0.0001377077424,37,32,4.592493789646318,-1.5000659898403625,-4.334960493965239
-0.7693346316157683,-5.200591324186831,0.00013928397675,37,32,4.592493789646318,-1.5000659898403625,-4.334960493965239
-0.7964099560950326,-5.200589994594856,0.0001414676226,37,32,4.592493789646318,-1.5000659898403625,-4.334960493965239
-0.823233479661489,-5.200591609986975,0.0001408100361,37,32,4.592493789646318,-1.5000659898403625,-4.334960493965239
-0.8500407316211558,-5.200592467387407,0.00014468948939,37,32,4.592493789646318,-1.5000659898403625,-4.334960493965239
-0.8768844405374118,-5.200591783952279,0.00014446128625,37,32,4.592493789646318,-1.5000659898403625,-4.334960493965239
-0.9041603097388745,-5.200591908213214,0.00014307486708,37,32,4.592493789646318,-1.5000659898403625,-4.334960493965239
-0.9308075261041503,-5.200589982168765,0.00014592611114,37,32,4.592493789646318,-1.5000659898403625,-4.334960493965239
-0.9571900425643844,-5.200589447846755,0.00014257706061,37,32,4.592493789646318,-1.5000659898403625,-4.334960493965239
-0.9834703360842058,-5.200592131882891,0.00014153869415,37,32,4.592493789646318,-1.5000659898403625,-4.334960493965239
-1.0098919396370076,-5.200592989283322,0.00013561172818,37,32,4.592493789646318,-1.5000659898403625,-4.334960493965239
-1.036337138907311,-5.2005901188557875,3.8363193178e-10,37,32,4.592493789646318,-1.5000659898403625,-4.334960493965239
-1.0628138368874336,-5.200591187499805,7.1608097642e-05,37,32,4.592493789646318,-1.5000659898403625,-4.334960493965239
-1.0894046752183573,-5.200593946092499,7.6742937381e-05,37,32,4.592493789646318,-1.5000659898403625,-4.334960493965239
-1.1159067181451734,-5.200592007621959,0.00010350563389,37,32,4.592493789646318,-1.5000659898403625,-4.334960493965239
-1.142372140518426,-5.200593809405476,0.00013712017972,37,32,4.592493789646318,-1.5000659898403625,-4.334960493965239
-1.1686403907840321,-5.200593946092499,0.00014637186541,37,32,4.592493789646318,-1.5000659898403625,-4.334960493965239
-1.1950403366142621,-5.200593212953002,0.00014672811085,37,32,4.592493789646318,-1.5000659898403625,-4.334960493965239
-1.2213773856999173,-5.200589224177079,0.00014557941176,37,32,4.592493789646318,-1.5000659898403625,-4.334960493965239
-1.2475287899724499,-5.200593796979382,0.00014486629516,37,32,4.592493789646318,-1.5000659898403625,-4.334960493965239
-1.2736864235144054,-5.200588217663525,0.0001429070544,37,32,4.592493789646318,-1.5000659898403625,-4.334960493965239
-1.2997148280307416,-5.200590007020951,0.00014635098341,37,32,4.592493789646318,-1.5000659898403625,-4.334960493965239
-1.325598285627505,-5.200589162046611,0.00014673867554,37,32,4.592493789646318,-1.5000659898403625,-4.334960493965239
-1.3516691246821966,-5.2005901685601605,0.00014768324036,37,32,4.592493789646318,-1.5000659898403625,-4.334960493965239
-1.3775563072562311,-5.20059316324863,0.00014805654064,37,32,4.592493789646318,-1.5000659898403625,-4.334960493965239
-1.4035964152484486,-5.200589199324892,0.00014832128363,37,32,4.592493789646318,-1.5000659898403625,-4.334960493965239
-1.4294041022771664,-5.200589733646899,0.00014782541257,37,32,4.592493789646318,-1.5000659898403625,-4.334960493965239
-1.455105224753452,-5.200590031873138,0.00014330424892,37,32,4.592493789646318,-1.5000659898403625,-4.334960493965239
-1.4812042276565567,-5.20059378455329,0.00014561708667,37,32,4.592493789646318,-1.5000659898403625,-4.334960493965239
-1.5072400192055173,-5.200593809405476,0.00014489443856,37,32,4.592493789646318,-1.5000659898403625,-4.334960493965239
-1.533362693332421,-5.20059139874339,0.00014541549899,37,32,4.592493789646318,-1.5000659898403625,-4.334960493965239
-1.5595096930710213,-5.200594878049493,0.00014629987709,37,32,4.592493789646318,-1.5000659898403625,-4.334960493965239
-1.5855083606911118,-5.20059131176074,0.00014641208691,37,32,4.592493789646318,-1.5000659898403625,-4.334960493965239
-1.6118266338778255,-5.200591349039017,0.00014805517276,37,32,4.592493789646318,-1.5000659898403625,-4.334960493965239
-1.6379963735959069,-5.200591796378374,0.00014700859901,37,32,4.592493789646318,-1.5000659898403625,-4.334960493965239
-1.6642831606571846,-5.200591858508841,0.00014831400767,37,32,4.592493789646318,-1.5000659898403625,-4.334960493965239
-1.6903749275402544,-5.200593821831568,0.00014952756464,37,32,4.592493789646318,-1.5000659898403625,-4.334960493965239
