y_mm,z_mm,r,n_y,n_z,start_x_mm,start_y_mm,start_z_mm
-1.0791903470912574,-2.4799776783783583,7.503714005e-05,58,35,4.592459153131169,-1.0719892361346004,-2.4760064978025103
-1.0788817402750863,-2.4799708316009945,6.5157670178e-05,58,35,4.592459153131169,-1.0719892361346004,-2.4760064978025103
-1.0785645131567885,-2.479974199072258,5.2152867283e-05,58,35,4.592459153131169,-1.0719892361346004,-2.4760064978025103
-1.0782505202248365,-2.4799731552804274,4.4120843086e-05,58,35,4.592459153131169,-1.0719892361346004,-2.4760064978025103
-1.0779351933483203,-2.4799744972984934,4.332016033e-05,58,35,4.592459153131169,-1.0719892361346004,-2.4760064978025103
-1.0776251393281433,-2.479969029817477,6.6575739766e-05,58,35,4.592459153131169,-1.0719892361346004,-2.4760064978025103
-1.0773121153936551,-2.4799707570444354,8.7895939942e-05,58,35,4.592459153131169,-1.0719892361346004,-2.4760064978025103
-1.077007132879693,-2.479972384862646,0.00011380840442,58,35,4.592459153131169,-1.0719892361346004,-2.4760064978025103
-1.0766991175295073,-2.479972906758561,0.00012547158985,58,35,4.592459153131169,-1.0719892361346004,-2.4760064978025103
-1.0763953808694289,-2.479971527462214,0.00013672999921,58,35,4.592459153131169,-1.0719892361346004,-2.4760064978025103
-1.0761015229497455,-2.4799695641394837,0.00014435304911,58,35,4.592459153131169,-1.0719892361346004,-2.4760064978025103
-1.0758166125261395,-2.479969899644004,0.00014670408564,58,35,4.592459153131169,-1.0719892361346004,-2.4760064978025103
-1.0755303807423524,-2.4799732049848,0.00014983468282,58,35,4.592459153131169,-1.0719892361346004,-2.4760064978025103
-1.0752502649685418,-2.47996992449619,0.00015083760081,58,35,4.592459153131169,-1.0719892361346004,-2.4760064978025103
-1.0749698975070794,-2.47996970082651,0.00015059848374,58,35,4.592459153131169,-1.0719892361346004,-2.4760064978025103
-1.074690360614871,-2.479969800235255,0.00014986502356,58,35,4.592459153131169,-1.0719892361346004,-2.4760064978025103
-1.0744138817276525,-2.479971515036122,0.00014819249918,58,35,4.592459153131169,-1.0719892361346004,-2.4760064978025103
-1.0741365596867951,-2.4799718753928253,0.00014560356794,58,35,4.592459153131169,-1.0719892361346004,-2.4760064978025103
-1.0738521148853462,-2.4799683960867216,0.00014408478455,58,35,4.592459153131169,-1.0719892361346004,-2.4760064978025103
-1.0735809843607624,-2.4799678990429923,0.0001407002419,58,35,4.592459153131169,-1.0719892361346004,-2.4760064978025103
-1.0733181091912065,-2.479968346382349,0.00013322934683,58,35,4.592459153131169,-1.0719892361346004,-2.4760064978025103
-1.073047922495322,-2.4799724718452993,0.00013380347809,58,35,4.592459153131169,-1.0719892361346004,-2.4760064978025103
-1.0727806553762158,-2.479974112089604,0.00013175440836,58,35,4.592459153131169,-1.0719892361346004,-2.4760064978025103
-1.072506517184173,-2.4799720120798514,0.000126147017,58,35,4.592459153131169,-1.0719892361346004,-2.4760064978025103
-1.0722406217627787,-2.479972832202002,0.00012041884474,58,35,4.592459153131169,-1.0719892361346004,-2.4760064978025103
-1.071966143792404,-2.4799710179923933,0.00011850283045,58,35,4.592459153131169,-1.0719892361346004,-2.4760064978025103
-1.0717098376706018,-2.479972210897342,0.00012353950297,58,35,4.592459153131169,-1.0719892361346004,-2.4760064978025103
-1.0714457669846935,-2.4799719002450114,0.00011193825048,58,35,4.592459153131169,-1.0719892361346004,-2.4760064978025103
-1.0711835587874208,-2.479974236350536,0.00011876949429,58,35,4.592459153131169,-1.0719892361346004,-2.4760064978025103
-1.070909697451796,-2.479974112089604,0.00011105037265,58,35,4.592459153131169,-1.0719892361346004,-2.4760064978025103
-1.0706484456676058,-2.479970483670383,0.00011434250337,58,35,4.592459153131169,-1.0719892361346004,-2.4760064978025103
-1.0703850545383617,-2.4799718753928253,0.00011396890477,58,35,4.592459153131169,-1.0719892361346004,-2.4760064978025103
-1.070127779419094,-2.4799721984712466,0.00011752272258,58,35,4.592459153131169,-1.0719892361346004,-2.4760064978025103
-1.0698649923402188,-2.4799714653317464,0.00011467218428,58,35,4.592459153131169,-1.0719892361346004,-2.4760064978025103
-1.0696079689086047,-2.4799704339660105,0.00011372000881,58,35,4.592459153131169,-1.0719892361346004,-2.4760064978025103
-1.0693650903231093,-2.479972335158273,0.00011472698679,58,35,4.592459153131169,-1.0719892361346004,-2.4760064978025103
-1.069109237239083,-2.4799705333747557,0.00011388697749,58,35,4.592459153131169,-1.0719892361346004,-2.4760064978025103
-1.0688313111478567,-2.4799695889916697,0.00012040650472,58,35,4.592459153131169,-1.0719892361346004,-2.4760064978025103
-1.0685666489959647,-2.479972123914688,0.00011945969891,58,35,4.592459153131169,-1.0719892361346004,-2.4760064978025103
-1.06830533428986,-2.4799745842811474,0.00012700495427,58,35,4.592459153131169,-1.0719892361346004,-2.4760064978025103
-1.0680498083997827,-2.479972919184656,0.00012841371063,58,35,4.592459153131169,-1.0719892361346004,-2.4760064978025103
-1.067787524696214,-2.4799695765655785,0.00013307498011,58,35,4.592459153131169,-1.0719892361346004,-2.4760064978025103
-1.0675389705541352,-2.479972210897342,0.00013643239799,58,35,4.592459153131169,-1.0719892361346004,-2.4760064978025103
-1.0672576340952071,-2.4799721736190605,0.00014010563609,58,35,4.592459153131169,-1.0719892361346004,-2.4760064978025103
-1.0669922923866488,-2.47997197480157,0.00014229852241,58,35,4.592459153131169,-1.0719892361346004,-2.4760064978025103
-1.066727353378337,-2.4799726458106033,0.000147587838,58,35,4.592459153131169,-1.0719892361346004,-2.4760064978025103
-1.0664624395387896,-2.479972099062502,0.00014989412739,58,35,4.592459153131169,-1.0719892361346004,-2.4760064978025103
-1.0661976263743045,-2.4799740375330455,0.00014890627062,58,35,4.592459153131169,-1.0719892361346004,-2.4760064978025103
-1.0659509095520947,-2.479972223323433,0.00015117716976,58,35,4.592459153131169,-1.0719892361346004,-2.4760064978025103
-1.065689846533645,-2.47997382628946,0.0001491575822,58,35,4.592459153131169,-1.0719892361346004,-2.4760064978025103
-1.065427751595816,-2.4799739256982054,0.00015043892199,58,35,4.592459153131169,-1.0719892361346004,-2.4760064978025103
-1.0651412555399924,-2.479972260601714,0.00014850359003,58,35,4.592459153131169,-1.0719892361346004,-2.4760064978025103
-1.064873749317616,-2.479971191957697,0.00015014044766,58,35,4.592459153131169,-1.0719892361346004,-2.4760064978025103
-1.0646080804151086,-2.4799688061478005,0.0001492085139,58,35,4.592459153131169,-1.0719892361346004,-2.4760064978025103
-1.0643430533161178,-2.4799688931304504,0.0001481352665,58,35,4.592459153131169,-1.0719892361346004,-2.4760064978025103
-1.0640964120002052,-2.479972695514976,0.00015064854233,58,35,4.592459153131169,-1.0719892361346004,-2.4760064978025103
-1.0638364689918127,-2.479969452304647,0.00015008334594,58,35,4.592459153131169,-1.0719892361346004,-2.4760064978025103
-1.063549595404509,-2.4799722481756192,0.00015079886361,58,35,4.592459153131169,-1.0719892361346004,-2.4760064978025103
-1.0791809088042565,-2.479692909600019,7.3509516369e-05,58,35,4.592459153131169,-1.0719892361346004,-2.4760064978025103
-1.0788535260891456,-2.4796908592946387,6.5824780904e-05,58,35,4.592459153131169,-1.0719892361346004,-2.4760064978025103
-1.078526671918106,-2.479685665187671,4.8921181588e-05,58,35,4.592459153131169,-1.0719892361346004,-2.4760064978025103
-1.0781990375153399,-2.4796858267268838,4.0865230403e-05,58,35,4.592459153131169,-1.0719892361346004,-2.4760064978025103
-1.077873441782567,-2.4796870196318324,5.0487818953e-05,58,35,4.592459153131169,-1.0719892361346004,-2.4760064978025103
-1.077545014563695,-2.479685317257063,7.3730596341e-05,58,35,4.592459153131169,-1.0719892361346004,-2.4760064978025103
-1.0772249433749128,-2.479685640335485,9.2149370175e-05,58,35,4.592459153131169,-1.0719892361346004,-2.4760064978025103
-1.0769012227151586,-2.479686535014198,0.00011714876018,58,35,4.592459153131169,-1.0719892361346004,-2.4760064978025103
-1.0765847254910546,-2.4796887592848824,0.00013382534962,58,35,4.592459153131169,-1.0719892361346004,-2.4760064978025103
-1.0762626408010456,-2.479686224361868,0.00013957472402,58,35,4.592459153131169,-1.0719892361346004,-2.4760064978025103
-1.0759559719798055,-2.479687119040577,0.00014670388191,58,35,4.592459153131169,-1.0719892361346004,-2.4760064978025103
-1.0756627936167866,-2.479686945075273,0.00014912303595,58,35,4.592459153131169,-1.0719892361346004,-2.4760064978025103
-1.075364594085082,-2.479684472282723,0.00014819543867,58,35,4.592459153131169,-1.0719892361346004,-2.4760064978025103
-1.0750725734852677,-2.479685466370181,0.00014848358114,58,35,4.592459153131169,-1.0719892361346004,-2.4760064978025103
-1.0747710642609216,-2.4796847332306804,0.0001497133926,58,35,4.592459153131169,-1.0719892361346004,-2.4760064978025103
-1.0744805160338797,-2.4796862740662404,0.00014597389963,58,35,4.592459153131169,-1.0719892361346004,-2.4760064978025103
-1.0741988397966196,-2.479688871119722,0.0001412009733,58,35,4.592459153131169,-1.0719892361346004,-2.4760064978025103
-1.0739013701591102,-2.479688846267536,0.00013834620768,58,35,4.592459153131169,-1.0719892361346004,-2.4760064978025103
-1.0736152768035332,-2.479683465769173,0.00013085780665,58,35,4.592459153131169,-1.0719892361346004,-2.4760064978025103
-1.0733334243849135,-2.479686845666528,0.0001248739427,58,35,4.592459153131169,-1.0719892361346004,-2.4760064978025103
-1.0730550326715302,-2.4796894675721965,0.00011719347822,58,35,4.592459153131169,-1.0719892361346004,-2.4760064978025103
-1.0727709654015614,-2.479686348622799,0.00011257326696,58,35,4.592459153131169,-1.0719892361346004,-2.4760064978025103
-1.0724781897387872,-2.4796867214055966,0.00010844406643,58,35,4.592459153131169,-1.0719892361346004,-2.4760064978025103
-1.0721989926249127,-2.479683602456196,0.00010463615763,58,35,4.592459153131169,-1.0719892361346004,-2.4760064978025103
-1.071929825264023,-2.4796870693362045,9.996019071e-05,58,35,4.592459153131169,-1.0719892361346004,-2.4760064978025103
-1.0716503890468785,-2.4796875539538425,0.00010165481217,58,35,4.592459153131169,-1.0719892361346004,-2.4760064978025103
-1.0713751182603939,-2.4796882870933428,9.8871976661e-05,58,35,4.592459153131169,-1.0719892361346004,-2.4760064978025103
-1.071095468108744,-2.479689306032984,9.3060931249e-05,58,35,4.592459153131169,-1.0719892361346004,-2.4760064978025103
-1.070820096647199,-2.4796874793972834,9.8438962596e-05,58,35,4.592459153131169,-1.0719892361346004,-2.4760064978025103
-1.0705436555131282,-2.4796884983369245,9.4543429441e-05,58,35,4.592459153131169,-1.0719892361346004,-2.4760064978025103
-1.0702570461978613,-2.479687777623519,9.5337316452e-05,58,35,4.592459153131169,-1.0719892361346004,-2.4760064978025103
-1.0699980596025511,-2.4796907350337074,9.9215772934e-05,58,35,4.592459153131169,-1.0719892361346004,-2.4760064978025103
-1.0697252176019232,-2.4796901385812293,9.59428653e-05,58,35,4.592459153131169,-1.0719892361346004,-2.4760064978025103
-1.0694551315811005,-2.4796901634334194,0.00010327919881,58,35,4.592459153131169,-1.0719892361346004,-2.4760064978025103
-1.0691713159987852,-2.47968955455485,9.7198011645e-05,58,35,4.592459153131169,-1.0719892361346004,-2.4760064978025103
-1.0689007643558037,-2.4796862864923317,9.9071723525e-05,58,35,4.592459153131169,-1.0719892361346004,-2.4760064978025103
-1.068649076702441,-2.479689306032984,0.00010360503074,58,35,4.592459153131169,-1.0719892361346004,-2.4760064978025103
-1.068382073855371,-2.479687230875417,0.0001110237281,58,35,4.592459153131169,-1.0719892361346004,-2.4760064978025103
-1.0681202809427244,-2.4796893681634513,0.00010827896767,58,35,4.592459153131169,-1.0719892361346004,-2.4760064978025103
-1.06783995123441,-2.4796894054417327,0.00012178052566,58,35,4.592459153131169,-1.0719892361346004,-2.4760064978025103
-1.0675683928408133,-2.479685839152975,0.00012614285515,58,35,4.592459153131169,-1.0719892361346004,-2.4760064978025103
-1.067304334739288,-2.4796868953709006,0.00013516307808,58,35,4.592459153131169,-1.0719892361346004,-2.4760064978025103
-1.0670387413430764,-2.4796864728837305,0.00013941532234,58,35,4.592459153131169,-1.0719892361346004,-2.4760064978025103
-1.0667858204202134,-2.4796873427102573,0.00014477514196,58,35,4.592459153131169,-1.0719892361346004,-2.4760064978025103
-1.0665232346914606,-2.4796858764312564,0.00014625300537,58,35,4.592459153131169,-1.0719892361346004,-2.4760064978025103
-1.0662553761063687,-2.4796842858913237,0.00014913297491,58,35,4.592459153131169,-1.0719892361346004,-2.4760064978025103
-1.0659890528159632,-2.4796845095610003,0.00014750915579,58,35,4.592459153131169,-1.0719892361346004,-2.4760064978025103
-1.0657248059486972,-2.4796878894583587,0.00015098659787,58,35,4.592459153131169,-1.0719892361346004,-2.4760064978025103
-1.0654420977920571,-2.479687106614486,0.00014889115118,58,35,4.592459153131169,-1.0719892361346004,-2.4760064978025103
-1.0651918195895542,-2.4796911078165014,0.00014936602383,58,35,4.592459153131169,-1.0719892361346004,-2.4760064978025103
-1.0649303412864752,-2.4796860006921877,0.00015036883997,58,35,4.592459153131169,-1.0719892361346004,-2.4760064978025103
-1.0646685483738303,-2.4796878273278913,0.00014765352535,58,35,4.592459153131169,-1.0719892361346004,-2.4760064978025103
-1.0644035086904564,-2.4796890823633073,0.00015071270172,58,35,4.592459153131169,-1.0719892361346004,-2.4760064978025103
-1.0641396141859056,-2.479686062822655,0.00014898733934,58,35,4.592459153131169,-1.0719892361346004,-2.4760064978025103
-1.0638750149559242,-2.479688560467392,0.00014976446982,58,35,4.592459153131169,-1.0719892361346004,-2.4760064978025103
-1.0636177020835087,-2.4796899397637393,0.00015106063802,58,35,4.592459153131169,-1.0719892361346004,-2.4760064978025103
-1.0633540718509946,-2.479689268754706,0.00015146170335,58,35,4.592459153131169,-1.0719892361346004,-2.4760064978025103
-1.063087257769664,-2.4796916421385116,0.00015186228848,58,35,4.592459153131169,-1.0719892361346004,-2.4760064978025103
-1.0791778507992684,-2.479422182307019,7.4771014624e-05,58,35,4.592459153131169,-1.0719892361346004,-2.4760064978025103
-1.078857527922833,-2.479414391146569,6.3458151999e-05,58,35,4.592459153131169,-1.0719892361346004,-2.4760064978025103
-1.0785242934697805,-2.4794144905553144,5.0239839766e-05,58,35,4.592459153131169,-1.0719892361346004,-2.4760064978025103
-1.0781899893442022,-2.479418156252817,4.0388604248e-05,58,35,4.592459153131169,-1.0719892361346004,-2.4760064978025103
-1.0778602155963828,-2.4794143538682913,5.0671947974e-05,58,35,4.592459153131169,-1.0719892361346004,-2.4760064978025103
-1.0775353875109532,-2.47941697577396,7.2728129453e-05,58,35,4.592459153131169,-1.0719892361346004,-2.4760064978025103
-1.0772058780351719,-2.479416615417257,0.00010069095879,58,35,4.592459153131169,-1.0719892361346004,-2.4760064978025103
-1.0768821196222682,-2.4794189018184087,0.00011624393665,58,35,4.592459153131169,-1.0719892361346004,-2.4760064978025103
-1.0765604879700348,-2.479412949719758,0.00013178243535,58,35,4.592459153131169,-1.0719892361346004,-2.4760064978025103
-1.0762452617685807,-2.479415074581697,0.00014051991457,58,35,4.592459153131169,-1.0719892361346004,-2.4760064978025103
-1.0759352706703178,-2.4794150124512297,0.00014519820979,58,35,4.592459153131169,-1.0719892361346004,-2.4760064978025103
-1.0756388077834202,-2.47941204261495,0.00014801869111,58,35,4.592459153131169,-1.0719892361346004,-2.4760064978025103
-1.075343364231521,-2.479413011850222,0.00014848493447,58,35,4.592459153131169,-1.0719892361346004,-2.4760064978025103
-1.0750488519239396,-2.479413943807213,0.00014775233285,58,35,4.592459153131169,-1.0719892361346004,-2.4760064978025103
-1.0747617644021306,-2.47941534795575,0.0001482424268,58,35,4.592459153131169,-1.0719892361346004,-2.4760064978025103
-1.0744588583113077,-2.4794099301791057,0.00014667843061,58,35,4.592459153131169,-1.0719892361346004,-2.4760064978025103
-1.074170814376418,-2.479412626641333,0.00014312547864,58,35,4.592459153131169,-1.0719892361346004,-2.4760064978025103
-1.07388542574627,-2.4794137574158173,0.00013567118731,58,35,4.592459153131169,-1.0719892361346004,-2.4760064978025103
-1.0735990429498898,-2.479414975172952,0.00012470508227,58,35,4.592459153131169,-1.0719892361346004,-2.4760064978025103
-1.0733096021485236,-2.479414018363775,0.00011581645958,58,35,4.592459153131169,-1.0719892361346004,-2.4760064978025103
-1.0730171285109336,-2.479410489353299,0.00010931632278,58,35,4.592459153131169,-1.0719892361346004,-2.4760064978025103
-1.072732230671709,-2.479413223093807,9.6009083791e-05,58,35,4.592459153131169,-1.0719892361346004,-2.4760064978025103
-1.072450793537719,-2.4794111603623317,9.2203779786e-05,58,35,4.592459153131169,-1.0719892361346004,-2.4760064978025103
-1.0721813493204113,-2.4794167396781885,8.8210610556e-05,58,35,4.592459153131169,-1.0719892361346004,-2.4760064978025103
-1.0719011454559235,-2.479413931381121,7.7929689724e-05,58,35,4.592459153131169,-1.0719892361346004,-2.4760064978025103
-1.071620098437795,-2.479414652094527,7.6322809036e-05,58,35,4.592459153131169,-1.0719892361346004,-2.4760064978025103
-1.0713412536866342,-2.4794159568343153,8.2137958088e-05,58,35,4.592459153131169,-1.0719892361346004,-2.4760064978025103
-1.0710609365627028,-2.479417721339555,7.5109797763e-05,58,35,4.592459153131169,-1.0719892361346004,-2.4760064978025103
-1.0707852630759735,-2.479413397059111,7.9893499787e-05,58,35,4.592459153131169,-1.0719892361346004,-2.4760064978025103
-1.0705095644204798,-2.4794154722166812,7.3248957051e-05,58,35,4.592459153131169,-1.0719892361346004,-2.4760064978025103
-1.0702330477801134,-2.4794168390869333,7.4887670053e-05,58,35,4.592459153131169,-1.0719892361346004,-2.4760064978025103
-1.0699618291648492,-2.479415273399187,7.699069829e-05,58,35,4.592459153131169,-1.0719892361346004,-2.4760064978025103
-1.0696872253506475,-2.47941596926041,7.4415649578e-05,58,35,4.592459153131169,-1.0719892361346004,-2.4760064978025103
-1.0694123950175591,-2.4794163296171132,7.9684337834e-05,58,35,4.592459153131169,-1.0719892361346004,-2.4760064978025103
-1.0691260751430933,-2.4794112100667043,7.7108554251e-05,58,35,4.592459153131169,-1.0719892361346004,-2.4760064978025103
-1.0688720090414068,-2.479414975172952,8.1478829088e-05,58,35,4.592459153131169,-1.0719892361346004,-2.4760064978025103
-1.068605610244704,-2.479414962746857,7.8798540926e-05,58,35,4.592459153131169,-1.0719892361346004,-2.4760064978025103
-1.0683385318913385,-2.4794142544595466,8.604805771e-05,58,35,4.592459153131169,-1.0719892361346004,-2.4760064978025103
-1.068077594716714,-2.479416118373528,9.3922419182e-05,58,35,4.592459153131169,-1.0719892361346004,-2.4760064978025103
-1.067810352766374,-2.479413819546281,0.00010970147559,58,35,4.592459153131169,-1.0719892361346004,-2.4760064978025103
-1.067539864045305,-2.4794142544595466,0.00011758007895,58,35,4.592459153131169,-1.0719892361346004,-2.4760064978025103
-1.0672709861252183,-2.4794188024096635,0.00012729276204,58,35,4.592459153131169,-1.0719892361346004,-2.4760064978025103
-1.0669871202053718,-2.479416267486646,0.00013572748867,58,35,4.592459153131169,-1.0719892361346004,-2.4760064978025103
-1.0667205703960796,-2.479412937293663,0.00014175401884,58,35,4.592459153131169,-1.0719892361346004,-2.4760064978025103
-1.06646913443037,-2.4794154970688673,0.00014641378948,58,35,4.592459153131169,-1.0719892361346004,-2.4760064978025103
-1.0662054286915585,-2.4794155094949586,0.00014890251623,58,35,4.592459153131169,-1.0719892361346004,-2.4760064978025103
-1.0659247466205286,-2.479413123685062,0.00014958259999,58,35,4.592459153131169,-1.0719892361346004,-2.4760064978025103
-1.0656745565087027,-2.4794171870175448,0.00014915294014,58,35,4.592459153131169,-1.0719892361346004,-2.4760064978025103
-1.065392565661875,-2.4794127881805452,0.00014742286294,58,35,4.592459153131169,-1.0719892361346004,-2.4760064978025103
-1.0651446659076957,-2.4794146396684353,0.00014886922145,58,35,4.592459153131169,-1.0719892361346004,-2.4760064978025103
-1.0648646759777118,-2.4794136083026963,0.00014729391842,58,35,4.592459153131169,-1.0719892361346004,-2.4760064978025103
-1.064615530369649,-2.4794137201375364,0.00014786557585,58,35,4.592459153131169,-1.0719892361346004,-2.4760064978025103
-1.0643370379812036,-2.4794125769369604,0.00014720835316,58,35,4.592459153131169,-1.0719892361346004,-2.4760064978025103
-1.06408615572833,-2.479414366294383,0.000146894512,58,35,4.592459153131169,-1.0719892361346004,-2.4760064978025103
-1.0638318631077566,-2.4794129994241305,0.00014741806081,58,35,4.592459153131169,-1.0719892361346004,-2.4760064978025103
-1.063546914931001,-2.479413011850222,0.00014989251213,58,35,4.592459153131169,-1.0719892361346004,-2.4760064978025103
-1.0633033945419892,-2.4794133846330197,0.00014938517415,58,35,4.592459153131169,-1.0719892361346004,-2.4760064978025103
-1.063042117589034,-2.4794101041444097,0.00014822327648,58,35,4.592459153131169,-1.0719892361346004,-2.4760064978025103
-1.0791803802601851,-2.4791544124242066,7.0262227382e-05,58,35,4.592459153131169,-1.0719892361346004,-2.4760064978025103
-1.0788496752680479,-2.479150560335309,5.6962860981e-05,58,35,4.592459153131169,-1.0719892361346004,-2.4760064978025103
-1.0785216633338035,-2.479151368031368,4.5909226174e-05,58,35,4.592459153131169,-1.0719892361346004,-2.4760064978025103
-1.078191713404628,-2.479145726585044,3.7264111597e-05,58,35,4.592459153131169,-1.0719892361346004,-2.4760064978025103
-1.077865878568585,-2.47914370113185,4.8240275646e-05,58,35,4.592459153131169,-1.0719892361346004,-2.4760064978025103
-1.077537728206129,-2.479146807655156,7.3695657193e-05,58,35,4.592459153131169,-1.0719892361346004,-2.4760064978025103
-1.0772108740350894,-2.479144981019452,0.0001005035956,58,35,4.592459153131169,-1.0719892361346004,-2.4760064978025103
-1.0768925269067346,-2.4791453662283414,0.00012120874453,58,35,4.592459153131169,-1.0719892361346004,-2.4760064978025103
-1.0765751865289916,-2.479146410020172,0.00013095905888,58,35,4.592459153131169,-1.0719892361346004,-2.4760064978025103
-1.0762551153402113,-2.4791487461256962,0.00014175489196,58,35,4.592459153131169,-1.0719892361346004,-2.4760064978025103
-1.0759437147910869,-2.479146844933434,0.00014642425231,58,35,4.592459153131169,-1.0719892361346004,-2.4760064978025103
-1.075641853204027,-2.479145565045835,0.00014911378094,58,35,4.592459153131169,-1.0719892361346004,-2.4760064978025103
-1.075341149380172,-2.4791438626710627,0.00014767266111,58,35,4.592459153131169,-1.0719892361346004,-2.4760064978025103
-1.0750574470573018,-2.4791485224560197,0.00014872352767,58,35,4.592459153131169,-1.0719892361346004,-2.4760064978025103
-1.0747568187397423,-2.479146024811283,0.00014719743922,58,35,4.592459153131169,-1.0719892361346004,-2.4760064978025103
-1.0744659307343682,-2.4791469319160875,0.0001443810761,58,35,4.592459153131169,-1.0719892361346004,-2.4760064978025103
-1.0741728530464094,-2.4791468573595288,0.0001349641243,58,35,4.592459153131169,-1.0719892361346004,-2.4760064978025103
-1.0738821915599241,-2.4791473171249767,0.00013030560513,58,35,4.592459153131169,-1.0719892361346004,-2.4760064978025103
-1.0735873772271567,-2.479146273333146,0.00012076889107,58,35,4.592459153131169,-1.0719892361346004,-2.4760064978025103
-1.0732994087985626,-2.4791486964213236,0.00010943580128,58,35,4.592459153131169,-1.0719892361346004,-2.4760064978025103
-1.0730251447626933,-2.479146596411571,9.8000069556e-05,58,35,4.592459153131169,-1.0719892361346004,-2.4760064978025103
-1.0727299151452978,-2.479145813567698,8.771251305e-05,58,35,4.592459153131169,-1.0719892361346004,-2.4760064978025103
-1.0724469678853876,-2.4791478017426143,8.1847145339e-05,58,35,4.592459153131169,-1.0719892361346004,-2.4760064978025103
-1.0721662858143577,-2.4791489822214676,7.759489381e-05,58,35,4.592459153131169,-1.0719892361346004,-2.4760064978025103
-1.071897785425751,-2.479146024811283,7.1558613854e-05,58,35,4.592459153131169,-1.0719892361346004,-2.4760064978025103
-1.0716094017125273,-2.4791473668293493,7.0354624768e-05,58,35,4.592459153131169,-1.0719892361346004,-2.4760064978025103
-1.071330254936182,-2.4791493674303604,6.7509463406e-05,58,35,4.592459153131169,-1.0719892361346004,-2.4760064978025103
-1.0710560915753748,-2.479149156186775,6.6276064899e-05,58,35,4.592459153131169,-1.0719892361346004,-2.4760064978025103
-1.0707898563756484,-2.479151231344342,6.6397646151e-05,58,35,4.592459153131169,-1.0719892361346004,-2.4760064978025103
-1.0705023661535944,-2.479146733098597,6.5977488703e-05,58,35,4.592459153131169,-1.0719892361346004,-2.4760064978025103
-1.0702281650396377,-2.479144521254004,6.285955169e-05,58,35,4.592459153131169,-1.0719892361346004,-2.4760064978025103
-1.0699552852858618,-2.479146596411571,6.2235980295e-05,58,35,4.592459153131169,-1.0719892361346004,-2.4760064978025103
-1.069695656887035,-2.4791462609070543,6.1239537899e-05,58,35,4.592459153131169,-1.0719892361346004,-2.4760064978025103
-1.0694235951181335,-2.4791462236287733,5.8558445744e-05,58,35,4.592459153131169,-1.0719892361346004,-2.4760064978025103
-1.0691510425583066,-2.4791488206822585,5.6584805861e-05,58,35,4.592459153131169,-1.0719892361346004,-2.4760064978025103
-1.0688795974241554,-2.4791475159424703,5.6202730775e-05,58,35,4.592459153131169,-1.0719892361346004,-2.4760064978025103
-1.0686115626577057,-2.479149603526132,5.8674311731e-05,58,35,4.592459153131169,-1.0719892361346004,-2.4760064978025103
-1.0683286657353266,-2.4791447449236808,6.5950589487e-05,58,35,4.592459153131169,-1.0719892361346004,-2.4760064978025103
-1.0680789789988074,-2.4791483733429023,7.8909164586e-05,58,35,4.592459153131169,-1.0719892361346004,-2.4760064978025103
-1.0678128822272908,-2.4791492555955204,8.5897598183e-05,58,35,4.592459153131169,-1.0719892361346004,-2.4760064978025103
-1.0675315080152132,-2.479143875097154,0.00010429502436,58,35,4.592459153131169,-1.0719892361346004,-2.4760064978025103
-1.0672595217526073,-2.4791441981755793,0.00011969774641,58,35,4.592459153131169,-1.0719892361346004,-2.4760064978025103
-1.0670059464418444,-2.479146124220028,0.00012834258087,58,35,4.592459153131169,-1.0719892361346004,-2.4760064978025103
-1.0667404285519284,-2.479145428358809,0.00013463577488,58,35,4.592459153131169,-1.0719892361346004,-2.4760064978025103
-1.0664723182791849,-2.4791469070639014,0.00014111798373,58,35,4.592459153131169,-1.0719892361346004,-2.4760064978025103
-1.0661906168731583,-2.479144359714792,0.00014515851217,58,35,4.592459153131169,-1.0719892361346004,-2.4760064978025103
-1.0659376078596146,-2.4791469567682736,0.00014508006279,58,35,4.592459153131169,-1.0719892361346004,-2.4760064978025103
-1.0656746320149986,-2.4791472177162315,0.00014334642037,58,35,4.592459153131169,-1.0719892361346004,-2.4760064978025103
-1.0654100705381666,-2.4791485100299284,0.00014549924526,58,35,4.592459153131169,-1.0719892361346004,-2.4760064978025103
-1.0651284949759667,-2.47914698162046,0.00015066486958,58,35,4.592459153131169,-1.0719892361346004,-2.4760064978025103
-1.064875171352857,-2.4791469443421823,0.00014976794773,58,35,4.592459153131169,-1.0719892361346004,-2.4760064978025103
-1.0645976102087296,-2.4791468946378097,0.00015013529628,58,35,4.592459153131169,-1.0719892361346004,-2.4760064978025103
-1.0643495468575757,-2.479148708847419,0.0001506752742,58,35,4.592459153131169,-1.0719892361346004,-2.4760064978025103
-1.0640744270836844,-2.479148621864765,0.00014896996436,58,35,4.592459153131169,-1.0719892361346004,-2.4760064978025103
-1.0638106206698126,-2.47914370113185,0.00014965035371,58,35,4.592459153131169,-1.0719892361346004,-2.4760064978025103
-1.063565476895437,-2.479146385167986,0.00014948370517,58,35,4.592459153131169,-1.0719892361346004,-2.4760064978025103
-1.0632872739477928,-2.4791483981950884,0.00014957113308,58,35,4.592459153131169,-1.0719892361346004,-2.4760064978025103
-1.0630376878863357,-2.47914655913329,0.00014978123363,58,35,4.592459153131169,-1.0719892361346004,-2.4760064978025103
-1.0791765923610017,-2.4788915508482146,7.0979447628e-05,58,35,4.592459153131169,-1.0719892361346004,-2.4760064978025103
-1.078852695519888,-2.478885014723181,6.2562423409e-05,58,35,4.592459153131169,-1.0719892361346004,-2.4760064978025103
-1.0785188821852334,-2.478884219453217,5.1149399951e-05,58,35,4.592459153131169,-1.0719892361346004,-2.4760064978025103
-1.078185421213294,-2.47888397093135,4.03923259e-05,58,35,4.592459153131169,-1.0719892361346004,-2.4760064978025103
-1.077858315354601,-2.478882889861242,4.901551074e-05,58,35,4.592459153131169,-1.0719892361346004,-2.4760064978025103
-1.0775294099291868,-2.4788834366093435,7.1642018156e-05,58,35,4.592459153131169,-1.0719892361346004,-2.4760064978025103
-1.0772078034457198,-2.478884368566334,9.5830393548e-05,58,35,4.592459153131169,-1.0719892361346004,-2.4760064978025103
-1.0768836926701009,-2.4788846916447596,0.00011950296175,58,35,4.592459153131169,-1.0719892361346004,-2.4760064978025103
-1.0765630803528659,-2.478886990472003,0.00013379921438,58,35,4.592459153131169,-1.0719892361346004,-2.4760064978025103
-1.0762433866955639,-2.4788874750896404,0.00013971982116,58,35,4.592459153131169,-1.0719892361346004,-2.4760064978025103
-1.0759271663278793,-2.4788834117571574,0.00014606997138,58,35,4.592459153131169,-1.0719892361346004,-2.4760064978025103
-1.075635233818744,-2.4788833123484086,0.00014971730707,58,35,4.592459153131169,-1.0719892361346004,-2.4760064978025103
-1.0753367196774717,-2.478888605864121,0.00015000939311,58,35,4.592459153131169,-1.0719892361346004,-2.4760064978025103
-1.0750392500399626,-2.4788866798196723,0.0001506073022,58,35,4.592459153131169,-1.0719892361346004,-2.4760064978025103
-1.0747373632841364,-2.4788855738973776,0.00015057639393,58,35,4.592459153131169,-1.0719892361346004,-2.4760064978025103
-1.0744434927800715,-2.4788844804011743,0.00014313928841,58,35,4.592459153131169,-1.0719892361346004,-2.4760064978025103
-1.0741536241096923,-2.4788848531839687,0.00013627515,58,35,4.592459153131169,-1.0719892361346004,-2.4760064978025103
-1.0738714067439776,-2.47888520111458,0.00012609167607,58,35,4.592459153131169,-1.0719892361346004,-2.4760064978025103
-1.0735753843104743,-2.478885213540675,0.00011595258547,58,35,4.592459153131169,-1.0719892361346004,-2.4760064978025103
-1.073297458219248,-2.478887412959173,0.00010712773656,58,35,4.592459153131169,-1.0719892361346004,-2.4760064978025103
-1.073010521710032,-2.4788846046621056,9.7405056295e-05,58,35,4.592459153131169,-1.0719892361346004,-2.4760064978025103
-1.0727164246870786,-2.478885673306123,8.8741893705e-05,58,35,4.592459153131169,-1.0719892361346004,-2.4760064978025103
-1.072433225739515,-2.4788843312880533,8.0231598986e-05,58,35,4.592459153131169,-1.0719892361346004,-2.4760064978025103
-1.0721498380262107,-2.4788880591160196,7.3521849117e-05,58,35,4.592459153131169,-1.0719892361346004,-2.4760064978025103
-1.0718726292447966,-2.4788900845692172,6.9016830821e-05,58,35,4.592459153131169,-1.0719892361346004,-2.4760064978025103
-1.0715927399898746,-2.4788875993505717,6.5918611654e-05,58,35,4.592459153131169,-1.0719892361346004,-2.4760064978025103
-1.071312825566188,-2.4788902833867072,6.4509717049e-05,58,35,4.592459153131169,-1.0719892361346004,-2.4760064978025103
-1.0710389390617987,-2.4788881958030458,6.3224782934e-05,58,35,4.592459153131169,-1.0719892361346004,-2.4760064978025103
-1.070773257574908,-2.4788889289425464,6.2265804445e-05,58,35,4.592459153131169,-1.0719892361346004,-2.4760064978025103
-1.070496287896766,-2.4788907555782504,6.1484701291e-05,58,35,4.592459153131169,-1.0719892361346004,-2.4760064978025103
-1.0702219231858348,-2.478885971532358,6.2146995333e-05,58,35,4.592459153131169,-1.0719892361346004,-2.4760064978025103
-1.069931425296324,-2.4788893265775305,6.2286897446e-05,58,35,4.592459153131169,-1.0719892361346004,-2.4760064978025103
-1.0696576142982301,-2.4788862946107835,6.1572049162e-05,58,35,4.592459153131169,-1.0719892361346004,-2.4760064978025103
-1.0693985521966245,-2.4788901964040537,5.9775546106e-05,58,35,4.592459153131169,-1.0719892361346004,-2.4760064978025103
-1.0691181595663957,-2.4788858596975216,5.8038382122e-05,58,35,4.592459153131169,-1.0719892361346004,-2.4760064978025103
-1.0688507288503148,-2.4788882206552323,5.3694919188e-05,58,35,4.592459153131169,-1.0719892361346004,-2.4760064978025103
-1.0685756971671023,-2.478887947281183,5.013883856e-05,58,35,4.592459153131169,-1.0719892361346004,-2.4760064978025103
-1.0683103428741625,-2.4788873881069864,5.4671836551e-05,58,35,4.592459153131169,-1.0719892361346004,-2.4760064978025103
-1.0680499216592279,-2.478885213540675,6.0991114879e-05,58,35,4.592459153131169,-1.0719892361346004,-2.4760064978025103
-1.0677818994771615,-2.4788873632548003,7.4037132435e-05,58,35,4.592459153131169,-1.0719892361346004,-2.4760064978025103
-1.0675117505344247,-2.478885300523325,9.0948320576e-05,58,35,4.592459153131169,-1.0719892361346004,-2.4760064978025103
-1.0672433508208783,-2.4788837099833927,0.0001096846463,58,35,4.592459153131169,-1.0719892361346004,-2.4760064978025103
-1.0669758823516495,-2.4788824549479767,0.00012018618872,58,35,4.592459153131169,-1.0719892361346004,-2.4760064978025103
-1.0667084390511874,-2.478884629514292,0.00013323163148,58,35,4.592459153131169,-1.0719892361346004,-2.4760064978025103
-1.0664388815744343,-2.4788820821651827,0.00013890315313,58,35,4.592459153131169,-1.0719892361346004,-2.4760064978025103
-1.066173074243719,-2.47887995730324,0.00014454916527,58,35,4.592459153131169,-1.0719892361346004,-2.4760064978025103
-1.0659068767971402,-2.4788818709215974,0.00014380022185,58,35,4.592459153131169,-1.0719892361346004,-2.4760064978025103
-1.0656396096780338,-2.4788849277405274,0.00014989855117,58,35,4.592459153131169,-1.0719892361346004,-2.4760064978025103
-1.0653757529266312,-2.478887922428997,0.00014887214638,58,35,4.592459153131169,-1.0719892361346004,-2.4760064978025103
-1.0651060947748179,-2.478883200513572,0.00015152369451,58,35,4.592459153131169,-1.0719892361346004,-2.4760064978025103
-1.0648414577916903,-2.4788829022873333,0.0001492206211,58,35,4.592459153131169,-1.0719892361346004,-2.4760064978025103
-1.0645812001737303,-2.4788868910632575,0.00014910506434,58,35,4.592459153131169,-1.0719892361346004,-2.4760064978025103
-1.0643154683493103,-2.47888531294942,0.00014718635066,58,35,4.592459153131169,-1.0719892361346004,-2.4760064978025103
-1.0640523037389535,-2.4788828650090555,0.00014824968821,58,35,4.592459153131169,-1.0719892361346004,-2.4760064978025103
-1.0638040012845278,-2.478887263846055,0.00014842500968,58,35,4.592459153131169,-1.0719892361346004,-2.4760064978025103
-1.0635435045632975,-2.4788857105844007,0.00014898700465,58,35,4.592459153131169,-1.0719892361346004,-2.4760064978025103
-1.0632644207088666,-2.4788825543567254,0.00014850881416,58,35,4.592459153131169,-1.0719892361346004,-2.4760064978025103
-1.0629999976602447,-2.478883175661386,0.00015011227515,58,35,4.592459153131169,-1.0719892361346004,-2.4760064978025103
-1.0791533993437432,-2.478627943706631,6.9233217801e-05,58,35,4.592459153131169,-1.0719892361346004,-2.4760064978025103
-1.078826847197888,-2.4786261046448357,6.0825201217e-05,58,35,4.592459153131169,-1.0719892361346004,-2.4760064978025103
-1.0784953745584092,-2.4786241413221055,4.4544154662e-05,58,35,4.592459153131169,-1.0719892361346004,-2.4760064978025103
-1.0781629958433787,-2.478623905226334,4.0354210796e-05,58,35,4.592459153131169,-1.0719892361346004,-2.4760064978025103
-1.077833775808397,-2.478622028886258,5.03401061e-05,58,35,4.592459153131169,-1.0719892361346004,-2.4760064978025103
-1.0775049081361305,-2.478624688070207,7.4436073191e-05,58,35,4.592459153131169,-1.0719892361346004,-2.4760064978025103
-1.0771820180456322,-2.478621370303316,0.00010249092884,58,35,4.592459153131169,-1.0719892361346004,-2.4760064978025103
-1.076858234463964,-2.478624762626766,0.00011897786317,58,35,4.592459153131169,-1.0719892361346004,-2.4760064978025103
-1.0765360742676593,-2.478625806418597,0.00013196407235,58,35,4.592459153131169,-1.0719892361346004,-2.4760064978025103
-1.0762177019705381,-2.4786248993137923,0.00014106837625,58,35,4.592459153131169,-1.0719892361346004,-2.4760064978025103
-1.0759132480006472,-2.47862527209659,0.00014571638894,58,35,4.592459153131169,-1.0719892361346004,-2.4760064978025103
-1.0756128336175934,-2.4786294596900045,0.0001494820026,58,35,4.592459153131169,-1.0719892361346004,-2.4760064978025103
-1.0753077881817188,-2.4786256821576655,0.00014923105482,58,35,4.592459153131169,-1.0719892361346004,-2.4760064978025103
-1.0750118160857465,-2.4786258561229695,0.00014765877859,58,35,4.592459153131169,-1.0719892361346004,-2.4760064978025103
-1.0747179707504464,-2.4786246507919296,0.00014494406059,58,35,4.592459153131169,-1.0719892361346004,-2.4760064978025103
-1.0744261389163714,-2.478624837183325,0.00014350491983,58,35,4.592459153131169,-1.0719892361346004,-2.4760064978025103
-1.0741402343265334,-2.4786266141146562,0.00013377664436,58,35,4.592459153131169,-1.0719892361346004,-2.4760064978025103
-1.0738413426537827,-2.4786268999148002,0.00012401281856,58,35,4.592459153131169,-1.0719892361346004,-2.4760064978025103
-1.0735507692579762,-2.4786242407308507,0.00011483946582,58,35,4.592459153131169,-1.0719892361346004,-2.4760064978025103
-1.0732635181391927,-2.478623060251997,0.00010291245417,58,35,4.592459153131169,-1.0719892361346004,-2.4760064978025103
-1.0729773870304677,-2.4786252845226815,9.4590170193e-05,58,35,4.592459153131169,-1.0719892361346004,-2.4760064978025103
-1.0726918977252575,-2.4786244146961582,8.545374294e-05,58,35,4.592459153131169,-1.0719892361346004,-2.4760064978025103
-1.072410573850711,-2.478626378018885,7.9927907791e-05,58,35,4.592459153131169,-1.0719892361346004,-2.4760064978025103
-1.072128482328823,-2.478624886887701,7.3957788118e-05,58,35,4.592459153131169,-1.0719892361346004,-2.4760064978025103
-1.0718451952905808,-2.478624949018165,7.2154885856e-05,58,35,4.592459153131169,-1.0719892361346004,-2.4760064978025103
-1.0715668790834914,-2.4786294845421906,6.9554444053e-05,58,35,4.592459153131169,-1.0719892361346004,-2.4760064978025103
-1.0712881601761572,-2.478628403472082,6.9334113505e-05,58,35,4.592459153131169,-1.0719892361346004,-2.4760064978025103
-1.071008774296542,-2.478627098732294,7.018470933e-05,58,35,4.592459153131169,-1.0719892361346004,-2.4760064978025103
-1.0707324841750643,-2.4786272105671303,6.8279652623e-05,58,35,4.592459153131169,-1.0719892361346004,-2.4760064978025103
-1.070458119464133,-2.4786251105573776,6.600296183e-05,58,35,4.592459153131169,-1.0719892361346004,-2.4760064978025103
-1.0701850886977657,-2.4786225010778007,6.5169362642e-05,58,35,4.592459153131169,-1.0719892361346004,-2.4760064978025103
-1.0699105100523287,-2.478626340740607,6.4195453888e-05,58,35,4.592459153131169,-1.0719892361346004,-2.4760064978025103
-1.0696492330993739,-2.4786263283145122,6.2747356424e-05,58,35,4.592459153131169,-1.0719892361346004,-2.4760064978025103
-1.069358772963009,-2.4786241413221055,6.003294402e-05,58,35,4.592459153131169,-1.0719892361346004,-2.4760064978025103
-1.0690886995265696,-2.4786267259494963,5.7521261624e-05,58,35,4.592459153131169,-1.0719892361346004,-2.4760064978025103
-1.0688179339490809,-2.478622451373428,5.1030761824e-05,58,35,4.592459153131169,-1.0719892361346004,-2.4760064978025103
-1.0685615397366,-2.4786273472541565,4.3412092054e-05,58,35,4.592459153131169,-1.0719892361346004,-2.4760064978025103
-1.0682800774338455,-2.478627508793369,4.39748801e-05,58,35,4.592459153131169,-1.0719892361346004,-2.4760064978025103
-1.0680189766622463,-2.478624588661462,4.705815445e-05,58,35,4.592459153131169,-1.0719892361346004,-2.4760064978025103
-1.067749884807654,-2.4786270241757316,6.0197518906e-05,58,35,4.592459153131169,-1.0719892361346004,-2.4760064978025103
-1.0674787542830684,-2.4786245762353674,8.2845770521e-05,58,35,4.592459153131169,-1.0719892361346004,-2.4760064978025103
-1.0672126700959332,-2.478621904625326,0.00010165324784,58,35,4.592459153131169,-1.0719892361346004,-2.4760064978025103
-1.0669418793496799,-2.478624799905047,0.00011424873082,58,35,4.592459153131169,-1.0719892361346004,-2.4760064978025103
-1.0666745493086611,-2.478623594574004,0.00012681662338,58,35,4.592459153131169,-1.0719892361346004,-2.4760064978025103
-1.066407005333137,-2.4786261667752996,0.00013881879568,58,35,4.592459153131169,-1.0719892361346004,-2.4760064978025103
-1.066139159332428,-2.478624551383181,0.00014239391021,58,35,4.592459153131169,-1.0719892361346004,-2.4760064978025103
-1.0658747992057187,-2.4786243152874095,0.00014504956198,58,35,4.592459153131169,-1.0719892361346004,-2.4760064978025103
-1.0656078970337108,-2.4786244519744356,0.00014625680342,58,35,4.592459153131169,-1.0719892361346004,-2.4760064978025103
-1.0653412717181194,-2.4786264152971658,0.00014795719471,58,35,4.592459153131169,-1.0719892361346004,-2.4760064978025103
-1.065075565062466,-2.478624191026478,0.00014914288477,58,35,4.592459153131169,-1.0719892361346004,-2.4760064978025103
-1.0648099590818711,-2.4786261294970218,0.00014827679843,58,35,4.592459153131169,-1.0719892361346004,-2.4760064978025103
-1.0645452340080648,-2.4786222898342154,0.00014793303853,58,35,4.592459153131169,-1.0719892361346004,-2.4760064978025103
-1.0642810248939465,-2.4786251354095636,0.00014914882195,58,35,4.592459153131169,-1.0719892361346004,-2.4760064978025103
-1.0640169667924213,-2.4786273472541565,0.00014692642435,58,35,4.592459153131169,-1.0719892361346004,-2.4760064978025103
-1.0637551361266286,-2.478622028886258,0.00014615138934,58,35,4.592459153131169,-1.0719892361346004,-2.4760064978025103
-1.0634937081610805,-2.4786242407308507,0.00014989476767,58,35,4.592459153131169,-1.0719892361346004,-2.4760064978025103
-1.063231411873129,-2.4786246507919296,0.00014858745271,58,35,4.592459153131169,-1.0719892361346004,-2.4760064978025103
-1.062968335353451,-2.478629708211867,0.00015022383013,58,35,4.592459153131169,-1.0719892361346004,-2.4760064978025103
-1.0791717599580568,-2.478373258499981,7.0848000178e-05,58,35,4.592459153131169,-1.0719892361346004,-2.4760064978025103
-1.0788455475905339,-2.478366362018241,6.1778657255e-05,58,35,4.592459153131169,-1.0719892361346004,-2.4760064978025103
-1.0785090286136045,-2.47837067387259,4.8202917242e-05,58,35,4.592459153131169,-1.0719892361346004,-2.4760064978025103
-1.0781762471983278,-2.478365728287489,3.7269499444e-05,58,35,4.592459153131169,-1.0719892361346004,-2.4760064978025103
-1.0778461840097089,-2.4783638022430403,4.8670815886e-05,58,35,4.592459153131169,-1.0719892361346004,-2.4760064978025103
-1.0775183985943515,-2.478365442487345,7.4547460827e-05,58,35,4.592459153131169,-1.0719892361346004,-2.4760064978025103
-1.0771916450983738,-2.4783659395310744,9.7047304735e-05,58,35,4.592459153131169,-1.0719892361346004,-2.4760064978025103
-1.0768682138794192,-2.4783642868606743,0.00011871364404,58,35,4.592459153131169,-1.0719892361346004,-2.4760064978025103
-1.0765477777435404,-2.478365976809352,0.00013110076543,58,35,4.592459153131169,-1.0719892361346004,-2.4760064978025103
-1.0762278701517345,-2.4783656537309304,0.00013974221656,58,35,4.592459153131169,-1.0719892361346004,-2.4760064978025103
-1.075917035899831,-2.478366076218097,0.00014327121607,58,35,4.592459153131169,-1.0719892361346004,-2.4760064978025103
-1.075619767612444,-2.478364013486625,0.00014959656983,58,35,4.592459153131169,-1.0719892361346004,-2.4760064978025103
-1.0753194664888353,-2.4783638395213177,0.00014975677186,58,35,4.592459153131169,-1.0719892361346004,-2.4760064978025103
-1.075025268790818,-2.478363653129919,0.00014831396402,58,35,4.592459153131169,-1.0719892361346004,-2.4760064978025103
-1.0747256346394907,-2.4783622738335715,0.00014726626978,58,35,4.592459153131169,-1.0719892361346004,-2.4760064978025103
-1.0744303295157995,-2.478363777390854,0.000142905963,58,35,4.592459153131169,-1.0719892361346004,-2.4760064978025103
-1.0741404230922742,-2.4783656537309304,0.00013213914644,58,35,4.592459153131169,-1.0719892361346004,-2.4760064978025103
-1.0738473579886987,-2.478364485678165,0.0001222902938,58,35,4.592459153131169,-1.0719892361346004,-2.4760064978025103
-1.0735567594241258,-2.478361155485182,0.00010968212882,58,35,4.592459153131169,-1.0719892361346004,-2.4760064978025103
-1.0732697096554662,-2.4783646720695636,9.9970937299e-05,58,35,4.592459153131169,-1.0719892361346004,-2.4760064978025103
-1.0729836162998874,-2.4783683874714386,9.3600319815e-05,58,35,4.592459153131169,-1.0719892361346004,-2.4760064978025103
-1.0726972586722754,-2.4783661632007505,8.7563115812e-05,58,35,4.592459153131169,-1.0719892361346004,-2.4760064978025103
-1.072414525346869,-2.4783681265234807,8.1372178101e-05,58,35,4.592459153131169,-1.0719892361346004,-2.4760064978025103
-1.072131062127269,-2.478366871488065,7.9756558989e-05,58,35,4.592459153131169,-1.0719892361346004,-2.4760064978025103
-1.0718506946658066,-2.4783665235574537,7.4467367085e-05,58,35,4.592459153131169,-1.0719892361346004,-2.4760064978025103
-1.0715697860758882,-2.478363864373504,7.3139286542e-05,58,35,4.592459153131169,-1.0719892361346004,-2.4760064978025103
-1.071291973244107,-2.4783641253214617,7.2136092058e-05,58,35,4.592459153131169,-1.0719892361346004,-2.4760064978025103
-1.071010246669314,-2.4783637525386677,7.2828945122e-05,58,35,4.592459153131169,-1.0719892361346004,-2.4760064978025103
-1.0707346612732656,-2.4783689839239127,7.1372625825e-05,58,35,4.592459153131169,-1.0719892361346004,-2.4760064978025103
-1.0704574399074684,-2.4783673933839805,7.0782829425e-05,58,35,4.592459153131169,-1.0719892361346004,-2.4760064978025103
-1.070182559236849,-2.4783674803666305,7.1746741014e-05,58,35,4.592459153131169,-1.0719892361346004,-2.4760064978025103
-1.069908962173261,-2.4783715685513035,6.9965411967e-05,58,35,4.592459153131169,-1.0719892361346004,-2.4760064978025103
-1.0696340815026413,-2.478368660845488,6.9868117862e-05,58,35,4.592459153131169,-1.0719892361346004,-2.4760064978025103
-1.069361327592692,-2.478367231844768,6.8085602834e-05,58,35,4.592459153131169,-1.0719892361346004,-2.4760064978025103
-1.0690885107608288,-2.4783677413145884,6.2211700424e-05,58,35,4.592459153131169,-1.0719892361346004,-2.4760064978025103
-1.0688188148558677,-2.4783657779918618,5.447505464e-05,58,35,4.592459153131169,-1.0719892361346004,-2.4760064978025103
-1.0685464762305463,-2.4783672069925813,4.5390570449e-05,58,35,4.592459153131169,-1.0719892361346004,-2.4760064978025103
-1.06828188958495,-2.4783637152603863,3.8410194975e-05,58,35,4.592459153131169,-1.0719892361346004,-2.4760064978025103
-1.0680326055486755,-2.478367467940539,3.6502140574e-05,58,35,4.592459153131169,-1.0719892361346004,-2.4760064978025103
-1.067750677623762,-2.478368225932226,4.7391200496e-05,58,35,4.592459153131169,-1.0719892361346004,-2.4760064978025103
-1.0674878402073558,-2.478366896340251,7.0131187385e-05,58,35,4.592459153131169,-1.0719892361346004,-2.4760064978025103
-1.067205987788736,-2.478369070906563,8.918185631e-05,58,35,4.592459153131169,-1.0719892361346004,-2.4760064978025103
-1.066940860014685,-2.4783665359835485,0.00010952159209,58,35,4.592459153131169,-1.0719892361346004,-2.4760064978025103
-1.066670836915775,-2.478367256696954,0.00012666250404,58,35,4.592459153131169,-1.0719892361346004,-2.4760064978025103
-1.0664011535951954,-2.478368486880184,0.00013487317483,58,35,4.592459153131169,-1.0719892361346004,-2.4760064978025103
-1.066136516612068,-2.4783669087663425,0.00014014214685,58,35,4.592459153131169,-1.0719892361346004,-2.4760064978025103
-1.065867110147908,-2.4783687229759552,0.00014500420366,58,35,4.592459153131169,-1.0719892361346004,-2.4760064978025103
-1.0655982322278212,-2.4783693194284293,0.00014402355009,58,35,4.592459153131169,-1.0719892361346004,-2.4760064978025103
-1.0653495774106818,-2.478371133638038,0.00014772119175,58,35,4.592459153131169,-1.0719892361346004,-2.4760064978025103
-1.06507119828168,-2.478369095758749,0.00014938267122,58,35,4.592459153131169,-1.0719892361346004,-2.4760064978025103
-1.064805076341397,-2.4783686359933013,0.00014992356591,58,35,4.592459153131169,-1.0719892361346004,-2.4760064978025103
-1.0645410056554887,-2.4783683004887846,0.00014637451386,58,35,4.592459153131169,-1.0719892361346004,-2.4760064978025103
-1.0642754500124247,-2.4783657779918618,0.00014793693845,58,35,4.592459153131169,-1.0719892361346004,-2.4760064978025103
-1.0640126629335496,-2.4783671697143004,0.00014830846339,58,35,4.592459153131169,-1.0719892361346004,-2.4760064978025103
-1.0637518516027518,-2.478367927705987,0.00014840030053,58,35,4.592459153131169,-1.0719892361346004,-2.4760064978025103
-1.0634875418135732,-2.478367654331938,0.00014760275371,58,35,4.592459153131169,-1.0719892361346004,-2.4760064978025103
-1.06322840420567,-2.47836862356721,0.00014854030451,58,35,4.592459153131169,-1.0719892361346004,-2.4760064978025103
-1.062961627877489,-2.478363914077877,0.00014924159041,58,35,4.592459153131169,-1.0719892361346004,-2.4760064978025103
-1.0791725779429293,-2.478112223559693,7.472402649e-05,58,35,4.592459153131169,-1.0719892361346004,-2.4760064978025103
-1.078843672517515,-2.478109253723413,6.1591614212e-05,58,35,4.592459153131169,-1.0719892361346004,-2.4760064978025103
-1.078509469066999,-2.47810793655753,5.0656057283e-05,58,35,4.592459153131169,-1.0719892361346004,-2.4760064978025103
-1.078176624729808,-2.478105861399963,3.9077283873e-05,58,35,4.592459153131169,-1.0719892361346004,-2.4760064978025103
-1.0778462972691523,-2.4781078371487846,4.3482177716e-05,58,35,4.592459153131169,-1.0719892361346004,-2.4760064978025103
-1.0775167877933693,-2.478108098096742,6.7313951149e-05,58,35,4.592459153131169,-1.0719892361346004,-2.4760064978025103
-1.0771913556575727,-2.4781116146811235,9.4407711003e-05,58,35,4.592459153131169,-1.0719892361346004,-2.4760064978025103
-1.0768646902522723,-2.47810673122649,0.00011797645857,58,35,4.592459153131169,-1.0719892361346004,-2.4760064978025103
-1.0765432096126322,-2.4781083590447,0.00012907321798,58,35,4.592459153131169,-1.0719892361346004,-2.4760064978025103
-1.0762265991290845,-2.478110384497894,0.00014198171266,58,35,4.592459153131169,-1.0719892361346004,-2.4760064978025103
-1.0759125181064537,-2.4781114158636335,0.0001467676484,58,35,4.592459153131169,-1.0719892361346004,-2.4760064978025103
-1.0756203590784295,-2.4781135407255723,0.00014797317272,58,35,4.592459153131169,-1.0719892361346004,-2.4760064978025103
-1.075312205300036,-2.4781086324187527,0.00014855363406,58,35,4.592459153131169,-1.0719892361346004,-2.4760064978025103
-1.0750204993097874,-2.4781095643757434,0.00015070101654,58,35,4.592459153131169,-1.0719892361346004,-2.4760064978025103
-1.0747197829015491,-2.478109216445132,0.00014834869944,58,35,4.592459153131169,-1.0719892361346004,-2.4760064978025103
-1.0744247546342778,-2.4781105708892928,0.0001421028137,58,35,4.592459153131169,-1.0719892361346004,-2.4760064978025103
-1.0741290593947252,-2.478110508758829,0.00013357539137,58,35,4.592459153131169,-1.0719892361346004,-2.4760064978025103
-1.0738380203767581,-2.478111825924709,0.00012216638424,58,35,4.592459153131169,-1.0719892361346004,-2.4760064978025103
-1.0735490703663153,-2.4781096016540243,0.00011265226203,58,35,4.592459153131169,-1.0719892361346004,-2.4760064978025103
-1.073263065101417,-2.4781078122965985,0.00010113522148,58,35,4.592459153131169,-1.0719892361346004,-2.4760064978025103
-1.0729736746375798,-2.478108185079396,9.4785900728e-05,58,35,4.592459153131169,-1.0719892361346004,-2.4760064978025103
-1.0726881098260759,-2.478107899279252,8.7526190327e-05,58,35,4.592459153131169,-1.0719892361346004,-2.4760064978025103
-1.0724032371556158,-2.4781096886366747,8.2912025391e-05,58,35,4.592459153131169,-1.0719892361346004,-2.4760064978025103
-1.0721200759612002,-2.4781091046102954,7.7699951362e-05,58,35,4.592459153131169,-1.0719892361346004,-2.4760064978025103
-1.071841445144545,-2.4781081229489286,7.6383235864e-05,58,35,4.592459153131169,-1.0719892361346004,-2.4760064978025103
-1.0715625626402363,-2.478106445426346,7.446728705e-05,58,35,4.592459153131169,-1.0719892361346004,-2.4760064978025103
-1.0712802320150765,-2.4781108566894368,7.6285505202e-05,58,35,4.592459153131169,-1.0719892361346004,-2.4760064978025103
-1.0710026457021824,-2.4781106205936654,7.506050315e-05,58,35,4.592459153131169,-1.0719892361346004,-2.4760064978025103
-1.0707271232280462,-2.4781063957219733,7.3463510489e-05,58,35,4.592459153131169,-1.0719892361346004,-2.4760064978025103
-1.070446944532323,-2.4781092785755994,7.328933134e-05,58,35,4.592459153131169,-1.0719892361346004,-2.4760064978025103
-1.0701843462191871,-2.478111689237682,7.4159863289e-05,58,35,4.592459153131169,-1.0719892361346004,-2.4760064978025103
-1.0699089999264086,-2.4781101359760314,7.3989474913e-05,58,35,4.592459153131169,-1.0719892361346004,-2.4760064978025103
-1.0696217362232436,-2.4781069921744474,7.3238828918e-05,58,35,4.592459153131169,-1.0719892361346004,-2.4760064978025103
-1.0693473085903997,-2.478106656669931,7.1696893428e-05,58,35,4.592459153131169,-1.0719892361346004,-2.4760064978025103
-1.0690754481716187,-2.4781091294624815,6.740444951e-05,58,35,4.592459153131169,-1.0719892361346004,-2.4760064978025103
-1.0688029585337062,-2.4781075513486406,6.057133578e-05,58,35,4.592459153131169,-1.0719892361346004,-2.4760064978025103
-1.0685353893894154,-2.478110608167574,4.9864538596e-05,58,35,4.592459153131169,-1.0719892361346004,-2.4760064978025103
-1.0682693932929592,-2.478110707576319,3.9943450247e-05,58,35,4.592459153131169,-1.0719892361346004,-2.4760064978025103
-1.0680192786874307,-2.4781109436720907,3.6050365452e-05,58,35,4.592459153131169,-1.0719892361346004,-2.4760064978025103
-1.067750967064563,-2.4781088560884292,4.0240243834e-05,58,35,4.592459153131169,-1.0719892361346004,-2.4760064978025103
-1.0674646723588637,-2.4781121614292254,6.1025944888e-05,58,35,4.592459153131169,-1.0719892361346004,-2.4760064978025103
-1.0672072965645338,-2.478110061419472,8.3693303168e-05,58,35,4.592459153131169,-1.0719892361346004,-2.4760064978025103
-1.066939299551234,-2.4781094525409033,0.00010285821918,58,35,4.592459153131169,-1.0719892361346004,-2.4760064978025103
-1.0666560376817562,-2.4781074892181767,0.00012110902026,58,35,4.592459153131169,-1.0719892361346004,-2.4760064978025103
-1.0663903184417196,-2.478108793957965,0.00013215870422,58,35,4.592459153131169,-1.0719892361346004,-2.4760064978025103
-1.0661235924510677,-2.4781075762008267,0.00014115120575,58,35,4.592459153131169,-1.0719892361346004,-2.4760064978025103
-1.065871577603756,-2.4781114034375387,0.00014318236208,58,35,4.592459153131169,-1.0719892361346004,-2.4760064978025103
-1.0656070161269242,-2.4781079117053433,0.00014617010311,58,35,4.592459153131169,-1.0719892361346004,-2.4760064978025103
-1.0653230998695467,-2.4781086199926574,0.00014655281848,58,35,4.592459153131169,-1.0719892361346004,-2.4760064978025103
-1.0650551406093944,-2.478110508758829,0.00014694999845,58,35,4.592459153131169,-1.0719892361346004,-2.4760064978025103
-1.0647930708403315,-2.478108495731726,0.00014986716269,58,35,4.592459153131169,-1.0719892361346004,-2.4760064978025103
-1.0645287736355344,-2.4781099744368187,0.00014793955779,58,35,4.592459153131169,-1.0719892361346004,-2.4760064978025103
-1.0642622615793882,-2.4781065821133685,0.00014501494297,58,35,4.592459153131169,-1.0719892361346004,-2.4760064978025103
-1.0640171178050126,-2.478111788646431,0.00014724984067,58,35,4.592459153131169,-1.0719892361346004,-2.4760064978025103
-1.0637601195421649,-2.478108222357674,0.00014788364933,58,35,4.592459153131169,-1.0719892361346004,-2.4760064978025103
-1.0634755992344203,-2.478110806985064,0.00015026694746,58,35,4.592459153131169,-1.0719892361346004,-2.4760064978025103
-1.0632146243066496,-2.4781065572611825,0.0001491560688,58,35,4.592459153131169,-1.0719892361346004,-2.4760064978025103
-1.0629678068093795,-2.4781116022550322,0.0001500552753,58,35,4.592459153131169,-1.0719892361346004,-2.4760064978025103
-1.0791651909103033,-2.477855425917191,7.2306087532e-05,58,35,4.592459153131169,-1.0719892361346004,-2.4760064978025103
-1.078836008628471,-2.477848280913592,6.3273866544e-05,58,35,4.592459153131169,-1.0719892361346004,-2.4760064978025103
-1.078503264966342,-2.477850492758185,5.3189112805e-05,58,35,4.592459153131169,-1.0719892361346004,-2.4760064978025103
-1.0781677779087926,-2.4778498466013383,4.1556551878e-05,58,35,4.592459153131169,-1.0719892361346004,-2.4760064978025103
-1.0778349461559866,-2.4778498714535244,4.4481170335e-05,58,35,4.592459153131169,-1.0719892361346004,-2.4760064978025103
-1.0775130879848664,-2.4778503684972537,6.3395811594e-05,58,35,4.592459153131169,-1.0719892361346004,-2.4760064978025103
-1.077181074216933,-2.477850467905999,9.340543329e-05,58,35,4.592459153131169,-1.0719892361346004,-2.4760064978025103
-1.076857202544584,-2.477851064358473,0.00011515907681,58,35,4.592459153131169,-1.0719892361346004,-2.4760064978025103
-1.0765337209881,-2.477849635357753,0.00012956134742,58,35,4.592459153131169,-1.0719892361346004,-2.4760064978025103
-1.0762188093962135,-2.4778474110870654,0.00013865630899,58,35,4.592459153131169,-1.0719892361346004,-2.4760064978025103
-1.0759072578344977,-2.47785016967976,0.00014215505507,58,35,4.592459153131169,-1.0719892361346004,-2.4760064978025103
-1.075607699189466,-2.4778488649399715,0.00014763994841,58,35,4.592459153131169,-1.0719892361346004,-2.4760064978025103
-1.075308027284989,-2.4778503436450676,0.00015079905279,58,35,4.592459153131169,-1.0719892361346004,-2.4760064978025103
-1.0750117909169818,-2.477852692176683,0.00014948930766,58,35,4.592459153131169,-1.0719892361346004,-2.4760064978025103
-1.0747169388310667,-2.4778468022084965,0.00014796626056,58,35,4.592459153131169,-1.0719892361346004,-2.4760064978025103
-1.0744213065134265,-2.4778495110968217,0.00014285572979,58,35,4.592459153131169,-1.0719892361346004,-2.4760064978025103
-1.0741280400597286,-2.477851635958761,0.00013058616605,58,35,4.592459153131169,-1.0719892361346004,-2.4760064978025103
-1.073846338653702,-2.477851524123921,0.00012259415234,58,35,4.592459153131169,-1.0719892361346004,-2.4760064978025103
-1.073547509902864,-2.4778504430538124,0.00011080595868,58,35,4.592459153131169,-1.0719892361346004,-2.4760064978025103
-1.07325991900575,-2.477853276203066,0.00010207404557,58,35,4.592459153131169,-1.0719892361346004,-2.4760064978025103
-1.0729826221336571,-2.477850492758185,9.3148322776e-05,58,35,4.592459153131169,-1.0719892361346004,-2.4760064978025103
-1.072694917977098,-2.477853276203066,8.5774365289e-05,58,35,4.592459153131169,-1.0719892361346004,-2.4760064978025103
-1.0724115806013246,-2.4778522945417025,8.0860991147e-05,58,35,4.592459153131169,-1.0719892361346004,-2.4760064978025103
-1.072120528998976,-2.4778491134618377,8.0810175859e-05,58,35,4.592459153131169,-1.0719892361346004,-2.4760064978025103
-1.0718351907063588,-2.477849610505567,7.6611744589e-05,58,35,4.592459153131169,-1.0719892361346004,-2.4760064978025103
-1.071559164856916,-2.4778502690885054,7.6219599578e-05,58,35,4.592459153131169,-1.0719892361346004,-2.4760064978025103
-1.0712774131133602,-2.4778525803418465,7.7398763096e-05,58,35,4.592459153131169,-1.0719892361346004,-2.4760064978025103
-1.0710117316264696,-2.4778522821156077,7.8314231359e-05,58,35,4.592459153131169,-1.0719892361346004,-2.4760064978025103
-1.0707209317117745,-2.4778493744097956,7.8746546933e-05,58,35,4.592459153131169,-1.0719892361346004,-2.4760064978025103
-1.0704474982451608,-2.477847771443768,7.783620822e-05,58,35,4.592459153131169,-1.0719892361346004,-2.4760064978025103
-1.0701817160832099,-2.477850356071159,7.9548568465e-05,58,35,4.592459153131169,-1.0719892361346004,-2.4760064978025103
-1.0698943768737474,-2.477848169078752,7.6993899711e-05,58,35,4.592459153131169,-1.0719892361346004,-2.4760064978025103
-1.0696227681426216,-2.477847597478464,7.59671384e-05,58,35,4.592459153131169,-1.0719892361346004,-2.4760064978025103
-1.0693491836634168,-2.477848057243912,7.580233796e-05,58,35,4.592459153131169,-1.0719892361346004,-2.4760064978025103
-1.0690786446048168,-2.4778509773758195,7.1133727033e-05,58,35,4.592459153131169,-1.0719892361346004,-2.4760064978025103
-1.0688071239643697,-2.4778504182016263,6.4376137743e-05,58,35,4.592459153131169,-1.0719892361346004,-2.4760064978025103
-1.0685500376108412,-2.4778481318004713,5.2858682466e-05,58,35,4.592459153131169,-1.0719892361346004,-2.4760064978025103
-1.068284570058458,-2.477848032391726,4.5852830226e-05,58,35,4.592459153131169,-1.0719892361346004,-2.4760064978025103
-1.0680059518261842,-2.4778483927484287,3.5860219214e-05,58,35,4.592459153131169,-1.0719892361346004,-2.4760064978025103
-1.067748387266117,-2.477850318792881,3.8740327e-05,58,35,4.592459153131169,-1.0719892361346004,-2.4760064978025103
-1.0674825044291043,-2.477851325306431,5.7759516494e-05,58,35,4.592459153131169,-1.0719892361346004,-2.4760064978025103
-1.0672111725543962,-2.477852692176683,7.5280076999e-05,58,35,4.592459153131169,-1.0719892361346004,-2.4760064978025103
-1.0669278100098583,-2.4778487779573215,0.00010153456242,58,35,4.592459153131169,-1.0719892361346004,-2.4760064978025103
-1.0666620404322888,-2.477849585653381,0.00011819774954,58,35,4.592459153131169,-1.0719892361346004,-2.4760064978025103
-1.066395025000836,-2.477848355470151,0.00013137953647,58,35,4.592459153131169,-1.0719892361346004,-2.4760064978025103
-1.066126512027846,-2.477849772044776,0.00013977284834,58,35,4.592459153131169,-1.0719892361346004,-2.4760064978025103
-1.065876372253553,-2.4778504430538124,0.00014504385763,58,35,4.592459153131169,-1.0719892361346004,-2.4760064978025103
-1.0656131195525171,-2.4778504430538124,0.00014822235971,58,35,4.592459153131169,-1.0719892361346004,-2.4760064978025103
-1.0653301471238423,-2.477848603992014,0.0001475129684,58,35,4.592459153131169,-1.0719892361346004,-2.4760064978025103
-1.0650647173246053,-2.477847970261262,0.00014903837291,58,35,4.592459153131169,-1.0719892361346004,-2.4760064978025103
-1.0647997279787622,-2.477848467304991,0.00015009321214,58,35,4.592459153131169,-1.0719892361346004,-2.4760064978025103
-1.0645377337159951,-2.477848442452805,0.00014935195213,58,35,4.592459153131169,-1.0719892361346004,-2.4760064978025103
-1.0642886887829925,-2.477853089811667,0.00014932089834,58,35,4.592459153131169,-1.0719892361346004,-2.4760064978025103
-1.0640105235884962,-2.47784700102599,0.00015075516421,58,35,4.592459153131169,-1.0719892361346004,-2.4760064978025103
-1.0637612898897526,-2.4778492750010503,0.0001489193819,58,35,4.592459153131169,-1.0719892361346004,-2.4760064978025103
-1.0634875795667211,-2.4778478087220495,0.00014989596093,58,35,4.592459153131169,-1.0719892361346004,-2.4760064978025103
-1.0632255601351874,-2.477849772044776,0.00014989860938,58,35,4.592459153131169,-1.0719892361346004,-2.4760064978025103
-1.0629648998169827,-2.4778498590274296,0.0001517409255,58,35,4.592459153131169,-1.0719892361346004,-2.4760064978025103
-1.0791757240385964,-2.477601088641153,7.3936942499e-05,58,35,4.592459153131169,-1.0719892361346004,-2.4760064978025103
-1.0788453462404097,-2.4775899051572536,6.4595129516e-05,58,35,4.592459153131169,-1.0719892361346004,-2.4760064978025103
-1.0785091292886666,-2.477592912271811,4.6482458856e-05,58,35,4.592459153131169,-1.0719892361346004,-2.4760064978025103
-1.0781761716920322,-2.4775927258804153,4.0013492253e-05,58,35,4.592459153131169,-1.0719892361346004,-2.4760064978025103
-1.0778450514152689,-2.477592738306507,4.1756247811e-05,58,35,4.592459153131169,-1.0719892361346004,-2.4760064978025103
-1.0775165109369513,-2.4775949501511,6.2964696554e-05,58,35,4.592459153131169,-1.0719892361346004,-2.4760064978025103
-1.0771887003528293,-2.4775928004369745,8.9287779701e-05,58,35,4.592459153131169,-1.0719892361346004,-2.4760064978025103
-1.0768653446401704,-2.477590414627074,0.00011270305549,58,35,4.592459153131169,-1.0719892361346004,-2.4760064978025103
-1.0765416743179472,-2.477592663749948,0.00013147429854,58,35,4.592459153131169,-1.0719892361346004,-2.4760064978025103
-1.0762268256479732,-2.4775951365424986,0.000139686279,58,35,4.592459153131169,-1.0719892361346004,-2.4760064978025103
-1.0759106304490533,-2.4775949377250086,0.0001442112989,58,35,4.592459153131169,-1.0719892361346004,-2.4760064978025103
-1.0756091841466198,-2.4775951489685935,0.00014740804909,58,35,4.592459153131169,-1.0719892361346004,-2.4760064978025103
-1.0753160687055132,-2.4775931732197685,0.00015030665963,58,35,4.592459153131169,-1.0719892361346004,-2.4760064978025103
-1.075014144196541,-2.477590253087865,0.00014895263303,58,35,4.592459153131169,-1.0719892361346004,-2.4760064978025103
-1.07471629702755,-2.4775926761760427,0.00014579307754,58,35,4.592459153131169,-1.0719892361346004,-2.4760064978025103
-1.0744206017879974,-2.4775954720470152,0.00014400811051,58,35,4.592459153131169,-1.0719892361346004,-2.4760064978025103
-1.0741241137323352,-2.477592589193389,0.0001311476808,58,35,4.592459153131169,-1.0719892361346004,-2.4760064978025103
-1.0738377435203401,-2.477593024106651,0.00012448661437,58,35,4.592459153131169,-1.0719892361346004,-2.4760064978025103
-1.0735446784167646,-2.4775923282454313,0.00011517439998,58,35,4.592459153131169,-1.0719892361346004,-2.4760064978025103
-1.0732593652929123,-2.4775952980817113,0.00010420973558,58,35,4.592459153131169,-1.0719892361346004,-2.4760064978025103
-1.0729783182747854,-2.477595807551532,9.5222385426e-05,58,35,4.592459153131169,-1.0719892361346004,-2.4760064978025103
-1.0726847120427536,-2.4775935584286612,9.0034867753e-05,58,35,4.592459153131169,-1.0719892361346004,-2.4760064978025103
-1.0724018780422888,-2.4775955590296688,8.4607403551e-05,58,35,4.592459153131169,-1.0719892361346004,-2.4760064978025103
-1.0721189433667602,-2.4775958199776267,8.1206373579e-05,58,35,4.592459153131169,-1.0719892361346004,-2.4760064978025103
-1.0718478883484719,-2.4775951489685935,7.8614117228e-05,58,35,4.592459153131169,-1.0719892361346004,-2.4760064978025103
-1.0715567989929755,-2.477598243065805,7.7625991253e-05,58,35,4.592459153131169,-1.0719892361346004,-2.4760064978025103
-1.0712762553501536,-2.477597820578634,8.0791265646e-05,58,35,4.592459153131169,-1.0719892361346004,-2.4760064978025103
-1.070999814216083,-2.477597820578634,7.7628668805e-05,58,35,4.592459153131169,-1.0719892361346004,-2.4760064978025103
-1.0707226683565834,-2.4775961306299568,7.8383462096e-05,58,35,4.592459153131169,-1.0719892361346004,-2.4760064978025103
-1.070445811937883,-2.4775980566744056,7.931086293e-05,58,35,4.592459153131169,-1.0719892361346004,-2.4760064978025103
-1.0701703020481301,-2.4775968637694574,7.8734388808e-05,58,35,4.592459153131169,-1.0719892361346004,-2.4760064978025103
-1.0698952451961528,-2.477597584482863,7.8883051174e-05,58,35,4.592459153131169,-1.0719892361346004,-2.4760064978025103
-1.0696220634171927,-2.4775962051865155,7.7244476415e-05,58,35,4.592459153131169,-1.0719892361346004,-2.4760064978025103
-1.0693496870387236,-2.4775968513433626,7.6828408055e-05,58,35,4.592459153131169,-1.0719892361346004,-2.4760064978025103
-1.0690732459046528,-2.4775966400997773,7.3110713856e-05,58,35,4.592459153131169,-1.0719892361346004,-2.4760064978025103
-1.068807035873691,-2.47759722412616,6.5583873948e-05,58,35,4.592459153131169,-1.0719892361346004,-2.4760064978025103
-1.0685351754549117,-2.4775975969089576,5.4834454204e-05,58,35,4.592459153131169,-1.0719892361346004,-2.4760064978025103
-1.0682678957514222,-2.4775981312309647,4.4944856199e-05,58,35,4.592459153131169,-1.0719892361346004,-2.4760064978025103
-1.0680063167732827,-2.4775955341774827,3.4786567994e-05,58,35,4.592459153131169,-1.0719892361346004,-2.4760064978025103
-1.0677491171603108,-2.4775987401095336,3.5125114664e-05,58,35,4.592459153131169,-1.0719892361346004,-2.4760064978025103
-1.0674675290137294,-2.4775963045952607,5.0191447372e-05,58,35,4.592459153131169,-1.0719892361346004,-2.4760064978025103
-1.0671975562523486,-2.477601299884738,7.5038478826e-05,58,35,4.592459153131169,-1.0719892361346004,-2.4760064978025103
-1.0669288922667675,-2.4775965034127543,9.502965986e-05,58,35,4.592459153131169,-1.0719892361346004,-2.4760064978025103
-1.0666619900947578,-2.4775983424745496,0.00011566055764,58,35,4.592459153131169,-1.0719892361346004,-2.4760064978025103
-1.066394471288,-2.477597820578634,0.00012872682419,58,35,4.592459153131169,-1.0719892361346004,-2.4760064978025103
-1.0661273174283372,-2.477601461423947,0.0001358694426,58,35,4.592459153131169,-1.0719892361346004,-2.4760064978025103
-1.0658593455838017,-2.477600678580074,0.00014162264415,58,35,4.592459153131169,-1.0719892361346004,-2.4760064978025103
-1.065593525668703,-2.477600715858355,0.00014383590315,58,35,4.592459153131169,-1.0719892361346004,-2.4760064978025103
-1.0653432600505817,-2.4775981809353373,0.00014522224956,58,35,4.592459153131169,-1.0719892361346004,-2.4760064978025103
-1.0650631946143019,-2.477598864370465,0.00014647110947,58,35,4.592459153131169,-1.0719892361346004,-2.4760064978025103
-1.0648125262959356,-2.4775991998749816,0.00014852406457,58,35,4.592459153131169,-1.0719892361346004,-2.4760064978025103
-1.0645334298571216,-2.4775994732490343,0.00014765949163,58,35,4.592459153131169,-1.0719892361346004,-2.4760064978025103
-1.064269912884051,-2.4775963542996333,0.00014913085033,58,35,4.592459153131169,-1.0719892361346004,-2.4760064978025103
-1.0640062952359184,-2.477598441883295,0.00014922412811,58,35,4.592459153131169,-1.0719892361346004,-2.4760064978025103
-1.0637423881469845,-2.477597833004729,0.00014843876124,58,35,4.592459153131169,-1.0719892361346004,-2.4760064978025103
-1.0634966151534773,-2.4775986158486023,0.00014906231081,58,35,4.592459153131169,-1.0719892361346004,-2.4760064978025103
-1.0632234333745172,-2.4775949625771947,0.00014998170082,58,35,4.592459153131169,-1.0719892361346004,-2.4760064978025103
-1.0629593501042256,-2.477596118203862,0.00015072838869,58,35,4.592459153131169,-1.0719892361346004,-2.4760064978025103
-1.07915884838144,-2.4773442661464653,7.6448966865e-05,58,35,4.592459153131169,-1.0719892361346004,-2.4760064978025103
-1.078831969041634,-2.477337928838922,6.8632347393e-05,58,35,4.592459153131169,-1.0719892361346004,-2.4760064978025103
-1.0784930464476163,-2.4773404140575677,5.204401532e-05,58,35,4.592459153131169,-1.0719892361346004,-2.4760064978025103
-1.078161410211163,-2.4773374442212877,3.9747174014e-05,58,35,4.592459153131169,-1.0719892361346004,-2.4760064978025103
-1.07783100724421,-2.4773395566571357,4.0172271838e-05,58,35,4.592459153131169,-1.0719892361346004,-2.4760064978025103
-1.0775024290127464,-2.4773376057605003,6.2595499912e-05,58,35,4.592459153131169,-1.0719892361346004,-2.4760064978025103
-1.077174580675475,-2.4773403767792863,8.7169493781e-05,58,35,4.592459153131169,-1.0719892361346004,-2.4760064978025103
-1.076848934605171,-2.47733861227405,0.00010746969929,58,35,4.592459153131169,-1.0719892361346004,-2.4760064978025103
-1.0765281964441094,-2.477340215240077,0.00012669185526,58,35,4.592459153131169,-1.0719892361346004,-2.4760064978025103
-1.076213322605369,-2.47734068743162,0.0001360753231,58,35,4.592459153131169,-1.0719892361346004,-2.4760064978025103
-1.0758964226810201,-2.47733718327333,0.00014261764591,58,35,4.592459153131169,-1.0719892361346004,-2.4760064978025103
-1.0756002240661608,-2.477338214639066,0.00014688969532,58,35,4.592459153131169,-1.0719892361346004,-2.4760064978025103
-1.0752935300761564,-2.477335605159493,0.00014685811766,58,35,4.592459153131169,-1.0719892361346004,-2.4760064978025103
-1.0749957961666106,-2.477338997482939,0.00014879582159,58,35,4.592459153131169,-1.0719892361346004,-2.4760064978025103
-1.0747021018439016,-2.477338401030465,0.00014780879428,58,35,4.592459153131169,-1.0719892361346004,-2.4760064978025103
-1.0744142718435157,-2.4773377175953404,0.0001412404672,58,35,4.592459153131169,-1.0719892361346004,-2.4760064978025103
-1.074109679445415,-2.4773380033954844,0.00013385459897,58,35,4.592459153131169,-1.0719892361346004,-2.4760064978025103
-1.0738197100999773,-2.477340364353195,0.00012490783411,58,35,4.592459153131169,-1.0719892361346004,-2.4760064978025103
-1.0735374927342607,-2.477341706371261,0.00011606307089,58,35,4.592459153131169,-1.0719892361346004,-2.4760064978025103
-1.0732412186131042,-2.4773383761782783,0.00010550043953,58,35,4.592459153131169,-1.0719892361346004,-2.4760064978025103
-1.072955364360799,-2.4773385749957724,9.5860290457e-05,58,35,4.592459153131169,-1.0719892361346004,-2.4760064978025103
-1.0726720144006423,-2.4773415821103297,9.2563110229e-05,58,35,4.592459153131169,-1.0719892361346004,-2.4760064978025103
-1.0723871165614178,-2.4773420915801534,8.344573871e-05,58,35,4.592459153131169,-1.0719892361346004,-2.4760064978025103
-1.0721135446665961,-2.4773409856578557,8.1196660176e-05,58,35,4.592459153131169,-1.0719892361346004,-2.4760064978025103
-1.0718259537694803,-2.4773421537106177,8.0108133261e-05,58,35,4.592459153131169,-1.0719892361346004,-2.4760064978025103
-1.07154060289248,-2.477340960805669,7.8896948253e-05,58,35,4.592459153131169,-1.0719892361346004,-2.4760064978025103
-1.0712635199548945,-2.4773401779617963,7.6053023804e-05,58,35,4.592459153131169,-1.0719892361346004,-2.4760064978025103
-1.070984171828427,-2.4773400909791423,7.7766715549e-05,58,35,4.592459153131169,-1.0719892361346004,-2.4760064978025103
-1.0707076929412067,-2.4773390347612203,7.6897427789e-05,58,35,4.592459153131169,-1.0719892361346004,-2.4760064978025103
-1.0704457490159704,-2.4773384631609323,7.649622421e-05,58,35,4.592459153131169,-1.0719892361346004,-2.4760064978025103
-1.0701680116904853,-2.4773427253109057,7.6693359006e-05,58,35,4.592459153131169,-1.0719892361346004,-2.4760064978025103
-1.0698776144760347,-2.477339854883371,7.6495955e-05,58,35,4.592459153131169,-1.0719892361346004,-2.4760064978025103
-1.0696184894525147,-2.4773390968916877,7.5542331615e-05,58,35,4.592459153131169,-1.0719892361346004,-2.4760064978025103
-1.0693458865551584,-2.4773414702754897,7.4345451139e-05,58,35,4.592459153131169,-1.0719892361346004,-2.4760064978025103
-1.0690592772398915,-2.4773382022129744,7.5205105531e-05,58,35,4.592459153131169,-1.0719892361346004,-2.4760064978025103
-1.068791104045232,-2.4773382891956284,6.3678831793e-05,58,35,4.592459153131169,-1.0719892361346004,-2.4760064978025103
-1.0685214962309497,-2.477338624700145,5.1775714383e-05,58,35,4.592459153131169,-1.0719892361346004,-2.4760064978025103
-1.0682566578977,-2.4773401779617963,4.3398307753e-05,58,35,4.592459153131169,-1.0719892361346004,-2.4760064978025103
-1.0679877044713157,-2.477337667890964,3.6746070691e-05,58,35,4.592459153131169,-1.0719892361346004,-2.4760064978025103
-1.0677321534124737,-2.477336972029745,3.7305213482e-05,58,35,4.592459153131169,-1.0719892361346004,-2.4760064978025103
-1.0674673276636053,-2.4773400412747697,5.2747953305e-05,58,35,4.592459153131169,-1.0719892361346004,-2.4760064978025103
-1.0671825556682093,-2.4773414454233036,7.546008419e-05,58,35,4.592459153131169,-1.0719892361346004,-2.4760064978025103
-1.066914495732995,-2.47733850043921,9.67854794e-05,58,35,4.592459153131169,-1.0719892361346004,-2.4760064978025103
-1.0666443719590228,-2.4773404886141264,0.00011520247062,58,35,4.592459153131169,-1.0719892361346004,-2.4760064978025103
-1.0663770167492395,-2.4773397554746257,0.00012763809355,58,35,4.592459153131169,-1.0719892361346004,-2.4760064978025103
-1.066111813468891,-2.4773406128750577,0.00013813642727,58,35,4.592459153131169,-1.0719892361346004,-2.4760064978025103
-1.0658499450499486,-2.4773351453940413,0.00014030006423,58,35,4.592459153131169,-1.0719892361346004,-2.4760064978025103
-1.0655845152507133,-2.477334847167806,0.00014473806368,58,35,4.592459153131169,-1.0719892361346004,-2.4760064978025103
-1.0653289390231049,-2.4773382891956284,0.0001461529464,58,35,4.592459153131169,-1.0719892361346004,-2.4760064978025103
-1.0650498299999094,-2.477335903385728,0.00014665701019,58,35,4.592459153131169,-1.0719892361346004,-2.4760064978025103
-1.0647870555054155,-2.4773375809083142,0.00014811274013,58,35,4.592459153131169,-1.0719892361346004,-2.4760064978025103
-1.0645385768696323,-2.4773346856285934,0.00014727794041,58,35,4.592459153131169,-1.0719892361346004,-2.4760064978025103
-1.0642600089748913,-2.477336499838202,0.00014916413056,58,35,4.592459153131169,-1.0719892361346004,-2.4760064978025103
-1.063994629513185,-2.4773354187680936,0.00014958863903,58,35,4.592459153131169,-1.0719892361346004,-2.4760064978025103
-1.0637308986056089,-2.4773352199506,0.00014997019025,58,35,4.592459153131169,-1.0719892361346004,-2.4760064978025103
-1.0634870258538833,-2.4773376927431507,0.0001509708527,58,35,4.592459153131169,-1.0719892361346004,-2.4760064978025103
-1.0632090242563614,-2.4773379164128304,0.00014910161553,58,35,4.592459153131169,-1.0719892361346004,-2.4760064978025103
-1.0629648620638348,-2.4773377175953404,0.00015023794549,58,35,4.592459153131169,-1.0719892361346004,-2.4760064978025103
-1.0791717977112047,-2.4770828957016606,7.8183038568e-05,58,35,4.592459153131169,-1.0719892361346004,-2.4760064978025103
-1.078842313404188,-2.4770748063149757,6.7765475251e-05,58,35,4.592459153131169,-1.0719892361346004,-2.4760064978025103
-1.0785064739839232,-2.4770746323496686,5.4235064454e-05,58,35,4.592459153131169,-1.0719892361346004,-2.4760064978025103
-1.078174044931362,-2.4770744956626456,4.2526255129e-05,58,35,4.592459153131169,-1.0719892361346004,-2.4760064978025103
-1.0778440950021864,-2.4770764962636536,4.0539744077e-05,58,35,4.592459153131169,-1.0719892361346004,-2.4760064978025103
-1.0775121315717822,-2.477074421106087,5.6886026869e-05,58,35,4.592459153131169,-1.0719892361346004,-2.4760064978025103
-1.0771876810178327,-2.4770748187410674,8.8521541329e-05,58,35,4.592459153131169,-1.0719892361346004,-2.4760064978025103
-1.076858335139026,-2.4770787081082464,0.00010719480633,58,35,4.592459153131169,-1.0719892361346004,-2.4760064978025103
-1.0765341488571112,-2.477076173185228,0.00012607312237,58,35,4.592459153131169,-1.0719892361346004,-2.4760064978025103
-1.0762196525498524,-2.4770733524620696,0.00013651346671,58,35,4.592459153131169,-1.0719892361346004,-2.4760064978025103
-1.0759065908622165,-2.4770737128187728,0.00014437717618,58,35,4.592459153131169,-1.0719892361346004,-2.4760064978025103
-1.075608303239833,-2.4770703204953226,0.00014541324344,58,35,4.592459153131169,-1.0719892361346004,-2.4760064978025103
-1.0753068821061658,-2.4770716252351113,0.00014632803504,58,35,4.592459153131169,-1.0719892361346004,-2.4760064978025103
-1.0750167365793701,-2.4770764838375583,0.00014879761147,58,35,4.592459153131169,-1.0719892361346004,-2.4760064978025103
-1.0747118547404684,-2.477072892696618,0.00014749160619,58,35,4.592459153131169,-1.0719892361346004,-2.4760064978025103
-1.0744246036216865,-2.4770736009839327,0.0001432235149,58,35,4.592459153131169,-1.0719892361346004,-2.4760064978025103
-1.0741305317674976,-2.4770760240721104,0.00013258231047,58,35,4.592459153131169,-1.0719892361346004,-2.4760064978025103
-1.073833137636284,-2.4770758128285255,0.00012685028196,58,35,4.592459153131169,-1.0719892361346004,-2.4760064978025103
-1.0735427026686857,-2.4770728554183408,0.0001141926914,58,35,4.592459153131169,-1.0719892361346004,-2.4760064978025103
-1.0732541553584873,-2.47707158795683,0.00010484083759,58,35,4.592459153131169,-1.0719892361346004,-2.4760064978025103
-1.0729638336503342,-2.477073762523145,9.337622032e-05,58,35,4.592459153131169,-1.0719892361346004,-2.4760064978025103
-1.0726802445869075,-2.477075365489169,8.6922991613e-05,58,35,4.592459153131169,-1.0719892361346004,-2.4760064978025103
-1.0723981027274885,-2.477074731758417,8.4894731117e-05,58,35,4.592459153131169,-1.0719892361346004,-2.4760064978025103
-1.0721137837698662,-2.4770740607493806,8.1018035416e-05,58,35,4.592459153131169,-1.0719892361346004,-2.4760064978025103
-1.0718340706963019,-2.4770734891490926,7.8711142123e-05,58,35,4.592459153131169,-1.0719892361346004,-2.4760064978025103
-1.0715528097436695,-2.4770742098625016,7.7991193393e-05,58,35,4.592459153131169,-1.0719892361346004,-2.4760064978025103
-1.0712746948867025,-2.4770764092809996,7.5612086221e-05,58,35,4.592459153131169,-1.0719892361346004,-2.4760064978025103
-1.0709969575612173,-2.477076657802866,7.9658093455e-05,58,35,4.592459153131169,-1.0719892361346004,-2.4760064978025103
-1.0707178862911695,-2.4770730293836447,7.9126810306e-05,58,35,4.592459153131169,-1.0719892361346004,-2.4760064978025103
-1.0704434964114717,-2.4770747441845082,7.9153884144e-05,58,35,4.592459153131169,-1.0719892361346004,-2.4760064978025103
-1.070169446310108,-2.4770754151935415,7.7922508353e-05,58,35,4.592459153131169,-1.0719892361346004,-2.4760064978025103
-1.069892438878818,-2.477075191523865,7.5686650234e-05,58,35,4.592459153131169,-1.0719892361346004,-2.4760064978025103
-1.0696198863189912,-2.477074011045008,7.4766125181e-05,58,35,4.592459153131169,-1.0719892361346004,-2.4760064978025103
-1.0693599307262154,-2.477076073776483,7.2765316872e-05,58,35,4.592459153131169,-1.0719892361346004,-2.4760064978025103
-1.069075171315201,-2.477076073776483,6.537225272e-05,58,35,4.592459153131169,-1.0719892361346004,-2.4760064978025103
-1.0688025558334615,-2.477072271391958,5.8465146139e-05,58,35,4.592459153131169,-1.0719892361346004,-2.4760064978025103
-1.068536408724412,-2.477073265479416,5.0006819947e-05,58,35,4.592459153131169,-1.0719892361346004,-2.4760064978025103
-1.0682662471972921,-2.477073650688305,4.1473336751e-05,58,35,4.592459153131169,-1.0719892361346004,-2.4760064978025103
-1.068007688470993,-2.4770756388632216,3.7425495975e-05,58,35,4.592459153131169,-1.0719892361346004,-2.4760064978025103
-1.0677374388531942,-2.4770729175488047,4.0338050894e-05,58,35,4.592459153131169,-1.0719892361346004,-2.4760064978025103
-1.067466094394105,-2.4770734891490926,4.8377511121e-05,58,35,4.592459153131169,-1.0719892361346004,-2.4760064978025103
-1.0671975436679673,-2.4770734270186288,7.6617514424e-05,58,35,4.592459153131169,-1.0719892361346004,-2.4760064978025103
-1.0669420429466545,-2.4770770057334737,9.3483584351e-05,58,35,4.592459153131169,-1.0719892361346004,-2.4760064978025103
-1.0666613734600077,-2.4770779625426544,0.00011443456606,58,35,4.592459153131169,-1.0719892361346004,-2.4760064978025103
-1.0663927849807222,-2.477073911636263,0.00012499101285,58,35,4.592459153131169,-1.0719892361346004,-2.4760064978025103
-1.0661251906676668,-2.477076048924297,0.00013441946066,58,35,4.592459153131169,-1.0719892361346004,-2.4760064978025103
-1.0658598615434918,-2.4770742844190603,0.00014018772345,58,35,4.592459153131169,-1.0719892361346004,-2.4760064978025103
-1.0655928209432741,-2.4770741974364068,0.00014470661699,58,35,4.592459153131169,-1.0719892361346004,-2.4760064978025103
-1.065330537239704,-2.4770772791075264,0.00014719218598,58,35,4.592459153131169,-1.0719892361346004,-2.4760064978025103
-1.0650637357427564,-2.4770768069159836,0.00014955009101,58,35,4.592459153131169,-1.0719892361346004,-2.4760064978025103
-1.0648144894596316,-2.477074607497482,0.00015006703325,58,35,4.592459153131169,-1.0719892361346004,-2.4760064978025103
-1.064535657292854,-2.4770747441845082,0.00014910016034,58,35,4.592459153131169,-1.0719892361346004,-2.4760064978025103
-1.0642759282189669,-2.4770748063149757,0.00014756500605,58,35,4.592459153131169,-1.0719892361346004,-2.4760064978025103
-1.0640278522834299,-2.4770758252546203,0.0001493118034,58,35,4.592459153131169,-1.0719892361346004,-2.4760064978025103
-1.0637657195924528,-2.4770743465495246,0.00014832250599,58,35,4.592459153131169,-1.0719892361346004,-2.4760064978025103
-1.0634873782165988,-2.477073190922857,0.00015120104945,58,35,4.592459153131169,-1.0719892361346004,-2.4760064978025103
-1.0632261641855563,-2.477073948914544,0.00014822317462,58,35,4.592459153131169,-1.0719892361346004,-2.4760064978025103
-1.0629646103761814,-2.4770762974461595,0.00014970640768,58,35,4.592459153131169,-1.0719892361346004,-2.4760064978025103
-1.0791497624571527,-2.4768195370819432,7.4870738899e-05,58,35,4.592459153131169,-1.0719892361346004,-2.4760064978025103
-1.078820328487667,-2.4768132494787722,6.8113011366e-05,58,35,4.592459153131169,-1.0719892361346004,-2.4760064978025103
-1.0784860872840012,-2.476812329947873,5.2939045418e-05,58,35,4.592459153131169,-1.0719892361346004,-2.4760064978025103
-1.078153607893909,-2.476814678479492,4.2640353058e-05,58,35,4.592459153131169,-1.0719892361346004,-2.4760064978025103
-1.0778190143275277,-2.476813684392034,4.1423932998e-05,58,35,4.592459153131169,-1.0719892361346004,-2.4760064978025103
-1.0774923866753767,-2.4768119944433566,5.5247855926e-05,58,35,4.592459153131169,-1.0719892361346004,-2.4760064978025103
-1.0771632924842216,-2.4768145169402795,8.2860184193e-05,58,35,4.592459153131169,-1.0719892361346004,-2.4760064978025103
-1.0768405408219315,-2.476812441782713,0.00010715801909,58,35,4.592459153131169,-1.0719892361346004,-2.4760064978025103
-1.0765188336634042,-2.476813995044364,0.0001276077237,58,35,4.592459153131169,-1.0719892361346004,-2.4760064978025103
-1.076201669467019,-2.4768123423739676,0.00013592053438,58,35,4.592459153131169,-1.0719892361346004,-2.4760064978025103
-1.0758912127465954,-2.4768107394079406,0.00014196973643,58,35,4.592459153131169,-1.0719892361346004,-2.4760064978025103
-1.0755927741116205,-2.4768147903143323,0.00014732204727,58,35,4.592459153131169,-1.0719892361346004,-2.4760064978025103
-1.0752913152248054,-2.476810267216398,0.00014722968626,58,35,4.592459153131169,-1.0719892361346004,-2.4760064978025103
-1.0750014213856633,-2.4768127524350434,0.00014854109031,58,35,4.592459153131169,-1.0719892361346004,-2.4760064978025103
-1.0746965017936136,-2.4768118950346114,0.00014588807244,58,35,4.592459153131169,-1.0719892361346004,-2.4760064978025103
-1.0744022285893022,-2.4768091612941032,0.00014619198919,58,35,4.592459153131169,-1.0719892361346004,-2.4760064978025103
-1.074109390004614,-2.4768120192955427,0.00013747694902,58,35,4.592459153131169,-1.0719892361346004,-2.4760064978025103
-1.0738173190672704,-2.4768129885308148,0.00012531731045,58,35,4.592459153131169,-1.0719892361346004,-2.4760064978025103
-1.073537782175062,-2.4768148027404235,0.00011965109297,58,35,4.592459153131169,-1.0719892361346004,-2.4760064978025103
-1.0732355430565221,-2.4768104784599827,0.0001056303081,58,35,4.592459153131169,-1.0719892361346004,-2.4760064978025103
-1.0729544582852457,-2.476809832303136,9.4081471616e-05,58,35,4.592459153131169,-1.0719892361346004,-2.4760064978025103
-1.0726674714384987,-2.4768099317118812,8.8635235443e-05,58,35,4.592459153131169,-1.0719892361346004,-2.4760064978025103
-1.0723832028184093,-2.476810080825002,8.3387640188e-05,58,35,4.592459153131169,-1.0719892361346004,-2.4760064978025103
-1.0721026088380565,-2.476812267817409,8.1049503933e-05,58,35,4.592459153131169,-1.0719892361346004,-2.4760064978025103
-1.0718189442683341,-2.4768123920783403,7.9150420788e-05,58,35,4.592459153131169,-1.0719892361346004,-2.4760064978025103
-1.0715398604139033,-2.4768117831997714,7.8898614447e-05,58,35,4.592459153131169,-1.0719892361346004,-2.4760064978025103
-1.0712594426149098,-2.4768122181130363,7.8740224126e-05,58,35,4.592459153131169,-1.0719892361346004,-2.4760064978025103
-1.070982095405286,-2.4768101056771887,7.814077253e-05,58,35,4.592459153131169,-1.0719892361346004,-2.4760064978025103
-1.070702583681844,-2.4768109009471533,7.8155106166e-05,58,35,4.592459153131169,-1.0719892361346004,-2.4760064978025103
-1.0704299556157215,-2.476811982017265,7.683167496e-05,58,35,4.592459153131169,-1.0719892361346004,-2.4760064978025103
-1.0701514380585098,-2.476811795625866,7.8982608102e-05,58,35,4.592459153131169,-1.0719892361346004,-2.4760064978025103
-1.0698800306775063,-2.4768132494787722,7.3017981777e-05,58,35,4.592459153131169,-1.0719892361346004,-2.4760064978025103
-1.0696047221378755,-2.4768128021394156,7.2817798355e-05,58,35,4.592459153131169,-1.0719892361346004,-2.4760064978025103
-1.0693277272909671,-2.4768107394079406,6.7970417149e-05,58,35,4.592459153131169,-1.0719892361346004,-2.4760064978025103
-1.069060095224764,-2.476812839417697,6.0823163949e-05,58,35,4.592459153131169,-1.0719892361346004,-2.4760064978025103
-1.0687890779596236,-2.4768127400089517,4.9290792958e-05,58,35,4.592459153131169,-1.0719892361346004,-2.4760064978025103
-1.0685339296010263,-2.4768150264101036,4.1956114728e-05,58,35,4.592459153131169,-1.0719892361346004,-2.4760064978025103
-1.068251548638337,-2.4768138210790602,3.7773228541e-05,58,35,4.592459153131169,-1.0719892361346004,-2.4760064978025103
-1.0679905485417984,-2.476812727582857,3.8842023059e-05,58,35,4.592459153131169,-1.0719892361346004,-2.4760064978025103
-1.0677193299265357,-2.476814690905587,4.6179415222e-05,58,35,4.592459153131169,-1.0719892361346004,-2.4760064978025103
-1.0674504394220659,-2.476813324035331,6.477462739e-05,58,35,4.592459153131169,-1.0719892361346004,-2.4760064978025103
-1.0671824298243826,-2.4768137713746876,8.3291568444e-05,58,35,4.592459153131169,-1.0719892361346004,-2.4760064978025103
-1.0669147474206484,-2.476813125217841,0.00010423494678,58,35,4.592459153131169,-1.0719892361346004,-2.4760064978025103
-1.066645970175622,-2.476813050661282,0.00011755892046,58,35,4.592459153131169,-1.0719892361346004,-2.4760064978025103
-1.0663803516106456,-2.476812143556474,0.00012929367949,58,35,4.592459153131169,-1.0719892361346004,-2.4760064978025103
-1.0661118512220389,-2.4768151133927536,0.00013697790564,58,35,4.592459153131169,-1.0719892361346004,-2.4760064978025103
-1.0658445211810184,-2.4768138086529654,0.00014277336595,58,35,4.592459153131169,-1.0719892361346004,-2.4760064978025103
-1.0655796702633853,-2.476817573759213,0.00014513196948,58,35,4.592459153131169,-1.0719892361346004,-2.4760064978025103
-1.0653162036278456,-2.4768160826280257,0.00014395119797,58,35,4.592459153131169,-1.0719892361346004,-2.4760064978025103
-1.0650518057479883,-2.4768131749222135,0.00014553862275,58,35,4.592459153131169,-1.0719892361346004,-2.4760064978025103
-1.0647854698731998,-2.476810490886078,0.00014496313815,58,35,4.592459153131169,-1.0719892361346004,-2.4760064978025103
-1.064523349766604,-2.4768141068792042,0.00014827553241,58,35,4.592459153131169,-1.0719892361346004,-2.4760064978025103
-1.0642586750303287,-2.47681351042673,0.00014744720829,58,35,4.592459153131169,-1.0719892361346004,-2.4760064978025103
-1.0640107123542353,-2.476817586185308,0.00014672437101,58,35,4.592459153131169,-1.0719892361346004,-2.4760064978025103
-1.0637360959556506,-2.476815262505875,0.0001502433006,58,35,4.592459153131169,-1.0719892361346004,-2.4760064978025103
-1.0634749070933744,-2.4768183938813673,0.00014813506277,58,35,4.592459153131169,-1.0719892361346004,-2.4760064978025103
-1.063213932165602,-2.4768160950541205,0.00014792378352,58,35,4.592459153131169,-1.0719892361346004,-2.4760064978025103
-1.0629571478372597,-2.476812441782713,0.00014725857181,58,35,4.592459153131169,-1.0719892361346004,-2.4760064978025103
-1.0791739370562583,-2.4765602542208,7.6066928159e-05,58,35,4.592459153131169,-1.0719892361346004,-2.4760064978025103
-1.0788439871270827,-2.476552425782069,6.6785774834e-05,58,35,4.592459153131169,-1.0719892361346004,-2.4760064978025103
-1.0785097585078,-2.4765516677903823,5.5357293604e-05,58,35,4.592459153131169,-1.0719892361346004,-2.4760064978025103
-1.0781686965687272,-2.476551792051314,3.9451788325e-05,58,35,4.592459153131169,-1.0719892361346004,-2.4760064978025103
-1.0778417920601566,-2.4765543021221457,3.6846045987e-05,58,35,4.592459153131169,-1.0719892361346004,-2.4760064978025103
-1.0775088218791407,-2.4765525873212817,5.2973009588e-05,58,35,4.592459153131169,-1.0719892361346004,-2.4760064978025103
-1.0771794004940365,-2.4765514689728922,8.1147401943e-05,58,35,4.592459153131169,-1.0719892361346004,-2.4760064978025103
-1.0768526344136757,-2.4765540411741878,0.00010148582078,58,35,4.592459153131169,-1.0719892361346004,-2.4760064978025103
-1.0765293793760806,-2.4765544760874496,0.00012434938981,58,35,4.592459153131169,-1.0719892361346004,-2.4760064978025103
-1.0762105288724173,-2.4765543145482405,0.00013542370289,58,35,4.592459153131169,-1.0719892361346004,-2.4760064978025103
-1.0758995939454534,-2.476554550644012,0.00014424818801,58,35,4.592459153131169,-1.0719892361346004,-2.4760064978025103
-1.0755984622525874,-2.4765549855572737,0.00014505263243,58,35,4.592459153131169,-1.0719892361346004,-2.4760064978025103
-1.0752990797889117,-2.476555892662078,0.00014731839474,58,35,4.592459153131169,-1.0719892361346004,-2.4760064978025103
-1.0750018995922035,-2.4765525873212817,0.00014971353812,58,35,4.592459153131169,-1.0719892361346004,-2.4760064978025103
-1.074705361199012,-2.4765544636613583,0.0001488278067,58,35,4.592459153131169,-1.0719892361346004,-2.4760064978025103
-1.0744193307653476,-2.4765547991658745,0.00014521810226,58,35,4.592459153131169,-1.0719892361346004,-2.4760064978025103
-1.0741179096316802,-2.47655018908529,0.00013970448344,58,35,4.592459153131169,-1.0719892361346004,-2.4760064978025103
-1.073823875530639,-2.476553817504511,0.00012839119881,58,35,4.592459153131169,-1.0719892361346004,-2.4760064978025103
-1.0735368635151274,-2.4765509967813495,0.0001183436907,58,35,4.592459153131169,-1.0719892361346004,-2.4760064978025103
-1.0732477373233267,-2.476552400929883,0.00010790899978,58,35,4.592459153131169,-1.0719892361346004,-2.4760064978025103
-1.072961039917381,-2.4765520405731802,9.6771786048e-05,58,35,4.592459153131169,-1.0719892361346004,-2.4760064978025103
-1.0726734741890316,-2.476552115129739,9.0459827334e-05,58,35,4.592459153131169,-1.0719892361346004,-2.4760064978025103
-1.072389910294371,-2.476551655364291,8.5462750576e-05,58,35,4.592459153131169,-1.0719892361346004,-2.4760064978025103
-1.07210639673724,-2.476554078452469,8.2547972852e-05,58,35,4.592459153131169,-1.0719892361346004,-2.4760064978025103
-1.0718276904142892,-2.4765509222247903,8.1213540398e-05,58,35,4.592459153131169,-1.0719892361346004,-2.4760064978025103
-1.071547524302949,-2.4765536683913902,8.2127604401e-05,58,35,4.592459153131169,-1.0719892361346004,-2.4760064978025103
-1.0712668044787697,-2.4765539914698156,8.1954356574e-05,58,35,4.592459153131169,-1.0719892361346004,-2.4760064978025103
-1.0709871165739717,-2.47655007725045,7.9375313362e-05,58,35,4.592459153131169,-1.0719892361346004,-2.4760064978025103
-1.070711141062058,-2.476551941164435,7.8173718066e-05,58,35,4.592459153131169,-1.0719892361346004,-2.4760064978025103
-1.070433416320956,-2.476551903886154,7.9000121332e-05,58,35,4.592459153131169,-1.0719892361346004,-2.4760064978025103
-1.0701578686780535,-2.4765541281568417,7.7540651546e-05,58,35,4.592459153131169,-1.0719892361346004,-2.4760064978025103
-1.0698843597051442,-2.476552388503788,7.4634903285e-05,58,35,4.592459153131169,-1.0719892361346004,-2.4760064978025103
-1.069610624213348,-2.4765539293393477,6.9178458943e-05,58,35,4.592459153131169,-1.0719892361346004,-2.4760064978025103
-1.0693374927719188,-2.4765569861582812,5.9892416175e-05,58,35,4.592459153131169,-1.0719892361346004,-2.4760064978025103
-1.069061215234821,-2.4765511955988395,5.1270078984e-05,58,35,4.592459153131169,-1.0719892361346004,-2.4760064978025103
-1.0687949800350944,-2.4765541778612143,4.2790437874e-05,58,35,4.592459153131169,-1.0719892361346004,-2.4760064978025103
-1.0685221883719973,-2.4765536683913902,3.8456761104e-05,58,35,4.592459153131169,-1.0719892361346004,-2.4760064978025103
-1.0682571109354757,-2.4765576198890367,3.5695953557e-05,58,35,4.592459153131169,-1.0719892361346004,-2.4760064978025103
-1.068010419282032,-2.4765548737224337,4.0763712605e-05,58,35,4.592459153131169,-1.0719892361346004,-2.4760064978025103
-1.0677414029337355,-2.4765556565663065,5.0042664952e-05,58,35,4.592459153131169,-1.0719892361346004,-2.4760064978025103
-1.0674556871096383,-2.476556563671111,7.4189643783e-05,58,35,4.592459153131169,-1.0719892361346004,-2.4760064978025103
-1.0671854500762228,-2.4765554826010026,8.9870802185e-05,58,35,4.592459153131169,-1.0719892361346004,-2.4760064978025103
-1.066917176206503,-2.476552835843145,0.00010822096374,58,35,4.592459153131169,-1.0719892361346004,-2.4760064978025103
-1.0666617132383398,-2.4765535317043676,0.00012660682842,58,35,4.592459153131169,-1.0719892361346004,-2.4760064978025103
-1.0663812451018155,-2.476557160123585,0.00013332866365,58,35,4.592459153131169,-1.0719892361346004,-2.4760064978025103
-1.0661128453882691,-2.4765544139569857,0.00013853354903,58,35,4.592459153131169,-1.0719892361346004,-2.4760064978025103
-1.065850297412664,-2.4765572968106118,0.00014091905905,58,35,4.592459153131169,-1.0719892361346004,-2.4760064978025103
-1.0655855094169435,-2.476554811591966,0.00014252310211,58,35,4.592459153131169,-1.0719892361346004,-2.4760064978025103
-1.0653193874766604,-2.4765547743136884,0.00014581577852,58,35,4.592459153131169,-1.0719892361346004,-2.4760064978025103
-1.0650520574356417,-2.4765579553935533,0.00014800993085,58,35,4.592459153131169,-1.0719892361346004,-2.4760064978025103
-1.0647901512635516,-2.4765548861485285,0.00014776991156,58,35,4.592459153131169,-1.0719892361346004,-2.4760064978025103
-1.0645258037212253,-2.4765549234268063,0.00014871587337,58,35,4.592459153131169,-1.0719892361346004,-2.4760064978025103
-1.0642626516952514,-2.476558116932766,0.00015093598631,58,35,4.592459153131169,-1.0719892361346004,-2.4760064978025103
-1.0640002799010042,-2.4765586885330535,0.00014933783677,58,35,4.592459153131169,-1.0719892361346004,-2.4760064978025103
-1.0637394308170585,-2.4765586636808674,0.00014756017481,58,35,4.592459153131169,-1.0719892361346004,-2.4760064978025103
-1.0634783426298426,-2.476560192090332,0.00014669891971,58,35,4.592459153131169,-1.0719892361346004,-2.4760064978025103
-1.0632195448002715,-2.476559322263806,0.00014877099602,58,35,4.592459153131169,-1.0719892361346004,-2.4760064978025103
-1.0629629744064346,-2.476557607462942,0.00015172750864,58,35,4.592459153131169,-1.0719892361346004,-2.4760064978025103
-1.079177536189701,-2.4763084518677725,7.6410797192e-05,58,35,4.592459153131169,-1.0719892361346004,-2.4760064978025103
-1.0788472087290453,-2.4763019778732063,7.3287046689e-05,58,35,4.592459153131169,-1.0719892361346004,-2.4760064978025103
-1.078512111787359,-2.4763020772819515,5.7741879573e-05,58,35,4.592459153131169,-1.0719892361346004,-2.4760064978025103
-1.0781784746340604,-2.4763023258038177,4.3487834773e-05,58,35,4.592459153131169,-1.0719892361346004,-2.4760064978025103
-1.0778464860348933,-2.4762983494539847,3.7704678107e-05,58,35,4.592459153131169,-1.0719892361346004,-2.4760064978025103
-1.0775167626246047,-2.476302474916935,5.1689170505e-05,58,35,4.592459153131169,-1.0719892361346004,-2.4760064978025103
-1.0771894931689372,-2.476300275498434,7.5518619269e-05,58,35,4.592459153131169,-1.0719892361346004,-2.4760064978025103
-1.0768642120457301,-2.4763007228377902,0.00010051639401,58,35,4.592459153131169,-1.0719892361346004,-2.4760064978025103
-1.076545122438797,-2.476302847699733,0.00012218476331,58,35,4.592459153131169,-1.0719892361346004,-2.4760064978025103
-1.0762169343231949,-2.4762990825934854,0.00013474596199,58,35,4.592459153131169,-1.0719892361346004,-2.4760064978025103
-1.0759104165145479,-2.4762984364366387,0.00014195981203,58,35,4.592459153131169,-1.0719892361346004,-2.4760064978025103
-1.075608076720946,-2.476297417496994,0.00014541191922,58,35,4.592459153131169,-1.0719892361346004,-2.4760064978025103
-1.0753058124336399,-2.4762976163144845,0.00014513776114,58,35,4.592459153131169,-1.0719892361346004,-2.4760064978025103
-1.0750147734156743,-2.476300325202806,0.00014659149747,58,35,4.592459153131169,-1.0719892361346004,-2.4760064978025103
-1.0747105459646706,-2.476299045315204,0.00014862566604,58,35,4.592459153131169,-1.0719892361346004,-2.4760064978025103
-1.074415417022339,-2.4762976287405793,0.0001466050162,58,35,4.592459153131169,-1.0719892361346004,-2.4760064978025103
-1.074124730367087,-2.476299840585172,0.00014362094225,58,35,4.592459153131169,-1.0719892361346004,-2.4760064978025103
-1.0738304194096264,-2.4763016920730623,0.00013422242773,58,35,4.592459153131169,-1.0719892361346004,-2.4760064978025103
-1.073542853681277,-2.4763003624810875,0.00012611341663,58,35,4.592459153131169,-1.0719892361346004,-2.4760064978025103
-1.0732536142300328,-2.47629844886273,0.00011507557065,58,35,4.592459153131169,-1.0719892361346004,-2.4760064978025103
-1.072967860652788,-2.4762983370278935,0.00010118852515,58,35,4.592459153131169,-1.0719892361346004,-2.4760064978025103
-1.072691595700073,-2.4763001139592213,9.0655717941e-05,58,35,4.592459153131169,-1.0719892361346004,-2.4760064978025103
-1.0723936226872572,-2.4763003376289014,8.5952880909e-05,58,35,4.592459153131169,-1.0719892361346004,-2.4760064978025103
-1.072115180636343,-2.4763016423686897,8.3120357885e-05,58,35,4.592459153131169,-1.0719892361346004,-2.4760064978025103
-1.0718332023738983,-2.4763005488724863,8.1881218648e-05,58,35,4.592459153131169,-1.0719892361346004,-2.4760064978025103
-1.0715515890585507,-2.4762982251930534,8.2536171249e-05,58,35,4.592459153131169,-1.0719892361346004,-2.4760064978025103
-1.0712731847607824,-2.4762977281493246,7.9922814621e-05,58,35,4.592459153131169,-1.0719892361346004,-2.4760064978025103
-1.0709975364428197,-2.476297318088249,7.9752266174e-05,58,35,4.592459153131169,-1.0719892361346004,-2.4760064978025103
-1.0707178359536385,-2.4762964358356307,8.0271754996e-05,58,35,4.592459153131169,-1.0719892361346004,-2.4760064978025103
-1.0704408285223468,-2.4762992938370707,7.7377713751e-05,58,35,4.592459153131169,-1.0719892361346004,-2.4760064978025103
-1.0701768962646483,-2.4762982127669586,7.5584088336e-05,58,35,4.592459153131169,-1.0719892361346004,-2.4760064978025103
-1.069892426294435,-2.476302586751775,6.9760608312e-05,58,35,4.592459153131169,-1.0719892361346004,-2.4760064978025103
-1.0696191060872648,-2.4762980388016547,6.5857311711e-05,58,35,4.592459153131169,-1.0719892361346004,-2.4760064978025103
-1.0693429166408475,-2.476302052429765,5.7724726503e-05,58,35,4.592459153131169,-1.0719892361346004,-2.4760064978025103
-1.0690760899751355,-2.476299629341587,4.7898796765e-05,58,35,4.592459153131169,-1.0719892361346004,-2.4760064978025103
-1.0688019391987096,-2.476299890289545,3.8876441977e-05,58,35,4.592459153131169,-1.0719892361346004,-2.4760064978025103
-1.0685335520695463,-2.476297877262442,3.530164031e-05,58,35,4.592459153131169,-1.0719892361346004,-2.4760064978025103
-1.068267228779141,-2.4763012571598004,4.0965343942e-05,58,35,4.592459153131169,-1.0719892361346004,-2.4760064978025103
-1.068005901488655,-2.47630030035062,4.7952293244e-05,58,35,4.592459153131169,-1.0719892361346004,-2.4760064978025103
-1.067750778298824,-2.4763024997691216,6.3370993303e-05,58,35,4.592459153131169,-1.0719892361346004,-2.4760064978025103
-1.067465628771946,-2.476298125784308,8.3719336544e-05,58,35,4.592459153131169,-1.0719892361346004,-2.4760064978025103
-1.0671953162322347,-2.4763008222465355,0.00010339081928,58,35,4.592459153131169,-1.0719892361346004,-2.4760064978025103
-1.066942030362273,-2.47630523350963,0.00011702336633,58,35,4.592459153131169,-1.0719892361346004,-2.4760064978025103
-1.0666619145884622,-2.4763005364463915,0.00012763025006,58,35,4.592459153131169,-1.0719892361346004,-2.4760064978025103
-1.0663930618371402,-2.4763029719606644,0.00013304068125,58,35,4.592459153131169,-1.0719892361346004,-2.4760064978025103
-1.0661271412469795,-2.47630391634375,0.00014049516176,58,35,4.592459153131169,-1.0719892361346004,-2.4760064978025103
-1.0658746985306566,-2.4763037423784424,0.00014516721421,58,35,4.592459153131169,-1.0719892361346004,-2.4760064978025103
-1.0655971625552936,-2.4763012074554283,0.0001443111978,58,35,4.592459153131169,-1.0719892361346004,-2.4760064978025103
-1.0653316572497624,-2.476301157751052,0.00014804696548,58,35,4.592459153131169,-1.0719892361346004,-2.4760064978025103
-1.0650665923976221,-2.4763009465074703,0.00014774106967,58,35,4.592459153131169,-1.0719892361346004,-2.4760064978025103
-1.0648024336210367,-2.4763005240203,0.00014848752471,58,35,4.592459153131169,-1.0719892361346004,-2.4760064978025103
-1.0645399108141964,-2.476301592664317,0.00014936162916,58,35,4.592459153131169,-1.0719892361346004,-2.4760064978025103
-1.064276821710135,-2.476304264274358,0.00014843704412,58,35,4.592459153131169,-1.0719892361346004,-2.4760064978025103
-1.0640161236387824,-2.476302313377723,0.00014821787772,58,35,4.592459153131169,-1.0719892361346004,-2.4760064978025103
-1.0637525059906499,-2.476302450064749,0.00014993437799,58,35,4.592459153131169,-1.0719892361346004,-2.4760064978025103
-1.0635074880601028,-2.476302723438798,0.00015153874119,58,35,4.592459153131169,-1.0719892361346004,-2.4760064978025103
-1.063231411873129,-2.476300697985604,0.00015120650642,58,35,4.592459153131169,-1.0719892361346004,-2.4760064978025103
-1.0629893638568895,-2.476304189717799,0.00015189406986,58,35,4.592459153131169,-1.0719892361346004,-2.4760064978025103
-1.079173370759039,-2.4760481749191743,7.6002659625e-05,58,35,4.592459153131169,-1.0719892361346004,-2.4760064978025103
-1.078844616346216,-2.476042583177223,7.1947521064e-05,58,35,4.592459153131169,-1.0719892361346004,-2.4760064978025103
-1.0785062474650344,-2.4760397251757835,5.974522719e-05,58,35,4.592459153131169,-1.0719892361346004,-2.4760064978025103
-1.0781714022110016,-2.4760412535852483,4.3123051e-05,58,35,4.592459153131169,-1.0719892361346004,-2.4760064978025103
-1.077841389359912,-2.47604550330913,3.8809575926e-05,58,35,4.592459153131169,-1.0719892361346004,-2.4760064978025103
-1.0775073620907516,-2.47604418614325,4.756592898e-05,58,35,4.592459153131169,-1.0719892361346004,-2.4760064978025103
-1.0771802184789108,-2.476044708039166,7.3454080848e-05,58,35,4.592459153131169,-1.0719892361346004,-2.4760064978025103
-1.0768544717335466,-2.476040706837147,9.7229560197e-05,58,35,4.592459153131169,-1.0719892361346004,-2.4760064978025103
-1.0765346270636533,-2.4760368671743436,0.0001196211233,58,35,4.592459153131169,-1.0719892361346004,-2.4760064978025103
-1.0762141657590079,-2.476038420435995,0.00013278226834,58,35,4.592459153131169,-1.0719892361346004,-2.4760064978025103
-1.075900978227547,-2.4760422600988012,0.00014227678184,58,35,4.592459153131169,-1.0719892361346004,-2.4760064978025103
-1.0756024011643623,-2.4760438879170112,0.00014734547585,58,35,4.592459153131169,-1.0719892361346004,-2.4760064978025103
-1.0753009926150783,-2.4760405204457476,0.00014805994579,58,35,4.592459153131169,-1.0719892361346004,-2.4760064978025103
-1.0750019876828825,-2.476039203279868,0.00014773545263,58,35,4.592459153131169,-1.0719892361346004,-2.4760064978025103
-1.0747093756170827,-2.476040955359013,0.00014567925246,58,35,4.592459153131169,-1.0719892361346004,-2.4760064978025103
-1.074413290261667,-2.476039737601875,0.0001446440001,58,35,4.592459153131169,-1.0719892361346004,-2.4760064978025103
-1.0741256867801696,-2.4760440867345017,0.00014347099932,58,35,4.592459153131169,-1.0719892361346004,-2.4760064978025103
-1.0738260652132237,-2.4760394269495443,0.00013590365415,58,35,4.592459153131169,-1.0719892361346004,-2.4760064978025103
-1.0735459620237962,-2.476042906255648,0.0001278637792,58,35,4.592459153131169,-1.0719892361346004,-2.4760064978025103
-1.0732477750764746,-2.4760395760626657,0.00011957348033,58,35,4.592459153131169,-1.0719892361346004,-2.4760064978025103
-1.0729622480181185,-2.4760387186622337,0.00010924341041,58,35,4.592459153131169,-1.0719892361346004,-2.4760064978025103
-1.0726725051915658,-2.4760413529939935,9.5899420558e-05,58,35,4.592459153131169,-1.0719892361346004,-2.4760064978025103
-1.072391030304428,-2.4760415145332058,9.0347974037e-05,58,35,4.592459153131169,-1.0719892361346004,-2.4760064978025103
-1.0721093792359324,-2.4760368423221575,8.7828921096e-05,58,35,4.592459153131169,-1.0719892361346004,-2.4760064978025103
-1.0718371412856733,-2.4760389423319102,8.574144158e-05,58,35,4.592459153131169,-1.0719892361346004,-2.4760064978025103
-1.0715475494717137,-2.4760410299155717,8.4411891294e-05,58,35,4.592459153131169,-1.0719892361346004,-2.4760064978025103
-1.0712681635920984,-2.4760362831479608,8.421309758e-05,58,35,4.592459153131169,-1.0719892361346004,-2.4760064978025103
-1.0709886896218042,-2.476037103270115,8.2320475485e-05,58,35,4.592459153131169,-1.0719892361346004,-2.4760064978025103
-1.0707114053340947,-2.476039128723309,8.1459074863e-05,58,35,4.592459153131169,-1.0719892361346004,-2.4760064978025103
-1.0704473975701005,-2.476039563636571,8.0953162978e-05,58,35,4.592459153131169,-1.0719892361346004,-2.4760064978025103
-1.0701727434183679,-2.476039451801731,7.7857570432e-05,58,35,4.592459153131169,-1.0719892361346004,-2.4760064978025103
-1.0698862851156923,-2.476041228733062,6.8843030022e-05,58,35,4.592459153131169,-1.0719892361346004,-2.4760064978025103
-1.0696203771099149,-2.476040023402019,5.7749672123e-05,58,35,4.592459153131169,-1.0719892361346004,-2.4760064978025103
-1.069352103240195,-2.4760417630550724,5.0702659792e-05,58,35,4.592459153131169,-1.0719892361346004,-2.4760064978025103
-1.069077751113647,-2.4760447453174432,3.878350617e-05,58,35,4.592459153131169,-1.0719892361346004,-2.4760064978025103
-1.0687937467655924,-2.4760399364193684,3.2023410313e-05,58,35,4.592459153131169,-1.0719892361346004,-2.4760064978025103
-1.0685222764626763,-2.476039389671267,3.5255881812e-05,58,35,4.592459153131169,-1.0719892361346004,-2.4760064978025103
-1.068255537887643,-2.4760419991508438,4.4957581849e-05,58,35,4.592459153131169,-1.0719892361346004,-2.4760064978025103
-1.0679959724107286,-2.4760417630550724,6.3054016209e-05,58,35,4.592459153131169,-1.0719892361346004,-2.4760064978025103
-1.0677288311354491,-2.476044297978087,7.839348109e-05,58,35,4.592459153131169,-1.0719892361346004,-2.4760064978025103
-1.0674586947770954,-2.476042583177223,9.0915251349e-05,58,35,4.592459153131169,-1.0719892361346004,-2.4760064978025103
-1.0671907229325601,-2.476042471342383,0.00010723353626,58,35,4.592459153131169,-1.0719892361346004,-2.4760064978025103
-1.06692159332482,-2.4760386813839528,0.0001191828851,58,35,4.592459153131169,-1.0719892361346004,-2.4760064978025103
-1.0666536466490493,-2.4760396506192244,0.00012968353985,58,35,4.592459153131169,-1.0719892361346004,-2.4760064978025103
-1.066387977746542,-2.476040731689333,0.0001350689854,58,35,4.592459153131169,-1.0719892361346004,-2.4760064978025103
-1.066122384350332,-2.4760420488552164,0.00013719825074,58,35,4.592459153131169,-1.0719892361346004,-2.4760064978025103
-1.065855079478078,-2.4760398618628097,0.00014287664089,58,35,4.592459153131169,-1.0719892361346004,-2.4760064978025103
-1.0655928838651865,-2.4760417506289776,0.000144930018,58,35,4.592459153131169,-1.0719892361346004,-2.4760064978025103
-1.0653255915773157,-2.4760397748801557,0.00014392090088,58,35,4.592459153131169,-1.0719892361346004,-2.4760064978025103
-1.0650630310173275,-2.4760427819947166,0.00014663972252,58,35,4.592459153131169,-1.0719892361346004,-2.4760064978025103
-1.06479636794859,-2.476044148864969,0.00014611492225,58,35,4.592459153131169,-1.0719892361346004,-2.4760064978025103
-1.0645355188646441,-2.4760438133604525,0.00014796554751,58,35,4.592459153131169,-1.0719892361346004,-2.4760064978025103
-1.0642707812064545,-2.4760394393756395,0.00014469711459,58,35,4.592459153131169,-1.0719892361346004,-2.4760064978025103
-1.064011920454971,-2.4760398991410875,0.00014464392734,58,35,4.592459153131169,-1.0719892361346004,-2.4760064978025103
-1.0637480133660373,-2.4760397873062474,0.0001466893882,58,35,4.592459153131169,-1.0719892361346004,-2.4760064978025103
-1.063486031687653,-2.4760415145332058,0.00014554100926,58,35,4.592459153131169,-1.0719892361346004,-2.4760064978025103
-1.0632257363165452,-2.4760414772549284,0.00014800776262,58,35,4.592459153131169,-1.0719892361346004,-2.4760064978025103
-1.062965956905127,-2.476044161291064,0.0001487708214,58,35,4.592459153131169,-1.0719892361346004,-2.4760064978025103
-1.0791749815600196,-2.4757879476749456,7.8140859841e-05,58,35,4.592459153131169,-1.0719892361346004,-2.4760064978025103
-1.0788418981195602,-2.4757865559525034,7.261542487e-05,58,35,4.592459153131169,-1.0719892361346004,-2.4760064978025103
-1.0785048002610285,-2.4757829648115632,5.8666548284e-05,58,35,4.592459153131169,-1.0719892361346004,-2.4760064978025103
-1.0781715658079762,-2.4757804423146403,4.4966804126e-05,58,35,4.592459153131169,-1.0719892361346004,-2.4760064978025103
-1.0778381174204181,-2.4757833127421747,3.91395115e-05,58,35,4.592459153131169,-1.0719892361346004,-2.4760064978025103
-1.0775108353803675,-2.4757817719066146,4.5977893024e-05,58,35,4.592459153131169,-1.0719892361346004,-2.4760064978025103
-1.0771840063780944,-2.4757833624465473,7.0198395406e-05,58,35,4.592459153131169,-1.0719892361346004,-2.4760064978025103
-1.0768558056781092,-2.4757833127421747,9.6864299849e-05,58,35,4.592459153131169,-1.0719892361346004,-2.4760064978025103
-1.076537622146727,-2.475781399123817,0.00011684420315,58,35,4.592459153131169,-1.0719892361346004,-2.4760064978025103
-1.0762147194718457,-2.4757840210294852,0.00013092590962,58,35,4.592459153131169,-1.0719892361346004,-2.4760064978025103
-1.0759000218144628,-2.4757799079926297,0.0001378403249,58,35,4.592459153131169,-1.0719892361346004,-2.4760064978025103
-1.0756050061315747,-2.475780839949624,0.00014136273239,58,35,4.592459153131169,-1.0719892361346004,-2.4760064978025103
-1.0753035220759932,-2.475780839949624,0.00014367671974,58,35,4.592459153131169,-1.0719892361346004,-2.4760064978025103
-1.0750044668062682,-2.4757828156984454,0.00014625127369,58,35,4.592459153131169,-1.0719892361346004,-2.4760064978025103
-1.0747069594156111,-2.4757794979315544,0.00014705631474,58,35,4.592459153131169,-1.0719892361346004,-2.4760064978025103
-1.0744122457579057,-2.475781573089121,0.00014592660591,58,35,4.592459153131169,-1.0719892361346004,-2.4760064978025103
-1.0741212822462358,-2.4757838222119952,0.00014495885989,58,35,4.592459153131169,-1.0719892361346004,-2.4760064978025103
-1.0738311744725864,-2.475779150000943,0.00013770334772,58,35,4.592459153131169,-1.0719892361346004,-2.4760064978025103
-1.073551977358712,-2.4757814488281897,0.00013114581816,58,35,4.592459153131169,-1.0719892361346004,-2.4760064978025103
-1.0732516636507201,-2.4757801068101237,0.0001231685892,58,35,4.592459153131169,-1.0719892361346004,-2.4760064978025103
-1.0729626758871278,-2.4757815358108433,0.00011531136988,58,35,4.592459153131169,-1.0719892361346004,-2.4760064978025103
-1.0726770104005616,-2.4757834494291977,0.00010560922965,58,35,4.592459153131169,-1.0719892361346004,-2.4760064978025103
-1.0723921503144849,-2.475781585515216,9.8535667348e-05,58,35,4.592459153131169,-1.0719892361346004,-2.4760064978025103
-1.072110247558336,-2.47578156066303,9.4443603302e-05,58,35,4.592459153131169,-1.0719892361346004,-2.4760064978025103
-1.071831818091805,-2.4757815233847484,9.1157009592e-05,58,35,4.592459153131169,-1.0719892361346004,-2.4760064978025103
-1.0715466937336917,-2.4757811754541406,9.0852830908e-05,58,35,4.592459153131169,-1.0719892361346004,-2.4760064978025103
-1.0712723416071435,-2.4757812127324184,8.8714245067e-05,58,35,4.592459153131169,-1.0719892361346004,-2.4760064978025103
-1.07099192380815,-2.4757833748726386,8.702595369e-05,58,35,4.592459153131169,-1.0719892361346004,-2.4760064978025103
-1.0707112669058847,-2.475781573089121,8.4016435721e-05,58,35,4.592459153131169,-1.0719892361346004,-2.4760064978025103
-1.0704386640085286,-2.4757808523757157,7.9866564192e-05,58,35,4.592459153131169,-1.0719892361346004,-2.4760064978025103
-1.0701637833379074,-2.4757834867074786,7.5304153142e-05,58,35,4.592459153131169,-1.0719892361346004,-2.4760064978025103
-1.0698993477049021,-2.47578414529042,6.7775705247e-05,58,35,4.592459153131169,-1.0719892361346004,-2.4760064978025103
-1.0696138080621629,-2.475781411549912,5.64624861e-05,58,35,4.592459153131169,-1.0719892361346004,-2.4760064978025103
-1.0693396824545016,-2.4757823559329943,4.4574135245e-05,58,35,4.592459153131169,-1.0719892361346004,-2.4760064978025103
-1.0690674822573902,-2.4757817222022425,3.5606986785e-05,58,35,4.592459153131169,-1.0719892361346004,-2.4760064978025103
-1.0688104839945423,-2.4757837352293413,3.2834050216e-05,58,35,4.592459153131169,-1.0719892361346004,-2.4760064978025103
-1.068528367303888,-2.475780268349336,3.7954570871e-05,58,35,4.592459153131169,-1.0719892361346004,-2.4760064978025103
-1.0682610372628674,-2.475781386697726,5.3358879086e-05,58,35,4.592459153131169,-1.0719892361346004,-2.4760064978025103
-1.0679940092470328,-2.4757834991335734,7.387916412e-05,58,35,4.592459153131169,-1.0719892361346004,-2.4760064978025103
-1.067732732294078,-2.4757841949947927,8.9505098003e-05,58,35,4.592459153131169,-1.0719892361346004,-2.4760064978025103
-1.0674604440062858,-2.47578341215092,0.00010679802654,58,35,4.592459153131169,-1.0719892361346004,-2.4760064978025103
-1.0671908991139178,-2.475784008603394,0.00011714838183,58,35,4.592459153131169,-1.0719892361346004,-2.4760064978025103
-1.066924928186226,-2.47578187131536,0.00012481171871,58,35,4.592459153131169,-1.0719892361346004,-2.4760064978025103
-1.0666584412988462,-2.475783225759521,0.00013324421889,58,35,4.592459153131169,-1.0719892361346004,-2.4760064978025103
-1.0663909350764698,-2.475783983751208,0.00013685465092,58,35,4.592459153131169,-1.0719892361346004,-2.4760064978025103
-1.0661238567231044,-2.475782082558945,0.00014164767344,58,35,4.592459153131169,-1.0719892361346004,-2.4760064978025103
-1.0658574579264015,-2.4757822068198765,0.00014017663489,58,35,4.592459153131169,-1.0719892361346004,-2.4760064978025103
-1.0656048767818689,-2.4757834618552925,0.0001397310989,58,35,4.592459153131169,-1.0719892361346004,-2.4760064978025103
-1.0653456636676717,-2.4757847914472673,0.00014374393504,58,35,4.592459153131169,-1.0719892361346004,-2.4760064978025103
-1.0650611181911624,-2.4757817222022425,0.00014290963009,58,35,4.592459153131169,-1.0719892361346004,-2.4760064978025103
-1.0647973998679678,-2.4757813245672584,0.00014660610759,58,35,4.592459153131169,-1.0719892361346004,-2.4760064978025103
-1.0645358838117427,-2.4757855245867675,0.00014626306074,58,35,4.592459153131169,-1.0719892361346004,-2.4760064978025103
-1.064273814042678,-2.475782480193929,0.00014291689149,58,35,4.592459153131169,-1.0719892361346004,-2.4760064978025103
-1.0640250459660952,-2.4757839588990214,0.00014250809909,58,35,4.592459153131169,-1.0719892361346004,-2.4760064978025103
-1.0637680477032456,-2.475784306829633,0.00014117288811,58,35,4.592459153131169,-1.0719892361346004,-2.4760064978025103
-1.0634906249873262,-2.4757836233945048,0.00014390713477,58,35,4.592459153131169,-1.0719892361346004,-2.4760064978025103
-1.0632299898378876,-2.475782840550632,0.00014062525588,58,35,4.592459153131169,-1.0719892361346004,-2.4760064978025103
-1.0629716576304755,-2.475780119236215,0.00014586000179,58,35,4.592459153131169,-1.0719892361346004,-2.4760064978025103
-1.0791745662753915,-2.47552870209208,7.9802593973e-05,58,35,4.592459153131169,-1.0719892361346004,-2.4760064978025103
-1.07884227565104,-2.475521532236291,7.2505528806e-05,58,35,4.592459153131169,-1.0719892361346004,-2.4760064978025103
-1.0785074933189198,-2.475520774244608,5.6950637372e-05,58,35,4.592459153131169,-1.0719892361346004,-2.4760064978025103
-1.0781712889515565,-2.4755224766193766,4.1516930651e-05,58,35,4.592459153131169,-1.0719892361346004,-2.4760064978025103
-1.0778394136118328,-2.4755202399225977,3.5062003008e-05,58,35,4.592459153131169,-1.0719892361346004,-2.4760064978025103
-1.077508469516427,-2.475520476018369,4.2846066208e-05,58,35,4.592459153131169,-1.0719892361346004,-2.4760064978025103
-1.0771850760506203,-2.4755204511661826,6.499702431e-05,58,35,4.592459153131169,-1.0719892361346004,-2.4760064978025103
-1.0768520932852212,-2.4755238931940053,9.2914320703e-05,58,35,4.592459153131169,-1.0719892361346004,-2.4760064978025103
-1.0765347151543303,-2.4755205381488365,0.00011345154053,58,35,4.592459153131169,-1.0719892361346004,-2.4760064978025103
-1.0762143293559825,-2.4755258440906402,0.00012716448691,58,35,4.592459153131169,-1.0719892361346004,-2.4760064978025103
-1.0758942329984356,-2.4755249866902087,0.00013458704052,58,35,4.592459153131169,-1.0719892361346004,-2.4760064978025103
-1.0755957440259316,-2.475522613306403,0.00013871214469,58,35,4.592459153131169,-1.0719892361346004,-2.4760064978025103
-1.0753032703883398,-2.475521234010056,0.00013945631508,58,35,4.592459153131169,-1.0719892361346004,-2.4760064978025103
-1.0749964379701253,-2.475520674835859,0.00014595754328,58,35,4.592459153131169,-1.0719892361346004,-2.4760064978025103
-1.0747037378136486,-2.4755227499934294,0.00014216151612,58,35,4.592459153131169,-1.0719892361346004,-2.4760064978025103
-1.0744039778184926,-2.4755228494021746,0.00014574006491,58,35,4.592459153131169,-1.0719892361346004,-2.4760064978025103
-1.0741181739037167,-2.4755237565069788,0.00014103509602,58,35,4.592459153131169,-1.0719892361346004,-2.4760064978025103
-1.0738304949159239,-2.47552357011558,0.00013869596296,58,35,4.592459153131169,-1.0719892361346004,-2.4760064978025103
-1.0735258395959106,-2.4755219050190886,0.00013285441673,58,35,4.592459153131169,-1.0719892361346004,-2.4760064978025103
-1.073238777242868,-2.4755208488011666,0.00012733710173,58,35,4.592459153131169,-1.0719892361346004,-2.4760064978025103
-1.0729620466679943,-2.475523545263394,0.00011982356227,58,35,4.592459153131169,-1.0719892361346004,-2.4760064978025103
-1.0726659109750476,-2.4755207121141405,0.00011364951206,58,35,4.592459153131169,-1.0719892361346004,-2.4760064978025103
-1.0723924649240526,-2.475524079585404,0.00010812850815,58,35,4.592459153131169,-1.0719892361346004,-2.4760064978025103
-1.0721106125054347,-2.475523396150276,0.00010057040345,58,35,4.592459153131169,-1.0719892361346004,-2.4760064978025103
-1.0718186799962992,-2.4755212837144285,9.3675989774e-05,58,35,4.592459153131169,-1.0719892361346004,-2.4760064978025103
-1.0715369785902726,-2.4755224641932854,9.2965165095e-05,58,35,4.592459153131169,-1.0719892361346004,-2.4760064978025103
-1.0712695352898087,-2.47552051329665,9.3294023827e-05,58,35,4.592459153131169,-1.0719892361346004,-2.4760064978025103
-1.0709783326748687,-2.475520786670699,8.6952779384e-05,58,35,4.592459153131169,-1.0719892361346004,-2.4760064978025103
-1.0707024326692527,-2.4755235949677665,8.4068749857e-05,58,35,4.592459153131169,-1.0719892361346004,-2.4760064978025103
-1.0704279798676424,-2.4755222032453275,8.0038131273e-05,58,35,4.592459153131169,-1.0719892361346004,-2.4760064978025103
-1.0701637833379074,-2.4755257695340815,7.8971723269e-05,58,35,4.592459153131169,-1.0719892361346004,-2.4760064978025103
-1.069875613559191,-2.4755253097686336,6.7474851676e-05,58,35,4.592459153131169,-1.0719892361346004,-2.4760064978025103
-1.0696049234879978,-2.4755225884542167,5.7209479564e-05,58,35,4.592459153131169,-1.0719892361346004,-2.4760064978025103
-1.069348353094161,-2.47552379378526,4.1548315494e-05,58,35,4.592459153131169,-1.0719892361346004,-2.4760064978025103
-1.0690606615219849,-2.4755228121238932,3.5233486415e-05,58,35,4.592459153131169,-1.0719892361346004,-2.4760064978025103
-1.068799850191187,-2.475522998515292,3.3231230191e-05,58,35,4.592459153131169,-1.0719892361346004,-2.4760064978025103
-1.0685357920896619,-2.475522973663106,4.0660426748e-05,58,35,4.592459153131169,-1.0719892361346004,-2.4760064978025103
-1.0682513347038316,-2.4755212961405233,5.8803350839e-05,58,35,4.592459153131169,-1.0719892361346004,-2.4760064978025103
-1.067992096420868,-2.475523247037158,7.8092656622e-05,58,35,4.592459153131169,-1.0719892361346004,-2.4760064978025103
-1.0677366208683217,-2.4755214576797324,9.2997281172e-05,58,35,4.592459153131169,-1.0719892361346004,-2.4760064978025103
-1.067454063724273,-2.475523942898378,0.00010619967361,58,35,4.592459153131169,-1.0719892361346004,-2.4760064978025103
-1.0671989279500607,-2.4755260553342255,0.00011986188474,58,35,4.592459153131169,-1.0719892361346004,-2.4760064978025103
-1.0669179438538463,-2.4755210973230293,0.00012390869961,58,35,4.592459153131169,-1.0719892361346004,-2.4760064978025103
-1.0666523882107826,-2.4755223275062592,0.00012919201981,58,35,4.592459153131169,-1.0719892361346004,-2.4760064978025103
-1.0663975041242217,-2.4755239180461914,0.00012980483007,58,35,4.592459153131169,-1.0719892361346004,-2.4760064978025103
-1.066138681125886,-2.4755223772106314,0.00013396370923,58,35,4.592459153131169,-1.0719892361346004,-2.4760064978025103
-1.0658522102388288,-2.475522861828266,0.00013281230349,58,35,4.592459153131169,-1.0719892361346004,-2.4760064978025103
-1.0655865035831737,-2.4755214825319185,0.00013413795386,58,35,4.592459153131169,-1.0719892361346004,-2.4760064978025103
-1.0653231879602254,-2.475522899106547,0.00013736222172,58,35,4.592459153131169,-1.0719892361346004,-2.4760064978025103
-1.0650729600952535,-2.475525297342539,0.00014053292398,58,35,4.592459153131169,-1.0719892361346004,-2.4760064978025103
-1.0647958771576662,-2.4755177174256744,0.0001371295657,58,35,4.592459153131169,-1.0719892361346004,-2.4760064978025103
-1.0645449068141157,-2.475524825150996,0.00013417180162,58,35,4.592459153131169,-1.0719892361346004,-2.4760064978025103
-1.064268742536463,-2.475521147027402,0.00013874638535,58,35,4.592459153131169,-1.0719892361346004,-2.4760064978025103
-1.06402469360338,-2.475520662409768,0.00014307387755,58,35,4.592459153131169,-1.0719892361346004,-2.4760064978025103
-1.0637646750886898,-2.47552379378526,0.00014148459013,58,35,4.592459153131169,-1.0719892361346004,-2.4760064978025103
-1.0634873152946847,-2.475520687261954,0.00014067626034,58,35,4.592459153131169,-1.0719892361346004,-2.4760064978025103
-1.0632274981301186,-2.475522973663106,0.00014089935576,58,35,4.592459153131169,-1.0719892361346004,-2.4760064978025103
-1.0629679074844398,-2.475520103235571,0.00013744970784,58,35,4.592459153131169,-1.0719892361346004,-2.4760064978025103
-1.0791830607336932,-2.475269568344058,7.6749027357e-05,58,35,4.592459153131169,-1.0719892361346004,-2.4760064978025103
-1.0788521795602,-2.4752657286812516,7.1974129241e-05,58,35,4.592459153131169,-1.0719892361346004,-2.4760064978025103
-1.0785146034951263,-2.4752633055930735,5.8779780375e-05,58,35,4.592459153131169,-1.0719892361346004,-2.4760064978025103
-1.078179166775108,-2.475263516836659,4.3442880269e-05,58,35,4.592459153131169,-1.0719892361346004,-2.4760064978025103
-1.0778442334303944,-2.475265666550784,3.6486337194e-05,58,35,4.592459153131169,-1.0719892361346004,-2.4760064978025103
-1.077509123904325,-2.475265393176735,4.1913368477e-05,58,35,4.592459153131169,-1.0719892361346004,-2.4760064978025103
-1.0771856675166058,-2.4752661760206083,6.3767678512e-05,58,35,4.592459153131169,-1.0719892361346004,-2.4760064978025103
-1.0768570892851406,-2.475266138742327,8.4661667643e-05,58,35,4.592459153131169,-1.0719892361346004,-2.4760064978025103
-1.07653423694779,-2.475265703829065,0.00010589235171,58,35,4.592459153131169,-1.0719892361346004,-2.4760064978025103
-1.0762125927111752,-2.4752649458373783,0.00012241983495,58,35,4.592459153131169,-1.0719892361346004,-2.4760064978025103
-1.0759015445247662,-2.475265455307199,0.00012779286772,58,35,4.592459153131169,-1.0719892361346004,-2.4760064978025103
-1.0756014069981321,-2.4752653186201763,0.00012856861576,58,35,4.592459153131169,-1.0719892361346004,-2.4760064978025103
-1.0753026915067374,-2.4752658902204643,0.00013472014689,58,35,4.592459153131169,-1.0719892361346004,-2.4760064978025103
-1.0750114511386497,-2.4752680275084984,0.0001334513945,58,35,4.592459153131169,-1.0719892361346004,-2.4760064978025103
-1.07470629244333,-2.4752686363870637,0.00013709838095,58,35,4.592459153131169,-1.0719892361346004,-2.4760064978025103
-1.0744103455161222,-2.4752683381608285,0.00013399332238,58,35,4.592459153131169,-1.0719892361346004,-2.4760064978025103
-1.0741178718785322,-2.475266287855445,0.00013374822447,58,35,4.592459153131169,-1.0719892361346004,-2.4760064978025103
-1.0738261533039024,-2.4752658653682778,0.00013463062351,58,35,4.592459153131169,-1.0719892361346004,-2.4760064978025103
-1.0735459997769439,-2.4752693695265644,0.00013259565458,58,35,4.592459153131169,-1.0719892361346004,-2.4760064978025103
-1.0732536142300328,-2.4752703884662086,0.00012789879111,58,35,4.592459153131169,-1.0719892361346004,-2.4760064978025103
-1.072968250768651,-2.475266362412007,0.00012209253327,58,35,4.592459153131169,-1.0719892361346004,-2.4760064978025103
-1.0726726562041589,-2.475267853543191,0.00011294448632,58,35,4.592459153131169,-1.0719892361346004,-2.4760064978025103
-1.0723892684908545,-2.475268213899897,0.00010547175771,58,35,4.592459153131169,-1.0719892361346004,-2.4760064978025103
-1.072106119880822,-2.4752687357958125,9.8504919151e-05,58,35,4.592459153131169,-1.0719892361346004,-2.4760064978025103
-1.0718264068072576,-2.475268015082403,9.6410367405e-05,58,35,4.592459153131169,-1.0719892361346004,-2.4760064978025103
-1.0715451332702421,-2.4752674434821156,9.4640701718e-05,58,35,4.592459153131169,-1.0719892361346004,-2.4760064978025103
-1.071266590544264,-2.4752654801593854,9.1314839665e-05,58,35,4.592459153131169,-1.0719892361346004,-2.4760064978025103
-1.0709892181658756,-2.4752709352143105,8.5257132014e-05,58,35,4.592459153131169,-1.0719892361346004,-2.4760064978025103
-1.0707107509461966,-2.47526877307409,8.3296479716e-05,58,35,4.592459153131169,-1.0719892361346004,-2.4760064978025103
-1.0704454595751693,-2.475270028109506,7.9805126006e-05,58,35,4.592459153131169,-1.0719892361346004,-2.4760064978025103
-1.07015700035565,-2.475265939924837,7.7569027781e-05,58,35,4.592459153131169,-1.0719892361346004,-2.4760064978025103
-1.0698935337201103,-2.4752690464481426,7.1874579589e-05,58,35,4.592459153131169,-1.0719892361346004,-2.4760064978025103
-1.0696109262385307,-2.475267890821472,5.7195775298e-05,58,35,4.592459153131169,-1.0719892361346004,-2.4760064978025103
-1.0693493598447745,-2.4752683754391063,4.7288122005e-05,58,35,4.592459153131169,-1.0719892361346004,-2.4760064978025103
-1.069081425753387,-2.4752686363870637,3.1324801967e-05,58,35,4.592459153131169,-1.0719892361346004,-2.4760064978025103
-1.0688077657678847,-2.4752694068048453,2.9626058677e-05,58,35,4.592459153131169,-1.0719892361346004,-2.4760064978025103
-1.068534948936023,-2.4752660890379543,3.8262733142e-05,58,35,4.592459153131169,-1.0719892361346004,-2.4760064978025103
-1.0682622831167525,-2.47526507009831,5.4240117606e-05,58,35,4.592459153131169,-1.0719892361346004,-2.4760064978025103
-1.0680077513929072,-2.47526888490893,7.3319017247e-05,58,35,4.592459153131169,-1.0719892361346004,-2.4760064978025103
-1.0677275726971822,-2.4752674434821156,9.4829585578e-05,58,35,4.592459153131169,-1.0719892361346004,-2.4760064978025103
-1.0674593114118458,-2.4752687979262764,0.00010658297106,58,35,4.592459153131169,-1.0719892361346004,-2.4760064978025103
-1.0671890240409008,-2.475269419230937,0.0001152556506,58,35,4.592459153131169,-1.0719892361346004,-2.4760064978025103
-1.0669351592893368,-2.4752670582732264,0.00012152714771,58,35,4.592459153131169,-1.0719892361346004,-2.4760064978025103
-1.0666715038880563,-2.4752679653780305,0.00012265380064,58,35,4.592459153131169,-1.0719892361346004,-2.4760064978025103
-1.0663874995400016,-2.4752687357958125,0.00012644019444,58,35,4.592459153131169,-1.0719892361346004,-2.4760064978025103
-1.0661341885012734,-2.475268959465489,0.00012733407493,58,35,4.592459153131169,-1.0719892361346004,-2.4760064978025103
-1.065855683528445,-2.4752684251434784,0.00012948620133,58,35,4.592459153131169,-1.0719892361346004,-2.4760064978025103
-1.0655915373362408,-2.4752658902204643,0.00012766412692,58,35,4.592459153131169,-1.0719892361346004,-2.4760064978025103
-1.065326321471511,-2.475270338761836,0.00012662776862,58,35,4.592459153131169,-1.0719892361346004,-2.4760064978025103
-1.06507879924881,-2.4752679653780305,0.00012549573148,58,35,4.592459153131169,-1.0719892361346004,-2.4760064978025103
-1.064816440038946,-2.4752671701080664,0.0001258997072,58,35,4.592459153131169,-1.0719892361346004,-2.4760064978025103
-1.0645532628442076,-2.4752684748478546,0.00012786206207,58,35,4.592459153131169,-1.0719892361346004,-2.4760064978025103
-1.0642899723900239,-2.4752677417083544,0.00013335785479,58,35,4.592459153131169,-1.0719892361346004,-2.4760064978025103
-1.064011165392011,-2.4752674683343017,0.0001266165782,58,35,4.592459153131169,-1.0719892361346004,-2.4760064978025103
-1.0637513608118283,-2.4752660641857682,0.0001325654739,58,35,4.592459153131169,-1.0719892361346004,-2.4760064978025103
-1.0635031842012292,-2.4752679156736583,0.00013546184346,58,35,4.592459153131169,-1.0719892361346004,-2.4760064978025103
-1.0632309840041179,-2.4752673440733703,0.00012735709606,58,35,4.592459153131169,-1.0719892361346004,-2.4760064978025103
-1.06297106616449,-2.475265169507055,0.00012725913257,58,35,4.592459153131169,-1.0719892361346004,-2.4760064978025103
-1.0791629886433372,-2.475012870110302,7.6275275205e-05,58,35,4.592459153131169,-1.0719892361346004,-2.4760064978025103
-1.0788326989358294,-2.4750071789596086,7.2078713856e-05,58,35,4.592459153131169,-1.0719892361346004,-2.4760064978025103
-1.07849707345007,-2.4750046564626857,5.9656809754e-05,58,35,4.592459153131169,-1.0719892361346004,-2.4760064978025103
-1.0781597742414162,-2.4750070049943016,4.5731008868e-05,58,35,4.592459153131169,-1.0719892361346004,-2.4760064978025103
-1.0778299627404488,-2.475006607359321,3.3387568692e-05,58,35,4.592459153131169,-1.0719892361346004,-2.4760064978025103
-1.0774991948264008,-2.4750071292552365,3.6889327021e-05,58,35,4.592459153131169,-1.0719892361346004,-2.4760064978025103
-1.0771749959601027,-2.4750104594482187,5.2139141189e-05,58,35,4.592459153131169,-1.0719892361346004,-2.4760064978025103
-1.0768476761669044,-2.4750103973177513,7.6292373706e-05,58,35,4.592459153131169,-1.0719892361346004,-2.4760064978025103
-1.0765212372804942,-2.4750078002642693,9.8974014691e-05,58,35,4.592459153131169,-1.0719892361346004,-2.4760064978025103
-1.0761996433814087,-2.4750062842808958,0.00011012313917,58,35,4.592459153131169,-1.0719892361346004,-2.4760064978025103
-1.0758904576836352,-2.4750052280629737,0.00011568362243,58,35,4.592459153131169,-1.0719892361346004,-2.4760064978025103
-1.0755921323081057,-2.475007402629285,0.00012224157399,58,35,4.592459153131169,-1.0719892361346004,-2.4760064978025103
-1.07529350490739,-2.4750086949429826,0.00012418598635,58,35,4.592459153131169,-1.0719892361346004,-2.4760064978025103
-1.0749907498291602,-2.4750057251067026,0.000128192798,58,35,4.592459153131169,-1.0719892361346004,-2.4760064978025103
-1.074705826821171,-2.475011528092236,0.00012264467659,58,35,4.592459153131169,-1.0719892361346004,-2.4760064978025103
-1.0744021027454758,-2.4750097884391855,0.00012658935157,58,35,4.592459153131169,-1.0719892361346004,-2.4760064978025103
-1.074109113148196,-2.4750073032205404,0.0001202429994,58,35,4.592459153131169,-1.0719892361346004,-2.4760064978025103
-1.073816866029493,-2.4750077629859883,0.00012154196884,58,35,4.592459153131169,-1.0719892361346004,-2.4760064978025103
-1.0735252858830728,-2.475007564168498,0.00012417243852,58,35,4.592459153131169,-1.0719892361346004,-2.4760064978025103
-1.073248077101659,-2.4750104221699374,0.00012215989409,58,35,4.592459153131169,-1.0719892361346004,-2.4760064978025103
-1.0729498398168065,-2.4750079120991093,0.0001151042452,58,35,4.592459153131169,-1.0719892361346004,-2.4760064978025103
-1.0726757267935303,-2.4750077878381744,0.00011214942788,58,35,4.592459153131169,-1.0719892361346004,-2.4760064978025103
-1.0723840711408128,-2.4750050043932936,0.0001053865999,58,35,4.592459153131169,-1.0719892361346004,-2.4760064978025103
-1.0721109271150004,-2.4750115032400495,0.00010278563423,58,35,4.592459153131169,-1.0719892361346004,-2.4760064978025103
-1.0718319439356316,-2.4750100742393295,9.5573115686e-05,58,35,4.592459153131169,-1.0719892361346004,-2.4760064978025103
-1.0715388662476728,-2.475005178358601,9.0094494226e-05,58,35,4.592459153131169,-1.0719892361346004,-2.4760064978025103
-1.0712633186047704,-2.475007116829141,9.0933448519e-05,58,35,4.592459153131169,-1.0719892361346004,-2.4760064978025103
-1.070983328674788,-2.475009117430149,8.7386521045e-05,58,35,4.592459153131169,-1.0719892361346004,-2.4760064978025103
-1.0707058052838065,-2.475008235177531,8.6055188149e-05,58,35,4.592459153131169,-1.0719892361346004,-2.4760064978025103
-1.0704287726837503,-2.4750085831081425,8.2029451733e-05,58,35,4.592459153131169,-1.0719892361346004,-2.4760064978025103
-1.0701650291917928,-2.4750081109166,7.7360047726e-05,58,35,4.592459153131169,-1.0719892361346004,-2.4760064978025103
-1.069880118768185,-2.4750092541171753,7.153419574e-05,58,35,4.592459153131169,-1.0719892361346004,-2.4760064978025103
-1.0696093280219316,-2.4750094653607606,6.1751445173e-05,58,35,4.592459153131169,-1.0719892361346004,-2.4760064978025103
-1.069337165577968,-2.4750086949429826,4.4582888222e-05,58,35,4.592459153131169,-1.0719892361346004,-2.4760064978025103
-1.0690658337032601,-2.4750096144738785,3.8774112909e-05,58,35,4.592459153131169,-1.0719892361346004,-2.4760064978025103
-1.0687949548663298,-2.4750092913954567,3.3692569559e-05,58,35,4.592459153131169,-1.0719892361346004,-2.4760064978025103
-1.0685254225583432,-2.4750053026195324,3.991857011e-05,58,35,4.592459153131169,-1.0719892361346004,-2.4760064978025103
-1.0682603325374382,-2.475005414454369,5.4672356782e-05,58,35,4.592459153131169,-1.0719892361346004,-2.4760064978025103
-1.0680003266071332,-2.4750066197854124,6.9726680522e-05,58,35,4.592459153131169,-1.0719892361346004,-2.4760064978025103
-1.0677310711555648,-2.4750073156466317,8.3153776359e-05,58,35,4.592459153131169,-1.0719892361346004,-2.4760064978025103
-1.067462470091896,-2.4750075020380304,9.3248680059e-05,58,35,4.592459153131169,-1.0719892361346004,-2.4760064978025103
-1.067190446076142,-2.475005923924193,0.00010355823906,58,35,4.592459153131169,-1.0719892361346004,-2.4760064978025103
-1.0669245632391293,-2.475009092577963,0.00010726380424,58,35,4.592459153131169,-1.0719892361346004,-2.4760064978025103
-1.0666583280394029,-2.4750093535259206,0.00011667805666,58,35,4.592459153131169,-1.0719892361346004,-2.4760064978025103
-1.0663918663207876,-2.475010260630725,0.00011646761413,58,35,4.592459153131169,-1.0719892361346004,-2.4760064978025103
-1.0661395746170559,-2.4750076014467792,0.00011423138494,58,35,4.592459153131169,-1.0719892361346004,-2.4760064978025103
-1.0658578480422647,-2.4750076014467792,0.00011870673916,58,35,4.592459153131169,-1.0719892361346004,-2.4760064978025103
-1.065607985124388,-2.475009987256676,0.00012076617713,58,35,4.592459153131169,-1.0719892361346004,-2.4760064978025103
-1.0653443423074906,-2.4750102482046334,0.00011782479123,58,35,4.592459153131169,-1.0719892361346004,-2.4760064978025103
-1.0650662903724395,-2.4750076138728705,0.00011508065654,58,35,4.592459153131169,-1.0719892361346004,-2.4760064978025103
-1.0648041073439314,-2.4750103600394735,0.00011904410349,58,35,4.592459153131169,-1.0719892361346004,-2.4760064978025103
-1.0645389795698785,-2.4750084961254886,0.0001124175833,58,35,4.592459153131169,-1.0719892361346004,-2.4760064978025103
-1.0642798922995065,-2.4750097884391855,0.00011574657401,58,35,4.592459153131169,-1.0719892361346004,-2.4760064978025103
-1.0640316779357613,-2.4750131062060734,0.00011778475164,58,35,4.592459153131169,-1.0719892361346004,-2.4760064978025103
-1.0637747425948259,-2.475010658265709,0.00011614997493,58,35,4.592459153131169,-1.0719892361346004,-2.4760064978025103
-1.0635125973194655,-2.4750117641880074,0.00011431660823,58,35,4.592459153131169,-1.0719892361346004,-2.4760064978025103
-1.0632357157320007,-2.4750113665530233,0.00011320388148,58,35,4.592459153131169,-1.0719892361346004,-2.4760064978025103
-1.0629748918168214,-2.475011378979118,0.00011648117652,58,35,4.592459153131169,-1.0719892361346004,-2.4760064978025103
-1.0791821798269066,-2.4747564079723205,7.790147356e-05,58,35,4.592459153131169,-1.0719892361346004,-2.4760064978025103
-1.078850631681132,-2.474751698482991,7.3160430475e-05,58,35,4.592459153131169,-1.0719892361346004,-2.4760064978025103
-1.0785132947193286,-2.4747475357417628,6.4229330746e-05,58,35,4.592459153131169,-1.0719892361346004,-2.4760064978025103
-1.078179217112639,-2.474752046413599,5.1987728511e-05,58,35,4.592459153131169,-1.0719892361346004,-2.4760064978025103
-1.0778498083119161,-2.474751474813311,3.9055288653e-05,58,35,4.592459153131169,-1.0719892361346004,-2.4760064978025103
-1.0775138052946769,-2.474747100828498,3.8130499888e-05,58,35,4.592459153131169,-1.0719892361346004,-2.4760064978025103
-1.0771849124536457,-2.4747500209604048,4.8662499466e-05,58,35,4.592459153131169,-1.0719892361346004,-2.4760064978025103
-1.076863645748511,-2.4747524564746777,6.4487896452e-05,58,35,4.592459153131169,-1.0719892361346004,-2.4760064978025103
-1.076538565975428,-2.4747517854656413,8.0994293967e-05,58,35,4.592459153131169,-1.0719892361346004,-2.4760064978025103
-1.0762148453156724,-2.4747513754045656,9.1055255325e-05,58,35,4.592459153131169,-1.0719892361346004,-2.4760064978025103
-1.0758994806860083,-2.474751425108938,0.00010418190504,58,35,4.592459153131169,-1.0719892361346004,-2.4760064978025103
-1.0756026780207804,-2.4747498966994734,0.00011040417303,58,35,4.592459153131169,-1.0719892361346004,-2.4760064978025103
-1.0753084299852338,-2.474752009135321,0.00010629399185,58,35,4.592459153131169,-1.0719892361346004,-2.4760064978025103
-1.075005398050586,-2.4747495860471433,0.00010855181608,58,35,4.592459153131169,-1.0719892361346004,-2.4760064978025103
-1.0747055877179008,-2.474749859421192,0.00010988591384,58,35,4.592459153131169,-1.0719892361346004,-2.4760064978025103
-1.0744134412742599,-2.474751698482991,0.00010742867016,58,35,4.592459153131169,-1.0719892361346004,-2.4760064978025103
-1.0741209802210514,-2.4747494617862116,0.00010744829342,58,35,4.592459153131169,-1.0719892361346004,-2.4760064978025103
-1.0738276130922917,-2.4747496233254207,0.0001071417646,58,35,4.592459153131169,-1.0719892361346004,-2.4760064978025103
-1.073539380391661,-2.47474795822893,0.00010952145385,58,35,4.592459153131169,-1.0719892361346004,-2.4760064978025103
-1.0732489957615936,-2.47475228250937,0.0001024104422,58,35,4.592459153131169,-1.0719892361346004,-2.4760064978025103
-1.0729653815294022,-2.4747493002469994,0.00010224858852,58,35,4.592459153131169,-1.0719892361346004,-2.4760064978025103
-1.0726767712972916,-2.474754034588515,0.00010115570331,58,35,4.592459153131169,-1.0719892361346004,-2.4760064978025103
-1.0723955858509548,-2.4747496357515155,9.8792319477e-05,58,35,4.592459153131169,-1.0719892361346004,-2.4760064978025103
-1.0721221146311934,-2.4747524564746777,9.5197108749e-05,58,35,4.592459153131169,-1.0719892361346004,-2.4760064978025103
-1.0718403251344881,-2.474752444048583,9.0966350399e-05,58,35,4.592459153131169,-1.0719892361346004,-2.4760064978025103
-1.0715480276782559,-2.474751723335177,8.8482098363e-05,58,35,4.592459153131169,-1.0719892361346004,-2.4760064978025103
-1.0712708440656065,-2.4747488529076427,8.6685417045e-05,58,35,4.592459153131169,-1.0719892361346004,-2.4760064978025103
-1.070993471687218,-2.4747487410728026,8.5752326413e-05,58,35,4.592459153131169,-1.0719892361346004,-2.4760064978025103
-1.070728620769585,-2.4747529038140343,8.4920073277e-05,58,35,4.592459153131169,-1.0719892361346004,-2.4760064978025103
-1.0704418856104914,-2.474751723335177,7.85242446e-05,58,35,4.592459153131169,-1.0719892361346004,-2.4760064978025103
-1.0701782679623586,-2.4747546558931757,7.6077325502e-05,58,35,4.592459153131169,-1.0719892361346004,-2.4760064978025103
-1.069902254697299,-2.4747526055877955,6.9986075687e-05,58,35,4.592459153131169,-1.0719892361346004,-2.4760064978025103
-1.0696284436992054,-2.4747536866579036,6.273535837e-05,58,35,4.592459153131169,-1.0719892361346004,-2.4760064978025103
-1.0693416078650497,-2.474753326301201,5.3426047089e-05,58,35,4.592459153131169,-1.0719892361346004,-2.4760064978025103
-1.0690698103681846,-2.474752978370593,4.1407998651e-05,58,35,4.592459153131169,-1.0719892361346004,-2.4760064978025103
-1.068800643007295,-2.474755264771745,3.361655763e-05,58,35,4.592459153131169,-1.0719892361346004,-2.4760064978025103
-1.0685311862056057,-2.4747535126925997,3.6055378587e-05,58,35,4.592459153131169,-1.0719892361346004,-2.4760064978025103
-1.0682645734743974,-2.4747522079528115,4.481839278e-05,58,35,4.592459153131169,-1.0719892361346004,-2.4760064978025103
-1.0680053100226694,-2.4747537984927437,6.2356833951e-05,58,35,4.592459153131169,-1.0719892361346004,-2.4760064978025103
-1.0677501364953073,-2.474755264771745,7.5605159509e-05,58,35,4.592459153131169,-1.0719892361346004,-2.4760064978025103
-1.0674799497994227,-2.4747566937724645,8.7285647169e-05,58,35,4.592459153131169,-1.0719892361346004,-2.4760064978025103
-1.067194661844335,-2.474753450562136,9.3828581157e-05,58,35,4.592459153131169,-1.0719892361346004,-2.4760064978025103
-1.066942080699804,-2.4747527671270078,9.5584473456e-05,58,35,4.592459153131169,-1.0719892361346004,-2.4760064978025103
-1.066662808079632,-2.4747537736405576,9.7379699582e-05,58,35,4.592459153131169,-1.0719892361346004,-2.4760064978025103
-1.0663971643458896,-2.4747529162401256,0.00010390057287,58,35,4.592459153131169,-1.0719892361346004,-2.4760064978025103
-1.0661323134282565,-2.4747523446398376,0.0001022036522,58,35,4.592459153131169,-1.0719892361346004,-2.4760064978025103
-1.0658658517096413,-2.4747502943344575,0.00010264247248,58,35,4.592459153131169,-1.0719892361346004,-2.4760064978025103
-1.0656166557640474,-2.474752481326864,0.00010488432599,58,35,4.592459153131169,-1.0719892361346004,-2.4760064978025103
-1.0653536925038145,-2.4747531026315244,0.00010754947289,58,35,4.592459153131169,-1.0719892361346004,-2.4760064978025103
-1.0650873692134073,-2.4747518848743897,9.7971416835e-05,58,35,4.592459153131169,-1.0719892361346004,-2.4760064978025103
-1.0648087132279875,-2.474749946403846,0.00010390524403,58,35,4.592459153131169,-1.0719892361346004,-2.4760064978025103
-1.064562348768493,-2.4747519470048536,0.00010395957361,58,35,4.592459153131169,-1.0719892361346004,-2.4760064978025103
-1.0642837934581335,-2.4747512884219156,0.00010114948236,58,35,4.592459153131169,-1.0719892361346004,-2.4760064978025103
-1.0640373157391956,-2.474754258258195,9.5884257462e-05,58,35,4.592459153131169,-1.0719892361346004,-2.4760064978025103
-1.063765153295232,-2.4747517357612687,0.00010531800945,58,35,4.592459153131169,-1.0719892361346004,-2.4760064978025103
-1.0635182602916662,-2.4747530777793383,9.9358396255e-05,58,35,4.592459153131169,-1.0719892361346004,-2.4760064978025103
-1.0632620422605428,-2.4747526428660764,0.00010352228855,58,35,4.592459153131169,-1.0719892361346004,-2.4760064978025103
-1.0629865827083191,-2.4747490765773192,0.00010053654842,58,35,4.592459153131169,-1.0719892361346004,-2.4760064978025103
-1.0791564195955834,-2.474495112084075,7.5861113146e-05,58,35,4.592459153131169,-1.0719892361346004,-2.4760064978025103
-1.0788270233792456,-2.4744895948986856,7.2989801993e-05,58,35,4.592459153131169,-1.0719892361346004,-2.4760064978025103
-1.0784897115862084,-2.4744910238994056,6.4519212174e-05,58,35,4.592459153131169,-1.0719892361346004,-2.4760064978025103
-1.0781521355211365,-2.4744865008014747,5.4037034715e-05,58,35,4.592459153131169,-1.0719892361346004,-2.4760064978025103
-1.0778217954760978,-2.474490514429585,4.1934177716e-05,58,35,4.592459153131169,-1.0719892361346004,-2.4760064978025103
-1.0774903354210021,-2.474491719760625,3.8915575715e-05,58,35,4.592459153131169,-1.0719892361346004,-2.4760064978025103
-1.0771652178947697,-2.4744908872123794,4.4325061026e-05,58,35,4.592459153131169,-1.0719892361346004,-2.4760064978025103
-1.076837243713673,-2.474488364715456,5.8668145357e-05,58,35,4.592459153131169,-1.0719892361346004,-2.4760064978025103
-1.0765152722831093,-2.4744906014122354,7.422624185e-05,58,35,4.592459153131169,-1.0719892361346004,-2.4760064978025103
-1.0761951381724149,-2.4744914588126674,8.2039339759e-05,58,35,4.592459153131169,-1.0719892361346004,-2.4760064978025103
-1.0758852225804458,-2.4744939564574073,8.8063927251e-05,58,35,4.592459153131169,-1.0719892361346004,-2.4760064978025103
-1.0755890491343512,-2.4744910114733143,9.1994363174e-05,58,35,4.592459153131169,-1.0719892361346004,-2.4760064978025103
-1.0752842553861282,-2.474492365917475,8.9062479674e-05,58,35,4.592459153131169,-1.0719892361346004,-2.4760064978025103
-1.0749883462120702,-2.474489507916032,8.9055167336e-05,58,35,4.592459153131169,-1.0719892361346004,-2.4760064978025103
-1.0746919210783221,-2.4744925274566842,8.9440218289e-05,58,35,4.592459153131169,-1.0719892361346004,-2.4760064978025103
-1.0743989818185733,-2.4744904647252124,9.3623952125e-05,58,35,4.592459153131169,-1.0719892361346004,-2.4760064978025103
-1.074108232241409,-2.4744925523088703,8.9940236649e-05,58,35,4.592459153131169,-1.0719892361346004,-2.4760064978025103
-1.0738133801554937,-2.474489657029153,8.85595e-05,58,35,4.592459153131169,-1.0719892361346004,-2.4760064978025103
-1.073522089449875,-2.4744968020327525,8.9402092271e-05,58,35,4.592459153131169,-1.0719892361346004,-2.4760064978025103
-1.0732356563159655,-2.4744923534913803,9.0349167294e-05,58,35,4.592459153131169,-1.0719892361346004,-2.4760064978025103
-1.0729470334994717,-2.4744940931444304,8.7439853814e-05,58,35,4.592459153131169,-1.0719892361346004,-2.4760064978025103
-1.0726651810808538,-2.474494080718339,8.7564934802e-05,58,35,4.592459153131169,-1.0719892361346004,-2.4760064978025103
-1.0723795911005833,-2.47449501267533,8.8253887952e-05,58,35,4.592459153131169,-1.0719892361346004,-2.4760064978025103
-1.0721069756188424,-2.4744959570584153,8.7966684077e-05,58,35,4.592459153131169,-1.0719892361346004,-2.4760064978025103
-1.0718140866966246,-2.474494925692676,9.0915920737e-05,58,35,4.592459153131169,-1.0719892361346004,-2.4760064978025103
-1.0715368401620629,-2.4744966653457294,8.8944238087e-05,58,35,4.592459153131169,-1.0719892361346004,-2.4760064978025103
-1.0712576304638053,-2.474494751727372,8.634844562e-05,58,35,4.592459153131169,-1.0719892361346004,-2.4760064978025103
-1.0709777537932663,-2.474495149362356,8.3670238382e-05,58,35,4.592459153131169,-1.0719892361346004,-2.4760064978025103
-1.0707037791981984,-2.4744927014219917,8.1042540842e-05,58,35,4.592459153131169,-1.0719892361346004,-2.4760064978025103
-1.0704270486233247,-2.4744942049792704,7.8243792814e-05,58,35,4.592459153131169,-1.0719892361346004,-2.4760064978025103
-1.0701529985219609,-2.4744944535011366,7.6886848547e-05,58,35,4.592459153131169,-1.0719892361346004,-2.4760064978025103
-1.0698798041586193,-2.474495161788447,7.1547459811e-05,58,35,4.592459153131169,-1.0719892361346004,-2.4760064978025103
-1.0696063077700915,-2.474496901441501,6.5474181611e-05,58,35,4.592459153131169,-1.0719892361346004,-2.4760064978025103
-1.069332043734222,-2.4744935588224237,5.6624936406e-05,58,35,4.592459153131169,-1.0719892361346004,-2.4760064978025103
-1.0690591891492125,-2.4744936706572638,4.4883709052e-05,58,35,4.592459153131169,-1.0719892361346004,-2.4760064978025103
-1.0687900972946185,-2.474492515030593,4.143676415e-05,58,35,4.592459153131169,-1.0719892361346004,-2.4760064978025103
-1.0685231322006965,-2.474493596100701,4.2115058022e-05,58,35,4.592459153131169,-1.0719892361346004,-2.4760064978025103
-1.0682549590060388,-2.474493596100701,4.6838267735e-05,58,35,4.592459153131169,-1.0719892361346004,-2.4760064978025103
-1.0679940092470328,-2.4744918440215597,5.6813310948e-05,58,35,4.592459153131169,-1.0719892361346004,-2.4760064978025103
-1.0677280509037244,-2.474490974195033,6.6101769335e-05,58,35,4.592459153131169,-1.0719892361346004,-2.4760064978025103
-1.0674573734169162,-2.474491645204066,7.1385533374e-05,58,35,4.592459153131169,-1.0719892361346004,-2.4760064978025103
-1.0671896155068865,-2.4744922789348216,7.7638535004e-05,58,35,4.592459153131169,-1.0719892361346004,-2.4760064978025103
-1.0669199699394547,-2.4744912102908043,8.1466401753e-05,58,35,4.592459153131169,-1.0719892361346004,-2.4760064978025103
-1.0666525266389923,-2.4744937452138225,8.1979822426e-05,58,35,4.592459153131169,-1.0719892361346004,-2.4760064978025103
-1.0663849826634682,-2.474493422135397,8.2474500232e-05,58,35,4.592459153131169,-1.0719892361346004,-2.4760064978025103
-1.0661207609649666,-2.4744936582311685,8.7394313596e-05,58,35,4.592459153131169,-1.0719892361346004,-2.4760064978025103
-1.06585452576524,-2.4744893090985416,8.7358646851e-05,58,35,4.592459153131169,-1.0719892361346004,-2.4760064978025103
-1.0655895112506326,-2.474491545795321,8.7795873696e-05,58,35,4.592459153131169,-1.0719892361346004,-2.4760064978025103
-1.065325465733489,-2.4744937824921003,8.9088811364e-05,58,35,4.592459153131169,-1.0719892361346004,-2.4760064978025103
-1.0650612566193707,-2.4744933600049297,8.5679457698e-05,58,35,4.592459153131169,-1.0719892361346004,-2.4760064978025103
-1.0647972614397598,-2.474492440474034,8.7845204689e-05,58,35,4.592459153131169,-1.0719892361346004,-2.4760064978025103
-1.0645346757110052,-2.4744923534913803,8.5169522208e-05,58,35,4.592459153131169,-1.0719892361346004,-2.4760064978025103
-1.0642716369444767,-2.474493819770381,8.5356899945e-05,58,35,4.592459153131169,-1.0719892361346004,-2.4760064978025103
-1.0640122728176864,-2.474491508517043,8.7901644292e-05,58,35,4.592459153131169,-1.0719892361346004,-2.4760064978025103
-1.0637520529528741,-2.474491433960481,8.4888728452e-05,58,35,4.592459153131169,-1.0719892361346004,-2.4760064978025103
-1.063492550397874,-2.474492365917475,8.2821505202e-05,58,35,4.592459153131169,-1.0719892361346004,-2.4760064978025103
-1.0632321417673225,-2.474490825081915,8.5091225628e-05,58,35,4.592459153131169,-1.0719892361346004,-2.4760064978025103
-1.0629719848244246,-2.474494428648947,8.3481427282e-05,58,35,4.592459153131169,-1.0719892361346004,-2.4760064978025103
-1.0791584079280456,-2.474239594329179,7.8955315985e-05,58,35,4.592459153131169,-1.0719892361346004,-2.4760064978025103
-1.0788283195706603,-2.474231678907795,7.5726355135e-05,58,35,4.592459153131169,-1.0719892361346004,-2.4760064978025103
-1.0784899632738618,-2.4742339901611365,7.0129557571e-05,58,35,4.592459153131169,-1.0719892361346004,-2.4760064978025103
-1.0781580627653737,-2.4742350712312446,5.8826608438e-05,58,35,4.592459153131169,-1.0719892361346004,-2.4760064978025103
-1.0778229029017732,-2.474231393107651,5.1211449318e-05,58,35,4.592459153131169,-1.0719892361346004,-2.4760064978025103
-1.0774916190280335,-2.4742324120472956,4.2677969759e-05,58,35,4.592459153131169,-1.0719892361346004,-2.4760064978025103
-1.0771634183280483,-2.4742344747787706,4.2845244025e-05,58,35,4.592459153131169,-1.0719892361346004,-2.4760064978025103
-1.0768394333962577,-2.474232088968874,5.0071372243e-05,58,35,4.592459153131169,-1.0719892361346004,-2.4760064978025103
-1.0765183302880974,-2.4742312812728144,5.6448126998e-05,58,35,4.592459153131169,-1.0719892361346004,-2.4760064978025103
-1.0761943831094547,-2.474233642230525,6.8495966843e-05,58,35,4.592459153131169,-1.0719892361346004,-2.4760064978025103
-1.0758775335226352,-2.4742330084997697,7.3280389188e-05,58,35,4.592459153131169,-1.0719892361346004,-2.4760064978025103
-1.0755823794115371,-2.4742314179598406,7.7371965745e-05,58,35,4.592459153131169,-1.0719892361346004,-2.4760064978025103
-1.0752799515272564,-2.474233070630237,7.8024459071e-05,58,35,4.592459153131169,-1.0719892361346004,-2.4760064978025103
-1.0749825322272781,-2.4742312564206284,7.5643809396e-05,58,35,4.592459153131169,-1.0719892361346004,-2.4760064978025103
-1.0746858805746415,-2.47423385347411,7.60826224e-05,58,35,4.592459153131169,-1.0719892361346004,-2.4760064978025103
-1.0743920478237228,-2.4742308712117356,7.7540746133e-05,58,35,4.592459153131169,-1.0719892361346004,-2.4760064978025103
-1.0740982024884227,-2.4742317037599846,7.7831216913e-05,58,35,4.592459153131169,-1.0719892361346004,-2.4760064978025103
-1.073807377404961,-2.4742313806815597,7.5515388744e-05,58,35,4.592459153131169,-1.0719892361346004,-2.4760064978025103
-1.0735189056010601,-2.474233754065365,7.4763942393e-05,58,35,4.592459153131169,-1.0719892361346004,-2.4760064978025103
-1.0732283196208705,-2.474233083056332,7.91436687e-05,58,35,4.592459153131169,-1.0719892361346004,-2.4760064978025103
-1.0729437489755949,-2.4742337913436425,7.6494849054e-05,58,35,4.592459153131169,-1.0719892361346004,-2.4760064978025103
-1.0726581841640908,-2.474231678907795,7.7794422396e-05,58,35,4.592459153131169,-1.0719892361346004,-2.4760064978025103
-1.0723771748991102,-2.4742314800903045,7.9564350017e-05,58,35,4.592459153131169,-1.0719892361346004,-2.4760064978025103
-1.072091975034703,-2.474231517368586,7.8942233813e-05,58,35,4.592459153131169,-1.0719892361346004,-2.4760064978025103
-1.0718114062231165,-2.4742313185510922,8.2678874605e-05,58,35,4.592459153131169,-1.0719892361346004,-2.4760064978025103
-1.0715298180765336,-2.474236462953687,8.3669860032e-05,58,35,4.592459153131169,-1.0719892361346004,-2.4760064978025103
-1.071251464116298,-2.474236748753831,8.3457016444e-05,58,35,4.592459153131169,-1.0719892361346004,-2.4760064978025103
-1.0709746706195118,-2.474235530996696,8.5633677372e-05,58,35,4.592459153131169,-1.0719892361346004,-2.4760064978025103
-1.0706981791479102,-2.4742343753700253,8.5338542704e-05,58,35,4.592459153131169,-1.0719892361346004,-2.4760064978025103
-1.0704209200289652,-2.4742355558488827,8.3112536231e-05,58,35,4.592459153131169,-1.0719892361346004,-2.4760064978025103
-1.0701451962047068,-2.474236997275694,7.8686607594e-05,58,35,4.592459153131169,-1.0719892361346004,-2.4760064978025103
-1.0698709070000727,-2.474235878927304,7.1405433118e-05,58,35,4.592459153131169,-1.0719892361346004,-2.4760064978025103
-1.0695994492815382,-2.474234288387372,6.6211439844e-05,58,35,4.592459153131169,-1.0719892361346004,-2.4760064978025103
-1.0693240778199935,-2.4742363759710333,6.1223719968e-05,58,35,4.592459153131169,-1.0719892361346004,-2.4760064978025103
-1.069053991799171,-2.474235854075118,5.4999396525e-05,58,35,4.592459153131169,-1.0719892361346004,-2.4760064978025103
-1.0687834904937188,-2.474236450527592,4.8436420911e-05,58,35,4.592459153131169,-1.0719892361346004,-2.4760064978025103
-1.0685153172990611,-2.4742348351354733,4.3751388148e-05,58,35,4.592459153131169,-1.0719892361346004,-2.4760064978025103
-1.0682627109857636,-2.4742369102930435,4.6865981858e-05,58,35,4.592459153131169,-1.0719892361346004,-2.4760064978025103
-1.0679868487332953,-2.4742309706204844,4.9836213293e-05,58,35,4.592459153131169,-1.0719892361346004,-2.4760064978025103
-1.067716523609201,-2.474234213830813,5.6052820582e-05,58,35,4.592459153131169,-1.0719892361346004,-2.4760064978025103
-1.0674475072609042,-2.474234686022356,6.4058382122e-05,58,35,4.592459153131169,-1.0719892361346004,-2.4760064978025103
-1.0671771947211912,-2.4742373700584914,6.7451022915e-05,58,35,4.592459153131169,-1.0719892361346004,-2.4760064978025103
-1.0669140301108362,-2.4742350712312446,7.1669979661e-05,58,35,4.592459153131169,-1.0719892361346004,-2.4760064978025103
-1.0666441957776651,-2.4742348475615685,7.4866133218e-05,58,35,4.592459153131169,-1.0719892361346004,-2.4760064978025103
-1.0663793574444154,-2.474235965909958,7.3890223575e-05,58,35,4.592459153131169,-1.0719892361346004,-2.4760064978025103
-1.0661281354132115,-2.4742353197531113,7.9843019194e-05,58,35,4.592459153131169,-1.0719892361346004,-2.4760064978025103
-1.0658473652515026,-2.4742343753700253,7.7349752246e-05,58,35,4.592459153131169,-1.0719892361346004,-2.4760064978025103
-1.0655821745555356,-2.4742359037794905,7.7452350524e-05,58,35,4.592459153131169,-1.0719892361346004,-2.4760064978025103
-1.0653196391643138,-2.474234810283287,7.6544063631e-05,58,35,4.592459153131169,-1.0719892361346004,-2.4760064978025103
-1.0650555558940222,-2.4742390103027962,7.5296375144e-05,58,35,4.592459153131169,-1.0719892361346004,-2.4760064978025103
-1.064794039837797,-2.474234101995973,7.3317802162e-05,58,35,4.592459153131169,-1.0719892361346004,-2.4760064978025103
-1.0645284464415854,-2.4742369475713213,7.2499075031e-05,58,35,4.592459153131169,-1.0719892361346004,-2.4760064978025103
-1.0642684279268955,-2.474234934544222,7.3812720075e-05,58,35,4.592459153131169,-1.0719892361346004,-2.4760064978025103
-1.0640059051200568,-2.474237071832256,7.5620722782e-05,58,35,4.592459153131169,-1.0719892361346004,-2.4760064978025103
-1.0637601195421649,-2.4742348972659407,7.2965762229e-05,58,35,4.592459153131169,-1.0719892361346004,-2.4760064978025103
-1.063486962931971,-2.474238774207025,7.1393718827e-05,58,35,4.592459153131169,-1.0719892361346004,-2.4760064978025103
-1.0632267556515418,-2.4742364008232194,7.2079150414e-05,58,35,4.592459153131169,-1.0719892361346004,-2.4760064978025103
-1.0629814482801918,-2.4742385381112535,6.7679953645e-05,58,35,4.592459153131169,-1.0719892361346004,-2.4760064978025103
-1.0791462262456224,-2.4739810694597226,7.7039658208e-05,58,35,4.592459153131169,-1.0719892361346004,-2.4760064978025103
-1.0788146151779354,-2.473977950510322,7.8183002188e-05,58,35,4.592459153131169,-1.0719892361346004,-2.4760064978025103
-1.0784780081103273,-2.473976633344442,7.1086134994e-05,58,35,4.592459153131169,-1.0719892361346004,-2.4760064978025103
-1.078142885999875,-2.4739736635081626,6.4956475399e-05,58,35,4.592459153131169,-1.0719892361346004,-2.4760064978025103
-1.0778121432545913,-2.4739750179523234,5.9261907154e-05,58,35,4.592459153131169,-1.0719892361346004,-2.4760064978025103
-1.0774816647813428,-2.4739784351279597,5.3126543207e-05,58,35,4.592459153131169,-1.0719892361346004,-2.4760064978025103
-1.0771522056430907,-2.473976223283367,5.022887126e-05,58,35,4.592459153131169,-1.0719892361346004,-2.4760064978025103
-1.076830649497155,-2.473978870041221,5.1230243116e-05,58,35,4.592459153131169,-1.0719892361346004,-2.4760064978025103
-1.0765046888172851,-2.473977540449247,5.6176697399e-05,58,35,4.592459153131169,-1.0719892361346004,-2.4760064978025103
-1.0761831830088804,-2.473975254048095,6.1120626924e-05,58,35,4.592459153131169,-1.0719892361346004,-2.4760064978025103
-1.0758756206964704,-2.4739781866060935,6.8078537879e-05,58,35,4.592459153131169,-1.0719892361346004,-2.4760064978025103
-1.0755719847114538,-2.4739765836400696,7.0261812652e-05,58,35,4.592459153131169,-1.0719892361346004,-2.4760064978025103
-1.0752732188825282,-2.473977689562364,7.1412381658e-05,58,35,4.592459153131169,-1.0719892361346004,-2.4760064978025103
-1.074974956428911,-2.4739760865963403,7.4071729614e-05,58,35,4.592459153131169,-1.0719892361346004,-2.4760064978025103
-1.0746794751238642,-2.473977739266737,7.2997157986e-05,58,35,4.592459153131169,-1.0719892361346004,-2.4760064978025103
-1.0743827731336963,-2.473978546962796,7.1941736678e-05,58,35,4.592459153131169,-1.0719892361346004,-2.4760064978025103
-1.074092388503629,-2.473976409674762,6.7259585194e-05,58,35,4.592459153131169,-1.0719892361346004,-2.4760064978025103
-1.0738015760045523,-2.4739756268308892,6.5864463977e-05,58,35,4.592459153131169,-1.0719892361346004,-2.4760064978025103
-1.0735097315860958,-2.4739765587878835,6.6793589212e-05,58,35,4.592459153131169,-1.0719892361346004,-2.4760064978025103
-1.0732204669660854,-2.47397698127505,6.7114473495e-05,58,35,4.592459153131169,-1.0719892361346004,-2.4760064978025103
-1.07293905500086,-2.4739786339454497,6.9390960562e-05,58,35,4.592459153131169,-1.0719892361346004,-2.4760064978025103
-1.0726501427435648,-2.473974384221568,7.2680217272e-05,58,35,4.592459153131169,-1.0719892361346004,-2.4760064978025103
-1.0723683029093303,-2.47397535345684,7.449327677e-05,58,35,4.592459153131169,-1.0719892361346004,-2.4760064978025103
-1.072087079709844,-2.473977962936417,7.5005649705e-05,58,35,4.592459153131169,-1.0719892361346004,-2.4760064978025103
-1.071803251543147,-2.4739748439870195,7.8786295489e-05,58,35,4.592459153131169,-1.0719892361346004,-2.4760064978025103
-1.0715226323940312,-2.473974098421424,8.0980928033e-05,58,35,4.592459153131169,-1.0719892361346004,-2.4760064978025103
-1.0712449579904586,-2.4739759126310332,8.0254336353e-05,58,35,4.592459153131169,-1.0719892361346004,-2.4760064978025103
-1.070965609863991,-2.4739732534470873,7.8453143942e-05,58,35,4.592459153131169,-1.0719892361346004,-2.4760064978025103
-1.07070072119321,-2.473977689562364,7.8699726146e-05,58,35,4.592459153131169,-1.0719892361346004,-2.4760064978025103
-1.070427501661102,-2.473976223283367,7.774389087e-05,58,35,4.592459153131169,-1.0719892361346004,-2.4760064978025103
-1.0701375323156626,-2.473977776545018,7.5707343058e-05,58,35,4.592459153131169,-1.0719892361346004,-2.4760064978025103
-1.0698629033326947,-2.473973961734398,7.2807139077e-05,58,35,4.592459153131169,-1.0719892361346004,-2.4760064978025103
-1.0695890294126886,-2.473976123874618,6.94167029e-05,58,35,4.592459153131169,-1.0719892361346004,-2.4760064978025103
-1.069316816631194,-2.47397434694329,6.6869703005e-05,58,35,4.592459153131169,-1.0719892361346004,-2.4760064978025103
-1.069047611517158,-2.4739767824575596,6.2280189013e-05,58,35,4.592459153131169,-1.0719892361346004,-2.4760064978025103
-1.0687753609825157,-2.473977962936417,5.7450786699e-05,58,35,4.592459153131169,-1.0719892361346004,-2.4760064978025103
-1.0685078044226082,-2.4739751546393496,5.1822324167e-05,58,35,4.592459153131169,-1.0719892361346004,-2.4760064978025103
-1.068242789907999,-2.4739775155970603,5.1556166e-05,58,35,4.592459153131169,-1.0719892361346004,-2.4760064978025103
-1.0679801160885671,-2.4739756144047975,5.408432844e-05,58,35,4.592459153131169,-1.0719892361346004,-2.4760064978025103
-1.067707450269297,-2.4739764718052295,6.0049438616e-05,58,35,4.592459153131169,-1.0719892361346004,-2.4760064978025103
-1.067440673941114,-2.4739761735789907,5.9331177908e-05,58,35,4.592459153131169,-1.0719892361346004,-2.4760064978025103
-1.0671744261570044,-2.4739754280133988,6.2574123149e-05,58,35,4.592459153131169,-1.0719892361346004,-2.4760064978025103
-1.066906743753272,-2.4739731291861524,6.5183034167e-05,58,35,4.592459153131169,-1.0719892361346004,-2.4760064978025103
-1.0666403575409524,-2.473977851101577,6.7532411776e-05,58,35,4.592459153131169,-1.0719892361346004,-2.4760064978025103
-1.066369428366489,-2.4739753161785587,7.1892500273e-05,58,35,4.592459153131169,-1.0719892361346004,-2.4760064978025103
-1.0661068048845885,-2.473978062345162,7.2190516221e-05,58,35,4.592459153131169,-1.0719892361346004,-2.4760064978025103
-1.0658428474581236,-2.473975651683079,6.8449466198e-05,58,35,4.592459153131169,-1.0719892361346004,-2.4760064978025103
-1.0655769142835816,-2.4739781866060935,6.7908411438e-05,58,35,4.592459153131169,-1.0719892361346004,-2.4760064978025103
-1.065326636081077,-2.4739787830585676,6.8701388955e-05,58,35,4.592459153131169,-1.0719892361346004,-2.4760064978025103
-1.065048735158617,-2.473976496657416,7.0696842158e-05,58,35,4.592459153131169,-1.0719892361346004,-2.4760064978025103
-1.0647849916666576,-2.4739764593791382,7.0786627475e-05,58,35,4.592459153131169,-1.0719892361346004,-2.4760064978025103
-1.0645205937868003,-2.47397667062272,7.1334630775e-05,58,35,4.592459153131169,-1.0719892361346004,-2.4760064978025103
-1.064261556853959,-2.4739762605616447,6.8751476647e-05,58,35,4.592459153131169,-1.0719892361346004,-2.4760064978025103
-1.0639990088783542,-2.473976099022432,6.5546715632e-05,58,35,4.592459153131169,-1.0719892361346004,-2.4760064978025103
-1.063756986030881,-2.473975925057128,6.4629675762e-05,58,35,4.592459153131169,-1.0719892361346004,-2.4760064978025103
-1.0634976093197075,-2.473978099623443,6.3356666942e-05,58,35,4.592459153131169,-1.0719892361346004,-2.4760064978025103
-1.0632217596516225,-2.4739766209183474,6.4324885898e-05,58,35,4.592459153131169,-1.0719892361346004,-2.4760064978025103
-1.0629620809152647,-2.4739762729877395,6.1892766098e-05,58,35,4.592459153131169,-1.0719892361346004,-2.4760064978025103
-1.079177498436553,-2.473720817363308,7.5333933637e-05,58,35,4.592459153131169,-1.0719892361346004,-2.4760064978025103
-1.0788467682756528,-2.4737151262126114,7.6381969848e-05,58,35,4.592459153131169,-1.0719892361346004,-2.4760064978025103
-1.0785087265884203,-2.4737157599433663,7.5373871368e-05,58,35,4.592459153131169,-1.0719892361346004,-2.4760064978025103
-1.0781713015359395,-2.473717673561721,7.0807422162e-05,58,35,4.592459153131169,-1.0719892361346004,-2.4760064978025103
-1.077836972241595,-2.4737148031341896,6.6562482971e-05,58,35,4.592459153131169,-1.0719892361346004,-2.4760064978025103
-1.0775088973854363,-2.473715909056484,6.1038343119e-05,58,35,4.592459153131169,-1.0719892361346004,-2.4760064978025103
-1.0771818041111265,-2.473717089535341,5.5666409025e-05,58,35,4.592459153131169,-1.0719892361346004,-2.4760064978025103
-1.0768557553405782,-2.4737180214923318,5.7095792727e-05,58,35,4.592459153131169,-1.0719892361346004,-2.4760064978025103
-1.076529064766513,-2.473715958760857,6.258393114e-05,58,35,4.592459153131169,-1.0719892361346004,-2.4760064978025103
-1.0762116237137096,-2.4737177853965604,6.2333565438e-05,58,35,4.592459153131169,-1.0719892361346004,-2.4760064978025103
-1.0758978447162615,-2.473715784795553,6.6785214585e-05,58,35,4.592459153131169,-1.0719892361346004,-2.4760064978025103
-1.075598588096414,-2.473716530361145,6.7908636993e-05,58,35,4.592459153131169,-1.0719892361346004,-2.4760064978025103
-1.0753042393858054,-2.473719872980222,6.733679038e-05,58,35,4.592459153131169,-1.0719892361346004,-2.4760064978025103
-1.074997608317715,-2.4737146912993495,6.6094005888e-05,58,35,4.592459153131169,-1.0719892361346004,-2.4760064978025103
-1.0747030205038361,-2.473717213796273,6.6809931013e-05,58,35,4.592459153131169,-1.0719892361346004,-2.4760064978025103
-1.0744056767101537,-2.4737156853868076,6.9060566602e-05,58,35,4.592459153131169,-1.0719892361346004,-2.4760064978025103
-1.0741136057728085,-2.473716977700501,6.7421482527e-05,58,35,4.592459153131169,-1.0719892361346004,-2.4760064978025103
-1.0738234350772466,-2.473716766456916,6.4404739533e-05,58,35,4.592459153131169,-1.0719892361346004,-2.4760064978025103
-1.073536297217908,-2.473712777680992,6.3684310589e-05,58,35,4.592459153131169,-1.0719892361346004,-2.4760064978025103
-1.073244415046302,-2.4737143930731107,6.3522311393e-05,58,35,4.592459153131169,-1.0719892361346004,-2.4760064978025103
-1.0729566983053613,-2.473714206681712,6.4700878283e-05,58,35,4.592459153131169,-1.0719892361346004,-2.4760064978025103
-1.0726714103502737,-2.4737131256116034,6.7523898906e-05,58,35,4.592459153131169,-1.0719892361346004,-2.4760064978025103
-1.0723875695991953,-2.4737134238378387,7.083103992e-05,58,35,4.592459153131169,-1.0719892361346004,-2.4760064978025103
-1.0721037540168799,-2.4737125291591293,7.386602374e-05,58,35,4.592459153131169,-1.0719892361346004,-2.4760064978025103
-1.0718244562279433,-2.4737174001876716,7.792723045e-05,58,35,4.592459153131169,-1.0719892361346004,-2.4760064978025103
-1.0715435979755557,-2.4737160084652294,8.0891317339e-05,58,35,4.592459153131169,-1.0719892361346004,-2.4760064978025103
-1.0712648413150738,-2.4737159960391377,8.054812497e-05,58,35,4.592459153131169,-1.0719892361346004,-2.4760064978025103
-1.070987166911501,-2.473714368220924,7.8297285654e-05,58,35,4.592459153131169,-1.0719892361346004,-2.4760064978025103
-1.0707096435205212,-2.473712640993969,7.8523495176e-05,58,35,4.592459153131169,-1.0719892361346004,-2.4760064978025103
-1.070444314396346,-2.4737184564055936,7.6950229413e-05,58,35,4.592459153131169,-1.0719892361346004,-2.4760064978025103
-1.0701581581188546,-2.473714455203578,7.7231641626e-05,58,35,4.592459153131169,-1.0719892361346004,-2.4760064978025103
-1.069883780823542,-2.4737146043166955,7.4375442637e-05,58,35,4.592459153131169,-1.0719892361346004,-2.4760064978025103
-1.0696106493821127,-2.473716530361145,7.3221424827e-05,58,35,4.592459153131169,-1.0719892361346004,-2.4760064978025103
-1.0693386882882714,-2.473715138638706,7.159949746e-05,58,35,4.592459153131169,-1.0719892361346004,-2.4760064978025103
-1.0690658211188788,-2.4737180214923318,6.8365501647e-05,58,35,4.592459153131169,-1.0719892361346004,-2.4760064978025103
-1.068808445324549,-2.4737168285873836,6.4458981797e-05,58,35,4.592459153131169,-1.0719892361346004,-2.4760064978025103
-1.068542851928339,-2.473714914969026,6.39503196e-05,58,35,4.592459153131169,-1.0719892361346004,-2.4760064978025103
-1.0682695065524044,-2.4737152504735427,6.2103972596e-05,58,35,4.592459153131169,-1.0719892361346004,-2.4760064978025103
-1.0679941225064764,-2.4737156853868076,6.201335782e-05,58,35,4.592459153131169,-1.0719892361346004,-2.4760064978025103
-1.0677265911153353,-2.473715784795553,6.3083272835e-05,58,35,4.592459153131169,-1.0719892361346004,-2.4760064978025103
-1.0674585941020351,-2.473716095447883,6.6816501203e-05,58,35,4.592459153131169,-1.0719892361346004,-2.4760064978025103
-1.0671915283330513,-2.4737152753257288,6.4583618951e-05,58,35,4.592459153131169,-1.0719892361346004,-2.4760064978025103
-1.0669366819996382,-2.4737173256311125,6.5973217716e-05,58,35,4.592459153131169,-1.0719892361346004,-2.4760064978025103
-1.066654112271208,-2.4737155362736867,6.9980465923e-05,58,35,4.592459153131169,-1.0719892361346004,-2.4760064978025103
-1.0663910609202965,-2.4737180711967044,7.1533271694e-05,58,35,4.592459153131169,-1.0719892361346004,-2.4760064978025103
-1.06613774988157,-2.473717263500645,7.0916394179e-05,58,35,4.592459153131169,-1.0719892361346004,-2.4760064978025103
-1.0658758814626277,-2.4737184688316884,7.4521041824e-05,58,35,4.592459153131169,-1.0719892361346004,-2.4760064978025103
-1.0655925189180897,-2.4737154368649414,7.0456400863e-05,58,35,4.592459153131169,-1.0719892361346004,-2.4760064978025103
-1.0653414478994772,-2.473717810248747,6.8446242949e-05,58,35,4.592459153131169,-1.0719892361346004,-2.4760064978025103
-1.0650817943318858,-2.4737181954576357,6.7722554377e-05,58,35,4.592459153131169,-1.0719892361346004,-2.4760064978025103
-1.0648051392633096,-2.4737188540405777,6.6707536462e-05,58,35,4.592459153131169,-1.0719892361346004,-2.4760064978025103
-1.0645415719527078,-2.47371705225706,6.7426233727e-05,58,35,4.592459153131169,-1.0719892361346004,-2.4760064978025103
-1.0642950187274742,-2.4737179345096783,6.7167493398e-05,58,35,4.592459153131169,-1.0719892361346004,-2.4760064978025103
-1.0640199744598784,-2.4737167167525436,6.8710687628e-05,58,35,4.592459153131169,-1.0719892361346004,-2.4760064978025103
-1.0637588359351333,-2.4737174623181355,6.5357613494e-05,58,35,4.592459153131169,-1.0719892361346004,-2.4760064978025103
-1.06351200585348,-2.4737170025526876,6.8533263402e-05,58,35,4.592459153131169,-1.0719892361346004,-2.4760064978025103
-1.063238836658903,-2.473715523847595,6.7643988586e-05,58,35,4.592459153131169,-1.0719892361346004,-2.4760064978025103
-1.0629959580734076,-2.4737157350911803,6.4079387812e-05,58,35,4.592459153131169,-1.0719892361346004,-2.4760064978025103
-1.0791651531571553,-2.473464442207977,7.7207449067e-05,58,35,4.592459153131169,-1.0719892361346004,-2.4760064978025103
-1.0788347124370563,-2.4734564646561283,7.5749252574e-05,58,35,4.592459153131169,-1.0719892361346004,-2.4760064978025103
-1.0784975768253768,-2.4734567007518997,7.5482355896e-05,58,35,4.592459153131169,-1.0719892361346004,-2.4760064978025103
-1.0781635369718334,-2.473455172342435,7.166499563e-05,58,35,4.592459153131169,-1.0719892361346004,-2.4760064978025103
-1.0778286036271216,-2.4734552220468076,7.3524992331e-05,58,35,4.592459153131169,-1.0719892361346004,-2.4760064978025103
-1.0775019130530565,-2.473459558753343,6.7389577453e-05,58,35,4.592459153131169,-1.0719892361346004,-2.4760064978025103
-1.0771725420054834,-2.473456874717207,6.5571257437e-05,58,35,4.592459153131169,-1.0719892361346004,-2.4760064978025103
-1.076848317970421,-2.473459161118359,6.6354703449e-05,58,35,4.592459153131169,-1.0719892361346004,-2.4760064978025103
-1.0765251258547381,-2.473458962300865,6.5299042035e-05,58,35,4.592459153131169,-1.0719892361346004,-2.4760064978025103
-1.0762070178296537,-2.473459223248823,6.7127919465e-05,58,35,4.592459153131169,-1.0719892361346004,-2.4760064978025103
-1.0758937925450431,-2.473454600742147,6.7619519541e-05,58,35,4.592459153131169,-1.0719892361346004,-2.4760064978025103
-1.0755952028974751,-2.4734590865618,6.9132489443e-05,58,35,4.592459153131169,-1.0719892361346004,-2.4760064978025103
-1.075292712091282,-2.4734565764909684,7.0982554462e-05,58,35,4.592459153131169,-1.0719892361346004,-2.4760064978025103
-1.0750042151186148,-2.473457781822012,7.230835763e-05,58,35,4.592459153131169,-1.0719892361346004,-2.4760064978025103
-1.0746992451890358,-2.4734576699871718,7.0493129897e-05,58,35,4.592459153131169,-1.0719892361346004,-2.4760064978025103
-1.0744113648511189,-2.4734546131682382,7.1687725722e-05,58,35,4.592459153131169,-1.0719892361346004,-2.4760064978025103
-1.0741099563018348,-2.47345723507391,6.8752546213e-05,58,35,4.592459153131169,-1.0719892361346004,-2.4760064978025103
-1.0738165765886918,-2.473459434492408,6.9270194217e-05,58,35,4.592459153131169,-1.0719892361346004,-2.4760064978025103
-1.0735278530971375,-2.473458017917783,6.910207594e-05,58,35,4.592459153131169,-1.0719892361346004,-2.4760064978025103
-1.0732426532327286,-2.4734566883258085,7.1497073804e-05,58,35,4.592459153131169,-1.0719892361346004,-2.4760064978025103
-1.0729653060231066,-2.473459546327248,6.9313457061e-05,58,35,4.592459153131169,-1.0719892361346004,-2.4760064978025103
-1.0726694849397256,-2.473456651047527,7.0266927651e-05,58,35,4.592459153131169,-1.0719892361346004,-2.4760064978025103
-1.072386474757903,-2.473458191883087,7.3709001299e-05,58,35,4.592459153131169,-1.0719892361346004,-2.4760064978025103
-1.0721035274979929,-2.4734574338914004,7.6092990639e-05,58,35,4.592459153131169,-1.0719892361346004,-2.4760064978025103
-1.0718306099910673,-2.4734577196915444,7.7916782175e-05,58,35,4.592459153131169,-1.0719892361346004,-2.4760064978025103
-1.0715418487463653,-2.4734571729434425,8.0938458268e-05,58,35,4.592459153131169,-1.0719892361346004,-2.4760064978025103
-1.0712633060203889,-2.4734592729531957,8.2191945694e-05,58,35,4.592459153131169,-1.0719892361346004,-2.4760064978025103
-1.0709851911634218,-2.4734616711891872,7.9658675531e-05,58,35,4.592459153131169,-1.0719892361346004,-2.4760064978025103
-1.07070756709738,-2.473459335083663,7.8595447121e-05,58,35,4.592459153131169,-1.0719892361346004,-2.4760064978025103
-1.0704358451068108,-2.4734609629018767,7.97676621e-05,58,35,4.592459153131169,-1.0719892361346004,-2.4760064978025103
-1.070156962602502,-2.473459359935849,7.7642842371e-05,58,35,4.592459153131169,-1.0719892361346004,-2.4760064978025103
-1.0698863857907543,-2.47346051556252,7.8110700997e-05,58,35,4.592459153131169,-1.0719892361346004,-2.4760064978025103
-1.069624995578354,-2.4734597327186467,7.5603064033e-05,58,35,4.592459153131169,-1.0719892361346004,-2.4760064978025103
-1.0693526569530327,-2.4734617333196547,7.5675881817e-05,58,35,4.592459153131169,-1.0719892361346004,-2.4760064978025103
-1.0690656197687547,-2.4734618327284,7.3448594776e-05,58,35,4.592459153131169,-1.0719892361346004,-2.4760064978025103
-1.0688091374655966,-2.4734597824230193,7.0928675996e-05,58,35,4.592459153131169,-1.0719892361346004,-2.4760064978025103
-1.0685258630117358,-2.4734597327186467,6.8962850492e-05,58,35,4.592459153131169,-1.0719892361346004,-2.4760064978025103
-1.068274276033435,-2.4734591114139866,6.7021668656e-05,58,35,4.592459153131169,-1.0719892361346004,-2.4760064978025103
-1.068001534707869,-2.473459558753343,6.6980399424e-05,58,35,4.592459153131169,-1.0719892361346004,-2.4760064978025103
-1.0677357525459181,-2.473461646337001,6.8661436671e-05,58,35,4.592459153131169,-1.0719892361346004,-2.4760064978025103
-1.0674649114621337,-2.473454737429173,6.8632696639e-05,58,35,4.592459153131169,-1.0719892361346004,-2.4760064978025103
-1.0672131105493274,-2.473457334482655,7.046306564e-05,58,35,4.592459153131169,-1.0719892361346004,-2.4760064978025103
-1.0669289929418277,-2.473459061709614,7.494786405e-05,58,35,4.592459153131169,-1.0719892361346004,-2.4760064978025103
-1.06666044221569,-2.4734575581523317,7.0426205639e-05,58,35,4.592459153131169,-1.0719892361346004,-2.4760064978025103
-1.0663970636708293,-2.4734578563785705,7.0779846283e-05,58,35,4.592459153131169,-1.0719892361346004,-2.4760064978025103
-1.066145174667344,-2.473460229762376,7.3590796092e-05,58,35,4.592459153131169,-1.0719892361346004,-2.4760064978025103
-1.0658831300670442,-2.4734598694056733,7.2226474003e-05,58,35,4.592459153131169,-1.0719892361346004,-2.4760064978025103
-1.0656027248524338,-2.473459372361944,7.1523383667e-05,58,35,4.592459153131169,-1.0719892361346004,-2.4760064978025103
-1.0653552026297346,-2.473459633309902,7.3613809946e-05,58,35,4.592459153131169,-1.0719892361346004,-2.4760064978025103
-1.0650933593795586,-2.4734604658581474,7.2463633842e-05,58,35,4.592459153131169,-1.0719892361346004,-2.4760064978025103
-1.0648306100538296,-2.4734579309351292,7.653942157e-05,58,35,4.592459153131169,-1.0719892361346004,-2.4760064978025103
-1.0645524951968643,-2.4734603167450264,7.0264039095e-05,58,35,4.592459153131169,-1.0719892361346004,-2.4760064978025103
-1.0642891040676203,-2.47345723507391,6.8060668127e-05,58,35,4.592459153131169,-1.0719892361346004,-2.4760064978025103
-1.0640282927368225,-2.4734584155527637,6.9048728619e-05,58,35,4.592459153131169,-1.0719892361346004,-2.4760064978025103
-1.0637839921160859,-2.473459123840078,6.8175657361e-05,58,35,4.592459153131169,-1.0719892361346004,-2.4760064978025103
-1.0635284158884792,-2.4734591859705453,7.1655878855e-05,58,35,4.592459153131169,-1.0719892361346004,-2.4760064978025103
-1.0632696432276747,-2.47346062739736,7.3086746852e-05,58,35,4.592459153131169,-1.0719892361346004,-2.4760064978025103
-1.0630113236046457,-2.473459558753343,7.2360737249e-05,58,35,4.592459153131169,-1.0719892361346004,-2.4760064978025103
-1.0791654174291918,-2.473207433321894,7.9206925875e-05,58,35,4.592459153131169,-1.0719892361346004,-2.4760064978025103
-1.078835870200261,-2.4731988841697574,8.032390906e-05,58,35,4.592459153131169,-1.0719892361346004,-2.4760064978025103
-1.078497161540749,-2.473199082987248,7.7956086898e-05,58,35,4.592459153131169,-1.0719892361346004,-2.4760064978025103
-1.0781612969517196,-2.473198026769326,7.877965254e-05,58,35,4.592459153131169,-1.0719892361346004,-2.4760064978025103
-1.0778288678991566,-2.4732024380324167,7.5519943493e-05,58,35,4.592459153131169,-1.0719892361346004,-2.4760064978025103
-1.0774990060606597,-2.473198610795705,7.0770125603e-05,58,35,4.592459153131169,-1.0719892361346004,-2.4760064978025103
-1.0771697482725302,-2.473196448655485,7.3209645052e-05,58,35,4.592459153131169,-1.0719892361346004,-2.4760064978025103
-1.0768433974767972,-2.473201468797148,7.1889611718e-05,58,35,4.592459153131169,-1.0719892361346004,-2.4760064978025103
-1.0765228984190058,-2.4731997415701894,7.1654641943e-05,58,35,4.592459153131169,-1.0719892361346004,-2.4760064978025103
-1.0762008640665277,-2.4731972066471717,7.2697665018e-05,58,35,4.592459153131169,-1.0719892361346004,-2.4760064978025103
-1.0758913763435698,-2.473198051621512,7.5533222116e-05,58,35,4.592459153131169,-1.0719892361346004,-2.4760064978025103
-1.075589841950459,-2.473201245127468,7.3434552178e-05,58,35,4.592459153131169,-1.0719892361346004,-2.4760064978025103
-1.0752913026404238,-2.4732009096229515,7.4490664701e-05,58,35,4.592459153131169,-1.0719892361346004,-2.4760064978025103
-1.0749924109676716,-2.473199480622232,7.5864001701e-05,58,35,4.592459153131169,-1.0719892361346004,-2.4760064978025103
-1.074699899576934,-2.4731992445264606,7.7029675595e-05,58,35,4.592459153131169,-1.0719892361346004,-2.4760064978025103
-1.0744075140300229,-2.4731971196645213,7.6586009527e-05,58,35,4.592459153131169,-1.0719892361346004,-2.4760064978025103
-1.0741087985386284,-2.473197914934486,7.2100236139e-05,58,35,4.592459153131169,-1.0719892361346004,-2.4760064978025103
-1.0738230952989143,-2.473201829153851,7.0742433309e-05,58,35,4.592459153131169,-1.0719892361346004,-2.4760064978025103
-1.073534686416926,-2.473199517900513,7.1855778515e-05,58,35,4.592459153131169,-1.0719892361346004,-2.4760064978025103
-1.07323595834115,-2.4731998658311207,7.3145041824e-05,58,35,4.592459153131169,-1.0719892361346004,-2.4760064978025103
-1.072950154426374,-2.4731993563613006,7.1535723691e-05,58,35,4.592459153131169,-1.0719892361346004,-2.4760064978025103
-1.072666640869243,-2.4731983871260286,7.3078779678e-05,58,35,4.592459153131169,-1.0719892361346004,-2.4760064978025103
-1.0723921628988682,-2.4732012824057494,7.4804396718e-05,58,35,4.592459153131169,-1.0719892361346004,-2.4760064978025103
-1.0721093792359324,-2.473201245127468,7.5267722423e-05,58,35,4.592459153131169,-1.0719892361346004,-2.4760064978025103
-1.0718263061321958,-2.4732005989706214,7.6886084571e-05,58,35,4.592459153131169,-1.0719892361346004,-2.4760064978025103
-1.0715350280109583,-2.4731995551787906,7.7074684668e-05,58,35,4.592459153131169,-1.0719892361346004,-2.4760064978025103
-1.0712578318139276,-2.473199368787392,7.6668438851e-05,58,35,4.592459153131169,-1.0719892361346004,-2.4760064978025103
-1.0709811389922035,-2.4731984989608686,7.7694785432e-05,58,35,4.592459153131169,-1.0719892361346004,-2.4760064978025103
-1.070717571681602,-2.4731986605000778,7.841205661e-05,58,35,4.592459153131169,-1.0719892361346004,-2.4760064978025103
-1.070428143464617,-2.4731963865250206,7.5778501923e-05,58,35,4.592459153131169,-1.0719892361346004,-2.4760064978025103
-1.0701555909047902,-2.4731973557602926,7.508861745e-05,58,35,4.592459153131169,-1.0719892361346004,-2.4760064978025103
-1.069878986173745,-2.4732010214577915,7.9484336311e-05,58,35,4.592459153131169,-1.0719892361346004,-2.4760064978025103
-1.0696062700169435,-2.473200077074706,7.4224881246e-05,58,35,4.592459153131169,-1.0719892361346004,-2.4760064978025103
-1.0693460627365143,-2.4732031960241034,7.5892225141e-05,58,35,4.592459153131169,-1.0719892361346004,-2.4760064978025103
-1.0690766562723564,-2.4732038049026723,7.3310613516e-05,58,35,4.592459153131169,-1.0719892361346004,-2.4760064978025103
-1.0687960748763867,-2.4731997539962842,7.4565992691e-05,58,35,4.592459153131169,-1.0719892361346004,-2.4760064978025103
-1.068525976271181,-2.473201916136505,7.4560783105e-05,58,35,4.592459153131169,-1.0719892361346004,-2.4760064978025103
-1.06825906151479,-2.4732016676146387,7.4280855188e-05,58,35,4.592459153131169,-1.0719892361346004,-2.4760064978025103
-1.0679968659018986,-2.4732011954230955,7.4327719631e-05,58,35,4.592459153131169,-1.0719892361346004,-2.4760064978025103
-1.0677325309439538,-2.4732033327111296,7.2951712355e-05,58,35,4.592459153131169,-1.0719892361346004,-2.4760064978025103
-1.0674625959357225,-2.473199505474418,7.4020717875e-05,58,35,4.592459153131169,-1.0719892361346004,-2.4760064978025103
-1.0671953288166163,-2.473202798389123,7.2794711741e-05,58,35,4.592459153131169,-1.0719892361346004,-2.4760064978025103
-1.0669267277529475,-2.4732044386334278,7.2999369877e-05,58,35,4.592459153131169,-1.0719892361346004,-2.4760064978025103
-1.0666610966035897,-2.473201145718723,7.472091238e-05,58,35,4.592459153131169,-1.0719892361346004,-2.4760064978025103
-1.0663949369101589,-2.473199468196137,7.7947493992e-05,58,35,4.592459153131169,-1.0719892361346004,-2.4760064978025103
-1.066129859473637,-2.4732008847707654,7.3445655289e-05,58,35,4.592459153131169,-1.0719892361346004,-2.4760064978025103
-1.06586570069705,-2.4732014190927756,7.5522177212e-05,58,35,4.592459153131169,-1.0719892361346004,-2.4760064978025103
-1.0656007868575026,-2.47320036287485,7.5580042903e-05,58,35,4.592459153131169,-1.0719892361346004,-2.4760064978025103
-1.0653375467408501,-2.4732037676243914,7.3112132668e-05,58,35,4.592459153131169,-1.0719892361346004,-2.4760064978025103
-1.0650742185335202,-2.4732015930580795,7.2744565841e-05,58,35,4.592459153131169,-1.0719892361346004,-2.4760064978025103
-1.0648253875350233,-2.473200300744386,7.2778144386e-05,58,35,4.592459153131169,-1.0719892361346004,-2.4760064978025103
-1.0645505572019331,-2.473199903109402,7.5629774074e-05,58,35,4.592459153131169,-1.0719892361346004,-2.4760064978025103
-1.0642890159769416,-2.4732025622933516,7.4528586993e-05,58,35,4.592459153131169,-1.0719892361346004,-2.4760064978025103
-1.0640286576839193,-2.4732009841795106,7.296417607e-05,58,35,4.592459153131169,-1.0719892361346004,-2.4760064978025103
-1.063768311975282,-2.4732013196840272,7.4551775469e-05,58,35,4.592459153131169,-1.0719892361346004,-2.4760064978025103
-1.0635086709920722,-2.4731997788484708,7.4147763371e-05,58,35,4.592459153131169,-1.0719892361346004,-2.4760064978025103
-1.0632513203665088,-2.473199642161444,7.519879e-05,58,35,4.592459153131169,-1.0719892361346004,-2.4760064978025103
-1.063009121337678,-2.473201617910266,7.3646180681e-05,58,35,4.592459153131169,-1.0719892361346004,-2.4760064978025103
-1.0791755981947697,-2.472945354589775,7.8441364167e-05,58,35,4.592459153131169,-1.0719892361346004,-2.4760064978025103
-1.0788432068953562,-2.472939141543163,7.88695761e-05,58,35,4.592459153131169,-1.0719892361346004,-2.4760064978025103
-1.0785044604826963,-2.4729376379858845,7.8382356151e-05,58,35,4.592459153131169,-1.0719892361346004,-2.4760064978025103
-1.078169627813045,-2.4729414527965043,7.9723584349e-05,58,35,4.592459153131169,-1.0719892361346004,-2.4760064978025103
-1.077838205511097,-2.4729413409616643,7.7720069385e-05,58,35,4.592459153131169,-1.0719892361346004,-2.4760064978025103
-1.0775045935265646,-2.472938719055996,7.7338474512e-05,58,35,4.592459153131169,-1.0719892361346004,-2.4760064978025103
-1.077177399577193,-2.4729358983328344,7.5620409916e-05,58,35,4.592459153131169,-1.0719892361346004,-2.4760064978025103
-1.0768531755421302,-2.4729380728991495,7.3936505942e-05,58,35,4.592459153131169,-1.0719892361346004,-2.4760064978025103
-1.0765230116784492,-2.4729402971698335,7.5201380241e-05,58,35,4.592459153131169,-1.0719892361346004,-2.4760064978025103
-1.0762045638750324,-2.472941005457148,7.4414325354e-05,58,35,4.592459153131169,-1.0719892361346004,-2.4760064978025103
-1.075893037482083,-2.472941365813851,7.5404313975e-05,58,35,4.592459153131169,-1.0719892361346004,-2.4760064978025103
-1.0755928873710658,-2.47293746402058,7.703328447e-05,58,35,4.592459153131169,-1.0719892361346004,-2.4760064978025103
-1.075293177713441,-2.4729377373946293,7.6766591519e-05,58,35,4.592459153131169,-1.0719892361346004,-2.4760064978025103
-1.0749945125595775,-2.4729386693516235,7.5905787526e-05,58,35,4.592459153131169,-1.0719892361346004,-2.4760064978025103
-1.0747039895013017,-2.47294043385686,7.675652887e-05,58,35,4.592459153131169,-1.0719892361346004,-2.4760064978025103
-1.0744104587755674,-2.4729436646410976,7.8269855294e-05,58,35,4.592459153131169,-1.0719892361346004,-2.4760064978025103
-1.0741061684026512,-2.472938793612555,7.5065931014e-05,58,35,4.592459153131169,-1.0719892361346004,-2.4760064978025103
-1.0738246431779823,-2.472939725569546,7.5062089309e-05,58,35,4.592459153131169,-1.0719892361346004,-2.4760064978025103
-1.0735246944170873,-2.472939042134418,7.5410411227e-05,58,35,4.592459153131169,-1.0719892361346004,-2.4760064978025103
-1.0732383871270048,-2.472944062276081,7.3991912359e-05,58,35,4.592459153131169,-1.0719892361346004,-2.4760064978025103
-1.0729610147486164,-2.4729425711448942,7.550684677e-05,58,35,4.592459153131169,-1.0719892361346004,-2.4760064978025103
-1.0726653824309762,-2.4729408439179354,7.6611104305e-05,58,35,4.592459153131169,-1.0719892361346004,-2.4760064978025103
-1.0723831273121118,-2.472941502500877,7.4497060268e-05,58,35,4.592459153131169,-1.0719892361346004,-2.4760064978025103
-1.0720987202638126,-2.4729388930213,7.7081895142e-05,58,35,4.592459153131169,-1.0719892361346004,-2.4760064978025103
-1.0718186296587682,-2.4729430557625283,7.7966316894e-05,58,35,4.592459153131169,-1.0719892361346004,-2.4760064978025103
-1.0715481157689328,-2.4729399989435983,7.7015567513e-05,58,35,4.592459153131169,-1.0719892361346004,-2.4760064978025103
-1.0712609149876822,-2.472938967577859,7.7485150541e-05,58,35,4.592459153131169,-1.0719892361346004,-2.4760064978025103
-1.0709794904380736,-2.4729386693516235,7.6740026998e-05,58,35,4.592459153131169,-1.0719892361346004,-2.4760064978025103
-1.0707046223518373,-2.472940036221876,7.7301461715e-05,58,35,4.592459153131169,-1.0719892361346004,-2.4760064978025103
-1.0704283699835055,-2.472943242153927,7.8204830061e-05,58,35,4.592459153131169,-1.0719892361346004,-2.4760064978025103
-1.0701537787536872,-2.4729388308908327,7.6397809607e-05,58,35,4.592459153131169,-1.0719892361346004,-2.4760064978025103
-1.0698809241686762,-2.472940359300301,7.6596406871e-05,58,35,4.592459153131169,-1.0719892361346004,-2.4760064978025103
-1.0696213209386158,-2.47294043385686,7.7381402662e-05,58,35,4.592459153131169,-1.0719892361346004,-2.4760064978025103
-1.0693365489432178,-2.4729405208395137,7.558647485e-05,58,35,4.592459153131169,-1.0719892361346004,-2.4760064978025103
-1.0690623100761132,-2.4729431675973683,7.6254087617e-05,58,35,4.592459153131169,-1.0719892361346004,-2.4760064978025103
-1.0687973458990367,-2.47293858236897,7.7755568782e-05,58,35,4.592459153131169,-1.0719892361346004,-2.4760064978025103
-1.0685379691878634,-2.4729403717263927,7.7860400779e-05,58,35,4.592459153131169,-1.0719892361346004,-2.4760064978025103
-1.0682603451218213,-2.4729409806049616,7.7611861343e-05,58,35,4.592459153131169,-1.0719892361346004,-2.4760064978025103
-1.0680013711108944,-2.4729376504119793,7.5177391409e-05,58,35,4.592459153131169,-1.0719892361346004,-2.4760064978025103
-1.0677322163343879,-2.472939737995641,7.6735414041e-05,58,35,4.592459153131169,-1.0719892361346004,-2.4760064978025103
-1.067460834122149,-2.472941502500877,7.6232310676e-05,58,35,4.592459153131169,-1.0719892361346004,-2.4760064978025103
-1.067195366569764,-2.4729411669963604,7.6832446211e-05,58,35,4.592459153131169,-1.0719892361346004,-2.4760064978025103
-1.066941275299313,-2.4729431924495544,7.8597578977e-05,58,35,4.592459153131169,-1.0719892361346004,-2.4760064978025103
-1.0666599388403832,-2.4729388930213,7.6780015661e-05,58,35,4.592459153131169,-1.0719892361346004,-2.4760064978025103
-1.066394660053739,-2.472941042735429,7.7695447544e-05,58,35,4.592459153131169,-1.0719892361346004,-2.4760064978025103
-1.066127405519016,-2.4729386569255287,7.8451281297e-05,58,35,4.592459153131169,-1.0719892361346004,-2.4760064978025103
-1.0658769007976243,-2.4729404959873276,7.7871831309e-05,58,35,4.592459153131169,-1.0719892361346004,-2.4760064978025103
-1.0656169955423795,-2.472940645100445,7.6467615145e-05,58,35,4.592459153131169,-1.0719892361346004,-2.4760064978025103
-1.06533806270054,-2.4729354882717587,7.4500501796e-05,58,35,4.592459153131169,-1.0719892361346004,-2.4760064978025103
-1.0650880739388364,-2.472938122603522,7.4751893408e-05,58,35,4.592459153131169,-1.0719892361346004,-2.4760064978025103
-1.064810437288413,-2.4729369669768513,7.3618190072e-05,58,35,4.592459153131169,-1.0719892361346004,-2.4760064978025103
-1.0645481032473136,-2.472933127314045,7.5122727139e-05,58,35,4.592459153131169,-1.0719892361346004,-2.4760064978025103
-1.0642889278862626,-2.472936370524377,7.5873773312e-05,58,35,4.592459153131169,-1.0719892361346004,-2.4760064978025103
-1.0640401723940613,-2.4729375385771393,7.3982206231e-05,58,35,4.592459153131169,-1.0719892361346004,-2.4760064978025103
-1.063767506574791,-2.472937700116352,7.6093507232e-05,58,35,4.592459153131169,-1.0719892361346004,-2.4760064978025103
-1.0635038889266584,-2.472935450993478,7.8352204582e-05,58,35,4.592459153131169,-1.0719892361346004,-2.4760064978025103
-1.063249785071824,-2.4729354634195726,7.5241136074e-05,58,35,4.592459153131169,-1.0719892361346004,-2.4760064978025103
-1.063008479534163,-2.472937140942155,7.5333147834e-05,58,35,4.592459153131169,-1.0719892361346004,-2.4760064978025103
-1.0791660088951776,-2.4726840089971565,8.1890546426e-05,58,35,4.592459153131169,-1.0719892361346004,-2.4760064978025103
-1.078836021212854,-2.472680442708403,8.0479534518e-05,58,35,4.592459153131169,-1.0719892361346004,-2.4760064978025103
-1.0785001692082061,-2.472681598335073,7.8096389188e-05,58,35,4.592459153131169,-1.0719892361346004,-2.4760064978025103
-1.0781627819088733,-2.472680604247615,8.0069083197e-05,58,35,4.592459153131169,-1.0719892361346004,-2.4760064978025103
-1.0778314602819874,-2.472680927326037,7.7596436313e-05,58,35,4.592459153131169,-1.0719892361346004,-2.4760064978025103
-1.0775006797835545,-2.4726773734633776,7.7147997217e-05,58,35,4.592459153131169,-1.0719892361346004,-2.4760064978025103
-1.077169043547101,-2.472682033248335,7.6937918493e-05,58,35,4.592459153131169,-1.0719892361346004,-2.4760064978025103
-1.076846631663143,-2.47267985868202,7.7454969869e-05,58,35,4.592459153131169,-1.0719892361346004,-2.4760064978025103
-1.0765227599907958,-2.4726769509762074,7.6979667938e-05,58,35,4.592459153131169,-1.0719892361346004,-2.4760064978025103
-1.0761989638247462,-2.4726818344308445,7.8214572568e-05,58,35,4.592459153131169,-1.0719892361346004,-2.4760064978025103
-1.0758880414821637,-2.472680852769478,7.8062701505e-05,58,35,4.592459153131169,-1.0719892361346004,-2.4760064978025103
-1.075589615431572,-2.472678292994277,8.0271252955e-05,58,35,4.592459153131169,-1.0719892361346004,-2.4760064978025103
-1.0752852117992124,-2.4726771994980736,7.6977070421e-05,58,35,4.592459153131169,-1.0719892361346004,-2.4760064978025103
-1.0749958087509919,-2.4726829900575122,7.6301577792e-05,58,35,4.592459153131169,-1.0719892361346004,-2.4760064978025103
-1.0746903480304895,-2.472681001882599,7.7541568317e-05,58,35,4.592459153131169,-1.0719892361346004,-2.4760064978025103
-1.0743986168714765,-2.4726797344210882,7.6776690548e-05,58,35,4.592459153131169,-1.0719892361346004,-2.4760064978025103
-1.0741017764531007,-2.4726779823419434,7.684432785e-05,58,35,4.592459153131169,-1.0719892361346004,-2.4760064978025103
-1.0738201128002218,-2.472683996571065,7.6647054811e-05,58,35,4.592459153131169,-1.0719892361346004,-2.4760064978025103
-1.0735222782156157,-2.472679784125461,7.6536693086e-05,58,35,4.592459153131169,-1.0719892361346004,-2.4760064978025103
-1.07323506484998,-2.4726793492121995,7.3041330324e-05,58,35,4.592459153131169,-1.0719892361346004,-2.4760064978025103
-1.072946945408793,-2.472678330272555,7.388155791e-05,58,35,4.592459153131169,-1.0719892361346004,-2.4760064978025103
-1.072659870471367,-2.472678553942235,7.6227377576e-05,58,35,4.592459153131169,-1.0719892361346004,-2.4760064978025103
-1.0723781061434279,-2.4726823687528516,7.5958923844e-05,58,35,4.592459153131169,-1.0719892361346004,-2.4760064978025103
-1.0720966438406734,-2.4726817598742823,7.8215110989e-05,58,35,4.592459153131169,-1.0719892361346004,-2.4760064978025103
-1.0718138979308856,-2.472679249803454,7.6753603935e-05,58,35,4.592459153131169,-1.0719892361346004,-2.4760064978025103
-1.0715349776734273,-2.4726800823516997,7.7520198829e-05,58,35,4.592459153131169,-1.0719892361346004,-2.4760064978025103
-1.0712554659499853,-2.4726774852982176,7.4506606325e-05,58,35,4.592459153131169,-1.0719892361346004,-2.4760064978025103
-1.0709778418839435,-2.4726789142989376,7.3477865953e-05,58,35,4.592459153131169,-1.0719892361346004,-2.4760064978025103
-1.0707135069260003,-2.472679125542523,7.5310301327e-05,58,35,4.592459153131169,-1.0719892361346004,-2.4760064978025103
-1.0704232984772906,-2.4726799083863957,7.3796698416e-05,58,35,4.592459153131169,-1.0719892361346004,-2.4760064978025103
-1.0701503558016006,-2.4726774107416554,7.6167132647e-05,58,35,4.592459153131169,-1.0719892361346004,-2.4760064978025103
-1.06987631828462,-2.4726784048291135,7.5960073445e-05,58,35,4.592459153131169,-1.0719892361346004,-2.4760064978025103
-1.0696025324552911,-2.472675111914412,7.7922086348e-05,58,35,4.592459153131169,-1.0719892361346004,-2.4760064978025103
-1.0693297659609604,-2.4726751864709713,7.6594165876e-05,58,35,4.592459153131169,-1.0719892361346004,-2.4760064978025103
-1.0690596799401362,-2.4726776219852407,7.8186865721e-05,58,35,4.592459153131169,-1.0719892361346004,-2.4760064978025103
-1.0687918968613417,-2.4726791006903364,7.9391436884e-05,58,35,4.592459153131169,-1.0719892361346004,-2.4760064978025103
-1.0685362577118207,-2.4726779077853847,8.110501949e-05,58,35,4.592459153131169,-1.0719892361346004,-2.4760064978025103
-1.0682565823914043,-2.4726804054301215,7.6871532656e-05,58,35,4.592459153131169,-1.0719892361346004,-2.4760064978025103
-1.067995934657581,-2.472676727306531,7.5578391261e-05,58,35,4.592459153131169,-1.0719892361346004,-2.4760064978025103
-1.0677262009994721,-2.4726775598547768,7.7186457929e-05,58,35,4.592459153131169,-1.0719892361346004,-2.4760064978025103
-1.0674671514822494,-2.4726821947875477,7.916870527e-05,58,35,4.592459153131169,-1.0719892361346004,-2.4760064978025103
-1.0671898042726256,-2.4726749130969186,7.6002477726e-05,58,35,4.592459153131169,-1.0719892361346004,-2.4760064978025103
-1.0669381543724106,-2.472679299507827,7.5657328125e-05,58,35,4.592459153131169,-1.0719892361346004,-2.4760064978025103
-1.0666541877775038,-2.4726763793759194,7.456469757e-05,58,35,4.592459153131169,-1.0719892361346004,-2.4760064978025103
-1.0663992030158826,-2.4726769136979265,7.6179538155e-05,58,35,4.592459153131169,-1.0719892361346004,-2.4760064978025103
-1.0661419153122318,-2.472676975828394,7.5215000834e-05,58,35,4.592459153131169,-1.0719892361346004,-2.4760064978025103
-1.0658557590347422,-2.472679336786104,7.4752453656e-05,58,35,4.592459153131169,-1.0719892361346004,-2.4760064978025103
-1.0655959922077056,-2.472676416654201,7.783761248e-05,58,35,4.592459153131169,-1.0719892361346004,-2.4760064978025103
-1.065331342640195,-2.4726764787846647,7.7201206295e-05,58,35,4.592459153131169,-1.0719892361346004,-2.4760064978025103
-1.0650696629869936,-2.472677572280868,7.7106713434e-05,58,35,4.592459153131169,-1.0719892361346004,-2.4760064978025103
-1.0648193847844905,-2.47267896400331,7.9271834693e-05,58,35,4.592459153131169,-1.0719892361346004,-2.4760064978025103
-1.064542327015668,-2.472676441506387,7.5291311077e-05,58,35,4.592459153131169,-1.0719892361346004,-2.4760064978025103
-1.064280634778085,-2.472676826715276,7.6639153122e-05,58,35,4.592459153131169,-1.0719892361346004,-2.4760064978025103
-1.0640206162633952,-2.472681039160877,7.4801791925e-05,58,35,4.592459153131169,-1.0719892361346004,-2.4760064978025103
-1.0637603838142013,-2.472681064013063,7.4377319834e-05,58,35,4.592459153131169,-1.0719892361346004,-2.4760064978025103
-1.0635004911433381,-2.472680852769478,7.4733245128e-05,58,35,4.592459153131169,-1.0719892361346004,-2.4760064978025103
-1.0632410515102522,-2.4726815610567923,7.9134180851e-05,58,35,4.592459153131169,-1.0719892361346004,-2.4760064978025103
-1.0629876272120804,-2.4726781190289695,7.5672767707e-05,58,35,4.592459153131169,-1.0719892361346004,-2.4760064978025103
-1.079168525771711,-2.4724265403456256,7.8296296124e-05,58,35,4.592459153131169,-1.0719892361346004,-2.4760064978025103
-1.0788385003362397,-2.472420029072775,7.8385943198e-05,58,35,4.592459153131169,-1.0719892361346004,-2.4760064978025103
-1.0785031517068986,-2.472424415483683,7.9185265349e-05,58,35,4.592459153131169,-1.0719892361346004,-2.4760064978025103
-1.0781649464226932,-2.4724189355765716,7.870302943e-05,58,35,4.592459153131169,-1.0719892361346004,-2.4760064978025103
-1.0778342288461744,-2.472420178185896,7.9031866335e-05,58,35,4.592459153131169,-1.0719892361346004,-2.4760064978025103
-1.0775024164283633,-2.4724205758208764,7.6736643678e-05,58,35,4.592459153131169,-1.0719892361346004,-2.4760064978025103
-1.077174907869424,-2.47242189298676,7.9335455666e-05,58,35,4.592459153131169,-1.0719892361346004,-2.4760064978025103
-1.0768495134867753,-2.4724213586647497,7.8915480117e-05,58,35,4.592459153131169,-1.0719892361346004,-2.4760064978025103
-1.0765257424894883,-2.472421818430201,7.9217774328e-05,58,35,4.592459153131169,-1.0719892361346004,-2.4760064978025103
-1.076207647048787,-2.4724221290825312,8.1093574408e-05,58,35,4.592459153131169,-1.0719892361346004,-2.4760064978025103
-1.0758940442326965,-2.472421321386472,7.8334654972e-05,58,35,4.592459153131169,-1.0719892361346004,-2.4760064978025103
-1.0755962474012382,-2.4724204142816673,7.6912736404e-05,58,35,4.592459153131169,-1.0719892361346004,-2.4760064978025103
-1.0753005144085361,-2.472424514892428,7.8278841102e-05,58,35,4.592459153131169,-1.0719892361346004,-2.4760064978025103
-1.0749940972749494,-2.4724189107243855,7.5958167145e-05,58,35,4.592459153131169,-1.0719892361346004,-2.4760064978025103
-1.0746966024686757,-2.4724164876362074,7.5257034041e-05,58,35,4.592459153131169,-1.0719892361346004,-2.4760064978025103
-1.0744042420905293,-2.4724205136904125,7.7461576439e-05,58,35,4.592459153131169,-1.0719892361346004,-2.4760064978025103
-1.074110296080167,-2.4724179166369273,7.5920506788e-05,58,35,4.592459153131169,-1.0719892361346004,-2.4760064978025103
-1.073820855278799,-2.472416574618861,7.6356918726e-05,58,35,4.592459153131169,-1.0719892361346004,-2.4760064978025103
-1.0735379457720364,-2.472422452160953,7.5330775871e-05,58,35,4.592459153131169,-1.0719892361346004,-2.4760064978025103
-1.0732484798019037,-2.4724199048118436,7.8055010817e-05,58,35,4.592459153131169,-1.0719892361346004,-2.4760064978025103
-1.0729538416504956,-2.472419954516216,7.712104707e-05,58,35,4.592459153131169,-1.0719892361346004,-2.4760064978025103
-1.0726707182092277,-2.4724191965245295,7.690097118e-05,58,35,4.592459153131169,-1.0719892361346004,-2.4760064978025103
-1.072384838788156,-2.4724165994710474,7.5062991527e-05,58,35,4.592459153131169,-1.0719892361346004,-2.4760064978025103
-1.0721142116388773,-2.4724171834974302,7.9256984463e-05,58,35,4.592459153131169,-1.0719892361346004,-2.4760064978025103
-1.0718335924897597,-2.4724216817431746,7.7263110143e-05,58,35,4.592459153131169,-1.0719892361346004,-2.4760064978025103
-1.0715387907413771,-2.4724164255057435,7.4433293776e-05,58,35,4.592459153131169,-1.0719892361346004,-2.4760064978025103
-1.0712637338893982,-2.4724164379318347,7.5976167864e-05,58,35,4.592459153131169,-1.0719892361346004,-2.4760064978025103
-1.070989192997111,-2.472416288818717,7.4993651651e-05,58,35,4.592459153131169,-1.0719892361346004,-2.4760064978025103
-1.0707080327195388,-2.4724143752003593,7.7341930592e-05,58,35,4.592459153131169,-1.0719892361346004,-2.4760064978025103
-1.0704360590413162,-2.4724138781566305,7.2740956966e-05,58,35,4.592459153131169,-1.0719892361346004,-2.4760064978025103
-1.070162348718283,-2.4724155929574976,7.4699251854e-05,58,35,4.592459153131169,-1.0719892361346004,-2.4760064978025103
-1.0698854545464365,-2.472419295933278,7.5019815995e-05,58,35,4.592459153131169,-1.0719892361346004,-2.4760064978025103
-1.0696097684753259,-2.4724133065563425,7.8322766058e-05,58,35,4.592459153131169,-1.0719892361346004,-2.4760064978025103
-1.0693412429179527,-2.47241695982775,7.8095545177e-05,58,35,4.592459153131169,-1.0719892361346004,-2.4760064978025103
-1.0690694202523214,-2.4724187367590815,8.0482161138e-05,58,35,4.592459153131169,-1.0719892361346004,-2.4760064978025103
-1.0687983148965023,-2.4724190349853203,7.8098768427e-05,58,35,4.592459153131169,-1.0719892361346004,-2.4760064978025103
-1.0685395422356958,-2.4724169101233775,7.7895259892e-05,58,35,4.592459153131169,-1.0719892361346004,-2.4760064978025103
-1.0682672161947577,-2.472415990592478,7.7194010373e-05,58,35,4.592459153131169,-1.0719892361346004,-2.4760064978025103
-1.0680023149395936,-2.4724179539152082,7.7557466284e-05,58,35,4.592459153131169,-1.0719892361346004,-2.4760064978025103
-1.0677357273771517,-2.472416090001227,7.7020114986e-05,58,35,4.592459153131169,-1.0719892361346004,-2.4760064978025103
-1.0674702975779164,-2.4724183018458197,7.8053468314e-05,58,35,4.592459153131169,-1.0719892361346004,-2.4760064978025103
-1.067202690680478,-2.4724170592364954,7.9315381299e-05,58,35,4.592459153131169,-1.0719892361346004,-2.4760064978025103
-1.066931044196204,-2.4724172953322667,7.9498466221e-05,58,35,4.592459153131169,-1.0719892361346004,-2.4760064978025103
-1.0666686849863383,-2.4724190598375064,7.8144490544e-05,58,35,4.592459153131169,-1.0719892361346004,-2.4760064978025103
-1.0664004111166185,-2.472418401254565,7.9803074186e-05,58,35,4.592459153131169,-1.0719892361346004,-2.4760064978025103
-1.0661489877352923,-2.472421855708479,7.710261707e-05,58,35,4.592459153131169,-1.0719892361346004,-2.4760064978025103
-1.065870960969004,-2.4724157669228015,7.4242969276e-05,58,35,4.592459153131169,-1.0719892361346004,-2.4760064978025103
-1.0656072678145774,-2.472416860419005,7.7098346082e-05,58,35,4.592459153131169,-1.0719892361346004,-2.4760064978025103
-1.065358222881575,-2.4724203024468276,7.833296695e-05,58,35,4.592459153131169,-1.0719892361346004,-2.4760064978025103
-1.0650803597122611,-2.472416090001227,7.8079450759e-05,58,35,4.592459153131169,-1.0719892361346004,-2.4760064978025103
-1.0648148292379638,-2.4724168728450997,7.6458360127e-05,58,35,4.592459153131169,-1.0719892361346004,-2.4760064978025103
-1.064557277262278,-2.4724213462386584,7.6905926107e-05,58,35,4.592459153131169,-1.0719892361346004,-2.4760064978025103
-1.0643086853670511,-2.472419668716072,7.5988908065e-05,58,35,4.592459153131169,-1.0719892361346004,-2.4760064978025103
-1.0640503531596408,-2.4724217562997337,7.5679105066e-05,58,35,4.592459153131169,-1.0719892361346004,-2.4760064978025103
-1.063773899441187,-2.4724189480026664,7.5737807492e-05,58,35,4.592459153131169,-1.0719892361346004,-2.4760064978025103
-1.063515063858468,-2.472418127880512,7.7483367932e-05,58,35,4.592459153131169,-1.0719892361346004,-2.4760064978025103
-1.0632565680540815,-2.4724212716820992,7.7141419752e-05,58,35,4.592459153131169,-1.0719892361346004,-2.4760064978025103
-1.0630146332972872,-2.472420886473207,7.6852324128e-05,58,35,4.592459153131169,-1.0719892361346004,-2.4760064978025103
-1.079176315504582,-2.472164175813363,7.7742442954e-05,58,35,4.592459153131169,-1.0719892361346004,-2.4760064978025103
-1.0788397965276544,-2.4721557260699716,7.8234901594e-05,58,35,4.592459153131169,-1.0719892361346004,-2.4760064978025103
-1.0785037935104151,-2.472158285845176,7.8594159277e-05,58,35,4.592459153131169,-1.0719892361346004,-2.4760064978025103
-1.078168268699716,-2.472155676365599,7.8738950833e-05,58,35,4.592459153131169,-1.0719892361346004,-2.4760064978025103
-1.0778371106698048,-2.4721577390970744,7.6626827649e-05,58,35,4.592459153131169,-1.0719892361346004,-2.4760064978025103
-1.0775056128615612,-2.472156819566175,7.9593606642e-05,58,35,4.592459153131169,-1.0719892361346004,-2.4760064978025103
-1.0771762921515173,-2.4721551544696836,7.7313576185e-05,58,35,4.592459153131169,-1.0719892361346004,-2.4760064978025103
-1.0768576052448304,-2.472157490575208,7.7385819168e-05,58,35,4.592459153131169,-1.0719892361346004,-2.4760064978025103
-1.0765303106203965,-2.4721580497494045,7.8188175394e-05,58,35,4.592459153131169,-1.0719892361346004,-2.4760064978025103
-1.0762064137792848,-2.472158782888905,7.8859673522e-05,58,35,4.592459153131169,-1.0719892361346004,-2.4760064978025103
-1.075890973643325,-2.4721594787501244,7.7672826592e-05,58,35,4.592459153131169,-1.0719892361346004,-2.4760064978025103
-1.075593466252668,-2.472157701818793,7.7711367339e-05,58,35,4.592459153131169,-1.0719892361346004,-2.4760064978025103
-1.0752999732800816,-2.4721561734093283,7.7687618614e-05,58,35,4.592459153131169,-1.0719892361346004,-2.4760064978025103
-1.07499862765271,-2.4721627592387345,7.8882912931e-05,58,35,4.592459153131169,-1.0719892361346004,-2.4760064978025103
-1.0747019382469272,-2.4721596030110558,7.6042808359e-05,58,35,4.592459153131169,-1.0719892361346004,-2.4760064978025103
-1.0744048083877484,-2.4721591183934217,7.643749268e-05,58,35,4.592459153131169,-1.0719892361346004,-2.4760064978025103
-1.0741057531180234,-2.4721574781491165,7.6965356129e-05,58,35,4.592459153131169,-1.0719892361346004,-2.4760064978025103
-1.0738258135255703,-2.4721584349582937,7.5885254773e-05,58,35,4.592459153131169,-1.0719892361346004,-2.4760064978025103
-1.0735256885833175,-2.4721571302185055,7.7418248111e-05,58,35,4.592459153131169,-1.0719892361346004,-2.4760064978025103
-1.073237745323488,-2.4721559870179295,7.4943818618e-05,58,35,4.592459153131169,-1.0719892361346004,-2.4760064978025103
-1.0729499404918685,-2.472153066886022,7.4921619671e-05,58,35,4.592459153131169,-1.0719892361346004,-2.4760064978025103
-1.0726769223098829,-2.472158969280304,7.6256714237e-05,58,35,4.592459153131169,-1.0719892361346004,-2.4760064978025103
-1.0723833538310006,-2.4721561858354195,7.6637181337e-05,58,35,4.592459153131169,-1.0719892361346004,-2.4760064978025103
-1.0721004946617694,-2.472155539678573,7.8060438682e-05,58,35,4.592459153131169,-1.0719892361346004,-2.4760064978025103
-1.0718200265252449,-2.472152172207309,7.5951487815e-05,58,35,4.592459153131169,-1.0719892361346004,-2.4760064978025103
-1.0715410181771097,-2.472157080514133,7.7458062151e-05,58,35,4.592459153131169,-1.0719892361346004,-2.4760064978025103
-1.0712729582418954,-2.4721548438173535,7.6343254477e-05,58,35,4.592459153131169,-1.0719892361346004,-2.4760064978025103
-1.0709836684531202,-2.4721562852441683,7.8057899373e-05,58,35,4.592459153131169,-1.0719892361346004,-2.4760064978025103
-1.0707171815657386,-2.4721568568444563,7.7012016845e-05,58,35,4.592459153131169,-1.0719892361346004,-2.4760064978025103
-1.0704336176710783,-2.4721551171914027,7.5336414739e-05,58,35,4.592459153131169,-1.0719892361346004,-2.4760064978025103
-1.070168980687949,-2.4721535515036566,7.77929381e-05,58,35,4.592459153131169,-1.0719892361346004,-2.4760064978025103
-1.0698958366621385,-2.472155055060939,7.8048018622e-05,58,35,4.592459153131169,-1.0719892361346004,-2.4760064978025103
-1.0696075536239766,-2.472156782287894,7.5154770457e-05,58,35,4.592459153131169,-1.0719892361346004,-2.4760064978025103
-1.0693485166911356,-2.472154607721582,7.5121031841e-05,58,35,4.592459153131169,-1.0719892361346004,-2.4760064978025103
-1.069068275073498,-2.472153501799284,7.6073185483e-05,58,35,4.592459153131169,-1.0719892361346004,-2.4760064978025103
-1.0687978241055769,-2.4721520603724727,7.6104413893e-05,58,35,4.592459153131169,-1.0719892361346004,-2.4760064978025103
-1.0685284553945666,-2.4721550177826574,7.7244934801e-05,58,35,4.592459153131169,-1.0719892361346004,-2.4760064978025103
-1.068274276033435,-2.47215506748703,7.7142547525e-05,58,35,4.592459153131169,-1.0719892361346004,-2.4760064978025103
-1.0680033216902072,-2.472156136131047,7.755405386e-05,58,35,4.592459153131169,-1.0719892361346004,-2.4760064978025103
-1.0677477202938341,-2.472157776375352,8.0133344454e-05,58,35,4.592459153131169,-1.0719892361346004,-2.4760064978025103
-1.067467126313483,-2.4721554278437328,7.9196601291e-05,58,35,4.592459153131169,-1.0719892361346004,-2.4760064978025103
-1.0672095869221805,-2.4721576272622343,8.1660065916e-05,58,35,4.592459153131169,-1.0719892361346004,-2.4760064978025103
-1.06694758007503,-2.4721606219507004,7.8785596997e-05,58,35,4.592459153131169,-1.0719892361346004,-2.4760064978025103
-1.066662833248397,-2.472155788200439,7.7440447058e-05,58,35,4.592459153131169,-1.0719892361346004,-2.4760064978025103
-1.0663984857060704,-2.4721574781491165,7.7581622463e-05,58,35,4.592459153131169,-1.0719892361346004,-2.4760064978025103
-1.0661482830098632,-2.472155092339216,7.8809411207e-05,58,35,4.592459153131169,-1.0719892361346004,-2.4760064978025103
-1.0658697654526514,-2.4721532781296074,7.5035619375e-05,58,35,4.592459153131169,-1.0719892361346004,-2.4760064978025103
-1.065608035461919,-2.4721523461726167,7.3650604463e-05,58,35,4.592459153131169,-1.0719892361346004,-2.4760064978025103
-1.0653444807357006,-2.4721528183641595,7.3679475463e-05,58,35,4.592459153131169,-1.0719892361346004,-2.4760064978025103
-1.0650935355609146,-2.472153042033836,7.415372238e-05,58,35,4.592459153131169,-1.0719892361346004,-2.4760064978025103
-1.0648239780841635,-2.4721524828596393,7.4637770012e-05,58,35,4.592459153131169,-1.0719892361346004,-2.4760064978025103
-1.0645574534436357,-2.4721545455911147,7.511649892e-05,58,35,4.592459153131169,-1.0719892361346004,-2.4760064978025103
-1.0642955095183977,-2.47215136451125,7.4181058153e-05,58,35,4.592459153131169,-1.0719892361346004,-2.4760064978025103
-1.0640372654016645,-2.472152743807597,7.6419571997e-05,58,35,4.592459153131169,-1.0719892361346004,-2.4760064978025103
-1.0637768693554963,-2.4721549556521936,7.7762677392e-05,58,35,4.592459153131169,-1.0719892361346004,-2.4760064978025103
-1.0635166620750671,-2.472153613634124,7.6212869317e-05,58,35,4.592459153131169,-1.0719892361346004,-2.4760064978025103
-1.0632586318928394,-2.4721578012275383,7.8127268353e-05,58,35,4.592459153131169,-1.0719892361346004,-2.4760064978025103
-1.063017917821164,-2.472155253878429,7.7678327216e-05,58,35,4.592459153131169,-1.0719892361346004,-2.4760064978025103
-1.0791653670916608,-2.471903836734294,7.91098646e-05,58,35,4.592459153131169,-1.0719892361346004,-2.4760064978025103
-1.0788349892934743,-2.471896107704312,7.8790151747e-05,58,35,4.592459153131169,-1.0719892361346004,-2.4760064978025103
-1.0784981179538313,-2.471897076939584,7.8307755757e-05,58,35,4.592459153131169,-1.0719892361346004,-2.4760064978025103
-1.0781621401053567,-2.4718917709977766,7.627854211e-05,58,35,4.592459153131169,-1.0719892361346004,-2.4760064978025103
-1.0778337506396323,-2.4718979840443884,7.6135074778e-05,58,35,4.592459153131169,-1.0719892361346004,-2.4760064978025103
-1.0774986159447966,-2.4718962319652436,7.5497344369e-05,58,35,4.592459153131169,-1.0719892361346004,-2.4760064978025103
-1.0771695846755556,-2.471892740233048,7.755128172e-05,58,35,4.592459153131169,-1.0719892361346004,-2.4760064978025103
-1.0768457507563562,-2.4718911248409294,7.4941650382e-05,58,35,4.592459153131169,-1.0719892361346004,-2.4760064978025103
-1.0765225586406735,-2.4718954739735564,7.5799078331e-05,58,35,4.592459153131169,-1.0719892361346004,-2.4760064978025103
-1.0761983094368464,-2.4718941195293955,7.8216551628e-05,58,35,4.592459153131169,-1.0719892361346004,-2.4760064978025103
-1.0758940316483132,-2.471896033147753,7.5826646935e-05,58,35,4.592459153131169,-1.0719892361346004,-2.4760064978025103
-1.0755889736280555,-2.471896393504456,7.8187040344e-05,58,35,4.592459153131169,-1.0719892361346004,-2.4760064978025103
-1.0752924604036287,-2.4718989781318466,7.6917662227e-05,58,35,4.592459153131169,-1.0719892361346004,-2.4760064978025103
-1.074989717909782,-2.471897462148473,7.732091035e-05,58,35,4.592459153131169,-1.0719892361346004,-2.4760064978025103
-1.0747000254207606,-2.471894815390615,7.6142852777e-05,58,35,4.592459153131169,-1.0719892361346004,-2.4760064978025103
-1.0744007939696778,-2.471893572781294,7.5546056905e-05,58,35,4.592459153131169,-1.0719892361346004,-2.4760064978025103
-1.074109503264059,-2.471897238478793,7.5761483458e-05,58,35,4.592459153131169,-1.0719892361346004,-2.4760064978025103
-1.0738228687800258,-2.4719005686717788,7.7800468716e-05,58,35,4.592459153131169,-1.0719892361346004,-2.4760064978025103
-1.0735243043012241,-2.4718943059207943,7.9452351201e-05,58,35,4.592459153131169,-1.0719892361346004,-2.4760064978025103
-1.0732367385728747,-2.4718943431990756,7.5375755841e-05,58,35,4.592459153131169,-1.0719892361346004,-2.4760064978025103
-1.0729527216404386,-2.471896219539152,7.42589109e-05,58,35,4.592459153131169,-1.0719892361346004,-2.4760064978025103
-1.0726668170506006,-2.471897076939584,7.4148796557e-05,58,35,4.592459153131169,-1.0719892361346004,-2.4760064978025103
-1.0723843228284662,-2.471897921913921,7.5621799624e-05,58,35,4.592459153131169,-1.0719892361346004,-2.4760064978025103
-1.0721014762436163,-2.4718978225051758,7.596334035e-05,58,35,4.592459153131169,-1.0719892361346004,-2.4760064978025103
-1.0718211339509187,-2.4718990154101244,7.973965694e-05,58,35,4.592459153131169,-1.0719892361346004,-2.4760064978025103
-1.0715438622475921,-2.4718969651047438,7.4996278272e-05,58,35,4.592459153131169,-1.0719892361346004,-2.4760064978025103
-1.0712723164383788,-2.471899400619013,7.3634488217e-05,58,35,4.592459153131169,-1.0719892361346004,-2.4760064978025103
-1.0709828756370123,-2.4718968532699037,7.4114490417e-05,58,35,4.592459153131169,-1.0719892361346004,-2.4760064978025103
-1.070708234069663,-2.471897462148473,7.4343995948e-05,58,35,4.592459153131169,-1.0719892361346004,-2.4760064978025103
-1.0704323214796636,-2.4718931005897513,7.4291754572e-05,58,35,4.592459153131169,-1.0719892361346004,-2.4760064978025103
-1.070160901514277,-2.471895921312913,7.5155243394e-05,58,35,4.592459153131169,-1.0719892361346004,-2.4760064978025103
-1.0698864990501977,-2.471894455033912,7.7082237112e-05,58,35,4.592459153131169,-1.0719892361346004,-2.4760064978025103
-1.069614185593643,-2.4718934360942675,7.6191310654e-05,58,35,4.592459153131169,-1.0719892361346004,-2.4760064978025103
-1.0693420860715916,-2.471896505339296,7.8192686487e-05,58,35,4.592459153131169,-1.0719892361346004,-2.4760064978025103
-1.0690702256528124,-2.4718939828423694,7.5905918493e-05,58,35,4.592459153131169,-1.0719892361346004,-2.4760064978025103
-1.0688020272893883,-2.4718988911491926,7.5503710832e-05,58,35,4.592459153131169,-1.0719892361346004,-2.4760064978025103
-1.0685445382356151,-2.4718967290089724,7.9134180851e-05,58,35,4.592459153131169,-1.0719892361346004,-2.4760064978025103
-1.0682647496557551,-2.4718961946869658,7.9271485447e-05,58,35,4.592459153131169,-1.0719892361346004,-2.4760064978025103
-1.0680081792619165,-2.471894566868752,8.0538768088e-05,58,35,4.592459153131169,-1.0719892361346004,-2.4760064978025103
-1.0677417175433013,-2.4718968159916264,8.0962876382e-05,58,35,4.592459153131169,-1.0719892361346004,-2.4760064978025103
-1.0674728144544499,-2.471895995869472,8.012028411e-05,58,35,4.592459153131169,-1.0719892361346004,-2.4760064978025103
-1.0672039491187446,-2.471895424269184,7.9576588178e-05,58,35,4.592459153131169,-1.0719892361346004,-2.4760064978025103
-1.0669481841253972,-2.4718984810881173,7.8914410551e-05,58,35,4.592459153131169,-1.0719892361346004,-2.4760064978025103
-1.0666682067797961,-2.471894902373269,8.0625621194e-05,58,35,4.592459153131169,-1.0719892361346004,-2.4760064978025103
-1.0664048534037,-2.471897002383025,7.9707970144e-05,58,35,4.592459153131169,-1.0719892361346004,-2.4760064978025103
-1.0661373975188546,-2.4718926408243034,7.8838187619e-05,58,35,4.592459153131169,-1.0719892361346004,-2.4760064978025103
-1.065874635608744,-2.4718966917306915,7.7646953287e-05,58,35,4.592459153131169,-1.0719892361346004,-2.4760064978025103
-1.0656247475221026,-2.4718964432088284,7.9214936704e-05,58,35,4.592459153131169,-1.0719892361346004,-2.4760064978025103
-1.0653466452495188,-2.4718992887841766,7.7266486187e-05,58,35,4.592459153131169,-1.0719892361346004,-2.4760064978025103
-1.0650832037827456,-2.471897747948617,7.6133423136e-05,58,35,4.592459153131169,-1.0719892361346004,-2.4760064978025103
-1.0648217254796664,-2.471899214227618,7.5029332947e-05,58,35,4.592459153131169,-1.0719892361346004,-2.4760064978025103
-1.064576493614612,-2.471900941454573,7.3963667091e-05,58,35,4.592459153131169,-1.0719892361346004,-2.4760064978025103
-1.064298995392397,-2.471898319548905,7.7200209489e-05,58,35,4.592459153131169,-1.0719892361346004,-2.4760064978025103
-1.0640529329580868,-2.471901227254717,7.6316493505e-05,58,35,4.592459153131169,-1.0719892361346004,-2.4760064978025103
-1.063778178131294,-2.4718975491311266,7.4262658018e-05,58,35,4.592459153131169,-1.0719892361346004,-2.4760064978025103
-1.0635182728760493,-2.471898058600947,7.5445801485e-05,58,35,4.592459153131169,-1.0719892361346004,-2.4760064978025103
-1.0632626211421452,-2.4718978225051758,7.7895958384e-05,58,35,4.592459153131169,-1.0719892361346004,-2.4760064978025103
-1.063007913236942,-2.4718952254516937,7.4853676779e-05,58,35,4.592459153131169,-1.0719892361346004,-2.4760064978025103
-1.0791714705172557,-2.4716437461770915,7.8853059676e-05,58,35,4.592459153131169,-1.0719892361346004,-2.4760064978025103
-1.0788423385729526,-2.4716402917231775,7.6813790656e-05,58,35,4.592459153131169,-1.0719892361346004,-2.4760064978025103
-1.0785020694499894,-2.471639546157582,7.7644530393e-05,58,35,4.592459153131169,-1.0719892361346004,-2.4760064978025103
-1.0781646443975088,-2.4716396207141447,7.6611104305e-05,58,35,4.592459153131169,-1.0719892361346004,-2.4760064978025103
-1.0778342917680868,-2.4716386017745,7.7346354374e-05,58,35,4.592459153131169,-1.0719892361346004,-2.4760064978025103
-1.077506682534087,-2.471640950306116,8.0768528278e-05,58,35,4.592459153131169,-1.0719892361346004,-2.4760064978025103
-1.0771779910431785,-2.471636340225531,7.7508782852e-05,58,35,4.592459153131169,-1.0719892361346004,-2.4760064978025103
-1.0768496644993666,-2.4716369988084725,7.5875061157e-05,58,35,4.592459153131169,-1.0719892361346004,-2.4760064978025103
-1.0765291906103398,-2.471638340826542,7.7147356933e-05,58,35,4.592459153131169,-1.0719892361346004,-2.4760064978025103
-1.076201669467019,-2.4716352591554225,7.8937671788e-05,58,35,4.592459153131169,-1.0719892361346004,-2.4760064978025103
-1.0758965862779948,-2.471641683445616,7.685773744e-05,58,35,4.592459153131169,-1.0719892361346004,-2.4760064978025103
-1.0755901313912601,-2.471638949705108,7.7624783444e-05,58,35,4.592459153131169,-1.0719892361346004,-2.4760064978025103
-1.0752930015320832,-2.4716405775233214,7.5167794421e-05,58,35,4.592459153131169,-1.0719892361346004,-2.4760064978025103
-1.074993556146495,-2.4716389994094805,7.7682161645e-05,58,35,4.592459153131169,-1.0719892361346004,-2.4760064978025103
-1.0746964892092303,-2.4716385644962187,7.6493422966e-05,58,35,4.592459153131169,-1.0719892361346004,-2.4760064978025103
-1.0743999885691868,-2.471635495251194,7.6443975559e-05,58,35,4.592459153131169,-1.0719892361346004,-2.4760064978025103
-1.0741094151733803,-2.4716388627224575,7.5333613495e-05,58,35,4.592459153131169,-1.0719892361346004,-2.4760064978025103
-1.0738178476113418,-2.4716386514788726,7.61779811e-05,58,35,4.592459153131169,-1.0719892361346004,-2.4760064978025103
-1.0735360077771052,-2.471639546157582,7.518685743e-05,58,35,4.592459153131169,-1.0719892361346004,-2.4760064978025103
-1.0732355053033742,-2.4716385023657512,7.4819465226e-05,58,35,4.592459153131169,-1.0719892361346004,-2.4760064978025103
-1.0729525580434625,-2.4716395958619546,7.5511205068e-05,58,35,4.592459153131169,-1.0719892361346004,-2.4760064978025103
-1.072668528526643,-2.471639881662102,7.5342708442e-05,58,35,4.592459153131169,-1.0719892361346004,-2.4760064978025103
-1.072392628521027,-2.4716417580021752,7.3837538366e-05,58,35,4.592459153131169,-1.0719892361346004,-2.4760064978025103
-1.0721009728683097,-2.471638055026398,7.5307259976e-05,58,35,4.592459153131169,-1.0719892361346004,-2.4760064978025103
-1.0718328877643308,-2.471639521305396,7.4886855145e-05,58,35,4.592459153131169,-1.0719892361346004,-2.4760064978025103
-1.071549864998125,-2.4716393970444646,7.5238669524e-05,58,35,4.592459153131169,-1.0719892361346004,-2.4760064978025103
-1.071273021163808,-2.471641944393574,7.4106399552e-05,58,35,4.592459153131169,-1.0719892361346004,-2.4760064978025103
-1.070981818548868,-2.4716381544351433,7.7619682997e-05,58,35,4.592459153131169,-1.0719892361346004,-2.4760064978025103
-1.0707039931327038,-2.471638924852922,7.7117561887e-05,58,35,4.592459153131169,-1.0719892361346004,-2.4760064978025103
-1.0704305219129424,-2.471641236106263,7.7424097981e-05,58,35,4.592459153131169,-1.0719892361346004,-2.4760064978025103
-1.0701692072068378,-2.4716407514886254,7.8613345977e-05,58,35,4.592459153131169,-1.0719892361346004,-2.4760064978025103
-1.0698807605717016,-2.471641111845328,7.5865951658e-05,58,35,4.592459153131169,-1.0719892361346004,-2.4760064978025103
-1.0696061315887355,-2.4716390242616666,7.6101663581e-05,58,35,4.592459153131169,-1.0719892361346004,-2.4760064978025103
-1.0693466290337355,-2.47164022959271,7.6844393334e-05,58,35,4.592459153131169,-1.0719892361346004,-2.4760064978025103
-1.069066387416098,-2.4716418449848288,7.6511241787e-05,58,35,4.592459153131169,-1.0719892361346004,-2.4760064978025103
-1.0687920352895497,-2.4716381420090485,7.9524848843e-05,58,35,4.592459153131169,-1.0719892361346004,-2.4760064978025103
-1.0685239250168062,-2.4716396455663308,7.9706653196e-05,58,35,4.592459153131169,-1.0719892361346004,-2.4760064978025103
-1.0682727910762795,-2.4716407266364393,8.0776830146e-05,58,35,4.592459153131169,-1.0719892361346004,-2.4760064978025103
-1.06800031402275,-2.4716399313664748,7.9872297647e-05,58,35,4.592459153131169,-1.0719892361346004,-2.4760064978025103
-1.0677444861074883,-2.471639831957726,8.0014877312e-05,58,35,4.592459153131169,-1.0719892361346004,-2.4760064978025103
-1.0674627972858448,-2.4716377195218784,7.6435826486e-05,58,35,4.592459153131169,-1.0719892361346004,-2.4760064978025103
-1.0671971661364872,-2.4716338053025164,7.6816118963e-05,58,35,4.592459153131169,-1.0719892361346004,-2.4760064978025103
-1.0669290432793588,-2.471637247330339,7.8421966464e-05,58,35,4.592459153131169,-1.0719892361346004,-2.4760064978025103
-1.0666751911121777,-2.4716396828446086,8.05134041e-05,58,35,4.592459153131169,-1.0719892361346004,-2.4760064978025103
-1.066414014834283,-2.4716403911319227,7.8560020484e-05,58,35,4.592459153131169,-1.0719892361346004,-2.4760064978025103
-1.0661308913930152,-2.4716343023462457,7.5182993896e-05,58,35,4.592459153131169,-1.0719892361346004,-2.4760064978025103
-1.0658786374424332,-2.471641869837015,7.7105236414e-05,58,35,4.592459153131169,-1.0719892361346004,-2.4760064978025103
-1.065616731270343,-2.471636812417074,7.6109310612e-05,58,35,4.592459153131169,-1.0719892361346004,-2.4760064978025103
-1.065340038448619,-2.471639459174932,7.8997385572e-05,58,35,4.592459153131169,-1.0719892361346004,-2.4760064978025103
-1.0650775911480743,-2.471642652680888,7.7249431342e-05,58,35,4.592459153131169,-1.0719892361346004,-2.4760064978025103
-1.0648332779429563,-2.4716407514886254,7.837904559e-05,58,35,4.592459153131169,-1.0719892361346004,-2.4760064978025103
-1.0645565851212304,-2.471636601173489,7.5730364188e-05,58,35,4.592459153131169,-1.0719892361346004,-2.4760064978025103
-1.0642939868080945,-2.4716379680437446,7.8108416346e-05,58,35,4.592459153131169,-1.0719892361346004,-2.4760064978025103
-1.0640358433664232,-2.471635992294923,7.7929398685e-05,58,35,4.592459153131169,-1.0719892361346004,-2.4760064978025103
-1.063774239219519,-2.4716391485226015,7.8313554695e-05,58,35,4.592459153131169,-1.0719892361346004,-2.4760064978025103
-1.063531637490442,-2.4716396207141447,7.8870652942e-05,58,35,4.592459153131169,-1.0719892361346004,-2.4760064978025103
-1.0632567694042039,-2.4716428514983817,7.6477284892e-05,58,35,4.592459153131169,-1.0719892361346004,-2.4760064978025103
-1.063000110919688,-2.471639036687762,7.8716708231e-05,58,35,4.592459153131169,-1.0719892361346004,-2.4760064978025103
-1.0791715208547867,-2.4713837177503564,7.7235483332e-05,58,35,4.592459153131169,-1.0719892361346004,-2.4760064978025103
-1.0788384248299425,-2.4713773804428127,7.766726776e-05,58,35,4.592459153131169,-1.0719892361346004,-2.4760064978025103
-1.0785004586490072,-2.471376336650982,7.6061434811e-05,58,35,4.592459153131169,-1.0719892361346004,-2.4760064978025103
-1.0781632726997967,-2.471375827181162,7.5267613283e-05,58,35,4.592459153131169,-1.0719892361346004,-2.4760064978025103
-1.0778335115363622,-2.471375727772413,7.5600284617e-05,58,35,4.592459153131169,-1.0719892361346004,-2.4760064978025103
-1.0774984901009699,-2.471376025998652,7.5931980973e-05,58,35,4.592459153131169,-1.0719892361346004,-2.4760064978025103
-1.0771719882926456,-2.4713750816155664,7.4796451372e-05,58,35,4.592459153131169,-1.0719892361346004,-2.4760064978025103
-1.0768469840258583,-2.471375740198508,7.5636897236e-05,58,35,4.592459153131169,-1.0719892361346004,-2.4760064978025103
-1.0765275043030618,-2.4713763739292633,7.5162788562e-05,58,35,4.592459153131169,-1.0719892361346004,-2.4760064978025103
-1.0762082385147727,-2.471377368016718,7.6078802522e-05,58,35,4.592459153131169,-1.0719892361346004,-2.4760064978025103
-1.0758889098045672,-2.471375566233204,7.7680007962e-05,58,35,4.592459153131169,-1.0719892361346004,-2.4760064978025103
-1.0755873250739254,-2.471374497589187,7.7954558947e-05,58,35,4.592459153131169,-1.0719892361346004,-2.4760064978025103
-1.075291151627831,-2.4713790703914906,7.6384356362e-05,58,35,4.592459153131169,-1.0719892361346004,-2.4760064978025103
-1.074991353879529,-2.4713732922581437,7.6042793808e-05,58,35,4.592459153131169,-1.0719892361346004,-2.4760064978025103
-1.0746977728162637,-2.4713765603206586,7.6102893217e-05,58,35,4.592459153131169,-1.0719892361346004,-2.4760064978025103
-1.0744108866445767,-2.4713753922678965,7.7752076322e-05,58,35,4.592459153131169,-1.0719892361346004,-2.4760064978025103
-1.074118236825631,-2.4713779520431007,7.8729528468e-05,58,35,4.592459153131169,-1.0719892361346004,-2.4760064978025103
-1.0738138080245048,-2.471377628964676,7.631709741e-05,58,35,4.592459153131169,-1.0719892361346004,-2.4760064978025103
-1.073530042779722,-2.471376274520515,7.5734038546e-05,58,35,4.592459153131169,-1.0719892361346004,-2.4760064978025103
-1.073245673484569,-2.471376311798796,7.6346739661e-05,58,35,4.592459153131169,-1.0719892361346004,-2.4760064978025103
-1.0729589131567105,-2.471380052052854,7.6770505984e-05,58,35,4.592459153131169,-1.0719892361346004,-2.4760064978025103
-1.072665042652644,-2.4713732922581437,7.688493497e-05,58,35,4.592459153131169,-1.0719892361346004,-2.4760064978025103
-1.072385304410315,-2.4713746218501185,7.8518387454e-05,58,35,4.592459153131169,-1.0719892361346004,-2.4760064978025103
-1.0720982672260368,-2.4713778153560746,7.5505071436e-05,58,35,4.592459153131169,-1.0719892361346004,-2.4760064978025103
-1.0718197119156774,-2.471376137833492,7.7414115367e-05,58,35,4.592459153131169,-1.0719892361346004,-2.4760064978025103
-1.0715402631141495,-2.4713729443275323,7.8036879131e-05,58,35,4.592459153131169,-1.0719892361346004,-2.4760064978025103
-1.071263066917117,-2.4713747585371446,7.4247458542e-05,58,35,4.592459153131169,-1.0719892361346004,-2.4760064978025103
-1.0709929431431466,-2.47137166443993,7.6010423072e-05,58,35,4.592459153131169,-1.0719892361346004,-2.4760064978025103
-1.0707050628052297,-2.471370707630753,7.9702549556e-05,58,35,4.592459153131169,-1.0719892361346004,-2.4760064978025103
-1.0704312895602839,-2.471370372126237,7.8691082308e-05,58,35,4.592459153131169,-1.0719892361346004,-2.4760064978025103
-1.0701693456350476,-2.471377293460159,7.8236043919e-05,58,35,4.592459153131169,-1.0719892361346004,-2.4760064978025103
-1.0698965539719507,-2.4713762248161424,7.8606157331e-05,58,35,4.592459153131169,-1.0719892361346004,-2.4760064978025103
-1.0696074529489148,-2.471377094642669,7.6625379734e-05,58,35,4.592459153131169,-1.0719892361346004,-2.4760064978025103
-1.0693363350087124,-2.4713733419625163,7.646260201e-05,58,35,4.592459153131169,-1.0719892361346004,-2.4760064978025103
-1.0690686274362136,-2.471375566233204,7.6109732618e-05,58,35,4.592459153131169,-1.0719892361346004,-2.4760064978025103
-1.068797131964531,-2.4713753922678965,7.7012256952e-05,58,35,4.592459153131169,-1.0719892361346004,-2.4760064978025103
-1.068525649077232,-2.471371999944447,7.9528879724e-05,58,35,4.592459153131169,-1.0719892361346004,-2.4760064978025103
-1.0682623963761961,-2.4713749076502625,7.9081226431e-05,58,35,4.592459153131169,-1.0719892361346004,-2.4760064978025103
-1.0680066565516149,-2.471377082216574,7.7118267654e-05,58,35,4.592459153131169,-1.0719892361346004,-2.4760064978025103
-1.0677498973920372,-2.471377417721094,7.6398631791e-05,58,35,4.592459153131169,-1.0719892361346004,-2.4760064978025103
-1.0674838635424313,-2.4713766473033125,7.5759759056e-05,58,35,4.592459153131169,-1.0719892361346004,-2.4760064978025103
-1.0672142053906197,-2.4713758023289754,7.7656368376e-05,58,35,4.592459153131169,-1.0719892361346004,-2.4760064978025103
-1.0669292572138642,-2.47137528043306,7.5990181358e-05,58,35,4.592459153131169,-1.0719892361346004,-2.4760064978025103
-1.0666778590013026,-2.4713770449382966,7.5780895713e-05,58,35,4.592459153131169,-1.0719892361346004,-2.4760064978025103
-1.066419237353091,-2.4713767218598712,7.585415733e-05,58,35,4.592459153131169,-1.0719892361346004,-2.4760064978025103
-1.0661525616999703,-2.471377281034068,7.540617662e-05,58,35,4.592459153131169,-1.0719892361346004,-2.4760064978025103
-1.0658714391755462,-2.4713697756737623,7.787020877e-05,58,35,4.592459153131169,-1.0719892361346004,-2.4760064978025103
-1.065607381074021,-2.471374559719651,7.706102042e-05,58,35,4.592459153131169,-1.0719892361346004,-2.4760064978025103
-1.065341900937253,-2.4713770076600152,7.7313954534e-05,58,35,4.592459153131169,-1.0719892361346004,-2.4760064978025103
-1.0650798940901023,-2.47137474611105,7.5326752267e-05,58,35,4.592459153131169,-1.0719892361346004,-2.4760064978025103
-1.0648361094290557,-2.4713779768952873,7.7066040831e-05,58,35,4.592459153131169,-1.0719892361346004,-2.4760064978025103
-1.064557604456227,-2.4713726212491105,7.5420532085e-05,58,35,4.592459153131169,-1.0719892361346004,-2.4760064978025103
-1.0643141344047462,-2.471375988720371,7.675227971e-05,58,35,4.592459153131169,-1.0719892361346004,-2.4760064978025103
-1.0640376429331446,-2.4713746218501185,7.539926446e-05,58,35,4.592459153131169,-1.0719892361346004,-2.4760064978025103
-1.0637773601464198,-2.4713751934504065,7.6145472121e-05,58,35,4.592459153131169,-1.0719892361346004,-2.4760064978025103
-1.0635208400901122,-2.471374124806389,7.5123149145e-05,58,35,4.592459153131169,-1.0719892361346004,-2.4760064978025103
-1.063260783822276,-2.471375379841805,7.6151183748e-05,58,35,4.592459153131169,-1.0719892361346004,-2.4760064978025103
-1.0630056606324452,-2.471377057364388,7.8690129158e-05,58,35,4.592459153131169,-1.0719892361346004,-2.4760064978025103
-1.0791629005526584,-2.471095370257168,7.3607654485e-05,58,35,4.592459153131169,-1.0719892361346004,-2.4760064978025103
-1.0788329757922475,-2.4710846713909067,7.5481781096e-05,58,35,4.592459153131169,-1.0719892361346004,-2.4760064978025103
-1.0784962051276665,-2.4710852305650994,7.7595141192e-05,58,35,4.592459153131169,-1.0719892361346004,-2.4760064978025103
-1.078159056931604,-2.471081328771829,7.8124197898e-05,58,35,4.592459153131169,-1.0719892361346004,-2.4760064978025103
-1.0778244759496058,-2.4710815524415093,7.5906558777e-05,58,35,4.592459153131169,-1.0719892361346004,-2.4760064978025103
-1.077496577274805,-2.4710828199030166,7.8139615653e-05,58,35,4.592459153131169,-1.0719892361346004,-2.4760064978025103
-1.0771681374715496,-2.4710828199030166,7.7026445069e-05,58,35,4.592459153131169,-1.0719892361346004,-2.4760064978025103
-1.0768465184036995,-2.4710834660598633,7.980556984e-05,58,35,4.592459153131169,-1.0719892361346004,-2.4760064978025103
-1.0765161406055128,-2.4710812542152705,7.7716184023e-05,58,35,4.592459153131169,-1.0719892361346004,-2.4760064978025103
-1.0761946096283417,-2.471081030545594,7.7343051089e-05,58,35,4.592459153131169,-1.0719892361346004,-2.4760064978025103
-1.0758823910943465,-2.4710832920945593,7.6410622569e-05,58,35,4.592459153131169,-1.0719892361346004,-2.4760064978025103
-1.0755917044390946,-2.4710859140002275,7.7402757597e-05,58,35,4.592459153131169,-1.0719892361346004,-2.4760064978025103
-1.0752841924642158,-2.4710814406066692,7.5150594057e-05,58,35,4.592459153131169,-1.0719892361346004,-2.4760064978025103
-1.0749846715723317,-2.4710815772936954,7.403940981e-05,58,35,4.592459153131169,-1.0719892361346004,-2.4760064978025103
-1.0746898949927122,-2.471081328771829,7.479339547e-05,58,35,4.592459153131169,-1.0719892361346004,-2.4760064978025103
-1.0743947534659972,-2.4710843234602953,7.7819502621e-05,58,35,4.592459153131169,-1.0719892361346004,-2.4760064978025103
-1.0741023679190862,-2.471082347711474,7.7447490185e-05,58,35,4.592459153131169,-1.0719892361346004,-2.4760064978025103
-1.0738091895560655,-2.4710820494852346,7.7877135482e-05,58,35,4.592459153131169,-1.0719892361346004,-2.4760064978025103
-1.0735310872834833,-2.471083118129252,7.9965480836e-05,58,35,4.592459153131169,-1.0719892361346004,-2.4760064978025103
-1.0732413822100804,-2.4710840252340596,7.7172444435e-05,58,35,4.592459153131169,-1.0719892361346004,-2.4760064978025103
-1.072954659635368,-2.471089542419449,7.864950021e-05,58,35,4.592459153131169,-1.0719892361346004,-2.4760064978025103
-1.0726573661792167,-2.471085255417286,7.8842094808e-05,58,35,4.592459153131169,-1.0719892361346004,-2.4760064978025103
-1.0723768602895443,-2.471083615172981,7.6939591963e-05,58,35,4.592459153131169,-1.0719892361346004,-2.4760064978025103
-1.0720935858356835,-2.4710860134089727,7.9366829596e-05,58,35,4.592459153131169,-1.0719892361346004,-2.4760064978025103
-1.0718139105152669,-2.4710831057031606,7.7521865023e-05,58,35,4.592459153131169,-1.0719892361346004,-2.4760064978025103
-1.0715341974417025,-2.47108453470388,7.7766424511e-05,58,35,4.592459153131169,-1.0719892361346004,-2.4760064978025103
-1.0712544843681382,-2.471083826416566,7.7571021393e-05,58,35,4.592459153131169,-1.0719892361346004,-2.4760064978025103
-1.070985770045026,-2.4710861252438128,7.7713812061e-05,58,35,4.592459153131169,-1.0719892361346004,-2.4760064978025103
-1.0707011616466027,-2.4710868832354995,7.6916840044e-05,58,35,4.592459153131169,-1.0719892361346004,-2.4760064978025103
-1.0704368266886577,-2.4710861625220937,7.9494522652e-05,58,35,4.592459153131169,-1.0719892361346004,-2.4760064978025103
-1.0701503935547485,-2.471085988556786,7.5735697465e-05,58,35,4.592459153131169,-1.0719892361346004,-2.4760064978025103
-1.069874720068021,-2.4710864483222377,7.6585740317e-05,58,35,4.592459153131169,-1.0719892361346004,-2.4760064978025103
-1.069601500535913,-2.4710887968538535,7.6001466368e-05,58,35,4.592459153131169,-1.0719892361346004,-2.4760064978025103
-1.069332886887861,-2.471088747149481,7.6676245953e-05,58,35,4.592459153131169,-1.0719892361346004,-2.4760064978025103
-1.0690603972499484,-2.4710837270078208,7.8490542364e-05,58,35,4.592459153131169,-1.0719892361346004,-2.4760064978025103
-1.0687948164381198,-2.4710857773132013,7.8926474089e-05,58,35,4.592459153131169,-1.0719892361346004,-2.4760064978025103
-1.0685246423266186,-2.471089032949625,7.7813274402e-05,58,35,4.592459153131169,-1.0719892361346004,-2.4760064978025103
-1.0682604206281172,-2.47108268321599,7.7794793469e-05,58,35,4.592459153131169,-1.0719892361346004,-2.4760064978025103
-1.0680146350502269,-2.471084211625455,7.6954274846e-05,58,35,4.592459153131169,-1.0719892361346004,-2.4760064978025103
-1.0677299763142725,-2.471084696243093,7.6051037468e-05,58,35,4.592459153131169,-1.0719892361346004,-2.4760064978025103
-1.067462520429427,-2.4710820370591433,7.7158460044e-05,58,35,4.592459153131169,-1.0719892361346004,-2.4760064978025103
-1.0671971032145728,-2.4710835281903307,7.6759519288e-05,58,35,4.592459153131169,-1.0719892361346004,-2.4760064978025103
-1.066928867098001,-2.471085479086966,7.8968107118e-05,58,35,4.592459153131169,-1.0719892361346004,-2.4760064978025103
-1.0666628206640154,-2.4710843234602953,7.9010031186e-05,58,35,4.592459153131169,-1.0719892361346004,-2.4760064978025103
-1.0664125676302754,-2.4710840252340596,7.9546989582e-05,58,35,4.592459153131169,-1.0719892361346004,-2.4760064978025103
-1.066131017236842,-2.471085553643525,7.7488162788e-05,58,35,4.592459153131169,-1.0719892361346004,-2.4760064978025103
-1.0658661159816778,-2.471084907486678,7.5124204159e-05,58,35,4.592459153131169,-1.0719892361346004,-2.4760064978025103
-1.0656022340615086,-2.4710861749481854,7.590821042e-05,58,35,4.592459153131169,-1.0719892361346004,-2.4760064978025103
-1.06534046631763,-2.471084360738576,7.4574083555e-05,58,35,4.592459153131169,-1.0719892361346004,-2.4760064978025103
-1.0650766599037564,-2.4710901512980143,7.6345997513e-05,58,35,4.592459153131169,-1.0719892361346004,-2.4760064978025103
-1.0648135456309322,-2.471086361339584,7.6989483205e-05,58,35,4.592459153131169,-1.0719892361346004,-2.4760064978025103
-1.0645536152069213,-2.4710882004013794,7.5822579674e-05,58,35,4.592459153131169,-1.0719892361346004,-2.4760064978025103
-1.064292187241373,-2.4710863737656754,7.5185576861e-05,58,35,4.592459153131169,-1.0719892361346004,-2.4760064978025103
-1.0640322694017452,-2.4710852305650994,7.706884935e-05,58,35,4.592459153131169,-1.0719892361346004,-2.4760064978025103
-1.0637746419197638,-2.4710873554270423,7.7569871792e-05,58,35,4.592459153131169,-1.0719892361346004,-2.4760064978025103
-1.063529246457735,-2.471085367252126,7.7715572843e-05,58,35,4.592459153131169,-1.0719892361346004,-2.4760064978025103
-1.0632547433185955,-2.471081937650398,7.7736927778e-05,58,35,4.592459153131169,-1.0719892361346004,-2.4760064978025103
-1.0630003374385768,-2.4710852305650994,7.8877055785e-05,58,35,4.592459153131169,-1.0719892361346004,-2.4760064978025103
