y_mm,z_mm,r
-1.2123754118303007,-3.227879103772445,0.00014588204795
-1.2123753489083864,-3.229925644047619,0.00014546107559
-1.2123747322736362,-3.2320586202272334,0.0001442838693
-1.2123752104801784,-3.234215367523177,0.0001446113456
-1.2123736751854919,-3.2363744882029297,0.00014212672249
-1.2123710324651316,-3.23854730243741,0.0001432626741
-1.212371347074699,-3.2407099769798213,0.00014191848459
-1.2123725300066703,-3.2428954906815743,0.00014111884229
-1.2123732095633328,-3.2450968725043667,0.00014130963245
-1.2123739897950594,-3.2473113017250435,0.00014004328114
-1.2123724041628436,-3.2495238421795527,0.00013959636271
-1.2123734738353695,-3.2517604519766254,0.00014200508303
-1.2123769848781334,-3.254008369518533,0.00014317166642
-1.2123730207975938,-3.2562542616072427,0.00014294747962
-1.212374958792525,-3.2585045525329557,0.00014199782163
-1.2123744680015998,-3.260721454546183,0.00014210959489
-1.2123746064298095,-3.262950124069689,0.00014146923786
-1.2123723789940772,-3.2651808811768603,0.00013971688168
-1.2123746567673406,-3.2674064317509686,0.00013970844157
-1.212374254067094,-3.2696207491368057,0.00014159170678
-1.2123745938454265,-3.2718785827011017,0.00014262659533
-1.212374958792525,-3.274156608666881,0.00014265767823
-1.2123743295733915,-3.276421214451982,0.00014360055502
-1.2123751223894994,-3.278691175883263,0.00014252043911
-1.2123744680015998,-3.2809194850500663,0.0001426848321
-1.2123750594675853,-3.2831401770217274,0.00014196778648
-1.212374958792525,-3.2853496482312083,0.00014200083388
-1.212374921039377,-3.2875644005303064,0.00014220549201
-1.2123768590343067,-3.289771001312256,0.00014218085562
-1.2123743673265395,-3.291988711021543,0.00014320579066
-1.212375097220733,-3.2942201515638385,0.00014048060984
-1.212372743941174,-3.296445316929058,0.00014176104742
-1.212374581261045,-3.2986669905620825,0.00014204715262
-1.2123730585507415,-3.30086858362846,0.00014378951164
-1.2123726306817306,-3.303067964850248,0.00014233987895
-1.212374921039377,-3.3052707756737605,0.00014000986994
-1.2123750468832037,-3.3074629621875733,0.00014124487643
-1.2123769471249854,-3.3096500664292585,0.00013975592447
-1.2123747700267842,-3.3118732808978395,0.00014321546769
-1.212375512505361,-3.314126081894384,0.00014191452647
-1.212375890036841,-3.3163787834821803,0.00014317402383
-1.212373964626293,-3.318622078517408,0.00014362696675
-1.2123745686766618,-3.3208417888277024,0.00014208049106
-1.2123739017043804,-3.3230098438684803,0.00014146784088
-1.2123775511753543,-3.325177165769754,0.00014126469614
-1.2123733857446906,-3.3273449598625744,0.00014410295989
-1.212375562842892,-3.32951162318091,0.00014185470354
-1.2123742414827128,-3.3316663947280354,0.00014226633357
-1.2123725803441996,-3.3338550770835584,0.00014179944992
-1.2123742666514774,-3.3360356327741156,0.00014267099323
-1.210812859371928,-3.317854891521959,0.00014439685037
-1.2108083289941678,-3.3198543866081973,0.00014398955682
-1.2108108458707012,-3.321839802930816,0.00014316586021
-1.2108083667473155,-3.323858483904988,0.00014299208124
-1.2108102544047157,-3.325883328221396,0.00014442909742
-1.2108056736894242,-3.327914410436599,0.00014506500156
-1.2108081905659578,-3.3299423239980324,0.00014217519492
-1.2108049815483783,-3.3319731949696534,0.00014245847706
-1.2108067685307164,-3.3340176973655384,0.00014398494386
-1.2108056862738075,-3.336057030506639,0.00014444791304
-1.2108068943745431,-3.3381169288320236,0.00014351493155
-1.210804453004307,-3.3401955160016104,0.00014269002713
-1.2108026031000547,-3.342267417933045,0.00014059362002
-1.2108039999665297,-3.3443555856205074,0.0001408084936
-1.2108077123594174,-3.3464564403491472,0.00014342388022
-1.2108058372864006,-3.3485538281977782,0.00014320123591
-1.2108042013166536,-3.3506625362173317,0.00014247123909
-1.210806932127691,-3.3528046331493706,0.00014320071205
-1.2108041132259748,-3.354965033716722,0.0001474362507
-1.2108054975080682,-3.357136133150338,0.00014360714704
-1.2108057617801031,-3.35930489647843,0.00014606623154
-1.2108023639967829,-3.361449167976781,0.00014461971296
-1.2108023514124013,-3.3635705009070485,0.00014302658383
-1.2108028170345602,-3.3656897338275593,0.00014524962171
-1.2108043397448618,-3.367814086298479,0.00014581579308
-1.2108070705559009,-3.369937295568823,0.00014473954798
-1.2108026282688193,-3.37205646635887,0.0001445448579
-1.210802854787708,-3.3741961899071033,0.00014646658383
-1.210802653437584,-3.3763387714567763,0.00014470503083
-1.2108057491957216,-3.378485341782377,0.00014725426445
-1.2108076494375033,-3.380627997888609,0.00014613458188
-1.2108071334778152,-3.3827299336873575,0.00014474456839
-1.2108065420118295,-3.384853602723153,0.00014209533401
-1.2108034714224583,-3.3869722391911896,0.00014466216089
-1.2108028799564727,-3.3890929135385153,0.00014718090824
-1.2108038992914694,-3.3912122707199615,0.00014041576651
-1.2108049941327617,-3.393380549430416,0.00014118560648
-1.210803937044617,-3.3955777312337023,0.00014190292859
-1.2108045788481336,-3.3977769633423693,0.00014390099386
-1.2108061518959663,-3.3999719084488733,0.00014742907661
-1.2108055478455975,-3.4021517185738386,0.00014577382535
-1.210805057054674,-3.404255580417036,0.00014392813318
-1.2108052961579443,-3.4063640896190988,0.00014613907842
-1.210804025135296,-3.40846455913885,0.00014155046665
-1.2108045788481336,-3.4105664576593204,0.00014359316265
-1.2108044278355408,-3.4126520407193883,0.00014159364218
-1.2108045285106026,-3.414769608543412,0.00014544892474
-1.2108051828985007,-3.4168953030323976,0.00014568030019
-1.2108044907574549,-3.4190066205315275,0.00014529908367
-1.210804075472827,-3.4211208333103786,0.00014449891751
-1.209315921884788,-3.4019854325943593,0.0001450413838
-1.2093159470535544,-3.403862108175202,0.00014445724082
-1.2093124108420241,-3.405795521297692,0.00013555392798
-1.2093129897236266,-3.407755451703118,0.00013635489449
-1.209308597774076,-3.409728851993591,0.0001465096866
-1.209312033310544,-3.4117148026382162,0.00014717326849
-1.209309302499505,-3.4137012254743873,0.00014614796964
-1.2093113789226444,-3.4157051069715303,0.0001464477682
-1.2093101708219085,-3.417708019233405,0.00014652760001
-1.209310951053635,-3.4197042586832196,0.00014171008661
-1.209308874630494,-3.421700224758982,0.00014254455164
-1.2093069114667983,-3.423684473028838,0.00014146348985
-1.209312121401223,-3.4257009048801366,0.00014078831009
-1.2093094283433317,-3.427711943806977,8.7192849605e-05
-1.2093115551040021,-3.4297445792838346,8.2476384705e-05
-1.2093085851896928,-3.4317919396811556,9.1043737484e-05
-1.2093084845146307,-3.4338475758565674,0.00014419510262
-1.2093070876481558,-3.4359540844576193,0.00014490057947
-1.209305489431557,-3.4380550385950044,0.00014702958288
-1.209306961804329,-3.4401611371349845,0.00014556811948
-1.2093053635877302,-3.442275076539783,0.00014422099048
-1.209306848544884,-3.4443473264018296,0.00014182833547
-1.2093061941569858,-3.446408019997179,0.00014301140618
-1.2093082454113606,-3.44848095329435,0.00014434418699
-1.209308597774076,-3.4505482575712954,0.0001323766337
-1.2093063955071082,-3.45261799736251,7.9169411038e-05
-1.2093079685549426,-3.454686656083613,7.6822958363e-05
-1.209308396423952,-3.4567793965733786,9.2937589216e-05
-1.2093094912652442,-3.4588747838210017,0.0001493171585
-1.2093059047161847,-3.4609686550852516,0.00014764007938
-1.2093081069831508,-3.463058152364685,0.00014794104209
-1.2093055775222357,-3.4651277927471544,0.00014755791926
-1.2093067352854405,-3.4671976940775817,0.00014916600776
-1.2093074777640174,-3.469271310809881,0.00014689280943
-1.2093059676380973,-3.4713461080210366,0.0001462312066
-1.209304973471867,-3.4734199359969207,0.00014775805175
-1.2093066471947616,-3.47551972208154,0.00011174844985
-1.2093039918900181,-3.4776511201473173,7.6458782132e-05
-1.2093060934819237,-3.4797876253374085,6.9904897828e-05
-1.2093052503282848,-3.481914860661954,0.00010060783825
-1.2093058543786537,-3.484037871114804,0.00014520286641
-1.20930423099329,-3.4860952966476386,0.0001451902499
-1.2093112530788177,-3.488154635798827,0.00014546603779
-1.2093031487363792,-3.4902131548278614,0.00014497054508
-1.2093071128169204,-3.492264702818604,0.00014721686603
-1.2093055020159382,-3.494316462052928,0.00014501439
-1.2093040925650802,-3.496365673938139,0.00014518899843
-1.2093059173005678,-3.4984357865121516,0.00014766521053
-1.2093028089580486,-3.500507526904374,9.6923926321e-05
-1.2093037653711312,-3.5025801122709375,7.5357274909e-05
-1.2078770235705132,-3.4827121685073665,0.00010416706937
-1.20787663345465,-3.4846082163675423,0.00014983043366
-1.2078766963765641,-3.486506637611523,0.00014733134594
-1.2078791125780357,-3.4884372175847598,0.0001473462471
-1.2078751610818794,-3.490382783426418,0.00014753441792
-1.2078742675907095,-3.49233461201906,0.00014826013648
-1.2078735628652804,-3.494293498632655,0.00014694895071
-1.2078670819082056,-3.4962477751656618,0.00014534637739
-1.207873487358983,-3.4982323962183157,0.00014639475557
-1.207870114744429,-3.5002074740313747,0.00012268756109
-1.2078721911675683,-3.502181346513391,7.4585761467e-05
-1.2078721408300372,-3.50415885984072,7.6386924775e-05
-1.2078702909257868,-3.506134993871705,6.1873055529e-05
-1.2078674720240687,-3.5081252190923977,0.00014870964515
-1.2078702783414035,-3.5101286159719067,0.00014802854275
-1.207873915227994,-3.5121385365503577,0.00014912430197
-1.2078702405882558,-3.5141525204612916,0.00014918477973
-1.2078708320542413,-3.5161581167592986,0.00014692355762
-1.2078715871172014,-3.5182292109946744,0.00014601064322
-1.2078691835001112,-3.5202959436713317,0.00014603714226
-1.2078662513389498,-3.5223684047769597,0.00014472805196
-1.2078682900089412,-3.5244435747709133,0.00013332045637
-1.2078668428049353,-3.5264955701010092,6.2569131842e-05
-1.2078691457469635,-3.5285314115099142,7.8023396782e-05
-1.2078666792079609,-3.5305657617876394,5.2411294746e-05
-1.2078721534144206,-3.5326024978752577,0.00014709612879
-1.2078670693238223,-3.5346310203152598,0.00014670986275
-1.2078695736159744,-3.5366514285163873,0.00014702259796
-1.2078689192280747,-3.5387052132039054,0.00014823804668
-1.2078671699988843,-3.540754797871918,0.00014930340694
-1.207865697626112,-3.542803922774479,0.00014906274737
-1.207866918311231,-3.544843678402753,0.00014619366266
-1.2078697623817136,-3.5468859316757606,0.00014649397053
-1.207867333595859,-3.548906165911584,0.00014084047871
-1.2078659241450007,-3.550935148117034,4.2900370318e-05
-1.2078673587646236,-3.552970132125511,5.617782881e-05
-1.2078650684069787,-3.5549917953620542,2.3612416044e-05
-1.2078662387545667,-3.5570197462017688,0.00014428046416
-1.2078656724573473,-3.5590512633302365,0.00014844712859
-1.2078666162860467,-3.5611132989436523,0.00014721635671
-1.207866591117282,-3.563161765263275,0.00014663136972
-1.207867018986293,-3.5652196505615574,0.00014604175522
-1.207866918311231,-3.567273845310151,0.0001481717045
-1.2078657731324078,-3.5692857292113285,0.00014680840832
-1.207867056739441,-3.5713002101659916,0.00014755017764
-1.207863772215564,-3.573316927817434,0.00014496107178
-1.2078661003263567,-3.5753342046430694,3.9740167267e-05
-1.2078635960342063,-3.577347592101529,4.8612553655e-05
-1.2078629164775418,-3.5793503676763776,4.07583575e-05
-1.207862639621124,-3.581389949339344,0.000141750701
-1.2064329656593444,-3.5608538296911103,0.00014938219101
-1.2064324119465069,-3.5626947802539464,0.00014361194917
-1.2064276047123283,-3.56458943639168,0.00014636802371
-1.2064269880775764,-3.5665127843786637,0.00014636592823
-1.2064229484907412,-3.5684316216938043,0.00014676497085
-1.2064232756846902,-3.570352298070744,0.00014581959113
-1.206424672551167,-3.57227833009386,0.00014348361583
-1.2064232631003071,-3.574209593502225,0.00014238605218
-1.2064194877855066,-3.5761367687259167,7.5109936006e-05
-1.2064215390398814,-3.5780607255914663,5.6642056734e-05
-1.206418657216251,-3.579992336930439,0.0001004053629
-1.2064189718258167,-3.581941307521642,0.00014736947196
-1.206419890485753,-3.583903052136673,0.00014524764265
-1.206414995160894,-3.585877955984428,0.00014618423302
-1.2064166562994072,-3.5878652362210315,0.00014944566647
-1.2064168324807631,-3.5898370583976673,0.00014956021914
-1.2064167695588508,-3.5918165474738175,0.00014917405497
-1.206417197427862,-3.593808400512724,0.0001461898064
-1.2064202680172331,-3.5958046896669114,0.00014537505922
-1.2064146050450326,-3.5978010036732853,0.00014426735288
-1.2064125160375083,-3.5998040526221824,0.00013054297597
-1.2064169331558252,-3.6018462561908207,0.00011399546929
-1.2064154859518192,-3.603893057413949,0.00012288334256
-1.2064161403397173,-3.6059367272615885,0.00014420923253
-1.2064144036949085,-3.6079843361807757,0.00014411026496
-1.2064137996445414,-3.610012100629091,0.0001449760166
-1.2064141142541074,-3.6120177714836603,0.00014544592705
-1.2064116728838694,-3.6140267476790258,0.00014397350606
-1.2064106157957266,-3.6160316729679995,0.00014366667892
-1.2064140387478117,-3.6180342870036353,0.00014352299331
-1.206411987493437,-3.620040517032401,0.00014431792079
-1.206414152007255,-3.622048685531707,0.00014213545364
-1.2064119623246723,-3.624076002640666,0.00014220298908
-1.2064115470400427,-3.6260991942866743,0.00013266214228
-1.206412264349855,-3.62812441138588,0.00013422490156
-1.2064120252465849,-3.630146584092244,0.00014312566782
-1.2064136612163316,-3.6321390335836248,0.00014510808978
-1.2064121510904116,-3.6341485068227195,0.00014476811339
-1.2064093321886935,-3.6361500770665245,0.0001449524425
-1.2064128306470758,-3.6381520573714083,0.00014467790606
-1.2064132962692349,-3.6401542986242466,0.00014285247016
-1.20640997399221,-3.642153110275357,0.00014326334349
-1.2064103766924548,-3.644216773706986,0.000144013713
-1.2064075074532075,-3.6462766223279983,0.00014454481425
-1.2064140639165764,-3.648333451408355,0.00014526824816
-1.2064096216294946,-3.650390504158392,0.00014210326481
-1.206409684551409,-3.65241175733386,0.00014291172556
-1.206412037830968,-3.6544096121757934,0.00014296661539
-1.20640846386629,-3.656397637977989,0.00014358355838
-1.2064084890350546,-3.65839224960959,0.00014487172302
-1.2049947972392652,-3.63709017314914,0.00014809861023
-1.204992292947113,-3.6388845507145837,0.00014556440874
-1.2049904807960101,-3.640737952222823,0.00014508618915
-1.2049869823376278,-3.642629613672094,0.00014645663032
-1.204986378287259,-3.644580435751183,0.00014601189469
-1.2049819611689438,-3.6465394341996147,0.00014591141371
-1.2049855099648554,-3.6485106972020573,0.00014596944675
-1.2049833076978878,-3.6504796613772497,0.00014480155369
-1.204981306781044,-3.652426196454183,0.000146222068
-1.2049807027306754,-3.654344574003876,0.00014576940157
-1.2049786137231528,-3.656266915477307,0.00014519564866
-1.2049807278994418,-3.658180446850644,0.00014681411267
-1.2049784501261782,-3.6601033847765487,0.00014749179536
-1.2049821499346831,-3.6620374440558856,0.00014708077651
-1.2049798847458029,-3.663989446613832,0.00014720058243
-1.2049760339247069,-3.6659665498800855,0.00014336853928
-1.2049773049473549,-3.667947629496172,0.0001428827527
-1.2049755557181647,-3.6699355558896216,0.00014447383001
-1.2049760842622377,-3.6719259675017137,0.00014890353486
-1.2049746999801443,-3.6738965719212144,0.00014467137225
-1.2049772797785903,-3.675878881720527,0.00014602048032
-1.2049756815619914,-3.6778602222845707,0.0001443864312
-1.204975090096006,-3.679843252797292,0.00014642451424
-1.2049769903377892,-3.6818177217317825,0.00014591788931
-1.2049746496426132,-3.6837946634588232,0.00014552859648
-1.2049740581766277,-3.68580224793175,0.00014568319602
-1.2049740959297757,-3.687825489282131,0.00014463783009
-1.2049764114561867,-3.689845077361108,0.0001452727447
-1.204972560635089,-3.6918699465297022,0.00014693179401
-1.2049729507509523,-3.693889696147888,0.00014439804363
-1.20497237186935,-3.6958670230838218,0.00014679510787
-1.2049722460255232,-3.697847245299472,0.00014461296087
-1.2049722711942878,-3.6998312077691846,0.00014425429981
-1.2049725354663243,-3.701810908088923,0.00014375786122
-1.2049752159398324,-3.7037915900700256,0.00014460949751
-1.2049740455922446,-3.705758628200769,0.00014425415429
-1.2049725480507076,-3.707757924469514,0.00014439485676
-1.2049718936628078,-3.7097599917570516,0.00014633394312
-1.2049734792950253,-3.7117590270778384,0.00014390143042
-1.2049735422169379,-3.713758335772678,0.00014470578753
-1.2049723970381145,-3.7157423106684817,0.00014437126811
-1.204971214106145,-3.7177092493904835,0.0001451648568
-1.2049737309826787,-3.7196821650633227,0.00014562408614
-1.2049720572597824,-3.721659479573161,0.00014410188305
-1.2049705345494808,-3.7236320224632022,0.00014839455253
-1.2049720572597824,-3.725601135751516,0.00014900752285
-1.2049718936628078,-3.727629695469796,0.00014685590577
-1.2049734918794068,-3.7297294939805106,0.00014895487402
-1.2049709875872565,-3.731821488904684,0.00014853506582
-1.2049710630935522,-3.733917410474314,0.00014916037617
-1.2035881275290032,-3.7120156010506595,0.0001478116028
-1.2035866551562309,-3.713803939534799,0.0001472721051
-1.203580790833908,-3.715626424923107,0.00014646394993
-1.2035789409296556,-3.717459236394882,0.00014523584105
-1.203575933262197,-3.719318018401488,0.00014315154112
-1.203575517977569,-3.7211876608135714,0.00014392982121
-1.2035755431463353,-3.7230710464847547,0.00014352695143
-1.2035744231362766,-3.7249581848360878,0.00014276088041
-1.2035728249196778,-3.7268635771183676,0.00014386812109
-1.2035714532219675,-3.7288830906407817,0.00014264007041
-1.2035704590557372,-3.7309052633471493,0.00014415699115
-1.2035711763655494,-3.732926168592006,0.00014452416508
-1.2035682567887693,-3.7349408483641593,0.0001440258784
-1.2035691376955562,-3.7369670471247285,0.00014691277465
-1.2035667718316156,-3.7388805660719706,0.00014451199968
-1.2035671241943293,-3.7408074927737998,0.00014496728545
-1.2035656895747049,-3.7427386443473245,0.0001437444007
-1.203565790249767,-3.7446789166732732,0.00014533943613
-1.203568055438647,-3.7466144670837975,0.00014365566312
-1.2035686846577804,-3.748545668361695,0.00014599709539
-1.2035652994588433,-3.7505135638928704,0.0001456955506
-1.2035652239525458,-3.752485038138895,0.00014373465092
-1.2035658405872978,-3.7544665899465235,0.00014658429427
-1.2035652742900769,-3.7564436435084043,0.00014615990222
-1.203562417635211,-3.758411091700227,0.00014288681268
-1.2035650603555714,-3.7603674806690814,0.00014317629393
-1.203563122360642,-3.762329685049564,0.00014390790602
-1.203563361463912,-3.764289839124666,0.0001438830659
-1.203560907509291,-3.7662476446681454,0.00014347584511
-1.203562983932432,-3.768212570363045,0.00014518118405
-1.20356212819441,-3.770184541652798,0.00014643398754
-1.2035636257359488,-3.7721907592554693,0.00014581052528
-1.2035630846074925,-3.7741906892549695,0.00014620916045
-1.2035615115596598,-3.7761950429436553,0.00014666894276
-1.2035602279526283,-3.778190598958342,0.00014581282448
-1.2035617254941653,-3.7801663974848103,0.00014640265726
-1.2035615996503386,-3.782127992986724,0.00014740636107
-1.2035622917913844,-3.7840874884788844,0.00014741341874
-1.2035610836906487,-3.7860446354394255,0.00014751577692
-1.2035628455042222,-3.7879967001278394,0.00014558258408
-1.2035602657057762,-3.7899438192311523,0.00014365505194
-1.2035592715395442,-3.791897834816201,0.00014462709078
-1.2035565281441236,-3.7938799706502095,0.00014601385919
-1.2035625938165688,-3.795854079227997,0.0001448111725
-1.2035616499878696,-3.79783448783505,0.00014573143562
-1.2035570315194304,-3.7998092674218706,0.00014569921768
-1.203559082773805,-3.8017627238327267,0.00014498688688
-1.2035586926579418,-3.8037196471235912,0.0001452951401
-1.2035578620886862,-3.8056774402409794,0.00014526040468
-1.2035596239022597,-3.8076230806391997,0.00014639014262
-1.2021944197328893,-3.786071898287953,0.0001492909505
-1.2021861266247116,-3.787828512956098,0.00014698421001
-1.2021855980806386,-3.7896304455862193,0.00014622832532
-1.2021819486096648,-3.7914575037768343,0.00014323255164
-1.2021829427758952,-3.7933215792991524,0.00014408145216
-1.2021842893048407,-3.7951957820874447,0.00014659263252
-1.2021826659194772,-3.7970807582985606,0.00014363105583
-1.2021846164987915,-3.7989727676784395,0.00014344115334
-1.2021801616273267,-3.8008570977327087,0.00014540024858
-1.2021817346751593,-3.8027265537533896,0.00014323931828
-1.2021773301412255,-3.804621520543457,0.00014545285376
-1.2021770910379554,-3.8065084476512077,0.00014500092948
-1.2021769400253624,-3.808390528582603,0.00014610779181
-1.2021784501512824,-3.8102928764720407,0.00014722227934
-1.2021763737281432,-3.8121930249429803,0.00014693135745
-1.2021761723780209,-3.8141665619204796,0.00014730142721
-1.2021772168817821,-3.816149008406818,0.00014615700638
-1.2021786263326402,-3.8181328590416905,0.00014524873404
-1.2021780852041857,-3.820116585415631,0.00014491012553
-1.20217522854932,-3.822110526038199,0.00014628277859
-1.202174007864201,-3.8240598694121997,0.00014914141502
-1.202174058201732,-3.826003819861739,0.00014675818966
-1.2021734163982154,-3.8279494851121454,0.00014876836212
-1.2021727745947004,-3.8298975237463577,0.00014600697614
-1.2021725480758119,-3.8318425304138226,0.00014353841834
-1.202170106705574,-3.833789202177779,0.00014675103012
-1.2021757445090098,-3.835756252734617,0.00014485353313
-1.2021720950380361,-3.8377310323214378,0.00014651920355
-1.2021707610934735,-3.839702220767318,0.00014456520148
-1.2021723844788372,-3.8416789761029637,0.00014378037304
-1.2021689111892213,-3.8436563403171746,0.00014547519095
-1.2021699179398346,-3.845605025108233,0.00014510239998
-1.2021695907458856,-3.8475680620369617,0.0001424865477
-1.202167778594781,-3.849523022005096,0.00014502838894
-1.2021661300406512,-3.8514833003411297,0.00014745311637
-1.2021677030884854,-3.853441913580672,0.00014677214494
-1.2021671745444125,-3.8553908220414073,0.00014556352107
-1.202169175461256,-3.8573855455078485,0.00014468771406
-1.2021672122975602,-3.8593763796071108,0.00014649389777
-1.202166268468861,-3.861377577068122,0.00014711945551
-1.2021683952295315,-3.8633700886899667,0.00014920221292
-1.202166583078427,-3.865365731687307,0.00014861219097
-1.2021643304739298,-3.867317734245257,0.00014459261729
-1.2021672248819435,-3.869278447494552,0.00014656050189
-1.2021686217484202,-3.8712291328866186,0.00014735640434
-1.2021640410331287,-3.873184565046296,0.00014669046504
-1.2021666082471931,-3.875133821437643,0.00014665853814
-1.2021667466754014,-3.8770777967393686,0.00014457301586
-1.2021659916124412,-3.879041492251038,0.00014348622062
-1.202164242383251,-3.881015737515852,0.00014452620235
-1.20081530982067,-3.859156176809146,0.00014661463501
-1.2008164927526412,-3.860942999309912,0.00014968850883
-1.2008120127124118,-3.8627600296432982,0.00015136001457
-1.200810615845935,-3.8646032666072863,0.00015051277296
-1.2008151965612266,-3.8664398307592105,0.00015203483053
-1.2008136738509232,-3.868280346408785,0.00015053000243
-1.200809105720015,-3.870127037826687,0.00014398456551
-1.2008117736091415,-3.8719816322398786,0.00014432346507
-1.2008109933774151,-3.8738389106892055,0.00014449933951
-1.2008073313220582,-3.87570084892349,0.0001469477138
-1.200809055382484,-3.8775529705441305,0.00014973527868
-1.2008098230298272,-3.879428627185329,0.00014624041796
-1.200804877367439,-3.881306470818937,0.00014824251411
-1.2008052423145357,-3.883202419270367,0.00014941765403
-1.2008053933271288,-3.8851104334583115,0.00014630060468
-1.2008047011860812,-3.887041572605745,0.00014485382417
-1.2008042607326888,-3.8889458838179127,0.00014810450375
-1.2008021968939309,-3.890872077380241,0.00014212228416
-1.2007996296798662,-3.8927994886997044,0.00014395965263
-1.2008032162289275,-3.894731274003981,0.00014305158402
-1.2008018319468339,-3.896671136268855,0.00014435022604
-1.2008011398057863,-3.8986067115315652,0.00014560078853
-1.200800183392704,-3.900569400529682,0.00014385090617
-1.2007987991106104,-3.902535568833902,0.00014467367146
-1.2008012278964653,-3.9045087703068853,0.00014963526337
-1.2007987110199316,-3.906485649903462,0.00014848652063
-1.2007977797756137,-3.908454638930841,0.00014593117521
-1.200796420662285,-3.910408120193883,0.00014367283438
-1.2007984719166616,-3.9123559351584154,0.00014371781435
-1.2007986103448696,-3.9143023708266034,0.00014467614528
-1.2007987361886963,-3.916252024852931,0.00014405562251
-1.2007964835841993,-3.9182042883588384,0.000145021957
-1.200796282234077,-3.920153395637064,0.00014302885393
-1.2007956152617956,-3.922110169814811,0.0001444684458
-1.200796244480929,-3.924079767720759,0.00014433256001
-1.2007957662743869,-3.9260616798850907,0.00014304796059
-1.2007953635741424,-3.9280299979034363,0.00014282508346
-1.2007967352718525,-3.930004777490257,0.00014327486861
-1.2007935891761856,-3.931958059935809,0.00014356442261
-1.2007930983852622,-3.933910012789383,0.00014390757133
-1.2007928341132255,-3.935867644367562,0.00014635286061
-1.2007924314129792,-3.937821448709026,0.00014584546443
-1.2007956781837081,-3.9397721713793734,0.00014554886729
-1.2007911729747123,-3.9417306976362623,0.0001437071478
-1.200790694768172,-3.943695697887717,0.00014518483658
-1.2007924565817456,-3.945688979927347,0.00014475145144
-1.2007888700326843,-3.9476840140461182,0.00014381069923
-1.2007902920679256,-3.9496762398678227,0.0001433618454
-1.2007913365716887,-3.9516628366692945,0.00014481847757
-1.2007927586069298,-3.9536314404877877,0.00014421045489
-1.1995015631920298,-3.931452206106887,0.00014502042904
-1.1994953339226102,-3.9331887402083883,0.00014942813141
-1.1994935217715057,-3.934971673341975,0.00015100100427
-1.1994869275549873,-3.9367778059916056,0.00015044407337
-1.1994894192627563,-3.9386033730510333,0.0001495355973
-1.199486738789248,-3.9404327176428,0.00014603846648
-1.199484712703638,-3.9422745753104373,0.00014606498007
-1.1994860214794358,-3.9441557739892144,0.0001432489662
-1.19948189380192,-3.9460469259686612,0.00014579849085
-1.1994812142452558,-3.9479422531154307,0.0001478480408
-1.1994825230210535,-3.9498447252658,0.00014728576934
-1.1994794650160654,-3.9517488128082907,0.00014509851462
-1.1994776276961963,-3.9536263830678466,0.00014480680693
-1.1994799683913722,-3.9555007225431646,0.00014374477905
-1.1994783450060085,-3.957388594034002,0.00014797937183
-1.1994791755752643,-3.959289164992108,0.00014734362776
-1.1994762434141029,-3.961202224173902,0.00014696153812
-1.1994755261042904,-3.9631162028865954,0.0001461822103
-1.1994762182453365,-3.965030852608322,0.00014832077431
-1.1994742173284927,-3.9669713113256697,0.00014871808526
-1.1994785589405124,-3.9689228416920734,0.00014632944658
-1.1994716752831929,-3.9708720608051427,0.00014519940305
-1.1994737768750985,-3.972824386441514,0.00014368952543
-1.1994736762000382,-3.974784503238335,0.00014738447499
-1.1994746829506515,-3.976714437054725,0.00014780317724
-1.1994736510312718,-3.9786628733239175,0.00014734271099
-1.1994686298625878,-3.9806124279415,0.00014821827062
-1.1994719521396124,-3.9825574346089647,0.00014805443061
-1.1994712348298002,-3.9845078963313547,0.00014623589232
-1.1994703916761613,-3.986449100614294,0.00014464197739
-1.1994706559481978,-3.988453429450794,0.00014388401178
-1.1994720024771435,-3.990453371876389,0.0001437208557
-1.1994691206535113,-3.992461254575551,0.00014399827342
-1.1994712599985649,-3.994465633116423,0.00014436035417
-1.1994671700741988,-3.9964679489258232,0.00014362871298
-1.19946807614975,-3.9984238284248574,0.00014548086619
-1.1994702910010993,-4.000370363501787,0.00014504574938
-1.199471977308377,-4.002322291503175,0.00014560464479
-1.199470467182457,-4.0042671987618945,0.0001458322804
-1.1994672959180255,-4.006212752177461,0.0001451750868
-1.1994671071522844,-4.0081510239024025,0.00014481939434
-1.1994702532479515,-4.010109115246026,0.00014646140335
-1.1994660626485232,-4.012071282348231,0.00014954741346
-1.199465760623339,-4.014035835260332,0.00014525120787
-1.19946694355531,-4.015996610640095,0.00014472033945
-1.1994655341044518,-4.017950700781703,0.00014593201922
-1.1994650558979099,-4.0198879411409045,0.0001452932047
-1.1994630675654494,-4.021835134800776,0.00014452224423
-1.1994678244620967,-4.023780203598708,0.00014423379616
-1.1994624131775495,-4.025720538055121,0.00014504301362
-1.198202162759631,-4.003264997065363,0.00014757255849
-1.1981989159889037,-4.005009608127459,0.00014751157141
-1.1981972674347738,-4.0067965300369695,0.00014726426161
-1.1981968647345291,-4.008594449038984,0.0001461715874
-1.198196147424717,-4.010433622670486,0.00014590880892
-1.1981933662761468,-4.012285234821306,0.00014891731553
-1.198193718638862,-4.014145967724547,0.00014850505977
-1.198192762225778,-4.016015672267094,0.00014612529776
-1.1981905851275767,-4.017882146025404,0.00014537325478
-1.1981893518580762,-4.0197364422123565,0.00014396046754
-1.1981912395154763,-4.021598355594454,0.00014522895799
-1.1981887226389427,-4.023463189108459,0.00014571845531
-1.198187791394625,-4.025318367548033,0.00014678826847
-1.198188923989065,-4.0271881466471395,0.00014622558956
-1.1981870992535775,-4.029067332298815,0.00014605105389
-1.198186092502964,-4.030963330454617,0.00014707443188
-1.1981841796767991,-4.032898508082344,0.00014539706171
-1.198182707304027,-4.0348453413855125,0.0001448692492
-1.1981902453492443,-4.036797045717224,0.00014432433818
-1.1981845949614272,-4.038751024023995,0.00014378398191
-1.1981812223468713,-4.04070999762024,0.0001441136701
-1.1981815621252037,-4.04264198174201,0.00014643314353
-1.1981811971781067,-4.044566609616592,0.00014600013674
-1.19817942278015,-4.046498407346964,0.00014572223881
-1.1981831351730379,-4.048435237645091,0.00014656581334
-1.198181436281377,-4.050369607576758,0.00014489171735
-1.1981812475156377,-4.052303728986562,0.00014802337682
-1.198178529288982,-4.054246449252872,0.00014487425506
-1.1981822668506343,-4.056206106284245,0.00014763478248
-1.1981795486239768,-4.058161215365497,0.000145847167
-1.1981781517575019,-4.060114895446033,0.00014457199723
-1.1981805176214424,-4.062074639460056,0.00014424380788
-1.1981781391731186,-4.064010749044778,0.00014567571634
-1.198179989077371,-4.065952897710799,0.0001444650843
-1.1981772330975655,-4.067898103195758,0.00014318470494
-1.1981772456819486,-4.069836548885999,0.00014759479382
-1.1981781265887355,-4.071776311742128,0.00014488081797
-1.198177598044664,-4.073713825475378,0.00014559036936
-1.1981795360395953,-4.075672115636496,0.00014675258717
-1.1981747162210319,-4.0776769912211,0.00014616921544
-1.1981752699338697,-4.0796764738812445,0.00014528393513
-1.1981770191630616,-4.081680106856524,0.00014504055434
-1.1981748546492417,-4.0836796143688545,0.00014783866936
-1.1981747036366504,-4.085668969763024,0.00014542718418
-1.1981743512739351,-4.087595498829873,0.00014914931671
-1.1981738101454804,-4.089527383542895,0.00014645805641
-1.1981728663167812,-4.09145321674852,0.00014718565217
-1.1981741247550481,-4.093380242859094,0.00014520362311
-1.198173407445236,-4.09530708257827,0.00014420192747
-1.1981727656417192,-4.097225224032192,0.00014529364125
-1.1969279059238052,-4.074526578954667,0.00014673065743
-1.1969217899138271,-4.076305361773117,0.00014759870828
-1.1969179642614958,-4.078149331876606,0.00014628423378
-1.1969158500852086,-4.080009418623,0.00014726298105
-1.196913937259042,-4.081883894785345,0.00014469648886
-1.1969113197074481,-4.083774127233892,0.00014691289107
-1.1969119489265816,-4.085656208165287,0.00014734914294
-1.1969087021558527,-4.087492859299869,0.00014716322767
-1.1969112945386817,-4.089334890932814,0.00014638647554
-1.196905807747839,-4.091179184114724,0.00014572987857
-1.1969063866294414,-4.093027254828973,0.00014735500736
-1.1969048009972254,-4.094873859264225,0.00014675280545
-1.1969063111231457,-4.096713604496018,0.00014355279563
-1.1969053043725322,-4.098573330885709,0.00013910868438
-1.1969051533599409,-4.1004560206956695,0.00013741875591
-1.1969032153650097,-4.102355175079151,0.00014863765682
-1.196902850417913,-4.104258802856191,0.00015045155305
-1.196900409047675,-4.10617229695125,0.00014714100689
-1.1969019317579765,-4.108076757276535,0.00014673751139
-1.1969022589519274,-4.1099801241056175,0.00014362503134
-1.1969001825287862,-4.1118886850416665,0.00014699908206
-1.1968988108310759,-4.113796189759791,0.00014597950212
-1.1968999560098976,-4.115711336525246,0.00014601243311
-1.1968991631937895,-4.117633230659321,0.00014616000408
-1.1968991002718772,-4.119541965560674,0.00014509247558
-1.1968977789116961,-4.121502653957783,0.00012845761376
-1.1968993142063826,-4.123462932293816,0.00011686223297
-1.1968962562013945,-4.1254194703757925,0.00011519383406
-1.1968984962215083,-4.12737838184157,0.00014545301383
-1.1968948593349178,-4.129340437108935,0.00014977525279
-1.1968990876874939,-4.131263834800287,0.00015127152437
-1.196894758659856,-4.1331877543875555,0.00014801901125
-1.1968968728361447,-4.135113115401639,0.0001491203293
-1.1968961051888014,-4.1370338414829515,0.00014448733418
-1.196896180695097,-4.138955822599679,0.00014433024626
-1.1968939784281312,-4.140881717935769,0.00014521261619
-1.1968918390830776,-4.142804432191998,0.0001455268648
-1.1968924808865942,-4.1447465063014635,0.00014430105512
-1.1968931352744923,-4.1466908419598925,0.00010409054084
-1.1968913105390044,-4.148628964571715,9.9837248854e-05
-1.1968924808865942,-4.150568454053788,9.5231407613e-05
-1.1968917006548678,-4.152505756543457,0.00014666042989
-1.196892984261901,-4.154423910423474,0.000149103289
-1.1968903792946886,-4.156344847748367,0.00014671499957
-1.1968910462669697,-4.158265859629823,0.00014791451395
-1.1968905680604276,-4.160188524181679,0.00014729717805
-1.196892380211532,-4.162113910047949,0.00014815428585
-1.1968875478085874,-4.16402854734358,0.00014792257571
-1.1968907064886376,-4.16599583399619,0.00014577164256
-1.1968883154559307,-4.167971893470616,0.00014827448467
-1.1956385478287743,-4.145572133213326,0.00013961964578
-1.195637176131064,-4.147324075670422,0.00010921376816
-1.1956361567960674,-4.149122379881322,9.9590586615e-05
-1.195631626418307,-4.150938565240368,8.953656652e-05
-1.1956312237180622,-4.152753806216328,0.00013996704365
-1.1956300533704742,-4.1545742910036285,0.00014692764671
-1.1956283418944318,-4.1564022065946755,0.00014935084619
-1.1956283167256654,-4.158242970766112,0.00014836272749
-1.1956283167256654,-4.1600779568042,0.00014733955322
-1.1956226285847003,-4.161922063594715,0.00014851466403
-1.1956218231842093,-4.16376429404515,0.00014817278134
-1.195627259637521,-4.1656458406545385,0.00014662157628
-1.1956222888063681,-4.167545715751425,0.00014848676801
-1.1956211058743969,-4.16944218609877,0.00014323777577
-1.1956243778138906,-4.171358128134191,6.7880486313e-05
-1.195623081622476,-4.1732828554175185,7.6943942986e-05
-1.1956213072245192,-4.175204650142848,6.7446570029e-05
-1.1956213323932856,-4.177092496781498,0.00012285931734
-1.1956210681212491,-4.178985363561809,0.00015169687686
-1.1956208164335957,-4.180886791920351,0.00014794016897
-1.1956192433857613,-4.1827843557638955,0.00014976448438
-1.1956185764134801,-4.184694532092064,0.00014862415264
-1.1956190042824912,-4.186587001237391,0.00015056109987
-1.1956159336931198,-4.188522402534797,0.00014839069627
-1.195616462237193,-4.190451553507314,0.00014525026199
-1.195615291889605,-4.192380157731726,0.00014439070947
-1.1956189665293433,-4.194319150170073,0.00013939762721
-1.1956147885142967,-4.196244461479783,6.5618420194e-05
-1.1956188784386645,-4.198161745533273,7.4770025094e-05
-1.1956180730381734,-4.200077078690128,6.3767954998e-05
-1.1956177961817556,-4.202001743842987,0.00013864037464
-1.1956176200003978,-4.203917474634826,0.00014955006191
-1.195614624917322,-4.205836150410757,0.00014964418369
-1.195611617249865,-4.207752452802881,0.00015042969608
-1.1956165754966366,-4.209674520902262,0.00014932687918
-1.1956157826805285,-4.211632077923879,0.00015027928748
-1.1956160469525652,-4.213586913631082,0.00014780809579
-1.1956124100659729,-4.2155414138337655,0.00014814754832
-1.1956124855722685,-4.21749525545351,0.00014622647723
-1.1956130896226373,-4.219454030232265,0.0001332101383
-1.195609276554689,-4.221371898312138,7.0473943197e-05
-1.195609591164255,-4.223289207217814,7.8480319644e-05
-1.1956156316679356,-4.225202142138674,6.0961076088e-05
-1.1956148514362108,-4.227113672911003,0.00014411953453
-1.1956124100659729,-4.229026694814519,0.00015065548359
-1.1956118689375184,-4.230946401956186,0.0001511748851
-1.1956122338846151,-4.232858143972098,0.00015149528917
-1.1956097044237002,-4.234790476024479,0.00014914256462
-1.1956103084740672,-4.236726014008909,0.00015063228784
-1.1956113026402992,-4.23866140288022,0.00014959085092
-1.1943687710331778,-4.216575625146435,0.00014743924839
-1.1943686577737325,-4.218344193716257,0.00014774833107
-1.194362390751165,-4.220141379578768,0.00012982457702
-1.1943628186201742,-4.221924772477806,6.6879583756e-05
-1.1943589426303136,-4.223728171386928,7.7382515883e-05
-1.194356413169397,-4.225551166245057,6.1594437284e-05
-1.1943553560812523,-4.22737613685201,0.00013712112559
-1.1943539088772464,-4.229208774358482,0.00015069459914
-1.1943530405548413,-4.231046481710986,0.00014999648556
-1.1943530153860764,-4.232891433475838,0.00015195333981
-1.194352851789102,-4.2347496687343416,0.00014968296455
-1.194351354247565,-4.236609221158729,0.00015008113405
-1.1943510018848498,-4.238468177130638,0.00014818887576
-1.194350448172012,-4.240337235516339,0.00014747369278
-1.194352839204719,-4.242213463757829,0.00014915323118
-1.1943489380460919,-4.244078769463373,0.00014625577023
-1.1943523106606475,-4.245964267570405,5.3198280511e-05
-1.1943520212198462,-4.2478550591931485,5.4303418437e-05
-1.1943474782577026,-4.2497483236084435,4.2294443119e-05
-1.1943467987010383,-4.2516504478282044,0.00013636355288
-1.1943460184693135,-4.253546918175546,0.00014931683836
-1.1943483339957248,-4.255455329998478,0.00015236411127
-1.194346458922706,-4.257386841928706,0.00015167238598
-1.1943450243030815,-4.259312488742933,0.00015138594608
-1.1943465721821513,-4.261240819593295,0.00015177780006
-1.1943449739655523,-4.263179041613861,0.00014988529438
-1.1943459303786348,-4.265105918611317,0.00014912014012
-1.1943443447464188,-4.267012466520264,0.00015123795311
-1.1943463708320272,-4.268927737546651,0.00014627288328
-1.1943440301368513,-4.270843518042862,7.0168636739e-05
-1.1943420166356244,-4.272756192015767,4.0391445509e-05
-1.1943446467716015,-4.274667536396697,6.0515929363e-05
-1.1943437155272856,-4.276581689074694,0.00014148680202
-1.1943489883836227,-4.278503533504397,0.000149861502
-1.194341425169639,-4.280432125302717,0.00014864045079
-1.1943409721318632,-4.282369589331599,0.00014996626123
-1.1943424948421666,-4.284302045644909,0.00014812959125
-1.1943439042930246,-4.286233147514061,0.00014693282719
-1.1943426836079056,-4.288161142859907,0.0001477276237
-1.1943407330285931,-4.290067926864625,0.00014647647913
-1.194339889874954,-4.291985844648867,0.00014698535961
-1.1943407456129744,-4.293902557102068,0.00014284245844
-1.1943426836079056,-4.295817455345661,8.9932887931e-05
-1.1943397262779796,-4.297730775475412,6.9956113293e-05
-1.194339877290571,-4.299630899094162,9.6647621831e-05
-1.1943410476381588,-4.301576937127367,0.00014416994236
-1.194339185149525,-4.303529300042019,0.00014745941735
-1.1943388705399576,-4.305476270032211,0.00014821851801
-1.1943400031343976,-4.307424234109864,0.00014846495469
-1.194337637270457,-4.309369203499048,0.0001489566057
-1.1931026437085532,-4.287385965886518,0.00014669689699
-1.1930980504088786,-4.289104432448474,0.00014820491197
-1.193096666126785,-4.290866179093123,0.0001466198155
-1.193094275094078,-4.292658021735549,0.00014447432477
-1.1930943380159924,-4.294456238963798,0.00014066587028
-1.193091078660882,-4.296266919563547,0.00010360550368
-1.1930931047464903,-4.2980825333223045,9.7648626252e-05
-1.193092815305689,-4.299897426367657,0.00012121432519
-1.193088121330954,-4.301761998933701,0.00014588891645
-1.1930865482831214,-4.303629839562267,0.00014766519598
-1.1930868377239228,-4.305497232851476,0.00015005654132
-1.1930880835778064,-4.307361010147556,0.00015079486184
-1.1930852646760883,-4.309226166739986,0.0001486143592
-1.1930852143385573,-4.311082128023429,0.00014939569519
-1.1930836161219582,-4.312937828358919,0.0001474670571
-1.193084169834796,-4.314802090272636,0.00014725954679
-1.193083565784429,-4.316676355191396,0.00014714324789
-1.1930850507415829,-4.318555180486367,0.00014601799194
-1.1930834273562192,-4.320440156697483,0.00014456159261
-1.1930832008373304,-4.3223157263560275,0.00014209009532
-1.1930838048876993,-4.3242197393419595,0.00014416260819
-1.1930843334317704,-4.326128436965032,0.00014716322767
-1.1930812628423992,-4.328049423994302,0.00015014084056
-1.1930781419154985,-4.329967466039478,0.00014828334679
-1.1930807972202422,-4.331890515800223,0.00014862860553
-1.1930824080212226,-4.3338008660936955,0.00014722791093
-1.193082143749186,-4.335706556602211,0.00014625459153
-1.1930804448575267,-4.337621641237199,0.00014758683392
-1.1930780915779677,-4.339528996842205,0.00014597644622
-1.1930772987618596,-4.341444006920634,0.00014280420146
-1.193077638540192,-4.343352580282779,0.00014589443163
-1.1930783684343855,-4.345263116967649,0.00014349004778
-1.1930773742681553,-4.347217132552698,0.00014358162298
-1.1930752097543371,-4.349184357074841,0.00014260516036
-1.1930743162631672,-4.3511445360021295,0.00014701619511
-1.1930736115377383,-4.353106839791357,0.00014792005823
-1.1930753104293974,-4.355074486800669,0.00014716551232
-1.1930743162631672,-4.3570109815942795,0.00014758734324
-1.1930756502077298,-4.358923158523456,0.00014857936185
-1.1930760025704452,-4.36083089933735,0.00014864568948
-1.1930746182883516,-4.362738764412181,0.0001491347939
-1.1930744798601418,-4.364650170923575,0.00014959112741
-1.193072416021384,-4.366558147833242,0.00014820469369
-1.1930746937946473,-4.368448504542724,0.00014538453252
-1.1930745553664375,-4.370379643690154,0.00014559240662
-1.1930720888274349,-4.372309975141524,0.00014478409139
-1.193072189502497,-4.374238007765651,0.0001478784834
-1.1930695467821366,-4.3761608090045305,0.00014713189739
-1.193071723880338,-4.378084380661191,0.00014587191981
-1.1930710065705257,-4.379992929171146,0.00014706894581
-1.1918551790234266,-4.358105447032974,0.00014591142826
-1.1918446962326628,-4.3598337674868555,0.00014613784151
-1.1918452876986483,-4.361599030715882,0.00014656914573
-1.191841562721379,-4.363382585154133,0.00014546654711
-1.1918434252100145,-4.3651818213220235,0.00014550375636
-1.1918388570791063,-4.366986288875163,0.00014665759227
-1.1918377748221953,-4.368787364104853,0.00014584649762
-1.1918394359607085,-4.370622698073552,0.00014212966198
-1.1918356858146728,-4.372458529085979,0.00014333635045
-1.1918368435778794,-4.374302499189468,0.00014220154844
-1.1918342637794317,-4.376149364572673,0.00014325352095
-1.1918310044243212,-4.377996118121043,0.00014317464957
-1.1918339743386304,-4.379826382243709,0.000143672165
-1.1918306646459889,-4.381663567700297,0.00014478791854
-1.191831369371418,-4.383516994060723,0.00014632228704
-1.1918295068827824,-4.385383107462331,0.00014630921942
-1.1918323887064146,-4.387248003106803,0.00014524176368
-1.191833017925548,-4.389115620065689,0.00014472343901
-1.1918281100163075,-4.390996682057439,0.00014723272761
-1.191830236776978,-4.392905106306463,0.00014720944455
-1.1918256057241554,-4.394831349573164,0.00014845977421
-1.1918270025906321,-4.396760040780229,0.00014955758525
-1.1918271284344588,-4.398693217806952,0.00014749346883
-1.191825404374033,-4.400627103120981,0.00014602232841
-1.1918254798803287,-4.40256860563016,0.00014743357315
-1.1918278834974187,-4.404460552879571,0.00014528194151
-1.191822635809846,-4.406368790737195,0.00014688598458
-1.1918262726964366,-4.408273375323415,0.00014833912428
-1.191826625059152,-4.410180420276092,0.00014929728059
-1.1918229000818827,-4.412090012577877,0.00014599792485
-1.191823202107067,-4.413990011935695,0.00014611093502
-1.1918245360516295,-4.415898759263143,0.00014727836242
-1.191822912666264,-4.41782193328482,0.0001461100328
-1.1918216290592327,-4.419745728611157,0.0001479620405
-1.1918256938148342,-4.421671350573197,0.00014736133744
-1.191823994923175,-4.423591094993143,0.00014613842359
-1.191822019175096,-4.425515399789304,0.00014659410226
-1.191822736484908,-4.427411733449623,0.00014646348427
-1.1918240955982353,-4.429319163611188,0.0001476797479
-1.191823994923175,-4.43121833042076,0.00014638037828
-1.1918224847972547,-4.433118454039514,0.0001481561485
-1.1918209998400993,-4.435024666443945,0.00014593316882
-1.1918238313262004,-4.436928070551304,0.00014678415027
-1.1918192883640568,-4.43873278662631,0.0001480186329
-1.1918209243338036,-4.440524852938412,0.00014648886281
-1.1918218555781215,-4.442322933479636,0.00014545985323
-1.1918198043237467,-4.444114042982564,0.00014850281877
-1.191819389039117,-4.445903176736668,0.00014523789287
-1.191821415124727,-4.447693329430416,0.00014459848171
-1.191820232192756,-4.4494988034971055,0.00014684577764
-1.1905961115374792,-4.428152552275255,0.00014433937031
-1.1905870004444274,-4.429873056716501,0.00014371577709
-1.1905829860263568,-4.431625098582342,0.00014389760327
-1.1905818660162981,-4.433397382554039,0.00014643363829
-1.19058007903396,-4.435180328113721,0.0001477002661
-1.1905782165453245,-4.43697203406912,0.00014584732708
-1.1905770965352676,-4.4386778011638075,0.00014538118558
-1.1905757248375572,-4.440387482477857,0.00014495875803
-1.1905746425806465,-4.442092727676629,0.00014521846606
-1.1905740888678105,-4.443801812538208,0.00014379038475
-1.190574957190214,-4.445516576124384,0.00014643229952
-1.1905714461474486,-4.447225785246895,0.0001490819559
-1.1905729059358394,-4.448938945867047,0.0001470487623
-1.1905671297041935,-4.4507358707816005,0.00014522897254
-1.1905712951348573,-4.45256506626025,0.00014427593851
-1.1905670541978979,-4.454409023937643,0.00014468860172
-1.1905677337545624,-4.456258275130749,0.00014520973491
-1.1905662236286423,-4.458117591459365,0.00014677428408
-1.1905653553062385,-4.459978262232139,0.00014583586017
-1.1905649022684612,-4.46184107029295,0.0001453186851
-1.1905650532810543,-4.46373107907182,0.00014503087732
-1.1905650532810543,-4.465625896748766,0.0001451128046
-1.1905615925758197,-4.467525498471605,0.00014739109611
-1.1905603970594671,-4.469426964108424,0.00014576711692
-1.1905630271954442,-4.4713254102045905,0.00014616476255
-1.1905630901173585,-4.473210373989612,0.00014524681319
-1.1905614541476115,-4.475105092257812,0.00014459939848
-1.1905626119108164,-4.476994790384353,0.00014456124336
-1.190560107618666,-4.47888286069268,0.0001448977564
-1.1905593651400874,-4.480777902039303,0.00014609516074
-1.190559541321445,-4.482673900195105,0.0001443085348
-1.1905588743491637,-4.484569624976859,0.00014554554946
-1.1905593525557059,-4.486500441045864,0.00014877886861
-1.190560296384405,-4.488433083750576,0.000150195483
-1.1905594783995326,-4.4903667329688375,0.00015026007895
-1.190556911185468,-4.492298431290464,0.00014966099116
-1.1905558792660882,-4.494234155666292,0.00014499208191
-1.1905567853416412,-4.496136304738239,0.00014642944734
-1.1905585974927457,-4.498030786910669,0.0001502289233
-1.1905569866917636,-4.499931879764691,0.00014726619702
-1.1905571754575046,-4.501828822303579,0.00014768711117
-1.1905542307119599,-4.503723888502387,0.00015089432418
-1.1905567601728748,-4.505622632824793,0.00014863313118
-1.1905538405960967,-4.507506465835333,0.00014728229144
-1.1905553255532522,-4.509421289522364,0.000146571605
-1.19055395385554,-4.5113312421808525,0.00014912782353
-1.1905549983593013,-4.513244226806087,0.00014640321024
-1.1905538657648613,-4.515155210830315,0.00014647937496
-1.1905538783492444,-4.517067039828883,0.00014601096336
-1.1905538028429488,-4.518961509575218,0.00014439516235
-1.1893332058148174,-4.496645215386091,0.00014482447295
-1.1893280462179234,-4.498354238117202,0.00014694496349
-1.1893207221072115,-4.500098613083526,0.00014627342171
-1.1893196146815361,-4.5018579366399925,0.00014712345728
-1.189318771527897,-4.503634917674929,0.00014646080672
-1.1893165315077832,-4.505420050227016,0.00014876188652
-1.1893175256740136,-4.507196310548543,0.00014679787273
-1.1893104784197195,-4.509004406520904,0.0001461597858
-1.1893113593265063,-4.51082364869888,0.00014510528126
-1.1893093458252795,-4.512640865423665,0.00014342836221
-1.1893105539260151,-4.5144597969493105,0.00014293378626
-1.189306791195598,-4.516285190043434,0.0001432467252
-1.189304677019309,-4.518106370691954,0.00014600424038
-1.189307068052016,-4.519902413353889,0.00014643804752
-1.1893069296238061,-4.521728812961562,0.00014727089729
-1.189306325573439,-4.523568930976152,0.00014513713541
-1.189306363326587,-4.525418082760513,0.00014579996059
-1.1893046015130133,-4.527276454706044,0.00014518429816
-1.189305847366897,-4.529131645571709,0.00014738366008
-1.1893014428329634,-4.531003599237128,0.00014546637249
-1.1893052936540593,-4.532922995726465,0.00014425600239
-1.1893032927372156,-4.534842851981254,0.00014744025248
-1.1893035192561043,-4.536768573352039,0.00014632138482
-1.1893023992460456,-4.5387042355974,0.00014567098697
-1.189302273402219,-4.540633821483179,0.00014339167683
-1.1893025502586387,-4.54253944986123,0.00014365933021
-1.1893001340571654,-4.544434652747064,0.00014252557594
-1.189300876535744,-4.546323630160196,0.00014281854965
-1.1892998697851307,-4.548215639540075,0.00014230138913
-1.1892978436995205,-4.550112358409287,0.00014321439085
-1.1892998068632163,-4.5520036843540375,0.00014509241737
-1.189294005462806,-4.5538863368857205,0.00014692920377
-1.1892999075382784,-4.5557941522561745,0.00014542894496
-1.1892983219060627,-4.557709348726003,0.00014514889335
-1.1892967740269929,-4.559628770067527,0.00014569968334
-1.1892977556088418,-4.561548676026688,0.00014724723587
-1.1892934391655867,-4.563466332862972,0.00014580595598
-1.1892967740269929,-4.565386064856826,0.00014564418234
-1.1892925582588,-4.56727963992445,0.00014568172628
-1.1892947353570014,-4.569188635773762,0.00014477588411
-1.1892949870446548,-4.571096500848592,0.0001460465719
-1.1892916773520132,-4.572997407311215,0.00014673937403
-1.1892949241227424,-4.5749093357185275,0.0001502630621
-1.1892938166970668,-4.576808601936846,0.00014908684534
-1.189297340324214,-4.578723425623879,0.00014734295837
-1.1892927092713914,-4.580663573688894,0.0001477827027
-1.1892920926366413,-4.582601311091825,0.00014408162679
-1.1892936027625614,-4.584543795262366,0.00014455273049
-1.1892941690597805,-4.586483645101145,0.00014483151608
-1.189289122722332,-4.5884204878253625,0.00014350150013
-1.1880751576638666,-4.565733983040915,0.00014242567704
-1.1880682488377825,-4.567448274435549,0.00014270859538
-1.1880673679309957,-4.5691936807676115,0.0001435076847
-1.1880583197598562,-4.570952221480205,0.00014495366486
-1.1880591251603474,-4.5727361114229685,0.00014517075033
-1.1880563062586293,-4.574532452311143,0.00014555589587
-1.1880545318606743,-4.57633421097596,0.00014792681031
-1.1880542550042548,-4.578140070251538,0.00014802170335
-1.1880504922738375,-4.579990911984577,0.00014771676797
-1.188049523276372,-4.581845083910598,0.00014893696061
-1.1880502909237152,-4.583694956408365,0.0001495712786
-1.1880491834980398,-4.585547686907574,0.00014750145783
-1.188048302591253,-4.5874080718802075,0.00014605982869
-1.1880452949237958,-4.589250426591574,0.0001459664345
-1.1880450054829947,-4.591093837520866,0.00014712140546
-1.1880436337852827,-4.592951078691915,0.00014483385894
-1.1880463016744094,-4.59481776369381,0.0001450018899
-1.1880455340270661,-4.596691220916511,0.00014794350136
-1.1880433317601,-4.598574817831276,0.00014705132344
-1.1880435834477534,-4.60045851415479,0.00014558533439
-1.1880412301681944,-4.602348721751155,0.00014435684716
-1.1880430549036802,-4.60426291170743,0.00014498464589
-1.188041444102698,-4.606181848431319,0.00014528492466
-1.1880440490699105,-4.608099927754774,0.00014548703621
-1.1880403995989368,-4.610024344385774,0.00014767583343
-1.1880414063495504,-4.611948661608026,0.00014459347585
-1.1880388517198688,-4.613848685818031,0.00014658395958
-1.1880397326266556,-4.615769324916689,0.00014580563584
-1.1880430297349156,-4.617684844464943,0.00014393594756
-1.1880414818558478,-4.619605359302669,0.00014373367594
-1.1880403240926412,-4.621530210846929,0.00014358463523
-1.1880404751052343,-4.623456354704885,0.00014590223145
-1.1880387887979564,-4.625373278401672,0.00014592480147
-1.188042111074981,-4.627316122928916,0.00014469794405
-1.18803876362919,-4.629254568619161,0.00014427622955
-1.188038109241292,-4.631198096581534,0.00014293643471
-1.1880361209088297,-4.633141748804838,0.00014533897047
-1.1880365865309888,-4.635085015819253,0.00014649567311
-1.1880352022488951,-4.637006350779131,0.00014541368
-1.1880370521531476,-4.638929847879232,0.00014705056674
-1.1880350260675374,-4.6408529100660685,0.00014642694441
-1.1880368759717899,-4.642781899499373,0.0001442112989
-1.1880366368685196,-4.644707533887505,0.00014740107872
-1.1880377317098119,-4.646628968256131,0.00014649626974
-1.1880376813722808,-4.648541766489968,0.00014647810895
-1.1880349757300082,-4.650486114574491,0.00014768172696
-1.1880339312262451,-4.6524296052585825,0.00014808271953
-1.1880350764050684,-4.654375121395871,0.00014463167463
-1.1880357811304976,-4.656319345219464,0.00014411905431
-1.1880338934730974,-4.6582654329570365,0.00014331229613
-1.1868186825607503,-4.635658840378091,0.00014404446119
-1.1868122141880586,-4.637363551254853,0.0001444961672
-1.1868091435986872,-4.639124813281863,0.00014605585602
-1.1868084514576396,-4.640895966479077,0.00014455952623
-1.1868043111957425,-4.6426841682761895,0.00014476693468
-1.18680119026884,-4.644485579010396,0.00014450823073
-1.1868026626416124,-4.646295128835662,0.00014588721388
-1.1867979812512606,-4.648101770955114,0.00014576576359
-1.186799730480451,-4.6499344705920524,0.00014490158355
-1.186799881493044,-4.651772389188142,0.0001435399754
-1.1867981448482352,-4.653616284735068,0.00014353502775
-1.1868005988028545,-4.6554569743499465,0.00014453282347
-1.1867961439313914,-4.657307878213449,0.00014867323625
-1.1867922805259123,-4.659156557806267,0.00014740999904
-1.1867949609994204,-4.660996452151178,0.00014625520271
-1.1867956783092326,-4.662864019405691,0.00014513661154
-1.1867909465813482,-4.6647376505936995,0.0001437770552
-1.1867933753672046,-4.666624515570983,0.00014481514518
-1.1867932998609072,-4.668525297772675,0.00014625414042
-1.1867886562237033,-4.670423992390708,0.00014594802633
-1.1867916764755435,-4.672323494704797,0.00014669293887
-1.1867904935435725,-4.674267196632473,0.00014654136612
-1.1867906068030176,-4.676213818692057,0.00014665148046
-1.186788127679632,-4.678168244338185,0.0001467151742
-1.1867890463395665,-4.680124198393778,0.00014568172628
-1.18678864363932,-4.682084166077481,0.00014559405099
-1.1867862777753795,-4.684026227760853,0.00014335283777
-1.1867874984604985,-4.685956584064409,0.00014335253218
-1.1867872593572266,-4.687893302527696,0.00014371653378
-1.1867868944101296,-4.689816464123277,0.00014375017781
-1.186789625221169,-4.691768044194057,0.00014556107635
-1.1867846292212496,-4.693698822984784,0.00014634030231
-1.1867873474479054,-4.695623997607468,0.00014754125732
-1.1867839748333515,-4.697570930319382,0.00014738860773
-1.186784843155755,-4.699527928166805,0.00014646496857
-1.1867841258459428,-4.70148503784907,0.00014521703997
-1.1867826283044058,-4.703442147531329,0.0001455789461
-1.1867846166368663,-4.705402724093602,0.00014579806884
-1.1867841510147075,-4.707353347355201,0.00014611588267
-1.1867823388636047,-4.709283094780192,0.00014914973872
-1.1867846543900142,-4.711229716839775,0.00014907604782
-1.1867866930600073,-4.713169914609162,0.00014840219228
-1.186781785150767,-4.715114424232898,0.0001480460196
-1.1867816844757049,-4.717055740350678,0.00014862992975
-1.1867844530398919,-4.71899752866,0.00014521281992
-1.1867849438308153,-4.720965362060712,0.00014542718418
-1.186782389201134,-4.7229537606457015,0.00014568596089
-1.1867843901179793,-4.724944830840735,0.00014464912238
-1.186781269191077,-4.726937566132263,0.00014584841847
-1.1867807154782393,-4.728923404942051,0.00014592750813
-1.1855588474274596,-4.706149507443979,0.00014425624977
-1.18555158623866,-4.707892962879403,0.00014459012891
-1.185549799256322,-4.709676156960951,0.00014334519801
-1.1855484023898453,-4.711491683737055,0.00014174508397
-1.1855477731707118,-4.713315461439056,0.00014434513287
-1.1855446899969573,-4.715148546284884,0.00014306430239
-1.1855464266417661,-4.716988577316821,0.00014560844284
-1.1855441236997382,-4.7188327710899864,0.00014661355817
-1.1855431924554203,-4.720697318803848,0.00014704337809
-1.1855427142488784,-4.722597019935431,0.00014498901146
-1.1855412796292555,-4.7244978891197755,0.00014633050887
-1.1855404113068502,-4.72640458614184,0.00014427793212
-1.1855405749038248,-4.728306722787693,0.00014348821423
-1.1855406000725912,-4.730214152949257,0.00014397459745
-1.1855356418258196,-4.732104559363112,0.0001469275303
-1.1855380076897601,-4.733993859854669,0.00014641499729
-1.185537164536123,-4.73588457692085,0.00014539765834
-1.1855351762036608,-4.737795598223359,0.00014651355741
-1.185535327216252,-4.739707215978338,0.00014557378017
-1.1855372022892707,-4.7416177402371185,0.00014553948131
-1.1855370009391468,-4.743524250867784,0.00014645307965
-1.1855344840626132,-4.745459813704399,0.00014426739654
-1.1855371897048876,-4.747405093745917,0.00014711481344
-1.1855344085563175,-4.749348099812374,0.00014800218923
-1.185534295296874,-4.751300226631256,0.00014701928012
-1.1855349119316243,-4.753244214359076,0.00014600888244
-1.1855351510348962,-4.755185977816208,0.00014613766689
-1.1855338800122461,-4.7571122210829095,0.00014536092931
-1.1855338800122461,-4.759050828312367,0.00014771499264
-1.1855326089895961,-4.760990156255231,0.00014675727289
-1.1855316399921305,-4.762927197796942,0.00014542712597
-1.1855336157402097,-4.764869147645474,0.00014468873269
-1.1855328732616326,-4.766815657870217,0.00014418804494
-1.1855338045059505,-4.768761733181699,0.00014493121125
-1.1855339932716897,-4.770731989670589,0.00014432442549
-1.1855339932716897,-4.7727082355364105,0.00014588377962
-1.1855329991054593,-4.774681871922655,0.00014471937902
-1.185531753251576,-4.776660689989775,0.00014362196089
-1.1855319042641672,-4.77863749502979,0.0001432888821
-1.1855281918712792,-4.780576412911578,0.00014325721713
-1.1855286323246734,-4.782514485819026,0.00014565404854
-1.185530205372506,-4.784456410815374,0.00014533092326
-1.1855270718612223,-4.786397292019888,0.00014582608128
-1.1855304822289259,-4.788343006974668,0.00014537233801
-1.185526820173569,-4.790279563898742,0.00014621127048
-1.1855280660274525,-4.792208851558281,0.00014522086713
-1.1855272732113447,-4.794165663014306,0.00014693377307
-1.1855279401836258,-4.796121741330831,0.00014387816191
-1.185531061110528,-4.798075645081043,0.00014658688451
-1.1855309981886157,-4.800022615071238,0.00014622398885
-1.1843293029032524,-4.777574815537557,0.00014493975323
-1.1843169702082361,-4.779349385910407,0.00014519742399
-1.1843199401225473,-4.781140880622224,0.0001446394599
-1.1843176120117527,-4.78295768728593,0.00014211591042
-1.1843099732914733,-4.784788112947806,0.00014130641648
-1.184314050631458,-4.786627584805549,0.00014117191313
-1.1843087022688232,-4.788470548395485,0.000142588382
-1.1843105647574588,-4.79032119131103,0.00014189949434
-1.1843062734829686,-4.792165646032156,0.00014401163207
-1.1843065755081528,-4.794034642287389,0.00014800444478
-1.184306109885994,-4.795904073455884,0.00014767877292
-1.1843087526063543,-4.79777407622467,0.00014669648954
-1.1843029260371791,-4.799650900918634,0.00014580634888
-1.1843036055938436,-4.801522444522977,0.00014625830227
-1.184303580425079,-4.803407768664704,0.00014510127949
-1.1843025736744637,-4.805293154936895,0.00014497419761
-1.1843002581480542,-4.8072006969333,0.00014593373635
-1.18430259884323,-4.809105343649985,0.00014478761295
-1.1842984711657143,-4.8110187259102,0.00014507805463
-1.184296205976834,-4.812938308790937,0.00014358114277
-1.1843026114276134,-4.814855331896468,0.00014369456039
-1.1842976280120754,-4.816799829094113,0.00014741368068
-1.1842964828332538,-4.818782486824037,0.00014638443827
-1.1842964450801061,-4.82076595225002,0.0001499253849
-1.1842978167778164,-4.822752101712139,0.00014949328033
-1.1842974895838674,-4.824739220409525,0.00014951308549
-1.1842961053017738,-4.826728911308216,0.00014702323824
-1.1842949223698027,-4.828667493685483,0.00014462399122
-1.1842944945007916,-4.8306070328719315,0.0001464793022
-1.1842967471052888,-4.832542645412923,0.00014831520093
-1.184293336737587,-4.834480345537573,0.00014544463193
-1.184293714269067,-4.836418281757994,0.00014305626974
-1.184293852697275,-4.838358541657851,0.00014257017756
-1.1842921915587636,-4.840281380175008,0.00014275261492
-1.1842908072766702,-4.842240776258423,0.00014316858142
-1.1842931102186982,-4.844200756368218,0.00014420744264
-1.1842914364958035,-4.8461540512398615,0.00014427353744
-1.1842918895335792,-4.848110713582768,0.00014647023636
-1.184293525503326,-4.850068804926395,0.00014652049867
-1.184292027961789,-4.85200239201419,0.00014601748262
-1.1842901025512411,-4.853949386856571,0.00014507689048
-1.1842901780575368,-4.855887459764018,0.00014525816368
-1.1842903542388945,-4.857826688298136,0.00014369095152
-1.1842933744907347,-4.85976293456988,0.00014477421064
-1.1842879506218045,-4.8616989074675745,0.00014439891675
-1.1842913735738894,-4.8636368188358094,0.00014620655566
-1.1842879380374212,-4.865583440895393,0.00014539356926
-1.1842906310953125,-4.867557040003359,0.00014801451471
-1.1842892216444543,-4.86952144380234,0.00014454629854
-1.1842855092515665,-4.8714932535528845,0.00014133601508
-1.1830903955983383,-4.848835378487213,0.0001440080523
-1.1830834616034895,-4.8506173548116225,0.00014392747835
-1.1830839272256466,-4.85242721528922,0.00014224350161
-1.1830819011400384,-4.854258137994824,0.0001419269538
-1.18308380138182,-4.856106693326711,0.00014218036085
-1.1830786795380757,-4.857958181216596,0.00014095476945
-1.183079195497764,-4.859816602866499,0.00014214798284
-1.183075910973887,-4.861674515046581,0.00014145673777
-1.1830755963643211,-4.863543436745256,0.00014525438019
-1.1830756089487044,-4.865415005201785,0.00014482153347
-1.1830770939058581,-4.867313426445766,0.00014631473459
-1.1830748413013612,-4.869208194418339,0.00014062775881
-1.1830774462685736,-4.87109873751922,0.00012387476454
-1.18307276487822,-4.872997146337106,0.00011537967657
-1.1830709023895862,-4.874907707874163,0.00012012632214
-1.1830698201326773,-4.876807359301374,0.00014434284822
-1.1830703109236007,-4.878709756895184,0.00014424955589
-1.1830724376842712,-4.880614329055309,0.00014635680418
-1.1830692790042225,-4.882523710113509,0.00014786374231
-1.1830698327170586,-4.884440335584057,0.0001480554638
-1.1830699585608853,-4.886364864049895,0.00014782174549
-1.1830695936137885,-4.888265981756106,0.0001450398704
-1.1830681212410161,-4.890205409107715,0.00014625898621
-1.1830708142989075,-4.892145992085994,0.00014567593462
-1.1830688385508283,-4.894087867377967,0.00012850169151
-1.1830687504601496,-4.896034029672102,0.00010200018733
-1.1830667998808369,-4.897975954668447,9.4549184723e-05
-1.1830689769790383,-4.899922191519142,9.7720483609e-05
-1.1830643207574512,-4.901840941851629,0.00014554108202
-1.1830675423594137,-4.903776703505739,0.00014898457448
-1.183063553110108,-4.90571539771785,0.00014716967416
-1.1830653023392983,-4.907650202562778,0.00014971132623
-1.1830632259161589,-4.909589729323132,0.00014748233662
-1.1830645472763381,-4.911528833596319,0.00014657102292
-1.1830661706617036,-4.913468708287284,0.00014491868205
-1.1830633140068376,-4.9154560382282595,0.00014503837156
-1.1830655540269515,-4.917443057516902,0.00014838739298
-1.1830623198406058,-4.919426609925538,0.00010883990763
-1.183063565694491,-4.921414685432106,8.8514287199e-05
-1.1830624834375802,-4.923399045536802,8.5514162492e-05
-1.1830600672361087,-4.92534965637231,8.428961155e-05
-1.183062395346903,-4.927288176619114,0.00014619126159
-1.1830593625106796,-4.929224261351645,0.00014640438894
-1.1830571350749473,-4.931157189856501,0.00014726904919
-1.183062609281407,-4.933090627831177,0.00014548133186
-1.1830621688280145,-4.935025420250015,0.00014577951515
-1.1830622946718412,-4.9369532540566485,0.00014576593821
-1.183055939558593,-4.938885039360925,0.00014442196698
-1.1830575251908104,-4.940839638972356,0.00014411901066
-1.1830596393670976,-4.942791119634391,0.0001462536602
-1.181868074509783,-4.919835304131568,0.00013417591981
-1.1818625499657922,-4.921643362825648,0.0001014645095
-1.1818583845351287,-4.9234836672316336,9.5205694379e-05
-1.181855439789584,-4.9253261337778405,8.7152773631e-05
-1.1818535773009484,-4.927167631088778,0.00013085760293
-1.1818502550239256,-4.929015627246469,0.0001460560743
-1.1818473857846765,-4.930869190293924,0.00014532372006
-1.1818474864597368,-4.932724865777224,0.00014532136265
-1.1818477255630087,-4.934584405775516,0.0001444616646
-1.181710291519889,-4.9386868183218695,0.00014683569316
-1.181823915911,-4.941591504594861,0.00014752923744
-1.1818286476388828,-4.9433915981631875,0.00014729565009
-1.1818279303290706,-4.9452212285550985,0.00010516160546
-1.1818259419966102,-4.947063086222739,3.8542038965e-05
-1.1818275150444428,-4.94891837649715,3.8497972128e-05
-1.1818250107522923,-4.9507611785478725,9.0256231488e-05
-1.1818232992762499,-4.9526268570362175,0.00014818247291
-1.1818246206364291,-4.954501755685733,0.00015147512022
-1.1818214997095284,-4.956383451408235,0.00015086120402
-1.1818223806163153,-4.95826625305304,0.0001513059542
-1.1818223680319322,-4.960149290793612,0.00015092307876
-1.1818202790244097,-4.962031197759703,0.00015117481234
-1.1818230475885965,-4.963957664696081,0.00014587362239
-1.181819825986634,-4.965888803843514,0.00014604757598
-1.1818216255533551,-4.967817097415596,0.00014561209537
-1.1818217262284154,-4.969746546614348,0.00013630092144
-1.1818207446465685,-4.971681276902721,9.5076022262e-05
-1.1818226448883502,-4.973612403624057,9.4870702014e-05
-1.1818195113770664,-4.975510129006818,0.00012388960749
-1.1818190960924384,-4.977420926639646,0.00014692258264
-1.181819221936265,-4.979333476351617,0.000147298706
-1.1818184668733052,-4.981244733749897,0.00014999997802
-1.1818184794576883,-4.983158029027463,0.00015040731523
-1.181821285775023,-4.985073871654137,0.00014962289424
-1.1818191464299694,-4.986983004190475,0.00014844372345
-1.1818171203443595,-4.98891149658005,0.00014728146198
-1.181816252021956,-4.990848761791438,0.00014846662816
-1.181816818319175,-4.992784299775868,0.0001490340801
-1.1818166924753484,-4.994716346028105,0.00014636118431
-1.1818172713569508,-4.9966551023706804,0.00012693813187
-1.1818169945005328,-4.998566446751611,0.0001263556187
-1.181817900576084,-5.000485197084098,0.00014106130402
-1.1818160129186839,-5.002406706009284,0.00014798600751
-1.1818176363040493,-5.004327568777621,0.00014791016292
-1.1818163778657826,-5.006248568232983,0.00014803590602
-1.1818182781075641,-5.008166672408627,0.00014709291281
-1.1818157486466492,-5.0100871002637,0.00014697753068
-1.1818135337952982,-5.0120030298730285,0.00014672211546
-1.18181377289857,-5.013931795636653,0.00014819916396
-1.1818139616643093,-5.015861133000569,0.00014788890257
-1.1806410468621094,-4.992545283872767,0.00014681617904
-1.1806347546707754,-4.994293423945337,0.00014259543968
-1.1806284624794396,-4.996085564814002,0.00012864577002
-1.1806300858648051,-4.997899177971749,0.00011370439461
-1.1806247123334057,-4.999702924811483,0.00012081482419
-1.1806245613208126,-5.001532120290132,0.00014013274631
-1.1806245613208126,-5.003374040088236,0.00014552542416
-1.1806213774719978,-5.005214046267987,0.00014838126663
-1.1806228750135366,-5.0070589607545575,0.00014897766232
-1.1806215662377388,-5.008903552162707,0.00014910411846
-1.1806209873561364,-5.010743210411846,0.00014814155293
-1.18062120129064,-5.012596500085249,0.00014706388174
-1.1806183698045407,-5.014453194508197,0.00014687636576
-1.1806182187919494,-5.016314026820182,0.00014489945897
-1.1806154502277626,-5.01818642782496,0.000145796992
-1.180617967104296,-5.020068707573846,0.00014522641141
-1.1806173378851628,-5.02196208382398,0.00014249024389
-1.180615991356217,-5.023840126275079,0.00014253682457
-1.1806136003235101,-5.025731390089362,0.00014590215869
-1.1806109953562978,-5.0276286060023,0.00014648171782
-1.180614758086715,-5.029527511863918,0.00014823456877
-1.1806118636787013,-5.031422801732407,0.00014882636606
-1.180612228625798,-5.03333122598143,0.00014818093041
-1.1806120524444403,-5.035232902861835,0.0001464743691
-1.1806119140162323,-5.0371406188235435,0.00014734290016
-1.1806102654621022,-5.0390649484718875,0.0001472026197
-1.1806117378348746,-5.04099524264498,0.00014617363922
-1.1806097998399434,-5.0429251888874616,0.00014612852829
-1.180611989522528,-5.04485878840135,0.00014556058159
-1.1806099886056842,-5.04679220152384,0.00014559265401
-1.1806116245754312,-5.048702328147636,0.0001456723403
-1.1806101396182755,-5.05062079267998,0.00014918776287
-1.1806101773714235,-5.052542997466384,0.00014747567184
-1.1806092335427243,-5.0544619590424595,0.00014719751198
-1.1806073584697054,-5.056384138976678,0.00014802326041
-1.1806062007065008,-5.0583062816326185,0.00014885798737
-1.1806076101573588,-5.060213873333392,0.00014760295744
-1.180604199789657,-5.062159190653191,0.00014567541075
-1.1806061377845865,-5.064113355351358,0.00014743793872
-1.1806088056737132,-5.066060039541409,0.0001473628945
-1.1806057728374897,-5.068008649775906,0.00014859852672
-1.1806041746208906,-5.069954563548178,0.0001488001144
-1.1806039606863852,-5.071903161356584,0.00014782503422
-1.1806057728374897,-5.073816195686192,0.00014725360961
-1.1806045018148397,-5.075732870861112,0.00014613317035
-1.1806060496939095,-5.077647719400332,0.0001478206832
-1.1806055337342196,-5.0795665070111005,0.00014645660121
-1.1806054456435406,-5.081478012931243,0.00014731768169
-1.1806054833966886,-5.083392078626587,0.0001457069302
-1.1806030923639816,-5.085295954925493,0.00014698531595
-1.179406279819094,-5.062001230156168,0.00014356576139
-1.1794023534917006,-5.063774023597686,0.00014271390683
-1.1793996604338095,-5.065600721431599,0.00014467485016
-1.1793973826605477,-5.067441957794575,0.0001455751044
-1.1793975965950534,-5.06930092619258,0.00014375054161
-1.1793949916278408,-5.07116905262129,0.00014589303464
-1.1793967156882665,-5.073018502631886,0.00014487077715
-1.1793958977033923,-5.074866946128933,0.00014494630159
-1.179393959708461,-5.076720695567787,0.00014716222358
-1.1793937457739556,-5.0785732645277815,0.00014817067131
-1.1793934563331543,-5.080428691489218,0.0001467493712
-1.1793930913860575,-5.082281223170934,0.00014699510939
-1.1793908639503252,-5.0841292814590915,0.0001486580295
-1.1793901466405128,-5.085970865752683,0.0001499918435
-1.1793881079705213,-5.087847839559765,0.00014956877567
-1.1793911156379784,-5.089731013987364,0.00014902987459
-1.1793876045952147,-5.091620637557342,0.00014925765572
-1.1793864216632435,-5.093522376568214,0.00014799124619
-1.1793871263886726,-5.0954345907756675,0.00014462470426
-1.1793843452401025,-5.0973296569744795,0.00014658785949
-1.1793870886355247,-5.099226835609139,0.00014692323748
-1.1793869502073149,-5.101135247432068,0.00014678036678
-1.1793824324139377,-5.103045982934429,0.00014837889466
-1.1793808216129555,-5.1049543823312655,0.00014617088891
-1.1793817151041255,-5.106859513665587,0.00014795655443
-1.1793814885852367,-5.108767614836186,0.00014574103989
-1.1793804566658586,-5.110680872835474,0.00014688704687
-1.1793786193459894,-5.112631719766749,0.00014614668908
-1.1793807209378953,-5.1145851140471414,0.00014615005057
-1.1793808719504866,-5.116539477562798,0.00014914212807
-1.1793804944190065,-5.118494797887639,0.00014660683519
-1.1793790472150005,-5.120445495705797,0.00014574184024
-1.179383162308133,-5.122382736064999,0.00014855228073
-1.1793788458648764,-5.124282449622677,0.00014950655168
-1.1793808593661033,-5.12619261352475,0.00014930858742
-1.179378833280495,-5.128099472086027,0.00014943016868
-1.1793804692502419,-5.1300114253455265,0.00014858081704
-1.1793802679001195,-5.131919538942216,0.00015065177286
-1.1793791478900608,-5.1338297028442925,0.00015061318118
-1.1793793492401832,-5.135729217584477,0.00014587507758
-1.1793775370890804,-5.1376513602404135,0.0001486629626
-1.1793773357389563,-5.139581555004762,0.00014874183398
-1.1793777258548195,-5.141501746764064,0.00014695675054
-1.1793754984190872,-5.143429916075213,0.00014537703828
-1.1793751712251381,-5.145354780045568,0.00014904714772
-1.1793746049279172,-5.147267304905355,0.00014737377933
-1.1793766813510582,-5.149168248646259,0.00014801122597
-1.1793749572906327,-5.151077642130554,0.00014934176579
-1.1793773609077227,-5.1529813320380615,0.00014873151667
-1.179374416162178,-5.154884263953878,0.00014809213462
-1.1781846005340535,-5.131712172298551,0.0001455040765
-1.1781781573301282,-5.133459790475203,0.00014688460215
-1.1781749483125472,-5.135232335394858,0.0001469101262
-1.178173954146317,-5.1370576912107,0.00014744393411
-1.1781741680808224,-5.138897784373104,0.00014499340614
-1.1781699774813925,-5.140745171652226,0.00014553211804
-1.1781710094007722,-5.1425995921001135,0.00014660875604
-1.1781711226602158,-5.1444539255653465,0.00014645277406
-1.1781713114259567,-5.146311477388723,0.00014476028446
-1.1781687064587443,-5.148147631479576,0.00014645438932
-1.1781686183680653,-5.149994770236834,0.00014617829584
-1.17816788847387,-5.151839013714372,0.000147364859
-1.17816661745122,-5.15368082167764,0.00014669446682
-1.1781660763227655,-5.155518218377813,0.00014721119078
-1.1781659001414095,-5.157370750059529,0.00014436180936
-1.1781655603630772,-5.15923559599963,0.0001457715116
-1.1781646794562906,-5.161114483425065,0.0001456993341
-1.1781629679802463,-5.163022323647709,0.0001456613827
-1.1781654722723984,-5.164933991107061,0.00014703355555
-1.1781647801313508,-5.166849833733736,0.00014837375784
-1.1781603504286524,-5.168770510110676,0.00014584154997
-1.1781608789727238,-5.17068811724259,0.00014479430683
-1.1781641005746863,-5.172590763358263,0.00014742565691
-1.1781653338441884,-5.174481120067745,0.00014941950212
-1.1781597841314315,-5.1763764472145155,0.00014899478992
-1.178159947728406,-5.178272929987952,0.00014855666086
-1.1781588528871136,-5.180174159529001,0.00014785154781
-1.1781604888568622,-5.182072804442658,0.00014859763905
-1.1781608286351928,-5.183972977765784,0.00014984545123
-1.1781590668216193,-5.185863570571033,0.00014719583851
-1.1781581607460678,-5.187778953432261,0.00014701242617
-1.1781590038997067,-5.189695964111701,0.00014670693781
-1.178159192665446,-5.191616851732222,0.00014708726667
-1.1781557193758299,-5.193536136386723,0.00014609834761
-1.178158827718349,-5.195451494395761,0.00014361634385
-1.1781554425194118,-5.197368082588031,0.0001444609079
-1.178157002982863,-5.199263745239318,0.00014658481814
-1.1781562227511366,-5.201169236930342,0.00014524019207
-1.1781559207259522,-5.2030730262465905,0.00014551985078
-1.1781555180257075,-5.20497942504242,0.0001444376685
-1.1781569148921842,-5.206885873542621,0.00014516562806
-1.1781581481616847,-5.208791675885976,0.0001453908335
-1.1781550649879318,-5.2106966953854545,0.00014730240218
-1.1781531395773839,-5.2126641062989965,0.00014640849258
-1.178153743627751,-5.214632710117489,0.00014614028623
-1.1781525984489294,-5.216599474874184,0.0001474837045
-1.1781510883230075,-5.218568960945292,0.00014862266835
-1.1781549517284866,-5.220532010300115,0.00014689374075
-1.178151113491774,-5.222498625943691,0.00014841437223
-1.1781509624791808,-5.224389579105645,0.00014579371782
-1.176955836241571,-5.200908077729119,0.00014798314078
-1.176952878911645,-5.202656491175742,0.00014530945919
-1.1769496824784471,-5.2044444444509885,0.0001461582433
-1.1769487889872772,-5.2062569516864405,0.00014572289365
-1.176947002004939,-5.208082344780564,0.00014425814152
-1.1769430756775456,-5.209910198241144,0.00014505357831
-1.1769434154558778,-5.211792117633326,0.00014546293824
-1.1769411754357622,-5.2136932477656295,0.00014521018602
-1.1769413767858863,-5.215598379099951,0.00014468580775
-1.1769463727858056,-5.217506679088039,0.00014483557607
-1.176942912080571,-5.219412568414048,0.0001457996259
-1.1769413264483553,-5.221316009799689,0.00014757108875
-1.1769395394660154,-5.223182831488611,0.00014783912047
-1.176940470710333,-5.225019495049284,0.00014819880016
-1.1769399799194096,-5.226867702450559,0.00014498716337
-1.1769373875365803,-5.228723365507768,0.00014610787912
-1.1769379160806517,-5.230586123864202,0.00014411765733
-1.1769396904786085,-5.232460488191707,0.00014653026301
-1.1769368464081258,-5.234333199848815,0.00014328611724
-1.1769374252897282,-5.236207427489294,0.00014352446306
-1.176936657642385,-5.2381063209248175,0.00014464229753
-1.1769338261562856,-5.2400079108225714,0.00014742392523
-1.1769364185391147,-5.241911973512873,0.00014934429782
-1.1769345686348625,-5.243809201851906,0.00014886986173
-1.176935424372883,-5.245720148597852,0.00014524879225
-1.1769362549421403,-5.247626187036975,0.00014617365377
-1.176934782569368,-5.24950552180177,0.00014751173148
-1.1769347699849848,-5.251402936532198,0.00014680433378
-1.1769316868112303,-5.253299456583916,0.0001465100213
-1.17693361222178,-5.255196933444811,0.00014581489086
-1.1769340400907893,-5.257090433955877,0.00014643395843
-1.1769298620757442,-5.258986357555121,0.00014807877596
-1.1769345182973314,-5.260876043255567,0.00014955666848
-1.1769308184888267,-5.262806287724287,0.00014997531252
-1.176930642307469,-5.264735910888343,0.00014842927339
-1.1769291699346967,-5.266670492063596,0.00014943232236
-1.1769286036374775,-5.268600525288731,0.00014643589384
-1.1769310072545676,-5.27053555380334,0.00014621799346
-1.1769332095215337,-5.272469787047981,0.00014670412929
-1.1769341030127036,-5.274365238455682,0.00014756363817
-1.1769305919699398,-5.276268928363189,0.00014596091933
-1.1769300508414835,-5.278172667975069,0.00014580505376
-1.1769300130883356,-5.280076233621641,0.00014629245561
-1.1769300130883356,-5.281975388005122,0.00014643068425
-1.1769271438490885,-5.283879351286679,0.00014530292538
-1.1769272822772965,-5.285781127575828,0.00014482605911
-1.1769302773603723,-5.287671583694055,0.00014410674339
-1.1769293838692023,-5.289588594373493,0.00014399029897
-1.1769278989120484,-5.291511445316748,0.00014501082478
-1.1769241739347773,-5.293424119289653,0.00014354738232
-1.1757119832742704,-5.270103349428935,0.00014471987379
-1.1757059427705898,-5.271887425763102,0.00014708554954
-1.1757053009670733,-5.273679914562374,0.00014750809351
-1.1757026959998609,-5.27549486973819,0.00015037679987
-1.1757028218436876,-5.277319144483924,0.00014782960352
-1.1757027840905396,-5.279151620451183,0.00014590856154
-1.1756985557379636,-5.280987352054865,0.00014614810061
-1.1756992101258616,-5.282829557653114,0.00014594668755
-1.175698568322345,-5.284674484565779,0.00014660744637
-1.1756959507707512,-5.286501965243561,0.00014659886074
-1.1756963408866128,-5.288358995171025,0.00014726587688
-1.1756926410781097,-5.290216037524581,0.00014570777421
-1.1756941260352636,-5.292064791673958,0.00014439655934
-1.1756953467203826,-5.293921299705503,0.00014519634715
-1.1756943148010044,-5.295777397675977,0.00014742815983
-1.1756903129673153,-5.29764793476677,0.00014650337107
-1.1756932702972431,-5.299510121522917,0.00014455040218
-1.175691672080644,-5.301387343851864,0.00014288937382
-1.1756933835566867,-5.303270195201038,0.00014707638184
-1.1756920999496534,-5.30515118263623,0.00014428737632
-1.1756904639799066,-5.307042272485213,0.00014806418039
-1.175686587990046,-5.308934803761003,0.00014411842858
-1.1756865628212796,-5.310827036810562,0.00014690753596
-1.1756871417028838,-5.312734491824314,0.00014533728245
-1.1756894698136764,-5.31466989312172,0.00014654088591
-1.1756843857230783,-5.316611345926522,0.00014825545077
-1.1756885385693587,-5.318546038936614,0.0001474689343
-1.175686499899367,-5.320487702985003,0.0001486622059
-1.1756851785391862,-5.322430646920992,0.00014813405869
-1.1756848513452371,-5.324355573021814,0.00014626147458
-1.1756846122419669,-5.326253683613464,0.00014685970382
-1.1756863614711572,-5.32815682677287,0.00014552487119
-1.1756870661965864,-5.330061920828907,0.00014485410065
-1.175684134035425,-5.331967661041798,0.00014612052473
-1.1756792512949508,-5.333872394741132,0.00014715013094
-1.1756832405442568,-5.335775811274587,0.00014643689792
-1.1756847255014105,-5.337668678054897,0.0001436239254
-1.1756837439195633,-5.339586372169466,0.00014345708769
-1.1756836180757366,-5.341511733183549,0.00014276521688
-1.1756825735719738,-5.343430210141987,0.00014396720508
-1.1756847758389415,-5.345353160493984,0.00014420947991
-1.1756836054913535,-5.347274309062466,0.00014397315681
-1.1756825609875923,-5.349195793135465,0.00014562638535
-1.175681415808769,-5.351091194838793,0.00014471070608
-1.1756811892898802,-5.353003036263449,0.00014480526443
-1.175680849511548,-5.354912852234914,0.00014550409105
-1.175680849511548,-5.356817648064716,0.00014401244698
-1.17567930163248,-5.358727401905714,0.0001444563386
-1.1756804342269203,-5.3606357888764595,0.00014383261441
-1.175677514650142,-5.362534234972626,0.00014437292702
-1.1744465229219272,-5.339004271832541,0.00014745355293
-1.1744407718590477,-5.340774629759789,0.0001470495481
-1.1744411493905278,-5.342586515690581,0.00014569111227
-1.1744346180959235,-5.3444249064782126,0.00014345420641
-1.1744343789926517,-5.3462760961418585,0.00014505541185
-1.174432894035498,-5.3481277082926795,0.00014388299314
-1.1744258341968208,-5.350220249964951,0.00014952826314
-1.1744230027107214,-5.352364297793625,0.00014498677047
-1.174426601844164,-5.3542283484637565,0.00014354966697
-1.1744204732498047,-5.356114368466704,0.00014301139163
-1.1744247519399116,-5.3579572450739885,0.00014510039182
-1.1744224867510316,-5.3597934240170275,0.00014347146498
-1.1744204606654214,-5.361633479901151,0.00014729144459
-1.1744208381969015,-5.363473374246062,0.00014555318921
-1.1744183213203678,-5.365359307266355,0.00014544423902
-1.1744179815420357,-5.367251055698276,0.00014433485921
-1.1744185981767858,-5.369154062170655,0.00014521204866
-1.174417817945061,-5.371063989976957,0.00014657940483
-1.174418761773762,-5.372976514836744,0.0001462783257
-1.1744182709828368,-5.374884069259241,0.00014748873946
-1.1744159051188963,-5.3767717792108645,0.00014755371376
-1.1744158421969821,-5.37866535427849,0.00014608154015
-1.174417427829198,-5.380563203922183,0.00014403380919
-1.1744148731995165,-5.382462755940645,0.00014555209782
-1.174415225562232,-5.3843641967252776,0.0001465222449
-1.1744131491390908,-5.386272397304624,0.00014441933308
-1.174413111385943,-5.388159485951588,0.00014342089707
-1.1744156156780952,-5.390075191891237,0.00014355234453
-1.174413350489215,-5.3919937558323285,0.00014661758905
-1.174413161723474,-5.393921515082403,0.00014552401262
-1.1744154772498854,-5.395844900347665,0.00014547050523
-1.1744145711743321,-5.397772224684478,0.00014523846039
-1.1744125450887237,-5.3996974365854395,0.00014604641183
-1.1744133001516839,-5.401600269092515,0.00014399574138
-1.174413967123965,-5.403512781526207,0.00014534102229
-1.1744139293708173,-5.405423951941834,0.00014745730732
-1.1744125576731053,-5.407336961419255,0.00014800470672
-1.1744124192448973,-5.409245211702971,0.0001453156874
-1.174414332071062,-5.411157599875732,0.00015016351244
-1.1744128722826728,-5.413069317039461,0.00015002700093
-1.1744096506807102,-5.414970857232839,0.00014504053979
-1.174411374741136,-5.416888389808191,0.00014600127179
-1.174414017461496,-5.418809936011657,0.0001453095756
-1.174410015627807,-5.420729183387877,0.00014657019346
-1.1744090340459583,-5.422651698826612,0.00014771475981
-1.1744107832751502,-5.4245734189953785,0.00014791464491
-1.1744118277789115,-5.426490106596394,0.00014647342323
-1.1744117774413805,-5.428382811837496,0.00014591959189
-1.1744071212197935,-5.430298977542592,0.00014473419287
-1.1744121927260085,-5.432204071598632,0.00014537363313
-1.1731680503179065,-5.413381510205536,0.00014149030903
-1.1731657473758768,-5.41513147691381,0.00014296076552
-1.1731629158897774,-5.416924947374446,0.00014524049766
-1.1731636835371206,-5.418737653427392,0.00014474669297
-1.173160361260096,-5.420549502079902,0.00014603954332
-1.1731598453004062,-5.422373540729865,0.00014654890401
-1.1731589392248547,-5.4241972438753105,0.00014575434034
-1.1731620979049031,-5.426027433441415,0.00014183606254
-1.1731574039301682,-5.427830422289462,0.00014209574147
-1.1731598578847893,-5.429651665068449,0.00014314381406
-1.1731589266404714,-5.431472671751664,0.00014470335736
-1.1731568502173304,-5.433295927557751,0.00014439011284
-1.173156686620356,-5.435130478682576,0.00014481850667
-1.17315561694783,-5.436975430447428,0.00014364933304
-1.1731538299654902,-5.43882809881617,0.00014361583453
-1.1731541823282055,-5.440675423964827,0.00014480779646
-1.1731553275070288,-5.442556858739376,0.00014766005916
-1.173157492020847,-5.444442866316228,0.00014543812722
-1.1731527728773474,-5.446331309407353,0.00014450239541
-1.1731530874869132,-5.448228612302944,0.00014742730127
-1.1731466442829879,-5.450116247698009,0.00014579914568
-1.1731592286656558,-5.452003907945261,0.00014485380962
-1.1731501427413686,-5.453888486521393,0.00014390838624
-1.1731526218647543,-5.455781514840917,0.00014670722885
-1.1731538677186397,-5.457671275097921,0.0001467577822
-1.1731517283735862,-5.459558798658146,0.00014781071513
-1.1731529113055554,-5.461459170798762,0.00014459832164
-1.173174267002943,-5.4638545736411075,0.00014626045595
-1.1731464806860135,-5.465757368869902,0.00014412518067
-1.1731486451998316,-5.467666600814984,0.00014552452194
-1.1731471350739116,-5.469583586642235,0.00014419357467
-1.1731435736936167,-5.471513470754252,0.00014684333291
-1.173145046066389,-5.473440956630275,0.00014664570335
-1.173146971476937,-5.475367473271028,0.00014506065054
-1.173147386761565,-5.477293542572422,0.00014501505939
-1.1731457256230533,-5.479198549645813,0.00014467038272
-1.1731466568673694,-5.48110027623059,0.00014340637426
-1.17314585146688,-5.483002437728628,0.00014517355885
-1.173146870801875,-5.484904686209321,0.00014332756109
-1.1731443665097245,-5.486808487951665,0.00014284794452
-1.1731434226810236,-5.488717148296459,0.00014461795217
-1.1731450208976226,-5.490616923984601,0.0001467129332
-1.1731444671847866,-5.4925170476033545,0.00014504841238
-1.1731442029127501,-5.494440954764531,0.00014156817633
-1.1731463296734204,-5.496362165463477,0.00014335170272
-1.173146216413977,-5.498289589209036,0.00014447620197
-1.1731444546004035,-5.500215608806057,0.00014451454626
-1.1731431458246055,-5.502144386995776,0.00014353993174
-1.173144014147009,-5.5040679338002505,0.00014419970103
-1.1731392320815954,-5.505970418376714,0.00014446204295
-1.1719284508719465,-5.481818728088422,0.00014063616982
-1.1719247510634418,-5.483579990115433,0.00014196323173
-1.1719244364538743,-5.485383028667853,0.00014385033865
-1.1719196292196958,-5.487209130049287,0.00014205770276
-1.1719157028923042,-5.4890455823663755,0.00014225755876
-1.171916382448967,-5.490890732948721,0.0001408943499
-1.1719128839905864,-5.492725892952115,0.00014081236441
-1.171912581965402,-5.494597448982553,0.00014106837625
-1.171911738811763,-5.496468172464741,0.00014132997603
-1.1719121163432429,-5.49834068530436,0.00014172174269
-1.1719103545296694,-5.500215969162763,0.00014263406047
-1.1719101783483117,-5.5020845429308265,0.00014189706417
-1.1719108704893593,-5.5039494261492035,0.0001416241721
-1.171909008000724,-5.5057955459668175,0.00014436573838
-1.1719093226102915,-5.507651072337,0.00014347684919
-1.1719082403533805,-5.509525660334185,0.0001424553775
-1.171908869572514,-5.511405492142705,0.00014497952361
-1.17190625202092,-5.513290716875688,0.00014328383259
-1.1719061639302413,-5.515185770648405,0.0001462235814
-1.1719059499957356,-5.517088876529529,0.00014650731464
-1.1719029674970431,-5.519008397279798,0.00014511107292
-1.1719055095423414,-5.520951117546112,0.00014345347881
-1.1719034834567332,-5.522902386964561,0.00014379006461
-1.171902728393773,-5.524854600766092,0.00014232132526
-1.1719052956078377,-5.526806503915294,0.00014123733854
-1.171903835819447,-5.528762917736338,0.00014451691823
-1.1719019481620467,-5.530698343885927,0.00014439377992
-1.1719017971494554,-5.532614198938697,0.0001446253882
-1.1719051571796277,-5.534533135662587,0.00014294698485
-1.1719032317690798,-5.536450556403099,0.00014232180547
-1.1718998843232904,-5.538373929242269,0.00014383888629
-1.1719025144592676,-5.540298979604022,0.0001425860828
-1.1718999220764383,-5.542225794471011,0.00014402455417
-1.171897833068914,-5.544140481471016,0.00014300660405
-1.1718994816230441,-5.546090794080287,0.00014220055891
-1.1718998214013763,-5.548033651033624,0.00014323084906
-1.1718905718801145,-5.549980111553998,0.00014185957843
-1.1719003625298308,-5.551928448414445,0.00014455446217
-1.1718908361521512,-5.553883806017561,0.00014631965314
-1.1718911633461,-5.556280637860626,0.00012836123642
-1.1718873754469183,-5.55816363832292,0.00014545627346
-1.1718852109330984,-5.56009457865286,0.00014476275828
-1.1718872873562394,-5.562022984059781,0.00014427572023
-1.1718875642126574,-5.563955340964346,0.00014408191782
-1.1718854248676038,-5.5658904564616085,0.00014412823657
-1.1718882186005555,-5.5678195080253765,0.00014330813428
-1.1718870985904986,-5.569746658396886,0.00014137916151
-1.171872978913146,-5.571704215418503,0.00014434196055
-1.1718788558198519,-5.573666618616476,0.0001426495437
-1.1718901565954867,-5.57563778221017,0.00014226089115
-1.1706679865195226,-5.551488850514576,0.0001413627906
-1.1706622228722616,-5.553288297926052,0.00014094467042
-1.1706580951947458,-5.555131174533337,0.00014356867177
-1.170656119446667,-5.556979543473825,0.00014428843861
-1.170655842590249,-5.55884272431743,0.00014384082169
-1.1706537409983433,-5.560717548410386,0.00014386985276
-1.1706533634668632,-5.56259796424529,0.00014349383127
-1.170655553149446,-5.564480132159336,0.0001431448909
-1.1706520546910655,-5.566364400083141,0.00014424957044
-1.1706509472653899,-5.568247301136687,0.00014293666754
-1.1706498020865683,-5.570117540001244,0.00014357073815
-1.170650255124344,-5.572036886786206,0.00014416791964
-1.1706490092704587,-5.573943819904045,0.00014376036415
-1.1706488456734843,-5.5758461926456695,0.00014515966177
-1.1706476124039837,-5.577766757187769,0.00014470354654
-1.170649311295643,-5.579695262003435,0.00014233938418
-1.1706458631747918,-5.581627805299402,0.00013214779028
-1.170644793502266,-5.583548382267593,0.00012252388115
-1.1706441265299845,-5.58546807698317,0.00011981568241
-1.1706448690085616,-5.587398868199988,0.00012507449719
-1.1706428806760993,-5.589333933992878,0.00014482394909
-1.170640854590491,-5.591268974933579,0.00014464354899
-1.1706432833763456,-5.593214292253373,0.00014622791787
-1.170639684242903,-5.59515721133718,0.00014589706552
-1.1706416725753634,-5.597088574154287,0.00014427691349
-1.1706381363638334,-5.599056196311413,0.00014478940284
-1.1706394073864832,-5.601022874085458,0.00014320925402
-1.170638362882722,-5.6029888684243705,0.00014266915969
-1.1706383754671053,-5.604958404199854,0.00014187869965
-1.1706403260464178,-5.606924025755973,0.00013163982658
-1.1706400743587646,-5.60889485384515,0.00010939695494
-1.1706370666913073,-5.610843091296853,0.00010410522373
-1.1706385894016107,-5.612799206891655,0.0001019264746
-1.1706395583990763,-5.61476701544018,0.00014046541764
-1.1706350657744637,-5.616729319229408,0.00014537743118
-1.1706368527568018,-5.618695127176925,0.00014467231813
-1.1706342100364415,-5.620659369436696,0.00014586334873
-1.170634788918044,-5.622616454266771,0.00014696785365
-1.1706335053110126,-5.6246351352409425,0.00014531065244
-1.1706354181371774,-5.626651144605071,0.00014086229203
-1.1706369030943329,-5.6286655137248935,0.00014225990162
-1.1706374945603184,-5.630678491122275,0.00014220166486
-1.1706344113865639,-5.632689070283668,0.00014202504826
-1.1706343862177992,-5.634713106904013,8.8947403128e-05
-1.1706342352052062,-5.636684556297855,9.5504488854e-05
-1.1706322217039795,-5.638651842950464,9.144069918e-05
-1.1706342477895895,-5.640631033800379,0.00011270218965
-1.1706346756586006,-5.642602644733429,0.00014463794651
-1.1706328005855835,-5.644577300059319,0.00014299446775
-1.1706343988021826,-5.646548625192225,0.00014480098616
-1.1694059491192659,-5.622258036033913,0.00013913172006
-1.1694015068321844,-5.624112916247249,0.00014347831893
-1.1693996946810798,-5.626031505040527,0.00014366891992
-1.1693974924141137,-5.627965626450331,0.00014474973432
-1.1693964353259694,-5.629907389907464,0.00014300372277
-1.169393641593016,-5.6318647605376855,0.00014228497457
-1.1693915022479624,-5.633824777925757,0.00013045486412
-1.1693935786711036,-5.6357543016810725,8.8775603217e-05
-1.1693931633864758,-5.637671747273771,9.0349298262e-05
-1.1693902312253142,-5.639589789318947,8.3950617409e-05
-1.169388431658593,-5.641505669223903,0.00012700175284
-1.1693879660364341,-5.643422642625063,0.00014432147145
-1.1693889098651333,-5.645330159769282,0.00014635758998
-1.1693904199910534,-5.6472433059337295,0.00014657937572
-1.16938776468631,-5.649158340864345,0.00014709915558
-1.1693852981473074,-5.651104987776115,0.00014615635155
-1.1693868208576108,-5.653064905755445,0.00014518333774
-1.1693847821876175,-5.655035323783548,0.00014555618691
-1.169387160635943,-5.657011706336392,0.00014556410315
-1.1693840900465717,-5.6589909717428695,0.0001428557589
-1.1693818751952225,-5.660972834202825,7.5548152381e-05
-1.1693827183488614,-5.6629388285417415,7.876145537e-05
-1.1693836747619437,-5.664919498096749,7.579344674e-05
-1.169384064877807,-5.666897583024369,8.4487393906e-05
-1.169380490913129,-5.668876612335072,0.00014362148067
-1.169378414489988,-5.670860823326646,0.00014552645735
-1.1693829574521315,-5.672848563328698,0.00014469266171
-1.1693789052809132,-5.674837210435553,0.00014688332158
-1.1693826680113304,-5.67683863156624,0.00014390221622
-1.1693791317998001,-5.678860269950597,0.0001446265087
-1.1693804405755979,-5.680888543868737,0.00014233526599
-1.1693759605353686,-5.682913910081057,0.00014321449271
-1.169379698097021,-5.684944271582857,0.00014251464745
-1.16937851516505,-5.686971041943715,9.8542535852e-05
-1.1693793079811579,-5.688972450648308,7.7350028732e-05
-1.169378792021468,-5.690972094847663,7.3261966463e-05
-1.1693813088980014,-5.692974771013767,6.2064871599e-05
-1.169375645925801,-5.694974912256852,0.00013462445349
-1.1693756836789488,-5.696970716793402,0.00014333924628
-1.1693772189736353,-5.698970286436198,0.00014476889919
-1.169374576253275,-5.700972353723733,0.00014349863341
-1.169373355568156,-5.702973849410979,0.00014382755035
-1.169374853109693,-5.705000694328398,0.00014502980048
-1.1693753690693829,-5.707020083589882,0.00014274811838
-1.1693757088477152,-5.709042380557181,0.00014331001148
-1.1693731919711816,-5.71107348762457,0.0001434377773
-1.1693739218653754,-5.713098965671733,0.00012969554518
-1.1693753313162352,-5.715111495729758,6.7797300289e-05
-1.169373405905687,-5.717126995624065,7.5023112004e-05
-1.169372273311247,-5.719144632806404,6.6136293754e-05
-1.1681877053706953,-5.694671578895239,7.4388299254e-05
-1.1681822563329984,-5.696524259690077,0.0001385541691
-1.1681788333809136,-5.698420543646023,0.00014149135677
-1.1681747057033978,-5.700338386873706,0.00014296043082
-1.1681777133708566,-5.702259001120178,0.00014221349556
-1.168177864383448,-5.704211301904367,0.00014584646851
-1.1681737870434632,-5.706168958334729,0.0001438704785
-1.1681701375724896,-5.708133809473066,0.00014246701903
-1.1681687784591623,-5.710102289030628,0.00014203289174
-1.1681678849679924,-5.712067562656134,0.00014265615027
-1.168171244998165,-5.714030338636905,0.00010346172348
-1.1681670795675014,-5.715965938751802,6.3196726842e-05
-1.1681654435977546,-5.71791654958731,6.6027896537e-05
-1.168169080484345,-5.719871832633866,5.7190216467e-05
-1.1681651415725702,-5.721831514517425,0.00013558410865
-1.168167155073797,-5.723809885245189,0.00014692892728
-1.1681622975020876,-5.725797339447096,0.00014662412286
-1.1681627631242464,-5.7277932309663,0.00014630162332
-1.1681625366053576,-5.7298061213810305,0.00014672313409
-1.1681628512149254,-5.731858812572345,0.00014703394845
-1.1681619577237554,-5.733906322082788,0.00014436560741
-1.168160258832096,-5.735961299675255,0.00014281376207
-1.1681602336633297,-5.738014512762488,0.00014419970103
-1.1681571127364274,-5.740072099834532,0.00013504804519
-1.1681594660159864,-5.742098857769294,6.4072628447e-05
-1.1681603972603043,-5.7441190795790265,3.4464810597e-05
-1.1681572511646372,-5.746143078921094,4.217384776e-05
-1.1681595541066652,-5.748168283594205,0.00012118973973
-1.1681572134114895,-5.750198259887114,0.00014631250815
-1.1681573015021682,-5.752229453937156,0.0001465028472
-1.168160258832096,-5.754251987000226,0.00014474372438
-1.1681563199203195,-5.756279875709473,0.00014351563004
-1.1681583460059295,-5.758323570409299,0.00014673447004
-1.1681576035273527,-5.760376858053088,0.00014322951029
-1.1681563576734673,-5.762427822017444,0.00014397503401
-1.1681582704996338,-5.764478537459941,0.00014384911628
-1.1681555271042114,-5.766528383075908,0.00014162546722
-1.1681546461974248,-5.768565268276647,0.00011140439892
-1.1681566974517994,-5.770606800836249,5.1289825933e-05
-1.1681531864090358,-5.772643015027955,5.619150761e-05
-1.1681561940764928,-5.774686809136523,0.00011680197349
-1.1681536897843423,-5.776728043469889,0.00014471818577
-1.1681507324544145,-5.778772744683264,0.00014749991533
-1.1681557158699525,-5.780821658342241,0.00014637442655
-1.1681528717994698,-5.78286061870055,0.00014323653886
-1.1681497508725676,-5.784939106461391,0.00014382186055
-1.1681498389632463,-5.787012325558706,0.00014471563918
-1.1681496627818886,-5.789089197927429,0.00014344191004
-1.1681526075274333,-5.791169909958958,0.00014464241394
-1.1681524690992235,-5.793241588220717,0.00014343854855
-1.166969700725393,-5.767765450360403,0.00013681515702
-1.1669661015919504,-5.769648413544417,6.9001231168e-05
-1.1669673222770693,-5.771586548582331,3.2979896787e-05
-1.1669627667305424,-5.773547323962093,3.9695365558e-05
-1.1669626912242468,-5.775524017167268,0.00011571829964
-1.1669625276272724,-5.777502089668793,0.0001406044903
-1.1669606525542553,-5.779486387643026,0.00014231420937
-1.1669584502872876,-5.78146874714671,0.00014366851246
-1.1669588152343862,-5.783474790784074,0.00014496203221
-1.1669577078087108,-5.785494863480689,0.00014552302309
-1.166956260604703,-5.787511978767111,0.00014554309018
-1.1669537563125525,-5.789528050261707,0.00014464101696
-1.1669552538540895,-5.7915431152427495,0.00014273150009
-1.166955933410754,-5.7935541790217755,0.00014233679394
-1.1669551405946461,-5.795549039175244,0.00014055828797
-1.166952887990149,-5.797555045534326,0.00013026101806
-1.1669549769976715,-5.799571676203118,0.00013099025819
-1.1669526740556435,-5.801592482039229,0.00014064967399
-1.1669530390027403,-5.803623912185044,0.00014232557442
-1.1669524223679901,-5.805658821636958,0.00014245841885
-1.1669507612294787,-5.8076974837690285,0.00014063913841
-1.1669494398692977,-5.809736804484038,0.00014245175407
-1.166952321692928,-5.811796677957236,0.00014311238192
-1.1669521958491014,-5.8138615218677225,0.00014359840134
-1.1669476528869596,-5.815927968744233,0.00014220035519
-1.1669484457030674,-5.818000255884557,0.00014100992121
-1.166950207516641,-5.820072306929109,0.00014003898832
-1.1669475144587498,-5.822124463798418,0.00014027426369
-1.1669466713051109,-5.824191494701311,0.0001396031148
-1.1669444312849953,-5.82624890780805,0.0001393162529
-1.1669467342270232,-5.828310359395086,0.0001437785686
-1.1669495782975075,-5.830373786730944,0.00014579534763
-1.1669440160003672,-5.832438854311107,0.00014407165872
-1.1669467719801727,-5.8345098864160185,0.00014206655032
-1.1669435629625917,-5.836556513673843,0.00014267461665
-1.166947023667826,-5.838629968866929,0.00014168287453
-1.1669461050078898,-5.840703349503457,0.00014305771037
-1.166945513541906,-5.842773921842917,0.0001423508802
-1.1669439279096885,-5.844849327932642,0.00014158441627
-1.1669411970986494,-5.846918943462922,0.00014181774168
-1.1669431476779637,-5.848977201544002,0.00014136265963
-1.1669411970986494,-5.851047065596148,0.00014284599456
-1.1669409202422314,-5.8531142331860675,0.00014303044009
-1.1669427575621005,-5.855183612620576,0.00014349762932
-1.1669402784387148,-5.8572539240120784,0.00014231121168
-1.1669429085746936,-5.859328348440437,0.00014182619634
-1.1669422290180291,-5.861401915468363,0.00014202480088
-1.1669398757384701,-5.863470549337283,0.00014272579574
-1.1669411719298848,-5.865560183303742,0.00014304800425
-1.1669401148417402,-5.867649332652568,0.00014194913092
-1.1657626319086303,-5.841851756612823,0.00013832906552
-1.1657588817625963,-5.843774967912777,0.00013721792493
-1.165756138367174,-5.845750157560676,0.0001396870648
-1.1657527783370016,-5.847740432485746,0.00013982158271
-1.165750500563738,-5.849720033396736,0.00013738356938
-1.1657505634856524,-5.85172622614722,0.00013764033793
-1.1657517841707714,-5.853737289926244,0.00014161782747
-1.1657484115562156,-5.855748701635882,0.00013922766084
-1.16574630996431,-5.857758473101212,0.00014151111827
-1.1657489275159056,-5.8597735629344445,0.00014181627193
-1.1657456304076455,-5.86178389357397,0.00014364530216
-1.1657444600600575,-5.863785600504802,0.00014214882685
-1.1657456304076455,-5.865812358439564,0.00014548857871
-1.1657434658938273,-5.867830418109072,0.00013918278273
-1.1657436169064186,-5.869864606847585,0.00014016403293
-1.1657426101558053,-5.871909655991568,0.00014146811736
-1.1657430883623472,-5.873962160791487,0.00014158611884
-1.165742459143214,-5.8760090241450795,0.0001424215443
-1.1657444097225282,-5.878063454989448,0.00014039513189
-1.1657398038384705,-5.880132138562737,0.00014063851268
-1.1657377903372437,-5.8821956156029716,0.00014018481306
-1.1657419809366718,-5.884268076708599,0.00014369667042
-1.165739413722609,-5.886340910597025,0.00014195295807
-1.1657377903372437,-5.88841743503514,0.00014288631792
-1.1657374631432946,-5.890501502111838,0.00014196734992
-1.1657394892289046,-5.892615851577715,0.00014271351392
-1.1657354118889198,-5.894731058444024,0.00014237489086
-1.1657392627100158,-5.896839841020136,0.0001423064823
-1.1657360411080533,-5.898962031350836,0.00014369671408
-1.1657364312239165,-5.901080630540595,0.00014189726789
-1.1657337885035561,-5.903180516033963,0.00014440719679
-1.1657346945791076,-5.905271703262077,0.00014475255739
-1.1657362802113234,-5.907363039603309,0.00014355647727
-1.1657344303070711,-5.909455133936228,0.00014372821897
-1.1657321399494263,-5.911547464364914,0.00014321638446
-1.1657316114053549,-5.913638825558336,0.0001439145708
-1.1657334235564576,-5.915730497404084,0.00014249350352
-1.1657320392743642,-5.9178154467334005,0.00014389760327
-1.165731749833563,-5.919927012754397,0.00014206911146
-1.165733121531275,-5.92203437875588,0.00014267108054
-1.1657330082718298,-5.924139980252131,0.000141031167
-1.165732832090472,-5.926245991809457,0.00014219066361
-1.1657317246647985,-5.928355681490378,0.0001417871099
-1.1657305039796795,-5.930441687037616,0.00014157917758
-1.1657307053298018,-5.932537422215847,0.00014427864517
-1.1657303907202359,-5.934636139656453,0.00014439743245
-1.165728276543947,-5.936735441123442,0.00014412813471
-1.1657293210477082,-5.938829846709699,0.00014352261496
-1.165727798337405,-5.940921381868421,0.00014413673489
-1.1657290945288197,-5.9430188442736105,0.00014432931494
-1.1645548457820571,-5.916842980677947,0.00013746001059
-1.164550416079357,-5.918790658955453,0.00013773298997
-1.1645487926939935,-5.920782052228912,0.00013710543863
-1.1645485158375737,-5.922805442692414,0.00013712405053
-1.1645444133288243,-5.924827752085804,0.00013882688654
-1.1645433814094461,-5.926859505310043,0.00013772770762
-1.1645461248048667,-5.928895620093002,0.0001415709703
-1.164542752190313,-5.930919892809121,0.00014067880693
-1.1645410029611207,-5.932951708163828,0.0001397865708
-1.1645401598074836,-5.9349836105011855,0.00013887870591
-1.1645401094699526,-5.937015239464491,0.00013988757564
-1.1645377184372456,-5.93904730334106,0.00013936239702
-1.1645399836261259,-5.9410767328858665,0.00014175318938
-1.164539329238226,-5.943094370068208,0.00014341286442
-1.1645363844926815,-5.945137542872115,0.00014321856725
-1.1645341948100987,-5.947224368541507,0.00014350023412
-1.164534358407073,-5.949321768816233,0.00014228309738
-1.1645357678579313,-5.951421480344294,0.00014323065989
-1.1645357426891667,-5.953529815581053,0.00014430398005
-1.1645346856010221,-5.955643108829005,0.00014450411254
-1.1645334397471385,-5.957734991918338,0.00014326508972
-1.164534622679108,-5.959824302806376,0.00014292055857
-1.1645349750418235,-5.961909724327235,0.00014370154531
-1.1645311242207272,-5.964003396773995,0.00014209534856
-1.1645328734499176,-5.966095416550354,0.00014328664111
-1.1645331503063374,-5.968189312666787,0.00014253007248
-1.1645329867093612,-5.970282251974046,0.00014200859005
-1.1645309857925175,-5.972380149292498,0.00014167142217
-1.164531099051961,-5.974497282203256,0.00014187709894
-1.1645284563316007,-5.976619199159907,0.00014187270426
-1.1645339305380622,-5.978735039756968,0.00014205131447
-1.164531099051961,-5.980849637744711,0.00014190538786
-1.1645302055607927,-5.982975990816638,0.00014192784147
-1.164529878366842,-5.985086239671752,0.00014251527318
-1.1645255870923534,-5.9871971843880845,0.00014139042469
-1.1645288842006118,-5.989310552192598,0.0001424192742
-1.164529928704373,-5.991427138355255,0.00013935950119
-1.164526971374447,-5.993543525700421,0.00014075894433
-1.164529551172893,-5.9956597639324665,0.00014172348892
-1.1645295260041284,-5.997775281451106,0.00014227633073
-1.1645301929764096,-5.9998944149628715,0.00014060846297
-1.164527348905927,-6.002037816634699,0.00014197433484
-1.164526933621299,-6.004184063881874,0.00014055897191
-1.164526782608706,-6.006324868500217,0.00014084616851
-1.1645243034853203,-6.008470320477424,0.00014284392819
-1.1645242783165557,-6.010611485452473,0.00014264894708
-1.164526971374447,-6.012725648526951,0.00014013588952
-1.1645233219034732,-6.014844993282302,0.00013843836496
-1.1645238378631615,-6.016960970566393,0.00013863408822
-1.1645251843921072,-6.01908125970483,0.00013918272452
-1.1633610660733915,-5.992755984764276,0.00013770534133
-1.1633524080181152,-5.994685844024107,0.000138103278
-1.163349060572326,-5.996665519491656,0.00013796718849
-1.1633429319779665,-5.998654825181453,0.00013911277347
-1.1633395341946462,-6.000708075546965,0.00013976091577
-1.1633401508293963,-6.002764743088113,0.00014021614334
-1.163339106325635,-6.004829997059674,0.00014006116544
-1.1633347017917013,-6.006903862313836,0.00014152406948
-1.1633340851569511,-6.008977006854592,0.000139187061
-1.1633339341443598,-6.01105524609357,0.00013924230007
-1.163333644703557,-6.013092727746784,0.00013778654102
-1.1633318325524542,-6.01513322894065,0.0001388668461
-1.16333087613937,-6.0171869390716095,0.00014209614892
-1.1633283718472196,-6.019230894719393,0.00014225758787
-1.1633286109504897,-6.0212904078358855,0.00014169345377
-1.16333139209906,-6.02335983697477,0.00014286393707
-1.1633296428698696,-6.025436311708508,0.00014224076585
-1.1633279817313564,-6.02752590839669,0.00014171079965
-1.1633264967742025,-6.029637176191447,0.00014393481251
-1.1633269623963616,-6.031754843424216,0.00014183046005
-1.1633255403611202,-6.033871752665294,0.00014327050303
-1.1633255655298849,-6.035995608092485,0.00014386605471
-1.163324583948036,-6.0381181215016095,0.00014275727153
-1.1633244706885926,-6.040221424170614,0.00014111990458
-1.1633225578624278,-6.042336208549752,0.00013983467943
-1.163324583948036,-6.044455242652774,0.00014220314915
-1.1633272895903106,-6.046569803362236,0.0001394564606
-1.163324961479516,-6.048691881858096,0.00014052152983
-1.163323552028658,-6.050816371016041,0.0001388976234
-1.1633213749304567,-6.05293421221411,0.00013947015395
-1.1633234261848313,-6.055082211540431,0.00014339246263
-1.1633250244014304,-6.05724351921259,0.00014019178343
-1.1633267610462374,-6.0594025529096855,0.00013949281129
-1.1633216517868745,-6.061568445810242,0.0001426540839
-1.1633210099833597,-6.063738402043283,0.00014232995454
-1.1633235897818057,-6.065910035798907,0.00014345497766
-1.1633204311017558,-6.068038327341378,0.000142196659
-1.1633201164921898,-6.070170073337763,0.00014081934933
-1.163318530859974,-6.072300787968412,0.00014058599481
-1.1633212239178636,-6.074428818562925,0.00014182640007
-1.1633205821143486,-6.076558153897224,0.00014022443793
-1.1633203178423122,-6.078684531821342,0.00014209408255
-1.1633181784972586,-6.080800148748726,0.00014158111298
-1.1633202045828688,-6.082934280555008,0.0001408286189
-1.1633174737718295,-6.085079521288634,0.00014031129831
-1.1633173353436197,-6.087220052532927,0.00014047455625
-1.1633177632126308,-6.089358260097787,0.00014086872397
-1.1633185056912076,-6.091499673594698,0.00014117229148
-1.1633189838977498,-6.09364564746782,0.0001423501526
-1.1633160643209697,-6.095756865558206,0.00014229463704
-1.16214503717617,-6.069536069209454,0.00013607104484
-1.1621425328840178,-6.071484008434921,0.00013628813031
-1.162139437125882,-6.073480918893769,0.00013695246889
-1.1621342523602234,-6.075495673222481,0.00013681661221
-1.1621361651863882,-6.077527414020626,0.00013763121387
-1.1621339755038036,-6.0795608944718245,0.0001391145488
-1.1621314586272702,-6.0815936790617995,0.00014004188415
-1.1621307287330764,-6.083658746641962,0.00013850403775
-1.162130791654989,-6.085723528421984,0.00013966485858
-1.162130414123509,-6.0877900498550535,0.00014034025662
-1.1621303386172133,-6.089852669494852,0.00014060291869
-1.1621274567935829,-6.091910940002023,0.000141703189
-1.162130741317458,-6.09397116140583,0.00014090014156
-1.1621276707280883,-6.096001398646695,0.00014179835853
-1.1621273938716685,-6.0980579916312845,0.0001412667043
-1.1621293947885123,-6.100126203013031,0.00014189000649
-1.1621244742948904,-6.102207561201407,0.00014098089014
-1.1621286145567875,-6.104295343679979,0.00013928581029
-1.1621254181235896,-6.106389662283586,0.00013876394951
-1.1621232158566235,-6.108485061957301,0.00013806839706
-1.1621268653275971,-6.1106123842645,0.00013852922712
-1.1621251286827883,-6.112757550441564,0.00014180011931
-1.1621232661941527,-6.114902927862213,0.00014192672097
-1.1621229893377347,-6.117047895221786,0.00014213101531
-1.1621218819120593,-6.119199895750119,0.00014007282152
-1.1621225992218716,-6.121349721712143,0.00014228154032
-1.1621236563100161,-6.123466543970571,0.00014333550644
-1.1621225111311928,-6.125596053270177,0.00014305274817
-1.1621212275241612,-6.127723860195011,0.00013918969489
-1.1621188239070712,-6.1298571967313285,0.00014092784841
-1.1621173641186822,-6.13199124155496,0.00014159306011
-1.1621201578516354,-6.134120154402091,0.00013961204968
-1.1621188616602192,-6.136241338219241,0.0001395214349
-1.1621179052471367,-6.138391785485923,0.00013784487965
-1.162118949750898,-6.14053978481224,0.00013848669187
-1.1621173011967696,-6.142697526195645,0.00014200749865
-1.1621206989800899,-6.1448506202201845,0.0001403283386
-1.1621184589599745,-6.147001875182926,0.00014231992827
-1.162120510214349,-6.149156870399727,0.00014024390839
-1.1621177668189269,-6.151286628221199,0.0001410045079
-1.162114633307643,-6.1534296819624155,0.00014238314179
-1.1621167600683133,-6.155571368833379,0.00013800115266
-1.1621181946879378,-6.157708955093579,0.00014339938934
-1.1621150360078893,-6.159850716521097,0.00013826704526
-1.1621171879373244,-6.1619953608022495,0.000140418706
-1.1621121164311095,-6.164123627492531,0.00014157280384
-1.1621145703857305,-6.166299759493902,0.00014148767514
-1.1621127959877737,-6.168482353063748,0.00013883107749
-1.1621134503756718,-6.170665393972947,0.00014109790209
-1.1621165838869574,-6.1728451792457255,0.0001404594077
-1.1609632503841865,-6.146683257726653,0.00013547533308
-1.1609541518755178,-6.148644878080756,0.00013676384697
-1.1609525284901543,-6.150632742343738,0.00013865737128
-1.1609467900116581,-6.152651162369953,0.00013968389248
-1.1609507037546665,-6.154685288977994,0.00014158296108
-1.160950313638805,-6.156734525715395,0.00014269413077
-1.1609458335985738,-6.158786086132229,0.00014182878658
-1.1609430398656224,-6.160843350125847,0.0001374209678
-1.1609427252560565,-6.162903857329802,0.00013795065752
-1.1609428762686478,-6.164965172229811,0.00013973639579
-1.1609400825356946,-6.167067021045907,0.00013958994532
-1.1609421715432187,-6.169167304174258,0.00014019299124
-1.1609398811855722,-6.171262927517653,0.00013787024363
-1.160936017780093,-6.1733606757229875,0.00013901486818
-1.1609386227473053,-6.175470688482329,0.000139284748
-1.1609367980118195,-6.177588169323698,0.00013850600226
-1.1609388115130463,-6.179676759498327,0.00013984472025
-1.160936357558425,-6.181785020178528,0.00013948768901
-1.1609371126213852,-6.18390348268126,0.000139169264
-1.1609355395735526,-6.186024281289518,0.00013857941667
-1.1609333373065849,-6.188149814239295,0.00013923148799
-1.1609362065458337,-6.190272253091857,0.0001423433132
-1.1609345579917039,-6.192395661179691,0.00014237161668
-1.1609357786768228,-6.194549364082799,0.00014077305968
-1.1609304428985712,-6.196707055761828,0.00014064673451
-1.1609354263141074,-6.198861802456768,0.00013979979849
-1.160930996611409,-6.201018959813787,0.00014053186169
-1.1609281022033953,-6.203178403571965,0.00014143685985
-1.16093255707486,-6.205344284046427,0.00014045866556
-1.1609302667172134,-6.2074770614085475,0.00013992817549
-1.1609281525409263,-6.209628639449714,0.00013993938046
-1.1609317642587522,-6.211776526941194,0.00014105642913
-1.1609297004199943,-6.213930851148963,0.00014134091907
-1.1609292977197478,-6.216083062920885,0.00014090751938
-1.1609296249136987,-6.218233622022406,0.00014106697927
-1.1609294109791932,-6.220379247964917,0.00014022400137
-1.1609297885106733,-6.222561990647881,0.00014043554256
-1.1609262271303784,-6.224742272964389,0.00014085722796
-1.1609277750094464,-6.226929513893097,0.00014104990987
-1.1609294864854889,-6.229110840001432,0.00014058343368
-1.160927472984262,-6.231288463133991,0.00013917635079
-1.160927435231114,-6.233469739537954,0.00013779832807
-1.1609244527324216,-6.235613041801036,0.00013918733748
-1.1609266298306231,-6.237768297965795,0.00014030923194
-1.1609271332059297,-6.239922535190911,0.00013745587785
-1.1609256356643929,-6.24207540554577,0.00014121769345
-1.1609242639666808,-6.244226001925573,0.00013862684136
-1.1609247799263707,-6.24638325869134,0.00014326213568
-1.160921696752618,-6.248520472168742,0.00014003977412
-1.1609251448734677,-6.250686079269156,0.00013778365974
-1.1597510093861487,-6.224940506429539,0.00013380993914
-1.1597484044189361,-6.226932086094393,0.00013531598961
-1.159746139230056,-6.228979260100319,0.00014008945436
-1.1597464412552403,-6.231040550148142,0.00013962946832
-1.1597453715827126,-6.233127537356747,0.00013815450075
-1.1597405140110033,-6.23517732084225,0.00013964436948
-1.1597394569228587,-6.237254640550329,0.00013978019706
-1.1597358829581808,-6.239336458504156,0.00013758364366
-1.1597351656483685,-6.2414204385982,0.00013898273755
-1.1597332276534391,-6.243506444145442,0.00014012210886
-1.1597338820413372,-6.245588187542707,0.00014024176926
-1.1597358703737994,-6.247668029747709,0.00014057433873
-1.1597345993511494,-6.249742603289185,0.00014017490321
-1.1597336806912149,-6.251836785205765,0.00014024101256
-1.1597334667567092,-6.25394637547794,0.00014300360635
-1.1597322460715902,-6.256069882974519,0.00014235654089
-1.1597326613562182,-6.258199926596135,0.00014038734662
-1.1597301696484492,-6.260343800459502,0.0001402702037
-1.159730584933077,-6.262469581931145,0.00013953972666
-1.1597302325703636,-6.264608162278799,0.00013996877533
-1.1597294271698724,-6.266757031431643,0.00013946462423
-1.1597278541220397,-6.268906024845422,0.00013906341337
-1.159731893708875,-6.271057789277987,0.00013993181346
-1.1597270361371654,-6.273212511120736,0.0001402625785
-1.1597302199859802,-6.275370289782419,0.00013974291505
-1.1597262936585886,-6.2775088701300765,0.00014061627735
-1.1597273255779665,-6.279670003836928,0.00014193600509
-1.1597248338701995,-6.281833423944935,0.00014017167268
-1.1597260419709352,-6.283991985450491,0.00014007363643
-1.159726167814762,-6.286156374793767,0.00014092359925
-1.1597254379205664,-6.2883199812931725,0.00013997474161
-1.1597260671396998,-6.2904630723126695,0.00013935595052
-1.1597238019508196,-6.292623758680165,0.00013821198081
-1.159724997467174,-6.294783463386296,0.00013908174878
-1.159724393416805,-6.296948958651869,0.00014141239808
-1.1597210837241638,-6.299108812471123,0.00014160621504
-1.1597245695981628,-6.301270902987151,0.00014156667748
-1.1597227196939106,-6.303429899405969,0.00013945801766
-1.1597235125100185,-6.305585143144637,0.00013842938642
-1.159722820368971,-6.307762679294542,0.00014011569147
-1.1597212976586693,-6.309945658073278,0.00014120411652
-1.1597218262027407,-6.312122585344613,0.0001399294124
-1.1597196113513915,-6.314300084216237,0.00013860195759
-1.1597226819407627,-6.316473457624913,0.00013920950005
-1.1597206936083004,-6.318628664085297,0.0001379023015
-1.1597206558551527,-6.320792581237033,0.00013973366003
-1.1597202909080557,-6.322952584169403,0.00014095676306
-1.159720441920647,-6.32511196579711,0.00014068106248
-1.159717711109608,-6.327274342113286,0.00013978610514
-1.1597204041674993,-6.329437352160214,0.00014040507085
-1.158545966654996,-6.303945072804809,0.00013883177598
-1.1585395989573648,-6.305917603268756,0.00013804575428
-1.15853754770299,-6.307956861853301,0.00013662189303
-1.1585367548868821,-6.31002299807748,0.00013531047443
-1.1585332312597352,-6.31210578526658,0.00013607677829
-1.1585330173252295,-6.314197829895122,0.00014040023962
-1.1585351818390495,-6.316293838447406,0.00013878752361
-1.1585325517030707,-6.318379843994648,0.00013642020349
-1.1585303494361048,-6.320461463130981,0.0001380265312
-1.1585318973151726,-6.322550513071061,0.00013888451213
-1.1585304752799312,-6.324639712124259,0.00013837734878
-1.1585291665041335,-6.326726003471641,0.00013736731489
-1.1585265992900688,-6.3288054728938485,0.00013773722458
-1.1585280716628412,-6.33089063346675,0.00013825380302
-1.1585290532446901,-6.332987226045414,0.00013853340351
-1.1585262091742057,-6.335128279185621,0.00013804773334
-1.15852500107347,-6.337279161365568,0.00014001995442
-1.1585237552195864,-6.339441922890633,0.00013952242443
-1.1585237929727341,-6.341609741835639,0.00013838257291
-1.1585250891641488,-6.343784146610052,0.00013931523426
-1.158523881063413,-6.3459560537397275,0.00013877877791
-1.1585243215168055,-6.348108141250714,0.00013872241834
-1.1585209489022517,-6.3502613595361845,0.0001381590846
-1.158523516116316,-6.352418715710698,0.00013890504488
-1.1585212257586697,-6.3545781594688755,0.00013914574811
-1.158519879229724,-6.356739032227769,0.00014132748765
-1.158520307098735,-6.358900700256632,0.00014099177497
-1.1585195268670103,-6.361050066453204,0.0001407447271
-1.158520634292684,-6.363228161777302,0.00013962392404
-1.158518281013125,-6.36540339909996,0.0001388333767
-1.158519828892193,-6.367581755372016,0.00013829935051
-1.158518054494238,-6.36976349154143,0.00013738176494
-1.1585180293254715,-6.371944345458226,0.00013976953051
-1.158517815390966,-6.374125075114087,0.00014000423835
-1.1585170854967723,-6.376279399321856,0.00014247422223
-1.1585150342423978,-6.378445888674884,0.0001418521133
-1.158516028408628,-6.380613980993942,0.00014193730021
-1.1585171232499203,-6.38277532594438,0.00013795883569
-1.1585161542524547,-6.384939305226579,0.00013724240125
-1.1585170477436246,-6.38710463895294,0.00013792251411
-1.1585141785043755,-6.389260143639563,0.00013900197519
-1.1585145434514725,-6.391442028922095,0.00013929510897
-1.1585152733456678,-6.393641236178575,0.00014036294306
-1.158516594705849,-6.395834963527948,0.0001394100691
-1.158514430192029,-6.398032642374964,0.00013887957903
-1.1585142791794376,-6.400226295167774,0.00013787309581
-1.15851612908369,-6.402423377562315,0.00013961810328
-1.158513159169379,-6.4045844988430725,0.00013920092897
-1.1585142791794376,-6.4067369094324835,0.00013906872482
-1.1585148328922754,-6.4088867478206,0.00013833247067
-1.1573421068558127,-6.383423110610069,0.00013586580462
-1.1573366955712656,-6.3854047369742535,0.0001347787038
-1.1573344303823854,-6.387441671879365,0.00013639019744
-1.157333046100292,-6.389482545856029,0.00013766394113
-1.1573315108056073,-6.391587861552132,0.00013806021889
-1.157330227198574,-6.393703577888266,0.00013693714573
-1.157329484719997,-6.395826488932371,0.00013615011994
-1.1573273453749435,-6.397947188131883,0.00014047126751
-1.1573261246898245,-6.400073677890837,0.00013801414752
-1.1573283395411738,-6.402192103115292,0.00014061226102
-1.1573253822112477,-6.40428459508319,0.00013930948626
-1.1573242747855723,-6.40636615208906,0.00013890932314
-1.1573233561256377,-6.408439830951823,0.00013769092038
-1.157325394795631,-6.410518095042987,0.00013863688218
-1.1573212419493506,-6.4126157314134815,0.00013896099699
-1.1573210531836096,-6.414722326997191,0.00014146309695
-1.1573221480249019,-6.41684451732789,0.00013805858907
-1.1573224122969386,-6.418959177446098,0.00013786865748
-1.1573226388158255,-6.421117391021043,0.00013924048108
-1.1573225507251466,-6.4232730572468775,0.00013942820078
-1.1573195053045418,-6.4254332714228335,0.00013936926553
-1.1573202603675017,-6.427592503937422,0.00014039412781
-1.1573171646093658,-6.429755961323707,0.00013868478709
-1.1573182972038059,-6.431922102746127,0.00013868050883
-1.1573169884280081,-6.434058346988261,0.00013851212861
-1.1573164976370847,-6.436211975334807,0.00013809952361
-1.1573193417075671,-6.438363627932535,0.00013953610323
-1.1573188257478773,-6.440525047439531,7.7717901149e-05
-1.1573187124884337,-6.442682900657772,9.1541354777e-05
-1.1573147987454235,-6.444837436109126,2.9397486287e-05
-1.1573162081962816,-6.446982167372928,5.4361402135e-07
-1.1573164976370847,-6.449169669249595,1.7769107785e-07
-1.1573120679343845,-6.451354760464177,9.0079502968e-08
-1.1573134396320948,-6.453541877131954,1.8925652512e-07
-1.1573121811938278,-6.455721761813478,1.933678675e-07
-1.1573142702013521,-6.457903237034931,2.3470151689e-07
-1.1573141821106734,-6.460083792725488,1.8593316042e-07
-1.1573161578587523,-6.462227542327927,9.7674210053e-08
-1.157314207279438,-6.464389719826609,2.4610775995e-07
-1.1573142827857337,-6.466541273015588,2.0907980058e-07
-1.1573132382819724,-6.468694901362134,8.1390915341e-08
-1.1573158432491848,-6.470845783542082,9.8611366184e-08
-1.1573112877026597,-6.472998815436153,1.6783126e-07
-1.1573134396320948,-6.475146118901251,4.3547771611e-07
-1.157309991511245,-6.477304444311039,2.3080963274e-07
-1.157312948841171,-6.479464695765272,3.0627543879e-07
-1.1573083932946462,-6.481632315892785,2.0940014167e-07
-1.1573098279142688,-6.483797922993198,3.6322271058e-07
-1.1573083555414982,-6.485960771500914,2.0493796171e-07
-1.157308770826126,-6.488126018244625,1.2351675593e-07
-1.156152190552628,-6.463029596940951,3.1805797107e-07
-1.1561420978777275,-6.46498588650106,1.6393087776e-07
-1.1561402353890935,-6.466995036661729,3.6764296851e-07
-1.1561362461397877,-6.4690296230352216,2.8744059932e-07
-1.1561354407392965,-6.471077604737207,1.2958174977e-07
-1.1561325337468997,-6.473139217863456,2.3933171178e-07
-1.1561319800340621,-6.475195090134635,1.4553272365e-07
-1.1561318164370875,-6.477268520475535,6.474569858e-08
-1.1561292618074062,-6.479350164464055,8.6022410528e-08
-1.156130620920735,-6.481443451701923,3.9270224761e-07
-1.1561295260794426,-6.483529096892461,2.1652748217e-07
-1.1561286200038896,-6.4856057580175985,1.8102194588e-07
-1.1561251592986568,-6.487680629785313,1.6161989436e-07
-1.1561260024522957,-6.489748518088638,3.8874330244e-07
-1.1561254361550748,-6.491838997029438,4.6701984502e-07
-1.1561243035606346,-6.493939777201519,5.6111093727e-07
-1.1561225669158275,-6.496057183486326,2.2217670903e-07
-1.1561189174448538,-6.498180827669932,2.4736289106e-07
-1.1561209938679933,-6.500312722779438,2.4422601541e-07
-1.1561251089611257,-6.50244067881739,2.4514366714e-07
-1.156119483742073,-6.50456660940215,5.9731085855e-08
-1.1561197102609617,-6.506741312402798,8.459232248e-08
-1.1561228186034809,-6.508912225445015,9.912647414e-08
-1.1561194459889252,-6.511096334998235,1.5243359996e-07
-1.1561162495557271,-6.513281078282207,1.6057909136e-07
-1.1561152553894969,-6.515456613831104,2.8554305231e-07
-1.1561164634902328,-6.5176371073911925,2.5854893693e-07
-1.156117193384428,-6.519780993680654,2.83789376e-07
-1.1561160482056048,-6.521920791785447,3.8555265292e-07
-1.1561160733743696,-6.524065846127674,1.9738193657e-07
-1.156115683258508,-6.526212577992483,2.3657706549e-07
-1.1561143493139439,-6.528352873141005,1.6258826463e-07
-1.1561140598731428,-6.530494050542145,3.5984587043e-07
-1.1561160985431358,-6.532633053376973,1.6959965876e-07
-1.1561112283870432,-6.534776790553316,4.4615663342e-07
-1.1561126630066678,-6.536934382823601,2.7952327741e-07
-1.156113279641418,-6.539089887510227,1.8265825474e-07
-1.1561130153693815,-6.541250847251774,4.1607387402e-07
-1.156113178966356,-6.543406811703845,3.059886069e-07
-1.1561105739991435,-6.54555540748264,1.0894845559e-07
-1.1561094162359387,-6.547690856454805,4.0671909574e-07
-1.1561112283870432,-6.549826094183385,2.5781389468e-07
-1.1561103348958732,-6.55196513429649,2.5616037647e-07
-1.15610843465409,-6.554100198059767,3.1275405377e-07
-1.1561114674903135,-6.556236728102044,1.9921550631e-07
-1.1561125749159888,-6.5583714563608,2.7472802344e-07
-1.1561073523971808,-6.560508831377418,1.4517698332e-07
-1.1561104733240832,-6.562630760760159,7.1011648117e-08
-1.1561074782410075,-6.5647961069126115,2.694859802e-07
-1.1561080948757578,-6.56696119211711,3.5405392396e-07
-1.1549468583806743,-6.542372202756195,2.48649485e-07
-1.1549412205772385,-6.544327622489781,6.7950651328e-08
-1.1549378983002137,-6.546333728257612,1.6631294386e-07
-1.1549369922246624,-6.5483465689679665,4.0670835233e-07
-1.1549361364866402,-6.550390537041841,3.7170937617e-07
-1.1549281957411763,-6.552431535279436,2.7108933409e-07
-1.154931618693263,-6.554484847775415,4.4594526116e-07
-1.1549273525875374,-6.55654729344991,2.0551044599e-07
-1.154928850129076,-6.558607825506046,3.2411159623e-07
-1.1549286487789518,-6.5606659469001,2.003408639e-07
-1.1549270002248238,-6.562718563534856,1.0058963795e-07
-1.1549239170510692,-6.564811254320249,1.8699995508e-07
-1.154926673030873,-6.566886051531405,1.1206269335e-07
-1.1549227089503333,-6.56896860262473,1.3432860158e-07
-1.1549226963659502,-6.571072079259038,3.0958216257e-07
-1.1549222810813224,-6.573186379020543,2.1329302058e-07
-1.1549200284768253,-6.575306643306793,2.5099529921e-07
-1.154918694532263,-6.577402701563446,8.6271121802e-08
-1.1549216266934244,-6.579514777054266,2.9191281214e-07
-1.154917473847144,-6.581629250781075,3.0667021633e-07
-1.154920103983121,-6.583749378380299,6.3324671373e-07
-1.1549164293433827,-6.585863715420082,2.5741087484e-07
-1.1549200410612086,-6.587981916974857,1.1808094769e-07
-1.1549196131921975,-6.59010338659215,2.6156263289e-07
-1.1549167187841838,-6.592221302346782,1.4919591251e-07
-1.1549161776557293,-6.594361808738888,1.375997698e-07
-1.1549185686884362,-6.596508267229646,1.8407222058e-07
-1.1549148059580172,-6.5986549369639915,1.2366430724e-07
-1.1549136607791957,-6.6007984380445635,2.7854664353e-08
-1.1549140005575262,-6.602939814263194,3.2147474371e-07
-1.1549132580789494,-6.605089801764427,2.7802636282e-07
-1.1549138369605516,-6.607203194421127,4.0567658743e-07
-1.1549127547036426,-6.609336419122605,2.7916908607e-07
-1.154915120567585,-6.6114668106748296,3.0526427963e-07
-1.1549111564870436,-6.613596730035514,2.2373717457e-07
-1.1549132706633325,-6.615716894913016,5.7146860399e-07
-1.1549101371520487,-6.617849709553422,1.3945526689e-07
-1.1549101497364302,-6.619966109324679,1.3920249842e-07
-1.1549097596205669,-6.622112915746047,2.9318044881e-07
-1.1549113452527844,-6.624272160686732,1.6572663242e-07
-1.1549072930815645,-6.626430610357447,3.4247611325e-07
-1.154912490431606,-6.628586326287655,3.4541656646e-07
-1.1549105020991455,-6.630737320302442,2.3947913519e-07
-1.1549099735550725,-6.6328939184852675,3.6437020867e-07
-1.1549064625123087,-6.635020594635621,8.4623813734e-08
-1.15490826207903,-6.637142014548538,3.6849081653e-07
-1.154907469262922,-6.639249467532679,2.4939660648e-07
-1.1549077587037233,-6.64136993063642,1.886972143e-07
-1.1549097470361855,-6.643476886576831,2.9736705187e-07
-1.1549073560034786,-6.6455853833528,1.3734886295e-07
-1.1537350200828793,-6.621203189035266,2.9799630852e-07
-1.1537315845464111,-6.623174824820502,2.9867248941e-07
-1.1537291935137042,-6.625194027690591,2.5367219791e-07
-1.1537257831460006,-6.627237535999013,2.6525813723e-07
-1.1537277085565505,-6.629294949105753,1.197725652e-07
-1.1537247638110057,-6.631370355195478,1.7702815569e-07
-1.1537232914382336,-6.633442269553004,2.3068513144e-07
-1.1537250910049548,-6.635485131704585,3.5905372897e-07
-1.1537228132316915,-6.637524949463323,2.0053545313e-07
-1.153719981745592,-6.639574061939789,4.2799604216e-07
-1.1537240842543415,-6.641614650116309,2.5057269681e-07
-1.1537217058060176,-6.6436549152144035,2.0808752765e-07
-1.1537185345415844,-6.645689066674635,3.187008133e-07
-1.1537208752367603,-6.647738502229526,1.2834937024e-07
-1.153721995246819,-6.649777077378943,4.9257624823e-07
-1.1537175152065877,-6.651861442681879,7.8058354802e-07
-1.1537177417254765,-6.6539496849259,5.4473298405e-07
-1.1537167601436278,-6.656043991103411,9.8664692416e-08
-1.1537182576851663,-6.658147368328975,1.8883274322e-07
-1.1537163700277662,-6.660249987562851,2.9836962767e-07
-1.1537161057557297,-6.662354346449777,2.6060155278e-07
-1.153717527790971,-6.664449211801485,3.5569377133e-07
-1.1537172886877007,-6.666543020935268,4.8480472969e-07
-1.153712129090807,-6.668651554989517,4.1681448693e-07
-1.1537144194484519,-6.6707504588215185,3.3789615372e-07
-1.1537111978464891,-6.672853947881921,3.1140757528e-07
-1.153711512456055,-6.674959189021466,2.0205874307e-07
-1.153714192929565,-6.677060143158851,1.7826106102e-07
-1.1537103924459982,-6.679155778928338,5.4397179383e-07
-1.1537125695441994,-6.681282181704641,3.9497422222e-07
-1.1537109964963668,-6.683415915875942,1.5344694759e-07
-1.1537082908540923,-6.6855425298958275,4.2705150349e-07
-1.153710065252049,-6.687667652784525,2.7322121809e-07
-1.1537101281739615,-6.689797423032089,2.3092914603e-07
-1.1537109964963668,-6.691926708662018,3.0386939898e-07
-1.1537104679522938,-6.694025637346206,1.5654639185e-07
-1.153708366360388,-6.696129263093636,5.8140506098e-07
-1.1537072085971833,-6.698225333776383,2.5247294388e-07
-1.1537084292823023,-6.700325828148321,3.3815337019e-07
-1.1537075609598986,-6.702417127211271,4.7605567488e-07
-1.1537090962545835,-6.7045107623797495,4.3688434204e-08
-1.153706076002743,-6.706599141310797,1.616448202e-07
-1.1537089200732258,-6.708681182934297,1.2615045364e-07
-1.153704578461206,-6.710788921718582,1.9934621776e-07
-1.1537038108138629,-6.712887552176534,1.4517094371e-07
-1.1537063528591611,-6.714990519341022,1.1639418318e-07
-1.153706113755891,-6.71709623267211,2.6104069661e-07
-1.1537040499171332,-6.719199212262689,9.8354497879e-08
-1.153710014914518,-6.721298600712328,4.1908700155e-07
-1.1537064157810755,-6.723375299115746,4.4670508714e-07
-1.1525611992051261,-6.699527799589499,2.0941557821e-08
-1.1525560270238493,-6.701443592511802,9.4251028315e-08
-1.1525516224899155,-6.703411003425346,2.0460048233e-07
-1.1525536737442919,-6.705400594915284,8.3471356049e-08
-1.1525524027216418,-6.707397567504599,9.1468045582e-08
-1.1525517609181253,-6.709398926504819,3.4579062458e-07
-1.152548048525239,-6.711431288607628,5.4318576304e-07
-1.1525453428829646,-6.713465402789578,8.6761140494e-08
-1.1525449653514848,-6.715497976135968,2.653569311e-07
-1.1525436943288347,-6.717532239431039,1.9871571055e-07
-1.1525457078300616,-6.7195635825941995,2.8536837249e-07
-1.1525448143388934,-6.7215923659821595,4.2723314664e-08
-1.1525413913868066,-6.723590966389685,2.2725372162e-07
-1.1525437069132178,-6.725612629626228,2.6451976964e-07
-1.1525458965958024,-6.727647501799865,3.1362446862e-07
-1.1525434300567998,-6.729695744449808,3.4180226294e-07
-1.1525399190140344,-6.731747516110227,2.1831375818e-07
-1.1525397302482951,-6.733802779502838,2.4126859444e-07
-1.1525397554170598,-6.735864902098907,1.9082247604e-07
-1.1525385599007072,-6.737912970783546,1.8568445626e-07
-1.1525375909032416,-6.739984773306236,2.4464367243e-07
-1.152538270459906,-6.742052139713645,4.2666513878e-07
-1.152536470893183,-6.744122612644361,3.5081305327e-07
-1.1525393778855797,-6.7461973601511405,4.8395168051e-07
-1.1525388745102731,-6.748271958544806,2.5860265396e-07
-1.1525348097546715,-6.7503438480501465,3.6493540279e-07
-1.1525351495330036,-6.752402217966063,1.2767698365e-07
-1.1525377167470683,-6.754478692699805,4.7919894541e-07
-1.1525368610090463,-6.756550122439697,2.8401169061e-07
-1.1525348223390548,-6.758626211964547,9.7647323116e-08
-1.1525347216639927,-6.760700524558069,2.2957333101e-07
-1.1525321796186945,-6.762778067935824,1.779106924e-07
-1.1525376538251542,-6.764853821956157,9.68162297e-08
-1.1525326326564702,-6.766916019108785,5.2174925713e-07
-1.1525331737849247,-6.768994146512924,1.5602419978e-07
-1.1525335009788737,-6.771077492876216,3.1830597891e-07
-1.1525343063793647,-6.77316127415277,3.8263465285e-07
-1.1525310470242542,-6.7752440986201465,5.0868550261e-07
-1.1525289454323486,-6.777329209488675,3.1650458254e-07
-1.1525330731098626,-6.779409548737406,3.0968021747e-07
-1.1525315629839425,-6.7814899501166055,1.3570870294e-07
-1.152529046107409,-6.783539820584758,1.8452128359e-07
-1.1525289580167302,-6.785609784045652,3.6209053178e-07
-1.1525346839108448,-6.787675075295492,2.5666363968e-07
-1.1525343441325127,-6.789730438096851,5.6179008112e-08
-1.1525286937446952,-6.791800090905412,2.2354007001e-07
-1.1525296249890131,-6.793862536579907,4.1170315512e-07
-1.1525290209386443,-6.795928896473766,3.6948003412e-07
-1.152527938681735,-6.797991814339801,2.2901558339e-07
-1.1525287566666078,-6.800082989141823,1.2024440821e-07
-1.1513926511837123,-6.776676727759747,2.828519996e-07
-1.1513844335818284,-6.778580454945535,5.4094113011e-07
-1.1513839176221403,-6.780525424334719,3.7092195271e-07
-1.1513785566751225,-6.782472878942548,1.2279627981e-07
-1.1513805575919678,-6.784450181026296,2.583802825e-07
-1.1513776631839543,-6.786430527502878,5.2228381264e-07
-1.1513776631839543,-6.788415235538185,1.6500615629e-07
-1.151374454166373,-6.790402267252922,5.4808276673e-07
-1.1513738123628565,-6.792393175908743,2.2879100925e-07
-1.1513740514661284,-6.794382108815743,2.4049919034e-07
-1.1513700244636746,-6.7963725452800245,1.0405543094e-07
-1.1513709682923738,-6.798360285282076,2.5911467105e-07
-1.1513709934611402,-6.800370466808484,6.5565771479e-08
-1.1513684514158402,-6.802387209312109,2.170282869e-07
-1.1513682123125701,-6.804418515196993,4.6463743075e-08
-1.1513659848768378,-6.806456767267988,3.3801799759e-07
-1.1513669538743034,-6.808502686238498,3.8769474031e-07
-1.1513631408063552,-6.810558894014194,1.0138693085e-07
-1.151365154307582,-6.812582011103643,2.450022123e-07
-1.151364210478881,-6.8146269608388845,1.5461792202e-07
-1.1513654437483831,-6.816669189259706,9.5022308244e-08
-1.1513625241716032,-6.818715754387066,1.7421022847e-07
-1.1513625745091343,-6.820761139035566,3.2089761248e-07
-1.1513594284134672,-6.822804610065711,2.3666019899e-07
-1.1513599695419219,-6.8248547911861985,2.1843727893e-07
-1.1513620207962965,-6.826886258610294,6.7001366233e-08
-1.1513592522321097,-6.828956557575702,3.7203835745e-07
-1.1513597933605642,-6.831024135226696,3.6223059396e-07
-1.1513586733505072,-6.833086618179472,2.9887451092e-07
-1.1513551245545957,-6.835154034291254,4.7395465685e-07
-1.1513566346805157,-6.837212926103085,4.2954383161e-07
-1.1513539542070077,-6.839274551655426,8.2991519434e-08
-1.1513540297133034,-6.841319824469089,1.037051689e-07
-1.1513575533404503,-6.843367160014227,6.5094354795e-07
-1.1513541303883637,-6.845417639360949,4.9794022061e-07
-1.1513570373807605,-6.847470690908967,3.9906507254e-07
-1.1513546463480535,-6.84951545425281,3.6238955659e-07
-1.151351097552142,-6.851562876780598,2.0350978502e-07
-1.1513559802926159,-6.853605888045296,2.2335879635e-07
-1.1513541933102778,-6.855651297545985,1.9585202438e-07
-1.1513509339551673,-6.857703106484682,3.7965793354e-07
-1.1513506445143644,-6.859775505459846,3.6230613887e-07
-1.151352406327938,-6.861862132311745,1.4886330746e-07
-1.1513530355470714,-6.86392974724102,4.587665785e-07
-1.1513520791339888,-6.866011291820795,2.2195321492e-07
-1.1513503802423295,-6.868077055262177,5.7237173223e-08
-1.1513532746503432,-6.870143464860409,9.9961845024e-08
-1.1513509968770799,-6.872182263679503,1.085850343e-07
-1.1513529977939234,-6.874216092061309,4.8917763706e-07
-1.1513508081113406,-6.8762549033064975,2.4740131721e-07
-1.150206598286005,-6.852962999260335,3.0746090829e-07
-1.1502033766840423,-6.854837015657232,3.59770155e-07
-1.1502025838679344,-6.856749925725908,3.984119985e-07
-1.1502013631828154,-6.858719337240457,3.0750024393e-07
-1.1501961532483906,-6.86070280266644,3.3661027032e-07
-1.1501944921098775,-6.862699265785931,2.2478630513e-07
-1.1501955366136387,-6.864689155502111,4.3804968186e-07
-1.1501974116866573,-6.86668862573616,1.2217091694e-07
-1.1501933343466726,-6.868688642718314,2.3280925632e-07
-1.1501914215205078,-6.870686621821179,4.693529263e-07
-1.1501912201703837,-6.872645135651976,3.8201736174e-07
-1.1501895590318723,-6.874614994505881,1.1144572909e-07
-1.1501895967850202,-6.876576092964069,4.2013309098e-07
-1.1501910314046446,-6.878548138810381,1.605210258e-07
-1.150189923978969,-6.8805342882725,1.4651675428e-07
-1.150192352764824,-6.8825262531462466,1.9343562485e-07
-1.150189634538168,-6.884527376050696,2.8195398727e-07
-1.1501877091276198,-6.886512879355967,2.2614712236e-07
-1.1501874196868187,-6.888541960970162,3.5136423548e-07
-1.1501862745079954,-6.890575242603867,4.3850900511e-07
-1.1501848147196063,-6.892603765043869,3.2333642253e-07
-1.1501867904676852,-6.8946342632326925,6.3587026489e-07
-1.150186022820342,-6.896671049024687,8.4635075837e-08
-1.150185972482811,-6.898706778598756,1.1721008519e-07
-1.1501838960596718,-6.900742446042357,1.2788294157e-07
-1.1501835185281917,-6.902756591492504,7.5321175075e-08
-1.1501813791831381,-6.904780553556294,4.3112152071e-07
-1.1501815050269648,-6.906809945822819,2.4002525834e-07
-1.1501868282208332,-6.908838778915151,2.8598429935e-07
-1.150185972482811,-6.910859584751263,2.1962861751e-07
-1.150181140079868,-6.912888914887325,2.2881100392e-07
-1.1501801207448714,-6.91491964917192,3.6716991758e-07
-1.1501815805332605,-6.91693979642509,1.7017603682e-07
-1.1501787364627778,-6.918994736739278,9.1661192414e-08
-1.1501795544476505,-6.921050596584363,2.4257437303e-07
-1.150180057822957,-6.923101548122628,3.0553619013e-07
-1.150180712210857,-6.9251482623631055,3.5498032958e-07
-1.150178358931298,-6.927205004460813,4.2327116034e-07
-1.1501804227700556,-6.929247804481921,1.0863850264e-07
-1.150175867223529,-6.931273543477043,9.2842569188e-08
-1.150180108160488,-6.933295629200757,3.5731653725e-07
-1.150178610618951,-6.935322088909284,2.7831984539e-07
-1.1501783966844457,-6.937339800648184,1.0755753976e-07
-1.1501795796164167,-6.9393594260054385,2.7660658475e-07
-1.1501773521806844,-6.941381163798541,3.3827072343e-07
-1.1501743570976088,-6.943396601562381,7.3411349888e-08
-1.1501778178028432,-6.94540903221166,4.948252581e-07
-1.150177150830562,-6.9474148149010695,3.9520696049e-08
-1.1501777800496955,-6.94944615806423,2.0923384625e-07
-1.1501771759993267,-6.9514739225125455,1.4068744747e-07
-1.1490398120781626,-6.928617913390473,4.0167708448e-07
-1.1490304744662239,-6.930490264690874,2.5568465389e-07
-1.1490251009348245,-6.932370034368931,1.1065326788e-07
-1.1490213130356408,-6.934294699521796,1.7848667255e-07
-1.149020897751013,-6.936228075366004,1.9184192013e-07
-1.1490203440381752,-6.938172423450528,1.3882691974e-07
-1.149017223111273,-6.940113043707088,8.1586044587e-08
-1.14902074673842,-6.942061144471764,1.9973145982e-07
-1.1490184689651584,-6.9440005593972804,5.7374802509e-07
-1.1490144167939382,-6.945952387989923,2.2793069832e-07
-1.1490144042095567,-6.947905024278625,2.4630500661e-07
-1.1490116859828992,-6.949869539912445,3.0937687256e-07
-1.1490129695899323,-6.951828960848047,1.5067884362e-07
-1.1490108428292602,-6.953803181260675,4.2637174147e-07
-1.1490090432625388,-6.955783266789303,1.1371468389e-07
-1.1490089174187121,-6.957777505638106,5.4663439641e-07
-1.1490110945169136,-6.959778293038042,2.1847267817e-07
-1.1490084895497028,-6.961743964298529,3.1632336572e-07
-1.1490087412373562,-6.963744080689429,6.4220182594e-07
-1.1490054189603316,-6.965746955673025,3.6436125583e-07
-1.1490050036757036,-6.967749457873821,1.8690238335e-07
-1.149007646396064,-6.9697555512155605,4.6783691232e-07
-1.1490029901744767,-6.971763061131925,3.089920142e-07
-1.149002801408736,-6.973771850935892,1.8696384529e-07
-1.1490049785069374,-6.975781411157636,4.0423171299e-07
-1.1490077219023596,-6.977855177003056,4.5778091362e-07
-1.1490021218520714,-6.979974894541205,9.9657043506e-08
-1.1490045758066927,-6.982093357043937,3.0833660958e-07
-1.149005154688295,-6.984213410086603,2.3320426124e-07
-1.1490039214187928,-6.986333450703174,5.2171083098e-07
-1.149001631061148,-6.988446209629118,3.5403360243e-07
-1.1490021847739857,-6.99056423721859,5.0117392902e-07
-1.1490024364616391,-6.992591939536438,4.7074544796e-07
-1.1490026378117615,-6.994592490840598,4.8636088934e-08
-1.1490030279276247,-6.9965961362419735,2.6422131327e-07
-1.1490003222853502,-6.998601073957042,3.123320198e-07
-1.1490016562299126,-7.000602619348661,4.3929116345e-08
-1.1490011654389891,-7.002603518583433,2.05462797e-07
-1.1489985478873934,-7.004603498287305,5.223412245e-07
-1.1489992526128243,-7.0065906666890685,3.384753029e-07
-1.1489978054088166,-7.008589018574727,5.7561618405e-07
-1.1489965343861666,-7.010600542119206,8.1140626662e-08
-1.1489986485624555,-7.012614786978094,4.1081872837e-07
-1.1489965343861666,-7.014625863183216,1.9698454423e-07
-1.1489966979831427,-7.016630701489536,3.2734297406e-07
-1.1489965721393163,-7.018636446900664,4.0536758661e-07
-1.1489960184264785,-7.0206403283978105,3.6329731756e-07
-1.1489985982249245,-7.022615132836817,1.5172516044e-07
-1.1489994036254156,-7.024609558077024,3.8897834287e-08
-1.1489970755146228,-7.0265980436446664,1.2533318738e-07
-1.1478605799158623,-7.0039956759374125,2.6140409659e-07
-1.1478540360368752,-7.005816396820484,1.8227773069e-07
-1.1478491910495472,-7.007668903650014,2.5062018949e-07
-1.1478487631805379,-7.009571537339599,7.654113432e-08
-1.147845377981599,-7.011481241476221,7.1148711811e-08
-1.147844308309073,-7.013405546272382,3.1495400776e-07
-1.1478445222435785,-7.015328993668107,3.4781049862e-07
-1.1478392493872396,-7.017254640482334,4.14157455e-07
-1.1478385698305769,-7.01918768082203,3.1408586665e-07
-1.1478363298104612,-7.021122597501799,5.1543287327e-07
-1.1478360152008937,-7.0230282507320325,2.2994430537e-07
-1.147835990032129,-7.024947411125599,1.0030974806e-07
-1.1478310317853575,-7.026865614709988,9.4538513906e-08
-1.14783552440997,-7.02879247928135,3.0973140497e-07
-1.1478334857399786,-7.03073040307568,1.0401246442e-07
-1.1478310192009744,-7.032676217439204,2.0792661815e-07
-1.1478299746972132,-7.034625883891626,1.2350899681e-07
-1.14783288168961,-7.036581328477398,1.0777390003e-07
-1.1478324538205988,-7.038546838198677,6.8479630499e-07
-1.1478297733470908,-7.040537038567184,2.700866446e-07
-1.1478287540120942,-7.042531625346602,5.4663115634e-07
-1.1478294713219064,-7.044525889047592,2.5117813607e-07
-1.1478275836645062,-7.046517754512593,2.9291146575e-07
-1.1478293832312274,-7.048518889843137,3.8934794588e-07
-1.1478276340020372,-7.0505174281201946,4.5214687816e-07
-1.1478291189591927,-7.052495749143587,2.4563374268e-07
-1.147826312641858,-7.054475660706907,2.1013575235e-07
-1.1478258092665512,-7.056454677591518,2.0376737098e-07
-1.1478258596040805,-7.058436080286025,2.2946838385e-07
-1.147822172379959,-7.06041402852662,1.0129409134e-07
-1.1478218326016267,-7.062391467297389,2.5364292355e-07
-1.147826262304327,-7.064374584792761,9.6204509248e-08
-1.1478229400273023,-7.066356310565694,1.2447104325e-07
-1.1478252933068613,-7.068317496006532,2.6003368703e-07
-1.1478237580121748,-7.070308429514543,2.9884330388e-07
-1.14782184518601,-7.0723062719303815,9.9711115809e-08
-1.147822927442919,-7.074296472298888,7.2169498821e-08
-1.1478203728132377,-7.076288710546687,2.0025269976e-07
-1.147818422233925,-7.078286167753637,2.048095098e-07
-1.1478200456192886,-7.080275485869525,2.3161369711e-07
-1.1478210397855189,-7.082268991578832,1.0612665591e-07
-1.1478184725714542,-7.084227890618519,3.1631068964e-07
-1.1478200707880533,-7.086206137085347,1.9705845489e-07
-1.1478184599870729,-7.0881873658145516,2.259826033e-07
-1.1478195674127465,-7.090162045992627,2.4674505994e-07
-1.1478195296595988,-7.092134613734855,6.1792258066e-07
-1.147818183130653,-7.094108958408413,4.80089966e-07
-1.1478197813472522,-7.096080295967415,4.1324227595e-07
-1.1478164716546106,-7.098044674914209,2.9959068115e-07
-1.1478183593120108,-7.100037745710254,2.4413600386e-07
-1.1466695561870022,-7.077636655860989,8.7745391397e-08
-1.1466615776883904,-7.079464857252179,1.4277004823e-07
-1.146661363753885,-7.0813382896226935,3.0386087246e-07
-1.1466546185247752,-7.083207074634341,2.7754504117e-07
-1.1466558014567463,-7.085100351475731,1.6341699904e-07
-1.1466544297590344,-7.08700181711255,4.118896868e-07
-1.1466567830385934,-7.088904873289302,2.0191470185e-07
-1.1466519506356485,-7.090814229495316,9.4954188512e-08
-1.1466528818799664,-7.092724977423772,3.6506639844e-07
-1.146652642776696,-7.094632333028779,1.2301379115e-07
-1.146648678696155,-7.096540856686547,5.1593150374e-07
-1.1466512081570717,-7.098438258990883,3.2416642171e-07
-1.1466488548775127,-7.100381128370314,1.7347413461e-07
-1.1466508809631226,-7.102322407209813,3.4912758906e-07
-1.1466468162075212,-7.104279641153007,3.4525788806e-07
-1.1466504405097284,-7.1062462319443975,2.070511016e-07
-1.1466478481268991,-7.108223869532658,4.8229566119e-07
-1.1466487667868337,-7.110199195867583,4.4894008511e-07
-1.1466449411345023,-7.112184860712064,4.1199945144e-07
-1.1466448530438254,-7.114139162097262,2.7109931011e-07
-1.1466463631697454,-7.116103106130794,1.8379849109e-07
-1.1466443370841355,-7.118066615251065,9.7380905117e-08
-1.1466420341421073,-7.120029614901512,4.2458944449e-07
-1.1466433429179035,-7.1220000950600815,4.042418027e-07
-1.1466459227163512,-7.123965331407307,2.9754204434e-07
-1.1466400080564974,-7.125936047661648,4.2807263867e-07
-1.1466429024645108,-7.127902663305222,2.1003320683e-07
-1.1466421851546986,-7.129864010285273,1.3521126618e-07
-1.146640410756742,-7.13185076862596,4.1836685227e-07
-1.1466417321169229,-7.133833873695241,9.8290328765e-08
-1.1466424116735874,-7.135821514288542,5.3947616152e-07
-1.1466374408424327,-7.137805414627791,3.6704113882e-07
-1.1466418831295142,-7.139787065844161,1.61114599e-07
-1.1466387118650827,-7.141774594602627,3.2367864833e-07
-1.1466388880464404,-7.143755773627459,2.5913138302e-07
-1.146639945134583,-7.145710137143119,3.7192840807e-08
-1.146637126232867,-7.147683785955459,1.4815489635e-07
-1.146638598605639,-7.149655744819121,2.513928905e-07
-1.1466392529935372,-7.1516289462921,9.4054193767e-08
-1.146639995472114,-7.153602793921934,4.8637514283e-07
-1.1466394543436595,-7.155572714906303,3.0384853744e-07
-1.1466420341421073,-7.157539516941279,2.8186380518e-07
-1.1466389006308217,-7.159500491138532,1.964269245e-07
-1.1466411406509374,-7.161488579071194,1.1028634361e-07
-1.1466387118650827,-7.163479152222499,1.6868135333e-07
-1.1466349365502824,-7.1654702721219055,2.1275552342e-07
-1.1466391523184751,-7.167460807994932,1.2065571298e-07
-1.1466403604192128,-7.169451219607024,9.8401834236e-08
-1.1466380071396536,-7.171440401035889,2.5208333909e-07
-1.146633363502448,-7.173427308489695,3.6102039758e-07
-1.1455015870471887,-7.151335280431017,2.7987755402e-07
-1.1454980382512772,-7.153140319584445,4.0042058913e-07
-1.1454920480851276,-7.154984202705279,1.3695733969e-07
-1.145489568961742,-7.15684543265225,4.89671379e-08
-1.1454899968307528,-7.158720952606425,2.1818981111e-07
-1.1454880084982906,-7.160597963691787,2.4676310773e-07
-1.145487505122984,-7.162509606298953,2.0499386721e-07
-1.1454844597023772,-7.164423199802758,5.5117669717e-07
-1.14548474914318,-7.166344522336543,2.1935990446e-07
-1.1454833019391726,-7.168258935962498,3.5871994442e-07
-1.1454813261910934,-7.170177549607963,3.1931983813e-07
-1.1454793001054835,-7.172095579227045,1.3877927074e-07
-1.1454771859291963,-7.17401092480999,1.3555070666e-07
-1.1454740398335292,-7.175909867949887,2.5941761805e-07
-1.145476002997225,-7.177834570381032,1.0363588387e-07
-1.1454761036722871,-7.179764379936486,1.5381853302e-07
-1.1454747948964894,-7.181700787747443,7.7139134191e-08
-1.1454753737780918,-7.183644738196982,1.148930977e-07
-1.1454755247906832,-7.185585346027447,2.3416967565e-07
-1.1454746816370442,-7.187536304793567,2.7172734463e-07
-1.145473700055197,-7.189484517393082,1.3200387627e-07
-1.1454757261408073,-7.191432295079333,4.3620968881e-07
-1.1454744173650093,-7.193397680539681,3.2000463079e-07
-1.1454716362164392,-7.1953668683845535,2.5773570655e-07
-1.1454705791282949,-7.197338640856817,1.2070245248e-07
-1.1454740146647628,-7.199308723380402,3.9753479086e-07
-1.1454706546345905,-7.201280918339832,5.1167609172e-07
-1.1454713090224902,-7.203248217418537,5.827140015e-08
-1.145471158009897,-7.205219716516748,2.5701314144e-07
-1.1454708937378624,-7.207161914887146,1.610251843e-07
-1.1454694465338546,-7.2091310281754595,1.5237415596e-07
-1.14547069238774,-7.211089840232492,7.2390157868e-08
-1.1454695849620646,-7.213051771238922,3.840769125e-07
-1.1454675085389234,-7.215012658453524,3.8952574499e-08
-1.1454737126395802,-7.21697461431214,3.7184676671e-07
-1.1454683139394146,-7.218932531690463,2.8386827466e-07
-1.145467017748,-7.2208862117709955,1.537746499e-07
-1.1454669296573212,-7.222824632609055,3.2092819424e-07
-1.1454692955212633,-7.224776212679834,1.5140264509e-07
-1.1454654321157842,-7.226732713483526,3.3480180406e-08
-1.1454629907455463,-7.228689027895821,2.113978752e-07
-1.1454692325993492,-7.230643118037432,3.3349394357e-07
-1.145465520206463,-7.23259712119639,6.8979085199e-07
-1.1454663381913355,-7.234545271665438,1.7444502021e-07
-1.145465948075474,-7.236491533368319,4.4915825725e-08
-1.1454664514507809,-7.23843695009686,3.4666395976e-08
-1.14546725685127,-7.240390841420977,2.4943372523e-07
-1.1454640352493075,-7.242346609085171,1.3797672693e-07
-1.1454680496673797,-7.244301295679257,1.2024929674e-07
-1.145465193012514,-7.2462541680637305,2.4916209895e-07
-1.1442799706840625,-7.224608050360275,2.4228353368e-07
-1.1442704317219994,-7.226387355074644,2.3805222327e-07
-1.144267273041951,-7.228212586629555,2.5549854854e-07
-1.1442619876012305,-7.2300514123304485,3.8591468865e-07
-1.1442604900596918,-7.231902241637393,1.9095420356e-08
-1.1442609305130862,-7.233761135478838,1.8779792299e-07
-1.144259797918646,-7.235625124018506,2.7021525284e-07
-1.1442575956516783,-7.237482216076434,3.634446557e-07
-1.1442580235206894,-7.239361289893269,1.8470403518e-07
-1.1442567524980394,-7.241243172007174,2.3429554119e-07
-1.144253593817991,-7.2431237245291005,2.072525831e-07
-1.14425340505225,-7.245007420852614,2.4360582529e-07
-1.1442533798834853,-7.246892471620293,4.0755128339e-07
-1.1442493654654131,-7.248785574496375,3.527510728e-07
-1.1442512657071964,-7.250692942527472,2.0754471564e-07
-1.1442488369213417,-7.252595737756266,2.7847920592e-07
-1.144250586150532,-7.2545340591855805,1.0059687128e-07
-1.1442537448305823,-7.256478618513689,2.8519602324e-07
-1.1442444198030248,-7.258423177841797,3.1435939718e-07
-1.1442504728910885,-7.260372558494075,3.8766028609e-08
-1.1442474023017173,-7.262322224946497,4.3552043394e-07
-1.1442444575561725,-7.264273519217133,5.1010363222e-07
-1.144245137112837,-7.266230529490648,1.1141762002e-07
-1.1442450238533937,-7.26816379350002,2.1644987669e-07
-1.1442443065435812,-7.270111683021114,1.5320408409e-07
-1.144244432387408,-7.272062368413181,3.0577777466e-07
-1.1442432368710538,-7.2740094129599315,4.6037607149e-07
-1.144243626986917,-7.2759573646114895,4.5072127364e-07
-1.1442421671985277,-7.277908671308221,1.868352939e-07
-1.14423845480564,-7.279862562632338,2.249545048e-07
-1.144240808085199,-7.28181180659759,3.0666893736e-07
-1.1442394363874886,-7.283748599617435,2.5584941454e-07
-1.1442433375461156,-7.285718470897436,7.1606490337e-07
-1.1442395622313153,-7.287694356406554,8.158558984e-08
-1.1442391595310706,-7.289668887471512,3.0194613032e-07
-1.1442366678233018,-7.291641442787649,3.5356907802e-07
-1.1442407829164343,-7.29361070518908,1.9195664436e-07
-1.144237385133114,-7.295583794827222,1.6847818074e-07
-1.1442392224529832,-7.297553753089874,2.7702554917e-07
-1.1442390588560087,-7.2995010834367715,1.810532666e-07
-1.1442365293950918,-7.301446276495635,2.116432114e-07
-1.1442367181608328,-7.303399024619177,8.8443002255e-08
-1.1442369446797198,-7.305345298748149,3.7888111137e-07
-1.1442383037930486,-7.307295487096487,1.5593509772e-07
-1.1442386813245287,-7.309239164171977,4.2038010406e-07
-1.1442382031179865,-7.3111891537028235,5.2660215033e-07
-1.1442351954505294,-7.3131402118776885,4.1918622173e-07
-1.1442374480550264,-7.3150780983937365,2.6819387244e-07
-1.1442338237528191,-7.3170351583716275,2.7423405413e-07
-1.1442335468963993,-7.318997027247594,2.9892487419e-07
-1.1430249302005688,-7.297409337034464,3.047832422e-07
-1.1430260879637753,-7.299189735245033,2.7092121968e-07
-1.1430203998228083,-7.301000863184138,7.3608688922e-08
-1.1430194685784905,-7.30284040959844,3.6140252746e-07
-1.1430172033896104,-7.304689673217638,1.9892566172e-07
-1.1430165490017123,-7.306551275947405,2.7049063078e-07
-1.143013994372031,-7.3084107041108615,1.8023065707e-07
-1.1430158568606665,-7.310280793862297,1.820289981e-07
-1.1430156806793088,-7.312150784204989,1.2293956786e-07
-1.1430110496264863,-7.31402517338468,5.3942109446e-08
-1.1430109363670429,-7.315899798660142,6.3956764507e-07
-1.1430105210824149,-7.317792566031708,3.8014920278e-07
-1.143008494996805,-7.319693174268095,3.3429054724e-07
-1.1430085579187172,-7.321603077222214,1.6957241655e-07
-1.1430069345333538,-7.323516360073685,1.7692580911e-07
-1.1430082936466825,-7.325438154799014,5.2091399994e-07
-1.1430068590270581,-7.327371654904158,1.7124635576e-07
-1.143008029374646,-7.329302694642843,1.1532257105e-07
-1.1430047700195356,-7.331219245556832,6.4429684699e-08
-1.1430048581102144,-7.333155603663415,1.3831531476e-07
-1.1430061291328626,-7.335089451699167,2.0797716616e-07
-1.143004832941448,-7.337028655381099,1.0816113338e-08
-1.143003184387318,-7.338970903455869,3.0051393196e-07
-1.1430039016971303,-7.340906168066249,2.5639650403e-07
-1.1430010072891166,-7.3428496090459685,3.2231224623e-07
-1.1430011834704743,-7.344790316285179,2.8403883334e-07
-1.143000654926403,-7.346723555442361,2.132642436e-07
-1.1429996104226416,-7.348694893001364,2.1516889603e-07
-1.143001347067449,-7.350660738227158,1.0919183779e-07
-1.14300163650825,-7.352631268090097,2.5827733907e-07
-1.1429981883874003,-7.354598082551168,2.8343421832e-07
-1.1429980247904241,-7.356570613015114,3.358825893e-07
-1.1430002773949228,-7.358538135763496,3.793610972e-07
-1.1429984274906706,-7.3605036827630554,3.6396892256e-07
-1.1430004787450452,-7.362443346210435,3.8085661913e-07
-1.1430002018886272,-7.364387520329655,2.2071512262e-07
-1.1429970683773418,-7.366322399731145,2.855122716e-07
-1.1429990315410377,-7.368268350781692,1.6751552323e-07
-1.1429983268156085,-7.370208138490007,1.7199747049e-07
-1.1429977605183894,-7.372144546300963,2.862214501e-07
-1.1429949416166714,-7.374078630432487,3.1893850405e-07
-1.1429954701607428,-7.376012043554977,1.7124804685e-07
-1.142995382070064,-7.377939864935516,3.0937323459e-07
-1.1429970306241939,-7.379888574578761,2.8308551236e-07
-1.142997370402526,-7.381831965854107,7.6064836207e-08
-1.1429959861204326,-7.383786652448192,2.5913448098e-07
-1.1429956966796315,-7.385731572133004,3.3886965412e-07
-1.142997559168267,-7.387677485905273,4.291645439e-07
-1.1429973452337614,-7.389621771859332,4.242387206e-07
-1.1429924876620503,-7.391565274969518,1.9335168133e-07
-1.1417856076110284,-7.369882239343106,2.0622148611e-07
-1.1417823105027702,-7.371648943998946,6.74973748e-08
-1.1417781828252545,-7.37346322816573,3.7849920886e-07
-1.1417765216867413,-7.375281998152166,2.2172076797e-07
-1.1417778556313054,-7.3771116285440765,5.2611136425e-07
-1.1417730358127438,-7.378952628811286,2.1023718944e-07
-1.141772519853054,-7.380817251081705,2.1410997419e-07
-1.1417714501805263,-7.3826740449133945,5.6207932175e-07
-1.1417706699488015,-7.384542705664112,1.6711082296e-08
-1.1417678888002314,-7.386408371726362,2.2268784505e-07
-1.141766504518138,-7.388273317075207,1.8674440128e-07
-1.1417691472384983,-7.39014273581761,3.0988013577e-07
-1.1417670330622112,-7.392009197149829,2.4751224714e-07
-1.1417660263115976,-7.393867084477722,8.8253031549e-08
-1.1417657368707947,-7.395749078426463,2.6969425448e-07
-1.1417664164274592,-7.39763192977564,4.8298187494e-07
-1.1417659633896835,-7.3995307983589775,1.9068710344e-07
-1.1417632577474106,-7.4014310338125675,3.091885219e-07
-1.1417654474299936,-7.403337370477929,4.186981073e-08
0.0,0.0,0.0
0.0,0.0,0.0
0.0,0.0,0.0
0.0,0.0,0.0
0.0,0.0,0.0
0.0,0.0,0.0
0.0,0.0,0.0
0.0,0.0,0.0
0.0,0.0,0.0
0.0,0.0,0.0
0.0,0.0,0.0
0.0,0.0,0.0
0.0,0.0,0.0
0.0,0.0,0.0
0.0,0.0,0.0
0.0,0.0,0.0
0.0,0.0,0.0
0.0,0.0,0.0
0.0,0.0,0.0
0.0,0.0,0.0
0.0,0.0,0.0
0.0,0.0,0.0
0.0,0.0,0.0
0.0,0.0,0.0
0.0,0.0,0.0
0.0,0.0,0.0
0.0,0.0,0.0
0.0,0.0,0.0
0.0,0.0,0.0
0.0,0.0,0.0
0.0,0.0,0.0
0.0,0.0,0.0
0.0,0.0,0.0
0.0,0.0,0.0
0.0,0.0,0.0
0.0,0.0,0.0
0.0,0.0,0.0
0.0,0.0,0.0
0.0,0.0,0.0
0.0,0.0,0.0
0.0,0.0,0.0
0.0,0.0,0.0
0.0,0.0,0.0
0.0,0.0,0.0
0.0,0.0,0.0
0.0,0.0,0.0
0.0,0.0,0.0
0.0,0.0,0.0
0.0,0.0,0.0
0.0,0.0,0.0
0.0,0.0,0.0
0.0,0.0,0.0
0.0,0.0,0.0
0.0,0.0,0.0
0.0,0.0,0.0
0.0,0.0,0.0
0.0,0.0,0.0
0.0,0.0,0.0
0.0,0.0,0.0
0.0,0.0,0.0
0.0,0.0,0.0
0.0,0.0,0.0
0.0,0.0,0.0
0.0,0.0,0.0
0.0,0.0,0.0
0.0,0.0,0.0
0.0,0.0,0.0
0.0,0.0,0.0
0.0,0.0,0.0
0.0,0.0,0.0
0.0,0.0,0.0
0.0,0.0,0.0
0.0,0.0,0.0
0.0,0.0,0.0
0.0,0.0,0.0
0.0,0.0,0.0
0.0,0.0,0.0
0.0,0.0,0.0
0.0,0.0,0.0
0.0,0.0,0.0
0.0,0.0,0.0
0.0,0.0,0.0
0.0,0.0,0.0
0.0,0.0,0.0
0.0,0.0,0.0
0.0,0.0,0.0
0.0,0.0,0.0
0.0,0.0,0.0
0.0,0.0,0.0
0.0,0.0,0.0
0.0,0.0,0.0
0.0,0.0,0.0
0.0,0.0,0.0
0.0,0.0,0.0
0.0,0.0,0.0
0.0,0.0,0.0
0.0,0.0,0.0
0.0,0.0,0.0
0.0,0.0,0.0
0.0,0.0,0.0
0.0,0.0,0.0
0.0,0.0,0.0
0.0,0.0,0.0
0.0,0.0,0.0
0.0,0.0,0.0
0.0,0.0,0.0
0.0,0.0,0.0
0.0,0.0,0.0
0.0,0.0,0.0
0.0,0.0,0.0
0.0,0.0,0.0
0.0,0.0,0.0
0.0,0.0,0.0
0.0,0.0,0.0
0.0,0.0,0.0
0.0,0.0,0.0
0.0,0.0,0.0
0.0,0.0,0.0
0.0,0.0,0.0
0.0,0.0,0.0
0.0,0.0,0.0
0.0,0.0,0.0
0.0,0.0,0.0
0.0,0.0,0.0
0.0,0.0,0.0
0.0,0.0,0.0
0.0,0.0,0.0
0.0,0.0,0.0
0.0,0.0,0.0
0.0,0.0,0.0
0.0,0.0,0.0
0.0,0.0,0.0
0.0,0.0,0.0
0.0,0.0,0.0
0.0,0.0,0.0
0.0,0.0,0.0
0.0,0.0,0.0
0.0,0.0,0.0
0.0,0.0,0.0
0.0,0.0,0.0
0.0,0.0,0.0
0.0,0.0,0.0
0.0,0.0,0.0
0.0,0.0,0.0
0.0,0.0,0.0
0.0,0.0,0.0
0.0,0.0,0.0
0.0,0.0,0.0
0.0,0.0,0.0
0.0,0.0,0.0
0.0,0.0,0.0
0.0,0.0,0.0
0.0,0.0,0.0
0.0,0.0,0.0
0.0,0.0,0.0
0.0,0.0,0.0
0.0,0.0,0.0
0.0,0.0,0.0
0.0,0.0,0.0
0.0,0.0,0.0
0.0,0.0,0.0
0.0,0.0,0.0
0.0,0.0,0.0
0.0,0.0,0.0
0.0,0.0,0.0
0.0,0.0,0.0
0.0,0.0,0.0
0.0,0.0,0.0
0.0,0.0,0.0
0.0,0.0,0.0
0.0,0.0,0.0
0.0,0.0,0.0
0.0,0.0,0.0
0.0,0.0,0.0
0.0,0.0,0.0
0.0,0.0,0.0
0.0,0.0,0.0
0.0,0.0,0.0
0.0,0.0,0.0
0.0,0.0,0.0
0.0,0.0,0.0
0.0,0.0,0.0
0.0,0.0,0.0
0.0,0.0,0.0
0.0,0.0,0.0
0.0,0.0,0.0
0.0,0.0,0.0
0.0,0.0,0.0
0.0,0.0,0.0
0.0,0.0,0.0
0.0,0.0,0.0
0.0,0.0,0.0
0.0,0.0,0.0
0.0,0.0,0.0
0.0,0.0,0.0
0.0,0.0,0.0
0.0,0.0,0.0
0.0,0.0,0.0
0.0,0.0,0.0
0.0,0.0,0.0
0.0,0.0,0.0
0.0,0.0,0.0
0.0,0.0,0.0
0.0,0.0,0.0
0.0,0.0,0.0
0.0,0.0,0.0
0.0,0.0,0.0
0.0,0.0,0.0
0.0,0.0,0.0
0.0,0.0,0.0
0.0,0.0,0.0
0.0,0.0,0.0
0.0,0.0,0.0
0.0,0.0,0.0
0.0,0.0,0.0
0.0,0.0,0.0
0.0,0.0,0.0
0.0,0.0,0.0
0.0,0.0,0.0
0.0,0.0,0.0
0.0,0.0,0.0
0.0,0.0,0.0
0.0,0.0,0.0
0.0,0.0,0.0
0.0,0.0,0.0
0.0,0.0,0.0
0.0,0.0,0.0
0.0,0.0,0.0
0.0,0.0,0.0
0.0,0.0,0.0
0.0,0.0,0.0
0.0,0.0,0.0
0.0,0.0,0.0
0.0,0.0,0.0
0.0,0.0,0.0
0.0,0.0,0.0
0.0,0.0,0.0
0.0,0.0,0.0
0.0,0.0,0.0
0.0,0.0,0.0
0.0,0.0,0.0
0.0,0.0,0.0
0.0,0.0,0.0
0.0,0.0,0.0
0.0,0.0,0.0
0.0,0.0,0.0
0.0,0.0,0.0
0.0,0.0,0.0
0.0,0.0,0.0
0.0,0.0,0.0
0.0,0.0,0.0
0.0,0.0,0.0
0.0,0.0,0.0
0.0,0.0,0.0
0.0,0.0,0.0
0.0,0.0,0.0
0.0,0.0,0.0
0.0,0.0,0.0
0.0,0.0,0.0
0.0,0.0,0.0
0.0,0.0,0.0
0.0,0.0,0.0
0.0,0.0,0.0
0.0,0.0,0.0
0.0,0.0,0.0
0.0,0.0,0.0
0.0,0.0,0.0
0.0,0.0,0.0
0.0,0.0,0.0
0.0,0.0,0.0
0.0,0.0,0.0
0.0,0.0,0.0
0.0,0.0,0.0
0.0,0.0,0.0
0.0,0.0,0.0
0.0,0.0,0.0
0.0,0.0,0.0
0.0,0.0,0.0
0.0,0.0,0.0
0.0,0.0,0.0
0.0,0.0,0.0
0.0,0.0,0.0
0.0,0.0,0.0
0.0,0.0,0.0
0.0,0.0,0.0
0.0,0.0,0.0
0.0,0.0,0.0
0.0,0.0,0.0
0.0,0.0,0.0
0.0,0.0,0.0
0.0,0.0,0.0
0.0,0.0,0.0
0.0,0.0,0.0
0.0,0.0,0.0
0.0,0.0,0.0
0.0,0.0,0.0
0.0,0.0,0.0
0.0,0.0,0.0
0.0,0.0,0.0
0.0,0.0,0.0
0.0,0.0,0.0
0.0,0.0,0.0
0.0,0.0,0.0
0.0,0.0,0.0
0.0,0.0,0.0
0.0,0.0,0.0
0.0,0.0,0.0
0.0,0.0,0.0
0.0,0.0,0.0
0.0,0.0,0.0
0.0,0.0,0.0
0.0,0.0,0.0
0.0,0.0,0.0
0.0,0.0,0.0
0.0,0.0,0.0
0.0,0.0,0.0
0.0,0.0,0.0
0.0,0.0,0.0
0.0,0.0,0.0
0.0,0.0,0.0
0.0,0.0,0.0
0.0,0.0,0.0
0.0,0.0,0.0
0.0,0.0,0.0
0.0,0.0,0.0
0.0,0.0,0.0
0.0,0.0,0.0
0.0,0.0,0.0
0.0,0.0,0.0
0.0,0.0,0.0
0.0,0.0,0.0
0.0,0.0,0.0
0.0,0.0,0.0
0.0,0.0,0.0
0.0,0.0,0.0
0.0,0.0,0.0
0.0,0.0,0.0
0.0,0.0,0.0
0.0,0.0,0.0
0.0,0.0,0.0
0.0,0.0,0.0
0.0,0.0,0.0
0.0,0.0,0.0
0.0,0.0,0.0
0.0,0.0,0.0
0.0,0.0,0.0
0.0,0.0,0.0
0.0,0.0,0.0
0.0,0.0,0.0
0.0,0.0,0.0
0.0,0.0,0.0
0.0,0.0,0.0
0.0,0.0,0.0
0.0,0.0,0.0
0.0,0.0,0.0
0.0,0.0,0.0
0.0,0.0,0.0
0.0,0.0,0.0
0.0,0.0,0.0
0.0,0.0,0.0
0.0,0.0,0.0
0.0,0.0,0.0
0.0,0.0,0.0
0.0,0.0,0.0
0.0,0.0,0.0
0.0,0.0,0.0
0.0,0.0,0.0
0.0,0.0,0.0
0.0,0.0,0.0
0.0,0.0,0.0
0.0,0.0,0.0
0.0,0.0,0.0
0.0,0.0,0.0
0.0,0.0,0.0
0.0,0.0,0.0
0.0,0.0,0.0
0.0,0.0,0.0
0.0,0.0,0.0
0.0,0.0,0.0
0.0,0.0,0.0
0.0,0.0,0.0
0.0,0.0,0.0
0.0,0.0,0.0
0.0,0.0,0.0
0.0,0.0,0.0
0.0,0.0,0.0
0.0,0.0,0.0
0.0,0.0,0.0
0.0,0.0,0.0
0.0,0.0,0.0
0.0,0.0,0.0
0.0,0.0,0.0
0.0,0.0,0.0
0.0,0.0,0.0
0.0,0.0,0.0
0.0,0.0,0.0
0.0,0.0,0.0
0.0,0.0,0.0
0.0,0.0,0.0
0.0,0.0,0.0
0.0,0.0,0.0
0.0,0.0,0.0
0.0,0.0,0.0
0.0,0.0,0.0
0.0,0.0,0.0
0.0,0.0,0.0
0.0,0.0,0.0
0.0,0.0,0.0
0.0,0.0,0.0
0.0,0.0,0.0
0.0,0.0,0.0
0.0,0.0,0.0
0.0,0.0,0.0
0.0,0.0,0.0
0.0,0.0,0.0
0.0,0.0,0.0
0.0,0.0,0.0
0.0,0.0,0.0
0.0,0.0,0.0
0.0,0.0,0.0
0.0,0.0,0.0
0.0,0.0,0.0
0.0,0.0,0.0
0.0,0.0,0.0
0.0,0.0,0.0
0.0,0.0,0.0
0.0,0.0,0.0
0.0,0.0,0.0
0.0,0.0,0.0
0.0,0.0,0.0
0.0,0.0,0.0
0.0,0.0,0.0
0.0,0.0,0.0
0.0,0.0,0.0
0.0,0.0,0.0
0.0,0.0,0.0
0.0,0.0,0.0
0.0,0.0,0.0
0.0,0.0,0.0
0.0,0.0,0.0
0.0,0.0,0.0
0.0,0.0,0.0
0.0,0.0,0.0
0.0,0.0,0.0
0.0,0.0,0.0
0.0,0.0,0.0
0.0,0.0,0.0
0.0,0.0,0.0
0.0,0.0,0.0
0.0,0.0,0.0
0.0,0.0,0.0
0.0,0.0,0.0
0.0,0.0,0.0
0.0,0.0,0.0
0.0,0.0,0.0
0.0,0.0,0.0
0.0,0.0,0.0
0.0,0.0,0.0
0.0,0.0,0.0
0.0,0.0,0.0
0.0,0.0,0.0
0.0,0.0,0.0
0.0,0.0,0.0
0.0,0.0,0.0
0.0,0.0,0.0
0.0,0.0,0.0
0.0,0.0,0.0
0.0,0.0,0.0
0.0,0.0,0.0
0.0,0.0,0.0
0.0,0.0,0.0
0.0,0.0,0.0
0.0,0.0,0.0
0.0,0.0,0.0
0.0,0.0,0.0
0.0,0.0,0.0
0.0,0.0,0.0
0.0,0.0,0.0
0.0,0.0,0.0
0.0,0.0,0.0
0.0,0.0,0.0
0.0,0.0,0.0
0.0,0.0,0.0
0.0,0.0,0.0
0.0,0.0,0.0
0.0,0.0,0.0
0.0,0.0,0.0
0.0,0.0,0.0
0.0,0.0,0.0
0.0,0.0,0.0
0.0,0.0,0.0
0.0,0.0,0.0
0.0,0.0,0.0
0.0,0.0,0.0
0.0,0.0,0.0
0.0,0.0,0.0
0.0,0.0,0.0
0.0,0.0,0.0
0.0,0.0,0.0
0.0,0.0,0.0
0.0,0.0,0.0
0.0,0.0,0.0
0.0,0.0,0.0
0.0,0.0,0.0
0.0,0.0,0.0
0.0,0.0,0.0
0.0,0.0,0.0
0.0,0.0,0.0
0.0,0.0,0.0
0.0,0.0,0.0
0.0,0.0,0.0
0.0,0.0,0.0
0.0,0.0,0.0
0.0,0.0,0.0
0.0,0.0,0.0
0.0,0.0,0.0
0.0,0.0,0.0
0.0,0.0,0.0
0.0,0.0,0.0
0.0,0.0,0.0
0.0,0.0,0.0
0.0,0.0,0.0
0.0,0.0,0.0
0.0,0.0,0.0
0.0,0.0,0.0
0.0,0.0,0.0
0.0,0.0,0.0
0.0,0.0,0.0
0.0,0.0,0.0
0.0,0.0,0.0
0.0,0.0,0.0
0.0,0.0,0.0
0.0,0.0,0.0
0.0,0.0,0.0
0.0,0.0,0.0
0.0,0.0,0.0
0.0,0.0,0.0
0.0,0.0,0.0
0.0,0.0,0.0
0.0,0.0,0.0
0.0,0.0,0.0
0.0,0.0,0.0
0.0,0.0,0.0
0.0,0.0,0.0
0.0,0.0,0.0
0.0,0.0,0.0
0.0,0.0,0.0
0.0,0.0,0.0
0.0,0.0,0.0
0.0,0.0,0.0
0.0,0.0,0.0
0.0,0.0,0.0
0.0,0.0,0.0
0.0,0.0,0.0
0.0,0.0,0.0
0.0,0.0,0.0
0.0,0.0,0.0
0.0,0.0,0.0
0.0,0.0,0.0
0.0,0.0,0.0
0.0,0.0,0.0
0.0,0.0,0.0
0.0,0.0,0.0
0.0,0.0,0.0
0.0,0.0,0.0
0.0,0.0,0.0
0.0,0.0,0.0
0.0,0.0,0.0
0.0,0.0,0.0
0.0,0.0,0.0
0.0,0.0,0.0
0.0,0.0,0.0
0.0,0.0,0.0
0.0,0.0,0.0
0.0,0.0,0.0
0.0,0.0,0.0
0.0,0.0,0.0
0.0,0.0,0.0
0.0,0.0,0.0
0.0,0.0,0.0
0.0,0.0,0.0
0.0,0.0,0.0
0.0,0.0,0.0
0.0,0.0,0.0
0.0,0.0,0.0
0.0,0.0,0.0
0.0,0.0,0.0
0.0,0.0,0.0
0.0,0.0,0.0
0.0,0.0,0.0
0.0,0.0,0.0
0.0,0.0,0.0
0.0,0.0,0.0
0.0,0.0,0.0
0.0,0.0,0.0
0.0,0.0,0.0
0.0,0.0,0.0
0.0,0.0,0.0
0.0,0.0,0.0
0.0,0.0,0.0
0.0,0.0,0.0
0.0,0.0,0.0
0.0,0.0,0.0
0.0,0.0,0.0
0.0,0.0,0.0
0.0,0.0,0.0
0.0,0.0,0.0
0.0,0.0,0.0
0.0,0.0,0.0
0.0,0.0,0.0
0.0,0.0,0.0
0.0,0.0,0.0
0.0,0.0,0.0
0.0,0.0,0.0
0.0,0.0,0.0
0.0,0.0,0.0
0.0,0.0,0.0
0.0,0.0,0.0
0.0,0.0,0.0
0.0,0.0,0.0
0.0,0.0,0.0
0.0,0.0,0.0
0.0,0.0,0.0
0.0,0.0,0.0
0.0,0.0,0.0
0.0,0.0,0.0
0.0,0.0,0.0
0.0,0.0,0.0
0.0,0.0,0.0
0.0,0.0,0.0
0.0,0.0,0.0
0.0,0.0,0.0
0.0,0.0,0.0
0.0,0.0,0.0
0.0,0.0,0.0
0.0,0.0,0.0
0.0,0.0,0.0
0.0,0.0,0.0
0.0,0.0,0.0
0.0,0.0,0.0
0.0,0.0,0.0
0.0,0.0,0.0
0.0,0.0,0.0
0.0,0.0,0.0
0.0,0.0,0.0
0.0,0.0,0.0
0.0,0.0,0.0
0.0,0.0,0.0
0.0,0.0,0.0
0.0,0.0,0.0
0.0,0.0,0.0
0.0,0.0,0.0
0.0,0.0,0.0
0.0,0.0,0.0
0.0,0.0,0.0
0.0,0.0,0.0
0.0,0.0,0.0
0.0,0.0,0.0
0.0,0.0,0.0
0.0,0.0,0.0
0.0,0.0,0.0
0.0,0.0,0.0
0.0,0.0,0.0
0.0,0.0,0.0
0.0,0.0,0.0
0.0,0.0,0.0
0.0,0.0,0.0
0.0,0.0,0.0
0.0,0.0,0.0
0.0,0.0,0.0
0.0,0.0,0.0
0.0,0.0,0.0
0.0,0.0,0.0
0.0,0.0,0.0
0.0,0.0,0.0
0.0,0.0,0.0
0.0,0.0,0.0
0.0,0.0,0.0
0.0,0.0,0.0
0.0,0.0,0.0
0.0,0.0,0.0
0.0,0.0,0.0
0.0,0.0,0.0
0.0,0.0,0.0
0.0,0.0,0.0
0.0,0.0,0.0
0.0,0.0,0.0
0.0,0.0,0.0
0.0,0.0,0.0
0.0,0.0,0.0
0.0,0.0,0.0
0.0,0.0,0.0
0.0,0.0,0.0
0.0,0.0,0.0
0.0,0.0,0.0
0.0,0.0,0.0
0.0,0.0,0.0
0.0,0.0,0.0
0.0,0.0,0.0
0.0,0.0,0.0
0.0,0.0,0.0
0.0,0.0,0.0
0.0,0.0,0.0
0.0,0.0,0.0
0.0,0.0,0.0
0.0,0.0,0.0
0.0,0.0,0.0
0.0,0.0,0.0
0.0,0.0,0.0
0.0,0.0,0.0
0.0,0.0,0.0
0.0,0.0,0.0
0.0,0.0,0.0
0.0,0.0,0.0
0.0,0.0,0.0
0.0,0.0,0.0
0.0,0.0,0.0
0.0,0.0,0.0
0.0,0.0,0.0
0.0,0.0,0.0
0.0,0.0,0.0
0.0,0.0,0.0
0.0,0.0,0.0
0.0,0.0,0.0
0.0,0.0,0.0
0.0,0.0,0.0
0.0,0.0,0.0
0.0,0.0,0.0
0.0,0.0,0.0
0.0,0.0,0.0
0.0,0.0,0.0
0.0,0.0,0.0
0.0,0.0,0.0
0.0,0.0,0.0
0.0,0.0,0.0
0.0,0.0,0.0
0.0,0.0,0.0
0.0,0.0,0.0
0.0,0.0,0.0
0.0,0.0,0.0
0.0,0.0,0.0
0.0,0.0,0.0
0.0,0.0,0.0
0.0,0.0,0.0
0.0,0.0,0.0
0.0,0.0,0.0
0.0,0.0,0.0
0.0,0.0,0.0
0.0,0.0,0.0
0.0,0.0,0.0
0.0,0.0,0.0
0.0,0.0,0.0
0.0,0.0,0.0
0.0,0.0,0.0
0.0,0.0,0.0
0.0,0.0,0.0
0.0,0.0,0.0
0.0,0.0,0.0
0.0,0.0,0.0
0.0,0.0,0.0
0.0,0.0,0.0
0.0,0.0,0.0
0.0,0.0,0.0
0.0,0.0,0.0
0.0,0.0,0.0
0.0,0.0,0.0
0.0,0.0,0.0
0.0,0.0,0.0
0.0,0.0,0.0
0.0,0.0,0.0
0.0,0.0,0.0
0.0,0.0,0.0
0.0,0.0,0.0
0.0,0.0,0.0
0.0,0.0,0.0
0.0,0.0,0.0
0.0,0.0,0.0
0.0,0.0,0.0
0.0,0.0,0.0
0.0,0.0,0.0
0.0,0.0,0.0
0.0,0.0,0.0
0.0,0.0,0.0
0.0,0.0,0.0
0.0,0.0,0.0
0.0,0.0,0.0
0.0,0.0,0.0
0.0,0.0,0.0
0.0,0.0,0.0
0.0,0.0,0.0
0.0,0.0,0.0
0.0,0.0,0.0
0.0,0.0,0.0
0.0,0.0,0.0
0.0,0.0,0.0
0.0,0.0,0.0
0.0,0.0,0.0
0.0,0.0,0.0
0.0,0.0,0.0
0.0,0.0,0.0
0.0,0.0,0.0
0.0,0.0,0.0
0.0,0.0,0.0
0.0,0.0,0.0
0.0,0.0,0.0
0.0,0.0,0.0
0.0,0.0,0.0
0.0,0.0,0.0
0.0,0.0,0.0
0.0,0.0,0.0
0.0,0.0,0.0
0.0,0.0,0.0
0.0,0.0,0.0
0.0,0.0,0.0
0.0,0.0,0.0
0.0,0.0,0.0
0.0,0.0,0.0
0.0,0.0,0.0
0.0,0.0,0.0
0.0,0.0,0.0
0.0,0.0,0.0
0.0,0.0,0.0
0.0,0.0,0.0
0.0,0.0,0.0
0.0,0.0,0.0
0.0,0.0,0.0
0.0,0.0,0.0
0.0,0.0,0.0
0.0,0.0,0.0
0.0,0.0,0.0
0.0,0.0,0.0
0.0,0.0,0.0
0.0,0.0,0.0
0.0,0.0,0.0
0.0,0.0,0.0
0.0,0.0,0.0
0.0,0.0,0.0
0.0,0.0,0.0
0.0,0.0,0.0
0.0,0.0,0.0
0.0,0.0,0.0
0.0,0.0,0.0
0.0,0.0,0.0
0.0,0.0,0.0
0.0,0.0,0.0
0.0,0.0,0.0
0.0,0.0,0.0
0.0,0.0,0.0
0.0,0.0,0.0
0.0,0.0,0.0
0.0,0.0,0.0
0.0,0.0,0.0
0.0,0.0,0.0
0.0,0.0,0.0
0.0,0.0,0.0
0.0,0.0,0.0
0.0,0.0,0.0
0.0,0.0,0.0
0.0,0.0,0.0
0.0,0.0,0.0
0.0,0.0,0.0
0.0,0.0,0.0
0.0,0.0,0.0
0.0,0.0,0.0
0.0,0.0,0.0
0.0,0.0,0.0
0.0,0.0,0.0
0.0,0.0,0.0
0.0,0.0,0.0
0.0,0.0,0.0
0.0,0.0,0.0
0.0,0.0,0.0
0.0,0.0,0.0
0.0,0.0,0.0
0.0,0.0,0.0
0.0,0.0,0.0
0.0,0.0,0.0
0.0,0.0,0.0
0.0,0.0,0.0
0.0,0.0,0.0
0.0,0.0,0.0
0.0,0.0,0.0
0.0,0.0,0.0
0.0,0.0,0.0
0.0,0.0,0.0
0.0,0.0,0.0
0.0,0.0,0.0
0.0,0.0,0.0
0.0,0.0,0.0
0.0,0.0,0.0
0.0,0.0,0.0
0.0,0.0,0.0
0.0,0.0,0.0
0.0,0.0,0.0
0.0,0.0,0.0
0.0,0.0,0.0
0.0,0.0,0.0
0.0,0.0,0.0
0.0,0.0,0.0
0.0,0.0,0.0
0.0,0.0,0.0
0.0,0.0,0.0
0.0,0.0,0.0
0.0,0.0,0.0
0.0,0.0,0.0
0.0,0.0,0.0
0.0,0.0,0.0
0.0,0.0,0.0
0.0,0.0,0.0
0.0,0.0,0.0
0.0,0.0,0.0
0.0,0.0,0.0
0.0,0.0,0.0
0.0,0.0,0.0
0.0,0.0,0.0
0.0,0.0,0.0
0.0,0.0,0.0
0.0,0.0,0.0
0.0,0.0,0.0
0.0,0.0,0.0
0.0,0.0,0.0
0.0,0.0,0.0
0.0,0.0,0.0
0.0,0.0,0.0
0.0,0.0,0.0
0.0,0.0,0.0
0.0,0.0,0.0
0.0,0.0,0.0
0.0,0.0,0.0
0.0,0.0,0.0
0.0,0.0,0.0
0.0,0.0,0.0
0.0,0.0,0.0
0.0,0.0,0.0
0.0,0.0,0.0
0.0,0.0,0.0
0.0,0.0,0.0
0.0,0.0,0.0
0.0,0.0,0.0
0.0,0.0,0.0
0.0,0.0,0.0
0.0,0.0,0.0
0.0,0.0,0.0
0.0,0.0,0.0
0.0,0.0,0.0
0.0,0.0,0.0
0.0,0.0,0.0
0.0,0.0,0.0
0.0,0.0,0.0
0.0,0.0,0.0
0.0,0.0,0.0
0.0,0.0,0.0
0.0,0.0,0.0
0.0,0.0,0.0
0.0,0.0,0.0
0.0,0.0,0.0
0.0,0.0,0.0
0.0,0.0,0.0
0.0,0.0,0.0
0.0,0.0,0.0
0.0,0.0,0.0
0.0,0.0,0.0
0.0,0.0,0.0
0.0,0.0,0.0
0.0,0.0,0.0
0.0,0.0,0.0
0.0,0.0,0.0
0.0,0.0,0.0
0.0,0.0,0.0
0.0,0.0,0.0
0.0,0.0,0.0
0.0,0.0,0.0
0.0,0.0,0.0
0.0,0.0,0.0
0.0,0.0,0.0
0.0,0.0,0.0
0.0,0.0,0.0
0.0,0.0,0.0
0.0,0.0,0.0
0.0,0.0,0.0
0.0,0.0,0.0
0.0,0.0,0.0
0.0,0.0,0.0
0.0,0.0,0.0
0.0,0.0,0.0
0.0,0.0,0.0
0.0,0.0,0.0
0.0,0.0,0.0
0.0,0.0,0.0
0.0,0.0,0.0
0.0,0.0,0.0
0.0,0.0,0.0
0.0,0.0,0.0
0.0,0.0,0.0
0.0,0.0,0.0
0.0,0.0,0.0
0.0,0.0,0.0
0.0,0.0,0.0
0.0,0.0,0.0
0.0,0.0,0.0
0.0,0.0,0.0
0.0,0.0,0.0
0.0,0.0,0.0
0.0,0.0,0.0
0.0,0.0,0.0
0.0,0.0,0.0
0.0,0.0,0.0
0.0,0.0,0.0
0.0,0.0,0.0
0.0,0.0,0.0
0.0,0.0,0.0
0.0,0.0,0.0
0.0,0.0,0.0
0.0,0.0,0.0
0.0,0.0,0.0
0.0,0.0,0.0
0.0,0.0,0.0
0.0,0.0,0.0
0.0,0.0,0.0
0.0,0.0,0.0
0.0,0.0,0.0
0.0,0.0,0.0
0.0,0.0,0.0
0.0,0.0,0.0
0.0,0.0,0.0
0.0,0.0,0.0
0.0,0.0,0.0
0.0,0.0,0.0
0.0,0.0,0.0
0.0,0.0,0.0
0.0,0.0,0.0
0.0,0.0,0.0
0.0,0.0,0.0
0.0,0.0,0.0
0.0,0.0,0.0
0.0,0.0,0.0
0.0,0.0,0.0
0.0,0.0,0.0
0.0,0.0,0.0
0.0,0.0,0.0
0.0,0.0,0.0
0.0,0.0,0.0
0.0,0.0,0.0
0.0,0.0,0.0
0.0,0.0,0.0
0.0,0.0,0.0
0.0,0.0,0.0
0.0,0.0,0.0
0.0,0.0,0.0
0.0,0.0,0.0
0.0,0.0,0.0
0.0,0.0,0.0
0.0,0.0,0.0
0.0,0.0,0.0
0.0,0.0,0.0
0.0,0.0,0.0
0.0,0.0,0.0
0.0,0.0,0.0
0.0,0.0,0.0
0.0,0.0,0.0
0.0,0.0,0.0
0.0,0.0,0.0
0.0,0.0,0.0
0.0,0.0,0.0
0.0,0.0,0.0
0.0,0.0,0.0
0.0,0.0,0.0
0.0,0.0,0.0
0.0,0.0,0.0
0.0,0.0,0.0
0.0,0.0,0.0
0.0,0.0,0.0
0.0,0.0,0.0
0.0,0.0,0.0
0.0,0.0,0.0
0.0,0.0,0.0
0.0,0.0,0.0
0.0,0.0,0.0
0.0,0.0,0.0
0.0,0.0,0.0
0.0,0.0,0.0
0.0,0.0,0.0
0.0,0.0,0.0
0.0,0.0,0.0
0.0,0.0,0.0
0.0,0.0,0.0
0.0,0.0,0.0
0.0,0.0,0.0
0.0,0.0,0.0
0.0,0.0,0.0
0.0,0.0,0.0
0.0,0.0,0.0
0.0,0.0,0.0
0.0,0.0,0.0
0.0,0.0,0.0
0.0,0.0,0.0
0.0,0.0,0.0
0.0,0.0,0.0
0.0,0.0,0.0
0.0,0.0,0.0
0.0,0.0,0.0
0.0,0.0,0.0
0.0,0.0,0.0
0.0,0.0,0.0
0.0,0.0,0.0
0.0,0.0,0.0
0.0,0.0,0.0
0.0,0.0,0.0
0.0,0.0,0.0
0.0,0.0,0.0
0.0,0.0,0.0
0.0,0.0,0.0
0.0,0.0,0.0
0.0,0.0,0.0
0.0,0.0,0.0
0.0,0.0,0.0
0.0,0.0,0.0
0.0,0.0,0.0
0.0,0.0,0.0
0.0,0.0,0.0
0.0,0.0,0.0
0.0,0.0,0.0
0.0,0.0,0.0
0.0,0.0,0.0
0.0,0.0,0.0
0.0,0.0,0.0
0.0,0.0,0.0
0.0,0.0,0.0
0.0,0.0,0.0
0.0,0.0,0.0
0.0,0.0,0.0
0.0,0.0,0.0
0.0,0.0,0.0
0.0,0.0,0.0
0.0,0.0,0.0
0.0,0.0,0.0
0.0,0.0,0.0
0.0,0.0,0.0
0.0,0.0,0.0
0.0,0.0,0.0
0.0,0.0,0.0
0.0,0.0,0.0
0.0,0.0,0.0
0.0,0.0,0.0
0.0,0.0,0.0
0.0,0.0,0.0
0.0,0.0,0.0
0.0,0.0,0.0
0.0,0.0,0.0
0.0,0.0,0.0
0.0,0.0,0.0
0.0,0.0,0.0
0.0,0.0,0.0
0.0,0.0,0.0
0.0,0.0,0.0
0.0,0.0,0.0
0.0,0.0,0.0
0.0,0.0,0.0
0.0,0.0,0.0
0.0,0.0,0.0
0.0,0.0,0.0
0.0,0.0,0.0
0.0,0.0,0.0
0.0,0.0,0.0
0.0,0.0,0.0
0.0,0.0,0.0
0.0,0.0,0.0
0.0,0.0,0.0
0.0,0.0,0.0
0.0,0.0,0.0
0.0,0.0,0.0
0.0,0.0,0.0
0.0,0.0,0.0
0.0,0.0,0.0
0.0,0.0,0.0
0.0,0.0,0.0
0.0,0.0,0.0
0.0,0.0,0.0
0.0,0.0,0.0
0.0,0.0,0.0
0.0,0.0,0.0
0.0,0.0,0.0
0.0,0.0,0.0
0.0,0.0,0.0
0.0,0.0,0.0
0.0,0.0,0.0
0.0,0.0,0.0
0.0,0.0,0.0
0.0,0.0,0.0
0.0,0.0,0.0
0.0,0.0,0.0
0.0,0.0,0.0
0.0,0.0,0.0
0.0,0.0,0.0
0.0,0.0,0.0
0.0,0.0,0.0
0.0,0.0,0.0
0.0,0.0,0.0
0.0,0.0,0.0
0.0,0.0,0.0
0.0,0.0,0.0
0.0,0.0,0.0
0.0,0.0,0.0
0.0,0.0,0.0
0.0,0.0,0.0
0.0,0.0,0.0
0.0,0.0,0.0
0.0,0.0,0.0
0.0,0.0,0.0
0.0,0.0,0.0
0.0,0.0,0.0
0.0,0.0,0.0
0.0,0.0,0.0
0.0,0.0,0.0
0.0,0.0,0.0
0.0,0.0,0.0
0.0,0.0,0.0
0.0,0.0,0.0
0.0,0.0,0.0
0.0,0.0,0.0
0.0,0.0,0.0
0.0,0.0,0.0
0.0,0.0,0.0
0.0,0.0,0.0
0.0,0.0,0.0
0.0,0.0,0.0
0.0,0.0,0.0
0.0,0.0,0.0
0.0,0.0,0.0
0.0,0.0,0.0
0.0,0.0,0.0
0.0,0.0,0.0
0.0,0.0,0.0
0.0,0.0,0.0
0.0,0.0,0.0
0.0,0.0,0.0
0.0,0.0,0.0
0.0,0.0,0.0
0.0,0.0,0.0
0.0,0.0,0.0
0.0,0.0,0.0
0.0,0.0,0.0
0.0,0.0,0.0
0.0,0.0,0.0
0.0,0.0,0.0
0.0,0.0,0.0
0.0,0.0,0.0
0.0,0.0,0.0
0.0,0.0,0.0
0.0,0.0,0.0
0.0,0.0,0.0
0.0,0.0,0.0
0.0,0.0,0.0
0.0,0.0,0.0
0.0,0.0,0.0
0.0,0.0,0.0
0.0,0.0,0.0
0.0,0.0,0.0
0.0,0.0,0.0
0.0,0.0,0.0
0.0,0.0,0.0
0.0,0.0,0.0
0.0,0.0,0.0
0.0,0.0,0.0
0.0,0.0,0.0
0.0,0.0,0.0
0.0,0.0,0.0
0.0,0.0,0.0
0.0,0.0,0.0
0.0,0.0,0.0
0.0,0.0,0.0
0.0,0.0,0.0
0.0,0.0,0.0
0.0,0.0,0.0
0.0,0.0,0.0
0.0,0.0,0.0
0.0,0.0,0.0
0.0,0.0,0.0
0.0,0.0,0.0
0.0,0.0,0.0
0.0,0.0,0.0
0.0,0.0,0.0
0.0,0.0,0.0
0.0,0.0,0.0
0.0,0.0,0.0
0.0,0.0,0.0
0.0,0.0,0.0
0.0,0.0,0.0
0.0,0.0,0.0
0.0,0.0,0.0
0.0,0.0,0.0
0.0,0.0,0.0
0.0,0.0,0.0
0.0,0.0,0.0
0.0,0.0,0.0
0.0,0.0,0.0
0.0,0.0,0.0
0.0,0.0,0.0
0.0,0.0,0.0
0.0,0.0,0.0
0.0,0.0,0.0
0.0,0.0,0.0
0.0,0.0,0.0
0.0,0.0,0.0
0.0,0.0,0.0
0.0,0.0,0.0
0.0,0.0,0.0
0.0,0.0,0.0
0.0,0.0,0.0
0.0,0.0,0.0
0.0,0.0,0.0
0.0,0.0,0.0
0.0,0.0,0.0
0.0,0.0,0.0
0.0,0.0,0.0
0.0,0.0,0.0
0.0,0.0,0.0
0.0,0.0,0.0
0.0,0.0,0.0
0.0,0.0,0.0
0.0,0.0,0.0
0.0,0.0,0.0
0.0,0.0,0.0
0.0,0.0,0.0
0.0,0.0,0.0
0.0,0.0,0.0
0.0,0.0,0.0
0.0,0.0,0.0
0.0,0.0,0.0
0.0,0.0,0.0
0.0,0.0,0.0
0.0,0.0,0.0
0.0,0.0,0.0
0.0,0.0,0.0
0.0,0.0,0.0
0.0,0.0,0.0
0.0,0.0,0.0
0.0,0.0,0.0
0.0,0.0,0.0
0.0,0.0,0.0
0.0,0.0,0.0
0.0,0.0,0.0
0.0,0.0,0.0
0.0,0.0,0.0
0.0,0.0,0.0
0.0,0.0,0.0
0.0,0.0,0.0
0.0,0.0,0.0
0.0,0.0,0.0
0.0,0.0,0.0
0.0,0.0,0.0
0.0,0.0,0.0
0.0,0.0,0.0
0.0,0.0,0.0
0.0,0.0,0.0
0.0,0.0,0.0
0.0,0.0,0.0
0.0,0.0,0.0
0.0,0.0,0.0
0.0,0.0,0.0
0.0,0.0,0.0
0.0,0.0,0.0
0.0,0.0,0.0
0.0,0.0,0.0
0.0,0.0,0.0
0.0,0.0,0.0
0.0,0.0,0.0
0.0,0.0,0.0
0.0,0.0,0.0
0.0,0.0,0.0
0.0,0.0,0.0
0.0,0.0,0.0
0.0,0.0,0.0
0.0,0.0,0.0
0.0,0.0,0.0
0.0,0.0,0.0
0.0,0.0,0.0
0.0,0.0,0.0
0.0,0.0,0.0
0.0,0.0,0.0
0.0,0.0,0.0
0.0,0.0,0.0
0.0,0.0,0.0
0.0,0.0,0.0
0.0,0.0,0.0
0.0,0.0,0.0
0.0,0.0,0.0
0.0,0.0,0.0
0.0,0.0,0.0
0.0,0.0,0.0
0.0,0.0,0.0
0.0,0.0,0.0
0.0,0.0,0.0
0.0,0.0,0.0
0.0,0.0,0.0
0.0,0.0,0.0
0.0,0.0,0.0
0.0,0.0,0.0
0.0,0.0,0.0
0.0,0.0,0.0
0.0,0.0,0.0
0.0,0.0,0.0
0.0,0.0,0.0
0.0,0.0,0.0
0.0,0.0,0.0
0.0,0.0,0.0
0.0,0.0,0.0
0.0,0.0,0.0
0.0,0.0,0.0
0.0,0.0,0.0
0.0,0.0,0.0
0.0,0.0,0.0
0.0,0.0,0.0
0.0,0.0,0.0
0.0,0.0,0.0
0.0,0.0,0.0
0.0,0.0,0.0
0.0,0.0,0.0
0.0,0.0,0.0
0.0,0.0,0.0
0.0,0.0,0.0
0.0,0.0,0.0
0.0,0.0,0.0
0.0,0.0,0.0
0.0,0.0,0.0
0.0,0.0,0.0
0.0,0.0,0.0
0.0,0.0,0.0
0.0,0.0,0.0
0.0,0.0,0.0
0.0,0.0,0.0
0.0,0.0,0.0
0.0,0.0,0.0
0.0,0.0,0.0
0.0,0.0,0.0
0.0,0.0,0.0
0.0,0.0,0.0
0.0,0.0,0.0
0.0,0.0,0.0
0.0,0.0,0.0
0.0,0.0,0.0
0.0,0.0,0.0
0.0,0.0,0.0
0.0,0.0,0.0
0.0,0.0,0.0
0.0,0.0,0.0
0.0,0.0,0.0
0.0,0.0,0.0
0.0,0.0,0.0
0.0,0.0,0.0
0.0,0.0,0.0
0.0,0.0,0.0
0.0,0.0,0.0
0.0,0.0,0.0
0.0,0.0,0.0
0.0,0.0,0.0
0.0,0.0,0.0
0.0,0.0,0.0
0.0,0.0,0.0
0.0,0.0,0.0
0.0,0.0,0.0
0.0,0.0,0.0
0.0,0.0,0.0
0.0,0.0,0.0
0.0,0.0,0.0
0.0,0.0,0.0
0.0,0.0,0.0
0.0,0.0,0.0
0.0,0.0,0.0
0.0,0.0,0.0
0.0,0.0,0.0
0.0,0.0,0.0
0.0,0.0,0.0
0.0,0.0,0.0
0.0,0.0,0.0
0.0,0.0,0.0
0.0,0.0,0.0
0.0,0.0,0.0
0.0,0.0,0.0
0.0,0.0,0.0
0.0,0.0,0.0
0.0,0.0,0.0
0.0,0.0,0.0
0.0,0.0,0.0
0.0,0.0,0.0
0.0,0.0,0.0
0.0,0.0,0.0
0.0,0.0,0.0
0.0,0.0,0.0
0.0,0.0,0.0
0.0,0.0,0.0
0.0,0.0,0.0
0.0,0.0,0.0
0.0,0.0,0.0
0.0,0.0,0.0
0.0,0.0,0.0
0.0,0.0,0.0
0.0,0.0,0.0
0.0,0.0,0.0
0.0,0.0,0.0
0.0,0.0,0.0
0.0,0.0,0.0
0.0,0.0,0.0
0.0,0.0,0.0
0.0,0.0,0.0
0.0,0.0,0.0
0.0,0.0,0.0
0.0,0.0,0.0
0.0,0.0,0.0
0.0,0.0,0.0
0.0,0.0,0.0
0.0,0.0,0.0
0.0,0.0,0.0
0.0,0.0,0.0
0.0,0.0,0.0
0.0,0.0,0.0
0.0,0.0,0.0
0.0,0.0,0.0
0.0,0.0,0.0
0.0,0.0,0.0
0.0,0.0,0.0
0.0,0.0,0.0
0.0,0.0,0.0
0.0,0.0,0.0
0.0,0.0,0.0
0.0,0.0,0.0
0.0,0.0,0.0
0.0,0.0,0.0
0.0,0.0,0.0
0.0,0.0,0.0
0.0,0.0,0.0
0.0,0.0,0.0
0.0,0.0,0.0
0.0,0.0,0.0
0.0,0.0,0.0
0.0,0.0,0.0
0.0,0.0,0.0
0.0,0.0,0.0
0.0,0.0,0.0
0.0,0.0,0.0
0.0,0.0,0.0
0.0,0.0,0.0
0.0,0.0,0.0
0.0,0.0,0.0
0.0,0.0,0.0
0.0,0.0,0.0
0.0,0.0,0.0
0.0,0.0,0.0
0.0,0.0,0.0
0.0,0.0,0.0
0.0,0.0,0.0
0.0,0.0,0.0
0.0,0.0,0.0
0.0,0.0,0.0
0.0,0.0,0.0
0.0,0.0,0.0
0.0,0.0,0.0
0.0,0.0,0.0
0.0,0.0,0.0
0.0,0.0,0.0
0.0,0.0,0.0
0.0,0.0,0.0
0.0,0.0,0.0
0.0,0.0,0.0
0.0,0.0,0.0
0.0,0.0,0.0
0.0,0.0,0.0
0.0,0.0,0.0
0.0,0.0,0.0
0.0,0.0,0.0
0.0,0.0,0.0
0.0,0.0,0.0
0.0,0.0,0.0
0.0,0.0,0.0
0.0,0.0,0.0
0.0,0.0,0.0
0.0,0.0,0.0
0.0,0.0,0.0
0.0,0.0,0.0
0.0,0.0,0.0
0.0,0.0,0.0
0.0,0.0,0.0
0.0,0.0,0.0
0.0,0.0,0.0
0.0,0.0,0.0
0.0,0.0,0.0
0.0,0.0,0.0
0.0,0.0,0.0
0.0,0.0,0.0
0.0,0.0,0.0
0.0,0.0,0.0
0.0,0.0,0.0
0.0,0.0,0.0
0.0,0.0,0.0
0.0,0.0,0.0
0.0,0.0,0.0
0.0,0.0,0.0
0.0,0.0,0.0
0.0,0.0,0.0
0.0,0.0,0.0
0.0,0.0,0.0
0.0,0.0,0.0
0.0,0.0,0.0
0.0,0.0,0.0
0.0,0.0,0.0
0.0,0.0,0.0
0.0,0.0,0.0
0.0,0.0,0.0
0.0,0.0,0.0
0.0,0.0,0.0
0.0,0.0,0.0
0.0,0.0,0.0
0.0,0.0,0.0
0.0,0.0,0.0
0.0,0.0,0.0
0.0,0.0,0.0
0.0,0.0,0.0
0.0,0.0,0.0
0.0,0.0,0.0
0.0,0.0,0.0
0.0,0.0,0.0
0.0,0.0,0.0
0.0,0.0,0.0
0.0,0.0,0.0
0.0,0.0,0.0
0.0,0.0,0.0
0.0,0.0,0.0
0.0,0.0,0.0
0.0,0.0,0.0
0.0,0.0,0.0
0.0,0.0,0.0
0.0,0.0,0.0
0.0,0.0,0.0
0.0,0.0,0.0
0.0,0.0,0.0
0.0,0.0,0.0
0.0,0.0,0.0
0.0,0.0,0.0
0.0,0.0,0.0
0.0,0.0,0.0
0.0,0.0,0.0
0.0,0.0,0.0
0.0,0.0,0.0
0.0,0.0,0.0
0.0,0.0,0.0
0.0,0.0,0.0
0.0,0.0,0.0
0.0,0.0,0.0
0.0,0.0,0.0
0.0,0.0,0.0
0.0,0.0,0.0
0.0,0.0,0.0
0.0,0.0,0.0
0.0,0.0,0.0
0.0,0.0,0.0
0.0,0.0,0.0
0.0,0.0,0.0
0.0,0.0,0.0
0.0,0.0,0.0
0.0,0.0,0.0
0.0,0.0,0.0
0.0,0.0,0.0
0.0,0.0,0.0
0.0,0.0,0.0
0.0,0.0,0.0
0.0,0.0,0.0
0.0,0.0,0.0
0.0,0.0,0.0
0.0,0.0,0.0
0.0,0.0,0.0
0.0,0.0,0.0
0.0,0.0,0.0
0.0,0.0,0.0
0.0,0.0,0.0
0.0,0.0,0.0
0.0,0.0,0.0
0.0,0.0,0.0
0.0,0.0,0.0
0.0,0.0,0.0
0.0,0.0,0.0
0.0,0.0,0.0
0.0,0.0,0.0
0.0,0.0,0.0
0.0,0.0,0.0
0.0,0.0,0.0
0.0,0.0,0.0
0.0,0.0,0.0
0.0,0.0,0.0
0.0,0.0,0.0
0.0,0.0,0.0
0.0,0.0,0.0
0.0,0.0,0.0
0.0,0.0,0.0
0.0,0.0,0.0
0.0,0.0,0.0
0.0,0.0,0.0
0.0,0.0,0.0
0.0,0.0,0.0
0.0,0.0,0.0
0.0,0.0,0.0
0.0,0.0,0.0
0.0,0.0,0.0
0.0,0.0,0.0
0.0,0.0,0.0
0.0,0.0,0.0
0.0,0.0,0.0
0.0,0.0,0.0
0.0,0.0,0.0
0.0,0.0,0.0
0.0,0.0,0.0
0.0,0.0,0.0
0.0,0.0,0.0
0.0,0.0,0.0
0.0,0.0,0.0
0.0,0.0,0.0
0.0,0.0,0.0
0.0,0.0,0.0
0.0,0.0,0.0
0.0,0.0,0.0
0.0,0.0,0.0
0.0,0.0,0.0
0.0,0.0,0.0
0.0,0.0,0.0
0.0,0.0,0.0
0.0,0.0,0.0
0.0,0.0,0.0
0.0,0.0,0.0
0.0,0.0,0.0
0.0,0.0,0.0
0.0,0.0,0.0
0.0,0.0,0.0
0.0,0.0,0.0
0.0,0.0,0.0
0.0,0.0,0.0
0.0,0.0,0.0
0.0,0.0,0.0
0.0,0.0,0.0
0.0,0.0,0.0
0.0,0.0,0.0
0.0,0.0,0.0
0.0,0.0,0.0
0.0,0.0,0.0
0.0,0.0,0.0
0.0,0.0,0.0
0.0,0.0,0.0
0.0,0.0,0.0
0.0,0.0,0.0
0.0,0.0,0.0
0.0,0.0,0.0
0.0,0.0,0.0
0.0,0.0,0.0
0.0,0.0,0.0
0.0,0.0,0.0
0.0,0.0,0.0
0.0,0.0,0.0
0.0,0.0,0.0
0.0,0.0,0.0
0.0,0.0,0.0
0.0,0.0,0.0
0.0,0.0,0.0
0.0,0.0,0.0
0.0,0.0,0.0
0.0,0.0,0.0
0.0,0.0,0.0
0.0,0.0,0.0
0.0,0.0,0.0
0.0,0.0,0.0
0.0,0.0,0.0
0.0,0.0,0.0
0.0,0.0,0.0
0.0,0.0,0.0
0.0,0.0,0.0
0.0,0.0,0.0
0.0,0.0,0.0
0.0,0.0,0.0
0.0,0.0,0.0
0.0,0.0,0.0
0.0,0.0,0.0
0.0,0.0,0.0
0.0,0.0,0.0
0.0,0.0,0.0
0.0,0.0,0.0
0.0,0.0,0.0
0.0,0.0,0.0
0.0,0.0,0.0
0.0,0.0,0.0
0.0,0.0,0.0
0.0,0.0,0.0
0.0,0.0,0.0
0.0,0.0,0.0
0.0,0.0,0.0
0.0,0.0,0.0
0.0,0.0,0.0
0.0,0.0,0.0
0.0,0.0,0.0
0.0,0.0,0.0
0.0,0.0,0.0
0.0,0.0,0.0
0.0,0.0,0.0
0.0,0.0,0.0
0.0,0.0,0.0
0.0,0.0,0.0
0.0,0.0,0.0
0.0,0.0,0.0
0.0,0.0,0.0
0.0,0.0,0.0
0.0,0.0,0.0
0.0,0.0,0.0
0.0,0.0,0.0
0.0,0.0,0.0
0.0,0.0,0.0
0.0,0.0,0.0
0.0,0.0,0.0
0.0,0.0,0.0
0.0,0.0,0.0
0.0,0.0,0.0
0.0,0.0,0.0
0.0,0.0,0.0
0.0,0.0,0.0
0.0,0.0,0.0
0.0,0.0,0.0
0.0,0.0,0.0
0.0,0.0,0.0
0.0,0.0,0.0
0.0,0.0,0.0
0.0,0.0,0.0
0.0,0.0,0.0
0.0,0.0,0.0
0.0,0.0,0.0
0.0,0.0,0.0
0.0,0.0,0.0
0.0,0.0,0.0
0.0,0.0,0.0
0.0,0.0,0.0
0.0,0.0,0.0
0.0,0.0,0.0
0.0,0.0,0.0
0.0,0.0,0.0
0.0,0.0,0.0
0.0,0.0,0.0
0.0,0.0,0.0
0.0,0.0,0.0
0.0,0.0,0.0
0.0,0.0,0.0
0.0,0.0,0.0
0.0,0.0,0.0
0.0,0.0,0.0
0.0,0.0,0.0
0.0,0.0,0.0
0.0,0.0,0.0
0.0,0.0,0.0
0.0,0.0,0.0
0.0,0.0,0.0
0.0,0.0,0.0
0.0,0.0,0.0
0.0,0.0,0.0
0.0,0.0,0.0
0.0,0.0,0.0
0.0,0.0,0.0
0.0,0.0,0.0
0.0,0.0,0.0
0.0,0.0,0.0
0.0,0.0,0.0
0.0,0.0,0.0
0.0,0.0,0.0
0.0,0.0,0.0
0.0,0.0,0.0
0.0,0.0,0.0
0.0,0.0,0.0
0.0,0.0,0.0
0.0,0.0,0.0
0.0,0.0,0.0
0.0,0.0,0.0
0.0,0.0,0.0
0.0,0.0,0.0
0.0,0.0,0.0
0.0,0.0,0.0
0.0,0.0,0.0
0.0,0.0,0.0
0.0,0.0,0.0
0.0,0.0,0.0
0.0,0.0,0.0
0.0,0.0,0.0
0.0,0.0,0.0
0.0,0.0,0.0
0.0,0.0,0.0
0.0,0.0,0.0
0.0,0.0,0.0
0.0,0.0,0.0
0.0,0.0,0.0
0.0,0.0,0.0
0.0,0.0,0.0
0.0,0.0,0.0
0.0,0.0,0.0
0.0,0.0,0.0
0.0,0.0,0.0
0.0,0.0,0.0
0.0,0.0,0.0
0.0,0.0,0.0
0.0,0.0,0.0
0.0,0.0,0.0
0.0,0.0,0.0
0.0,0.0,0.0
0.0,0.0,0.0
0.0,0.0,0.0
0.0,0.0,0.0
0.0,0.0,0.0
0.0,0.0,0.0
0.0,0.0,0.0
0.0,0.0,0.0
0.0,0.0,0.0
0.0,0.0,0.0
0.0,0.0,0.0
0.0,0.0,0.0
0.0,0.0,0.0
0.0,0.0,0.0
0.0,0.0,0.0
0.0,0.0,0.0
0.0,0.0,0.0
0.0,0.0,0.0
0.0,0.0,0.0
0.0,0.0,0.0
0.0,0.0,0.0
0.0,0.0,0.0
0.0,0.0,0.0
0.0,0.0,0.0
0.0,0.0,0.0
0.0,0.0,0.0
0.0,0.0,0.0
0.0,0.0,0.0
0.0,0.0,0.0
0.0,0.0,0.0
0.0,0.0,0.0
0.0,0.0,0.0
0.0,0.0,0.0
0.0,0.0,0.0
0.0,0.0,0.0
0.0,0.0,0.0
0.0,0.0,0.0
0.0,0.0,0.0
0.0,0.0,0.0
0.0,0.0,0.0
0.0,0.0,0.0
0.0,0.0,0.0
0.0,0.0,0.0
0.0,0.0,0.0
0.0,0.0,0.0
0.0,0.0,0.0
0.0,0.0,0.0
0.0,0.0,0.0
0.0,0.0,0.0
0.0,0.0,0.0
0.0,0.0,0.0
0.0,0.0,0.0
0.0,0.0,0.0
0.0,0.0,0.0
0.0,0.0,0.0
0.0,0.0,0.0
0.0,0.0,0.0
0.0,0.0,0.0
0.0,0.0,0.0
0.0,0.0,0.0
0.0,0.0,0.0
0.0,0.0,0.0
0.0,0.0,0.0
0.0,0.0,0.0
0.0,0.0,0.0
0.0,0.0,0.0
0.0,0.0,0.0
0.0,0.0,0.0
0.0,0.0,0.0
0.0,0.0,0.0
0.0,0.0,0.0
0.0,0.0,0.0
0.0,0.0,0.0
0.0,0.0,0.0
0.0,0.0,0.0
0.0,0.0,0.0
0.0,0.0,0.0
0.0,0.0,0.0
0.0,0.0,0.0
0.0,0.0,0.0
0.0,0.0,0.0
0.0,0.0,0.0
0.0,0.0,0.0
0.0,0.0,0.0
0.0,0.0,0.0
0.0,0.0,0.0
0.0,0.0,0.0
0.0,0.0,0.0
0.0,0.0,0.0
0.0,0.0,0.0
0.0,0.0,0.0
0.0,0.0,0.0
0.0,0.0,0.0
0.0,0.0,0.0
0.0,0.0,0.0
0.0,0.0,0.0
0.0,0.0,0.0
0.0,0.0,0.0
0.0,0.0,0.0
0.0,0.0,0.0
0.0,0.0,0.0
0.0,0.0,0.0
0.0,0.0,0.0
0.0,0.0,0.0
0.0,0.0,0.0
0.0,0.0,0.0
0.0,0.0,0.0
0.0,0.0,0.0
0.0,0.0,0.0
0.0,0.0,0.0
0.0,0.0,0.0
0.0,0.0,0.0
0.0,0.0,0.0
0.0,0.0,0.0
0.0,0.0,0.0
0.0,0.0,0.0
0.0,0.0,0.0
0.0,0.0,0.0
0.0,0.0,0.0
0.0,0.0,0.0
0.0,0.0,0.0
0.0,0.0,0.0
0.0,0.0,0.0
0.0,0.0,0.0
0.0,0.0,0.0
0.0,0.0,0.0
0.0,0.0,0.0
0.0,0.0,0.0
0.0,0.0,0.0
0.0,0.0,0.0
0.0,0.0,0.0
0.0,0.0,0.0
0.0,0.0,0.0
0.0,0.0,0.0
0.0,0.0,0.0
0.0,0.0,0.0
0.0,0.0,0.0
0.0,0.0,0.0
0.0,0.0,0.0
0.0,0.0,0.0
0.0,0.0,0.0
0.0,0.0,0.0
0.0,0.0,0.0
0.0,0.0,0.0
0.0,0.0,0.0
0.0,0.0,0.0
0.0,0.0,0.0
0.0,0.0,0.0
0.0,0.0,0.0
0.0,0.0,0.0
0.0,0.0,0.0
0.0,0.0,0.0
0.0,0.0,0.0
0.0,0.0,0.0
0.0,0.0,0.0
0.0,0.0,0.0
0.0,0.0,0.0
0.0,0.0,0.0
0.0,0.0,0.0
0.0,0.0,0.0
0.0,0.0,0.0
0.0,0.0,0.0
0.0,0.0,0.0
0.0,0.0,0.0
0.0,0.0,0.0
0.0,0.0,0.0
0.0,0.0,0.0
0.0,0.0,0.0
0.0,0.0,0.0
0.0,0.0,0.0
0.0,0.0,0.0
0.0,0.0,0.0
0.0,0.0,0.0
0.0,0.0,0.0
0.0,0.0,0.0
0.0,0.0,0.0
0.0,0.0,0.0
0.0,0.0,0.0
0.0,0.0,0.0
0.0,0.0,0.0
0.0,0.0,0.0
0.0,0.0,0.0
0.0,0.0,0.0
0.0,0.0,0.0
0.0,0.0,0.0
0.0,0.0,0.0
0.0,0.0,0.0
0.0,0.0,0.0
0.0,0.0,0.0
0.0,0.0,0.0
0.0,0.0,0.0
0.0,0.0,0.0
0.0,0.0,0.0
0.0,0.0,0.0
0.0,0.0,0.0
0.0,0.0,0.0
0.0,0.0,0.0
0.0,0.0,0.0
0.0,0.0,0.0
0.0,0.0,0.0
0.0,0.0,0.0
0.0,0.0,0.0
0.0,0.0,0.0
0.0,0.0,0.0
0.0,0.0,0.0
0.0,0.0,0.0
0.0,0.0,0.0
0.0,0.0,0.0
0.0,0.0,0.0
0.0,0.0,0.0
0.0,0.0,0.0
0.0,0.0,0.0
0.0,0.0,0.0
0.0,0.0,0.0
0.0,0.0,0.0
0.0,0.0,0.0
0.0,0.0,0.0
0.0,0.0,0.0
0.0,0.0,0.0
0.0,0.0,0.0
0.0,0.0,0.0
0.0,0.0,0.0
0.0,0.0,0.0
0.0,0.0,0.0
0.0,0.0,0.0
0.0,0.0,0.0
0.0,0.0,0.0
0.0,0.0,0.0
0.0,0.0,0.0
0.0,0.0,0.0
0.0,0.0,0.0
0.0,0.0,0.0
0.0,0.0,0.0
0.0,0.0,0.0
0.0,0.0,0.0
0.0,0.0,0.0
0.0,0.0,0.0
0.0,0.0,0.0
0.0,0.0,0.0
0.0,0.0,0.0
0.0,0.0,0.0
0.0,0.0,0.0
0.0,0.0,0.0
0.0,0.0,0.0
0.0,0.0,0.0
0.0,0.0,0.0
0.0,0.0,0.0
0.0,0.0,0.0
0.0,0.0,0.0
0.0,0.0,0.0
0.0,0.0,0.0
0.0,0.0,0.0
0.0,0.0,0.0
0.0,0.0,0.0
0.0,0.0,0.0
0.0,0.0,0.0
0.0,0.0,0.0
0.0,0.0,0.0
0.0,0.0,0.0
0.0,0.0,0.0
0.0,0.0,0.0
0.0,0.0,0.0
0.0,0.0,0.0
0.0,0.0,0.0
0.0,0.0,0.0
0.0,0.0,0.0
0.0,0.0,0.0
0.0,0.0,0.0
0.0,0.0,0.0
0.0,0.0,0.0
0.0,0.0,0.0
0.0,0.0,0.0
0.0,0.0,0.0
0.0,0.0,0.0
0.0,0.0,0.0
0.0,0.0,0.0
0.0,0.0,0.0
0.0,0.0,0.0
0.0,0.0,0.0
