y_mm,z_mm,r
-1.732384201853709,-3.9573805419255947,0.00014822361118
-1.7268373457519255,-3.9573828904572137,0.00015031779185
-1.721215285379319,-3.957385027745248,0.00014741325867
-1.7157645613767365,-3.957382480396135,0.00014752318384
-1.7104607600418078,-3.9573852514149244,0.00014782077051
-1.7051641192206146,-3.957383051996423,0.00014966382878
-1.6998946858347506,-3.9573848910582217,1.9687290332e-15
-1.694678283037451,-3.9573855620672544,0.00014698477753
-1.6893622245138014,-3.9573810016910427,0.00014869881852
-1.6840357335369192,-3.957386742546112,0.00014871393796
-1.6788648232829648,-3.9573852514149244,0.00014568502957
-1.6736907543489603,-3.957385238988833,0.00014492377522
-1.6684900191080814,-3.9573834620575017,0.00014658612781
-1.6633808226667306,-3.957382554952697,0.00014731560077
-1.658193401702715,-3.9573845182754237,0.00014657352585
-1.6527959977294984,-3.9573848165016625,0.00014815467875
-1.6476107664480673,-3.9573850525974343,0.00014672626276
-1.6424789432866789,-3.9573829277354915,0.00014826381812
-1.6372829020205366,-3.9573869537896966,0.00014697396546
-1.632126488975415,-3.9573871277550006,0.00014712748816
-1.6269815906404355,-3.9573852762671105,0.00014586851466
-1.6216878693960224,-3.9573858478673984,0.00014621284208
-1.6164445863573427,-3.9573837478576457,1.9685983783e-15
-1.6113013743296392,-3.9573854253802283,0.00014120819105
-1.60613501962221,-3.9573834993357795,0.00014485896099
-1.60095134880423,-3.9573837105793643,0.00014575909881
-1.595790871003507,-3.9573874881117037,0.00014760803606
-1.590501667552471,-3.957386581006899,0.00014743594511
-1.585102615025126,-3.957385127153993,0.0001468211849
-1.5799085117539131,-3.957383474483593,0.00014772421855
-1.5747051212082908,-3.957381635421798,0.00014771416318
-1.5694621779479434,-3.9573832508139164,0.00014714253484
-1.5642933441171285,-3.957385984554425,0.00014470824681
-1.5590660432444388,-3.9573850525974343,0.00014459638624
-1.5536942233211857,-3.957382965013773,0.00014498918608
-1.5484811805540586,-3.957382194595991,0.00014529196778
-1.5433021911264304,-3.957382878031119,0.00014544453006
-1.5380616011456423,-3.9573854502324144,0.00014548261242
-1.5328679509122052,-3.957383051996423,0.00010387147631
-1.527695354350973,-3.9573820579089682,5.2421516017e-09
-1.5223251955662331,-3.9573804300907547,0.00014960957924
-1.5170595123264046,-3.9573852265627383,0.00014790271234
-1.5118603249645937,-3.957383387500943,0.00014832503803
-1.5066370385099745,-3.9573832259617303,0.00014855741756
-1.5014272676823395,-3.957384729519009,0.00014662070316
-1.4962327742952652,-3.957382107613341,0.00014553795336
-1.490896668850026,-3.9573850650235256,0.00014468755398
-1.4855766965833663,-3.9573857608847485,0.00014457464567
-1.4803668628338187,-3.9573848910582217,0.00014551353524
-1.4751391970140304,-3.9573836111706195,0.00014757709869
-1.4699067868819762,-3.9573828904572137,0.00014530055341
-1.464702087560556,-3.957382393413485,0.00014956649102
-1.4593614391531733,-3.9573849656147804,0.00014906510478
-1.4539498399963082,-3.9573805916299674,0.00014496332733
-1.4487324430327766,-3.957380119438424,0.00014474597992
-1.4435081498275442,-3.957382530100511,0.00014772090071
-1.4382577314438916,-3.9573822194481774,0.00014639526489
-1.4330496343391512,-3.9573849656147804,0.00014545247541
-1.427753006102343,-3.957382840752841,0.00014801649377
-1.4223412307641186,-3.9573829401615863,0.00015025079483
-1.4171155784455571,-3.9573823685612983,0.00015031536168
-1.4118732014824307,-3.957381125951974,0.00014861881209
-1.4065873077240363,-3.957383375074848,0.0001508318237
-1.4013825328963205,-3.9573830271442367,0.00015040584549
-1.3960427402269597,-3.957383375074848,0.00015031675866
-1.3904845204276273,-3.9573809395605783,0.00014961161651
-1.38525487885976,-3.957382716491906,0.00014731992269
-1.3800282952968808,-3.957383188683449,0.00014685218048
-1.374763946001615,-3.957383698153273,0.00014849839499
-1.3695755812089,-3.957384331884025,0.00014703070337
-1.364325792044381,-3.957382480396135,0.00014642969472
-1.3589484098239895,-3.957385984554425,0.00014959102555
-1.3537462147947215,-3.9573829277354915,0.0001501000952
-1.3485509411759207,-3.957380678612621,0.00014938530512
-1.3433116851396947,-3.957383138979077,0.00014814338647
-1.3381431407496809,-3.957382194595991,0.00014698794985
-1.3329330427280985,-3.9573822070220857,0.00015128286032
-1.3275124205688587,-3.9573801939949833,0.00014660034503
-1.3222843268800595,-3.957380069734052,0.00014704083151
-1.3170984412107303,-3.9573797466556266,0.00014680312597
-1.311862771723564,-3.9573796223946953,0.00014743754582
-1.3066733372583215,-3.9573817596827294,0.00014637205459
-1.3014625093425436,-3.95737867801161,0.00014472617477
-1.296067924271045,-3.9573795478381366,0.00014423651737
-1.2908246664011316,-3.957379696951254,0.00014375058527
-1.2856289523289366,-3.957381846665383,0.00014349371486
-1.280382762297862,-3.9573797342295354,0.0001432968711
-1.27518366302673,-3.957381946074128,0.00014312633721
-1.2699771515542069,-3.9573805046473134,0.00014523141726
-1.2645769790168033,-3.9573778703155504,0.00014635974367
-1.2593209228297149,-3.957378951385662,0.00014808423293
-1.2541298649791088,-3.957377659071965,0.00014907233708
-1.248900487683278,-3.9573792993162735,0.00014671907411
-1.2437183269912166,-3.9573778578894587,0.00014713445853
-1.2385323154780608,-3.957375857288451,0.00014335666492
-1.2446131143520698,-3.963956480162366,0.00014810048742
-1.2501040202885105,-3.9639558215794275,0.00014906050637
-1.2554228222075807,-3.9639533736390633,0.00014660376473
-1.2606491414984249,-3.963954193761214,0.00014834088506
-1.2659306055541193,-3.9639501801331036,0.00014690218086
-1.2712357534179954,-3.9639560949534767,0.00014554763038
-1.2763585787457752,-3.963950950550885,0.00014493163326
-1.281493296315177,-3.9639538582566978,0.00014575269597
-1.2866405730984805,-3.96395359730874,0.00014573249791
-1.291740079565177,-3.9639506150463655,0.00015010345669
-1.2969140226553548,-3.96395339849125,0.00015092662943
-1.3021928439906887,-3.9639555109270974,0.00014969124459
-1.3072717120698099,-3.963948949949874,0.0001500833605
-1.3123481891162223,-3.9639557967272414,0.00015063790488
-1.3174763879754015,-3.9639536718652986,0.0001499864884
-1.3225550043668692,-3.963952155881925,0.00014970038319
-1.3276914837498446,-3.9639543180221457,0.00014927581651
-1.333002030313885,-3.9639517333947585,0.00014856021153
-1.3380991835010223,-3.9639502919679437,0.00015003365115
-1.343143822059285,-3.963951000255258,0.00014679896412
-1.3482353122742219,-3.963951099664003,0.00014855843619
-1.3532810960113077,-3.9639536097348347,0.00014919515525
-1.3583187124840412,-3.963951522151173,0.00014681911853
-1.36351464049074,-3.96395502630946,0.0001475016179
-1.3685981018695341,-3.9639533860651546,0.00014621691662
-1.3735988712698168,-3.9639542186134005,0.00014847077546
-1.3786261182112316,-3.9639556973184926,0.00014785461826
-1.3836351555509274,-3.9639527896126805,0.00014873202599
-1.3886340121250438,-3.963953323934687,0.00014890381135
-1.3938312489075404,-3.9639522180123925,0.00014863698743
-1.399063545780151,-3.9639506398985516,0.00014634475519
-1.4040251903347165,-3.9639490369325276,0.00014756868768
-1.4089926866272233,-3.9639527647604944,0.00014997410472
-1.4140055747880151,-3.9639492978804856,0.0001502596424
-1.4189648660630234,-3.9639508884204178,0.00014963108697
-1.423990980409998,-3.9639535724565538,0.00014823586389
-1.429153157102382,-3.9639500807243584,0.00014877968351
-1.4341665108853312,-3.9639506398985516,0.00014782896324
-1.4391370022609138,-3.963952739908308,0.00014753584401
-1.4441740901895757,-3.9639523919776964,0.00014731142437
-1.4491689575143862,-3.96395359730874,0.00014530272165
-1.4541596971616826,-3.963950528063715,0.00014471469331
-1.4593580413698528,-3.963952727482213,0.00014515430667
-1.4645074197450636,-3.963952416829883,0.00014531816123
-1.469509321739785,-3.963951012681349,0.00014472706243
-1.4745496941923237,-3.9639531002650106,0.00014482016559
-1.4796068793801065,-3.963950714455114,0.00014782950166
-1.4846463583414755,-3.9639519197861537,0.00014832998568
-1.489771474026902,-3.9639522180123925,0.00014752669085
-1.4949926463052339,-3.9639520440470886,0.00014822141384
-1.5000307409845093,-3.963952988430171,0.00014557346003
-1.5050801364394195,-3.963952702630027,0.00014581301366
-1.5101842236214074,-3.963953771274044,0.00014833129535
-1.51523989868327,-3.9639522925689517,0.00014655214909
-1.520308611165578,-3.963954417430894,0.00014624970208
-1.5255526492672176,-3.9639500434460775,0.00014597723202
-1.5306730206403762,-3.9639504783593424,1.9669439112e-15
-1.535722227329549,-3.963954877196342,0.00014951315825
-1.540820676708101,-3.963953236952037,0.00014691649994
-1.5459015205352995,-3.9639538582566978,0.00014881200332
-1.550973882488581,-3.9639497824981196,0.00014857485075
-1.5561666643996128,-3.9639565547189246,0.00014888744045
-1.561381506733463,-3.9639500807243584,0.00014699730673
-1.5664539316086572,-3.9639536470131125,0.00014858286886
-1.5715383745692983,-3.963955187848672,0.00014941763948
-1.5766631001388616,-3.963956840519072,0.00014861352975
-1.5817412383237872,-3.963953013282357,0.00014925298456
-1.5868771639939248,-3.963952131029739,0.00014900698443
-1.5921853195252582,-3.9639552251269534,0.00014831515728
-1.5973013996239283,-3.9639532618042232,0.0001454410085
-1.602364222615147,-3.9639528890214257,0.00014584876772
-1.6074744132227279,-3.9639530629867297,0.0001480144856
-1.6125466367477999,-3.963956517440647,0.00011856748461
-1.6176054579053294,-3.9639557843011466,3.418957012e-14
-1.6227979629599432,-3.963952826890962,0.00014691716933
-1.6279588308765296,-3.9639541813351227,0.00014888454461
-1.6330111459082197,-3.9639551754225772,0.00014939261018
-1.6380696147030356,-3.963954305596054,0.00014681878383
-1.6431435371197667,-3.963955883709892,0.0001474202727
-1.6481707588924168,-3.9639556724663065,0.00014561237185
-1.6532578571578032,-3.9639510375335356,0.00014815259783
-1.6585188841760443,-3.963952068899275,0.00014778220793
-1.6635585519031524,-3.9639516339860097,0.00014677127183
-1.6685265893241157,-3.9639567162581373,0.00014697556617
-1.6735566174141003,-3.963951571855546,0.00014831295994
-1.6785543791469244,-3.9639521061775524,0.0001448920957
-1.6835309613637186,-3.9639556724663065,0.00014552936773
-1.6886130384604192,-3.9639513233336796,0.0001463888766
-1.693713400665136,-3.963953013282357,0.000148113264
-1.6986661732299215,-3.963954554117917,1.0325553888e-13
-1.7036110805555404,-3.963950242263571,9.2084992502e-05
-1.7086201053108514,-3.963953112691106,0.0001472820295
-1.7135734441728576,-3.963950664750741,0.00014635456319
-1.7185186535236592,-3.9639523919776964,0.00014564013691
-1.7236784140145702,-3.963953112691106,0.00014852701861
-1.7173311408375629,-3.970849010402216,9.414160013e-05
-1.7117752239802584,-3.9708444748781933,0.00015124732454
-1.7063684068888072,-3.9708446115652163,0.00015296359197
-1.7010179804160912,-3.970841902676894,1.9686841404e-15
-1.695750560531454,-3.970840423971802,0.00014793338778
-1.6904290026325783,-3.970840274858684,0.00014791628928
-1.6850328319288639,-3.970840312136962,0.00014821444347
-1.6798414091311609,-3.9708424245728096,0.00014764990192
-1.674652327028632,-3.970840597937106,0.00014893920161
-1.6694369183975626,-3.970844934643641,1.9686680468e-15
-1.6643102422486868,-3.970840560658828,0.00014870731684
-1.6591616441052024,-3.970841206815675,0.00014899263624
-1.653768858600425,-3.970840747050227,0.0001490815921
-1.6485404503020582,-3.970842834633885,0.00015104777412
-1.6434068275739486,-3.970843170138405,1.6152565938e-13
-1.638223169340352,-3.97084161687675,0.00014854667825
-1.6330654475194324,-3.970839131658108,0.0001495750912
-1.6279309942220672,-3.9708405482327334,0.00015058959252
-1.6226731888057886,-3.970839467162625,0.00014832821034
-1.6174063855559033,-3.9708416541550315,1.9685625912e-15
-1.612271328208169,-3.970841902676894,0.00014318425383
-1.607125322447514,-3.9708390073971733,0.0001485820394
-1.601937649795845,-3.9708436796082256,0.00014998193365
-1.5967976971232538,-3.970840051189004,0.00010376658611
-1.5915643054093507,-3.9708435926255716,2.9617889595e-05
-1.5861570982020363,-3.970842449424996,0.00014912348706
-1.580961056935894,-3.9708418405464303,0.00014812203881
-1.5757804441229004,-3.970845170739413,0.00014796038158
-1.570553105497063,-3.970840734624132,6.8148794713e-14
-1.5653877575402473,-3.9708457796179784,0.00013517301704
-1.5602192131502335,-3.970840809180691,0.00015027589689
-1.5548635264055615,-3.970843145286219,0.00014968977484
-1.5496212878706432,-3.9708436671821308,0.00014956305677
-1.544445067007202,-3.970845593226583,1.4651516491e-13
-1.5392345914541397,-3.970845307426439,0.00014667736832
-1.5340382733315776,-3.970846450627015,0.00010290700448
-1.5288658277829368,-3.9708451458872265,4.0169703425e-05
-1.5235473908109636,-3.9708459908615636,4.0743753857e-12
-1.5182345916424245,-3.9708453571308118,7.7079108451e-05
-1.5130417593938617,-3.970845456539557,0.00014816087787
-1.5078273071758748,-3.9708455808004883,0.000148708903
-1.5026007991192913,-3.9708460281398446,0.00014746520901
-1.4974005043318066,-3.9708411446852074,0.00013390032109
-1.4920999120144571,-3.9708427973556075,1.9686947283e-15
-1.4867257639804115,-3.9708426109642083,1.7064830105e-10
-1.481496525112789,-3.9708415423201915,0.00015037751291
-1.4762546263562029,-3.9708405855110143,0.00014985138841
-1.4709714759932306,-3.970842374868437,9.0599496616e-05
-1.4657502533773694,-3.9708430085991924,0.00011305268708
-1.4604243161133248,-3.970840722198041,0.0001477804326
-1.4549349958090998,-3.970841020424276,0.00014933908824
-1.4496810286295359,-3.9708422506075056,0.00014789878333
-1.444417396644082,-3.970840821606786,1.9686559766e-15
-1.4391071017676953,-3.970843480790735,0.00014478364028
-1.4338606600489654,-3.9708435801994804,0.00014620364527
-1.4285502015756042,-3.9708431080079376,0.00014556887618
-1.4230810666211786,-3.9708438287213434,0.00014704070054
-1.417799866837521,-3.970845630504861,3.8356234855e-10
-1.4125153951143679,-3.9708435304951077,0.00014651943638
-1.4071852043289825,-3.970842101494388,0.00014843618555
-1.4019227301067336,-3.970844773104429,0.00014563048899
-1.3965696986668052,-3.970842884338261,0.00010613673658
-1.3909507466367161,-3.970845381982998,8.2917387772e-05
-1.3856397596192833,-3.970843145286219,0.00014475834905
-1.3803631027977676,-3.9708427849295127,0.00014948370517
-1.3750423251306167,-3.970842176050947,0.00014539489348
-1.369792271694063,-3.9708431577123102,1.9686648704e-15
-1.3644950519912675,-3.970840821606786,0.00014634127729
-1.359061757358681,-3.9708429340426337,0.00014670405653
-1.3538035618265407,-3.970841915102989,0.00014791081776
-1.3485637772462418,-3.97084130622442,0.00014813209418
-1.343275983246066,-3.970843331677614,1.9686807523e-15
-1.33806360745122,-3.9708428222077936,0.00014779757475
-1.3328043799996983,-3.970845916305005,0.00014963200374
-1.3273381897908192,-3.970845257722063,0.00014927117445
-1.3220812275281797,-3.9708412565200475,0.00013559585204
-1.316861426947558,-3.9708407967545996,1.9686907049e-15
-1.3115929751435427,-3.9708435056429217,0.00014871699386
-1.3063809139582625,-3.97084088373725,0.00014830048895
-1.3011261036250596,-3.9708450713306678,0.00014875915076
-1.2957028387454594,-3.9708450713306678,9.0070490842e-05
-1.2904433721906694,-3.9708462766617076,0.0001404282084
-1.2852222880030164,-3.9708455310961157,0.00015047271154
-1.2799476824358753,-3.9708451583133177,0.00014999524865
-1.2747278063489595,-3.970841915102989,0.00014969341282
-1.2694760791895094,-3.9708435553472943,1.968718657e-15
-1.2640550291612602,-3.9708444375999123,0.00014824345999
-1.258798985558555,-3.9708404363978933,0.00014806988474
-1.2535833126554492,-3.970844884939269,0.0001463352819
-1.2483377770122726,-3.970844089669301,0.00014591321815
-1.243145322295188,-3.970840448823988,9.7067488241e-05
-1.237929737482763,-3.9708447234000563,0.00014706388174
-1.2325551993328538,-3.970840846458972,0.00014684762573
-1.2273408729586937,-3.9708432695471503,0.00014523707796
-1.2221516020904255,-3.970842449424996,0.00014086025476
-1.2282332189493088,-3.9778189179245533,0.00014912264305
-1.2338141409749745,-3.9778154137662636,0.00015007436741
-1.2393240744980085,-3.977818284193798,0.00014987497707
-1.2445803068664545,-3.977816184184045,0.00014410712174
-1.249808362802106,-3.977816370575444,0.00015085159976
-1.2550403324807657,-3.9778176753152326,0.00014995377569
-1.26021124273472,-3.9778153392097044,0.00015043833992
-1.2654433382572086,-3.9778189427767394,0.00014967085735
-1.2707518587356403,-3.9778191291681386,0.00014985891175
-1.2758546874793597,-3.977816258740604,0.00014829922293
-1.2809722399508023,-3.977816246314509,0.00014631458907
-1.2861288165928983,-3.977817911411004,0.00014695967548
-1.291204928692214,-3.9778190546115795,0.00014952354832
-1.2963522054755192,-3.9778166936538657,0.00014953833306
-1.3016268991333373,-3.9778179611153766,0.00015029103088
-1.3067230078167136,-3.9778164202798165,0.00015059117868
-1.3117985913719579,-3.97782141556929,0.00015117577277
-1.3169268783218158,-3.9778184084547292,0.00015096493007
-1.3220081500180254,-3.977821390717104,0.00015132053522
-1.3271222669529996,-3.977818980055017,0.00015170822735
-1.3324319074414868,-3.977820670003698,0.00014990341151
-1.3375556640135844,-3.9778184705851967,0.0001463539229
-1.342589354158926,-3.9778188433679946,0.00014619238209
-1.3476886466911169,-3.977819278281256,0.00014788008411
-1.3527421446547783,-3.977820309646992,0.00014713384735
-1.3577871984976706,-3.977816345723258,0.00014672415273
-1.3629669178194925,-3.977816246314509,0.00014519048273
-1.368076391117261,-3.977819166446416,0.00014549080515
-1.3730829619179545,-3.9778192161507886,0.00014581465803
-1.3781062321944464,-3.9778193155595374,0.00014480177197
-1.3831281559419928,-3.977818793663622,0.00014578209084
-1.388125401715127,-3.9778162338884178,0.00014655925042
-1.3933014212284458,-3.9778174392194607,0.00014562306751
-1.3985747557729369,-3.977816345723258,0.00014699161693
-1.4035414340805712,-3.9778205830210447,0.00014747002569
-1.4085171605593434,-3.9778169794540097,0.00014691911929
-1.413543337828232,-3.977816929749637,0.00014715976431
-1.4185152260702896,-3.9778162090362312,0.00014723969798
-1.4235217842865997,-3.977820384203554,0.00014525016013
-1.4286941291601785,-3.977817998393654,0.00014417633065
-1.4337280206556426,-3.977821713795529,0.00014704918431
-1.438704011406451,-3.97781793626319,0.00014729281247
-1.4437477438891626,-3.977820955803842,0.00014646883938
-1.4487546670525695,-3.9778205954471395,0.00014751794515
-1.453752881823169,-3.977820421481832,0.00014965902665
-1.458940969759466,-3.9778214528475715,0.00015067280037
-1.4641119429353346,-3.977820719708071,0.00014965356968
-1.4691283924764214,-3.9778187563853407,0.00014684523921
-1.4741657572615012,-3.9778206202993256,0.00014589309285
-1.4792368859452807,-3.9778199120120115,0.00014684769849
-1.484289993793079,-3.9778206202993256,0.00014832860325
-1.489406073891749,-3.9778210800647735,0.00014812391601
-1.4946419824821855,-3.9778196137857726,0.00014757314057
-1.4997142311760219,-3.9778193279856287,0.000148519699
-1.5047769912453282,-3.9778184705851967,0.00014790022396
-1.5098978534094123,-3.9778167682104244,0.00014788270346
-1.514976180360077,-3.9778205830210447,0.00014810622088
-1.5200550232704317,-3.977816072349205,0.00014871645544
-1.525324645422035,-3.9778184084547292,0.00014816637849
-1.5304791330566085,-3.977820508464486,9.6997204106e-13
-1.5355478707076813,-3.9778168924713593,0.00014881561219
-1.5406631076527126,-3.9778159853665516,0.00014985255257
-1.545769522945493,-3.977819116742044,0.00014905580611
-1.5508592891000044,-3.9778178492805365,0.00014968596224
-1.5560666688949325,-3.9778188930723672,0.00014970554912
-1.5613030682762925,-3.97782110491696,0.00014911682229
-1.5663910726172285,-3.977817687741324,0.0001507444249
-1.5714950339553897,-3.977818172358958,0.00014987043687
-1.5766414550006727,-3.977817998393654,0.00014972871577
-1.5817357263641778,-3.977818259341612,0.00014951285266
-1.5868876467846869,-3.977818992481112,0.00014975851809
-1.5922202663559286,-3.9778189303506446,0.00014823696984
-1.597353347955582,-3.9778209433777474,0.00014852343884
-1.6024257602463947,-3.97781967591624,0.00014966118033
-1.6075565263196385,-3.9778187688114355,0.000150877735
-1.6126448201013772,-3.977821142195241,0.00014216180716
-1.6177166660949673,-3.9778212291778914,1.9673066531e-15
-1.6229305897688828,-3.9778179859675626,0.00015124444326
-1.6281052753376375,-3.977816942175732,0.0001485261746
-1.6331654430241145,-3.9778196883423314,0.00014921673574
-1.638242108836268,-3.9778212540300775,0.00015090126544
-1.6433291945172692,-3.9778178617066278,0.00014973634097
-1.64838145921143,-3.97781967591624,0.00015110694221
-1.653502724075759,-3.977817886558814,0.00015139669995
-1.6587755049074122,-3.9778194149682826,0.00014983848087
-1.6638234279895519,-3.9778195268031222,0.00014885450946
-1.6688130224580249,-3.9778182344894253,0.0001480243518
-1.6738696916861178,-3.97782057059495,0.00014938075037
-1.6788856630206623,-3.9778197256206127,0.00014887739962
-1.6838809582144838,-3.9778191291681386,0.00014731076953
-1.6890002347463522,-3.977819116742044,0.00014739047037
-1.6941113565982509,-3.9778190297593934,0.00014847697457
-1.6990855226135717,-3.977818569993942,0.00010034405568
-1.7040557119639699,-3.9778205208905772,8.5625440988e-05
-1.7090797750565716,-3.9778195640814,0.00014936574735
-1.7029490665209004,-3.984870638844652,7.9456614912e-05
-1.6973976045350607,-3.9848682406086606,0.00014816736802
-1.6919944243301999,-3.984867768417121,0.00014875008492
-1.6865021341116657,-3.984867271373392,0.00015118902957
-1.6811882023486866,-3.984868513982713,0.00014649321383
-1.6759520924081277,-3.984867470190882,0.0001467418333
-1.670677939878764,-3.984868004512893,0.00014759328042
-1.6654762104716547,-3.984865295624567,0.00014762909268
-1.6603054512302917,-3.9848667991818494,0.00014683803602
-1.6549150190050734,-3.9848650968070767,0.00014584441669
-1.6495905289450365,-3.9848672837994834,0.00014696703875
-1.6444189643031824,-3.984870800383865,0.00015040348808
-1.6392330282963223,-3.984869918131247,0.00015079948935
-1.6340400702039328,-3.9848668861644994,0.00014930349425
-1.6288818575920898,-3.984867358356042,0.00015133859415
-1.6236402734450694,-3.984865742963924,0.00014956365339
-1.6183186274555152,-3.9848653701811294,2.8436465422e-12
-1.613173150238933,-3.9848697317398476,0.00013750673679
-1.6080244891735345,-3.984864736450374,0.00014803528029
-1.60282570451197,-3.984867743564935,0.00014898277004
-1.597668486066359,-3.984870763105587,0.00014852403547
-1.5924752888706977,-3.984866016337976,0.00014849870058
-1.5870632995979694,-3.9848676690083726,0.00014878845832
-1.5818169333855354,-3.9848697317398476,0.00014969355834
-1.5766400077966651,-3.9848649228417727,0.00015060449368
-1.5714045270752395,-3.9848675695996274,0.00014941256086
-1.5662239645997789,-3.98486792995633,0.00015157427697
-1.5610503109504021,-3.9848677062866535,0.00015054685355
-1.5557264123563508,-3.984869334104867,0.00014880896197
-1.5504503092476727,-3.9848660039118813,0.00014992340584
-1.5452765926763818,-3.9848650471027045,0.00014964719594
-1.5400690996220119,-3.9848648979895867,0.00014932158228
-1.5348626636557845,-3.9848655814247147,0.00010846484656
-1.5296901803539957,-3.984862884962484,3.8363157095e-10
-1.5244057086308427,-3.9848673956343235,4.6916199224e-12
-1.5190678036188823,-3.984865134085358,0.00014915746578
-1.513871045042926,-3.984866389120774,0.00014914333588
-1.5086647600892917,-3.9848665258077967,0.00014856702182
-1.503419123771053,-3.984864624615534,0.00014902447583
-1.4982223148575675,-3.984864313963204,0.0001490048744
-1.4929498863886277,-3.984864599763348,0.00014786432439
-1.4875428176095231,-3.984868029365079,0.00014833823661
-1.4823136920013442,-3.9848669358688755,0.00015002989676
-1.477076071934865,-3.9848683524435007,0.00015085285122
-1.4717883156878369,-3.984864152423991,0.00014766126696
-1.4665588377169443,-3.9848646494677205,0.00014994625235
-1.4612619452080995,-3.984865842372672,0.00014968353207
-1.4557646338208794,-3.984867557173536,0.00014901917893
-1.4504733287779397,-3.9848669234427807,0.00014992426441
-1.4452081740821825,-3.984867333503856,0.00014939783432
-1.4399001192259095,-3.9848697068876615,0.00014871871099
-1.434637342978478,-3.98486773113884,0.00014889027807
-1.4293575526456783,-3.984867594451814,0.00014789318084
-1.4238953516861035,-3.9848643636675765,0.00014751424897
-1.418577694945855,-3.9848656808334595,0.00014586444013
-1.4133041968043893,-3.984862027562052,0.00014591481886
-1.4079734019686354,-3.984862984371229,0.00014537025709
-1.402698595051372,-3.984862971945138,0.00014515244402
-1.3973963793486588,-3.9848666127904506,0.00014487729641
-1.3917805734142368,-3.984866587938264,0.00014519575052
-1.3864219670927866,-3.984863593249798,0.00014535414812
-1.3811549750771603,-3.9848635062671445,0.00014750813716
-1.3758322090775492,-3.9848672216690195,0.00014795425523
-1.3705714211625781,-3.984866128172816,0.00014802918304
-1.365289768341143,-3.9848685636870855,0.00014833464229
-1.3598506345549999,-3.9848697193137563,0.00014780975471
-1.3545591533307006,-3.984867880251958,0.000147650484
-1.3493193058284891,-3.984864711598188,0.00015045741748
-1.3440265409971583,-3.9848676938605587,0.00014870274754
-1.3387963079633056,-3.9848669979993394,0.00014883613039
-1.333558562053,-3.9848658050943913,0.00014932984777
-1.3280943475922,-3.98486619030328,0.00014904631826
-1.3227954289977435,-3.984866128172816,0.00014863628894
-1.317575263470025,-3.9848705270098157,0.00014971292694
-1.3123076548196486,-3.9848675447474413,0.00014953722712
-1.3070747664810523,-3.984868911617697,0.00014588136401
-1.3018443195126956,-3.9848682530347554,0.00014628267672
-1.296419003378721,-3.9848682654608503,0.00014511567133
-1.291126842597759,-3.984866339416398,0.00014770615962
-1.2859016810701211,-3.98486587965095,0.00014850804291
-1.2806150700019145,-3.9848671471124573,0.00015096695279
-1.2753844090990525,-3.984868476704432,0.00015156935842
-1.2701537104430407,-3.9848655441464333,0.00014832726447
-1.264723373140382,-3.9848626488667125,0.00015019069542
-1.2594321184349715,-3.9848652707723806,0.00014782841026
-1.2542083034362792,-3.984864624615534,0.00014900004317
-1.2489414246800965,-3.9848646867460014,0.00014949853357
-1.2437356556861505,-3.984868327591314,0.00014974805526
-1.2385160312868884,-3.9848680666433567,0.00014828870189
-1.2331242525327242,-3.984866674920918,0.00014942391135
-1.2278663338570022,-3.9848630465016965,0.00014854162873
-1.2226748733061497,-3.9848659542075087,0.00015027110931
-1.217426934045883,-3.9848655068681524,0.00014757137978
-1.2122369458678026,-3.9848655192942473,0.00014746797387
-1.2070205682392678,-3.9848663766946792,0.00014865610865
-1.213093917158738,-3.9920867694041573,0.0001497054327
-1.2186072862182402,-3.9920867694041573,0.00014946318697
-1.2239783007410021,-3.9920890309531227,0.00014831426961
-1.229249370096613,-3.9920877262133345,0.00014832557645
-1.2345910126702262,-3.9920886208920474,0.00014832199668
-1.239959661329046,-3.99208898124875,0.00014818407362
-1.2451515371645263,-3.9920888197095374,0.00014902545081
-1.250323227650207,-3.9920866078649446,0.00015047790657
-1.2555118189618106,-3.992089055805309,0.00014922447735
-1.2606571451658013,-3.992089527996852,0.00014750241826
-1.2658744792074188,-3.992089490718574,0.0001474176679
-1.271133115192953,-3.99208693094337,0.00014678254956
-1.2762223024658619,-3.992089428588107,0.00014808539709
-1.2813209154413883,-3.992089354031548,0.0001469822746
-1.2864533426531437,-3.9920900747449535,0.00014629396901
-1.291526258319263,-3.992091764693631,0.00014614324027
-1.2966792735810626,-3.9920858747254444,0.00014615929103
-1.3019467689719972,-3.9920888694139136,0.00014676139108
-1.3070278267337012,-3.9920883723701848,0.0001463478693
-1.31210381298919,-3.9920900871710483,0.00014604030002
-1.3172300738534382,-3.9920877634916154,0.00014892984473
-1.3223033418822712,-3.9920897889448095,0.00014891952742
-1.3274295398246068,-3.992089391309829,0.00014911087055
-1.3327391551443308,-3.9920893291793615,0.00014999402629
-1.3378470428098836,-3.992089913205741,0.00014901728719
-1.342891693952528,-3.9920863717691732,0.00014631827071
-1.347992320429283,-3.9920868066824386,0.00014634871332
-1.3530454282770812,-3.9920871546130465,0.00014606436889
-1.3580871724273302,-3.992087502543658,0.00014601221483
-1.3632867121518548,-3.992091106110693,0.00014878372895
-1.3683928128350695,-3.992088596039861,0.00014729524264
-1.373404593570186,-3.992088596039861,0.00014588689373
-1.378443090949706,-3.9920874528392853,0.00014763636864
-1.383471671835685,-3.9920885836137696,0.00014678869047
-1.3884795010746434,-3.9920884345006487,0.00014684691268
-1.3936879882952453,-3.992086272360428,0.00014574239322
-1.3989487762102164,-3.9920868936650886,0.00014687536168
-1.4039293854294643,-3.99208581259498,0.00014505446597
-1.4089210689054599,-3.9920881487005047,0.00014590017963
-1.4139648643100837,-3.992087999587387,0.00014842378732
-1.4189425036150223,-3.9920866948475986,0.00014573262888
-1.4239789371557847,-3.992086632717131,0.00014899962116
-1.4291599778377875,-3.9920841847767665,0.00014895632921
-1.434196109353367,-3.9920866575693172,0.00014701875625
-1.439187805413746,-3.9920884593528347,0.00014747923706
-1.444246978933991,-3.992084532707378,0.00013958074851
-1.4492640451098278,-3.992085067029385,0.0001455401507
-1.4542767822580265,-3.9920837250113186,0.00014631275553
-1.4595070152918794,-3.992085936855912,0.00014693937555
-1.464667329495628,-3.9920839735331817,0.00014838961943
-1.4697005288500444,-3.9920866078649446,0.00013368210057
-1.4747665986119922,-3.992088844561724,0.00014728265523
-1.4798483233459774,-3.992084321463793,0.0001475543686
-1.484910819143247,-3.992087030352115,0.000150127089
-1.4900722533570527,-3.992087502543658,0.00015048698697
-1.4953141772824035,-3.992086061116843,0.00012343363778
-1.5003882758804938,-3.9920878629003607,0.00014992435172
-1.5054773876471053,-3.992087949883014,0.00014977423416
-1.5106143829897705,-3.992086135673402,0.00014813058078
-1.51571022740111,-3.992084532707378,0.00014692412515
-1.5208392945826927,-3.9920858374471666,0.00010838657909
-1.526119953237896,-3.9920878753264555,0.00014993750665
-1.5312648767416421,-3.992086172951683,3.8362824029e-10
-1.536340862997131,-3.9920866202910394,0.00015416205861
-1.541491801835793,-3.992086222656056,0.00014074904902
-1.5466079574407587,-3.9920870552043013,0.00010997673962
-1.5517160212876677,-3.9920883475179982,0.00015183088544
-1.5569707938677246,-3.9920866202910394,0.00015168142272
-1.562190103657421,-3.9920835510460146,0.00015090331726
-1.567296820975386,-3.99208496762064,0.00010792761168
-1.5724228679051284,-3.9920855764992087,0.00012625943054
-1.577568986925227,-3.9920851664381334,0.00014949426986
-1.5826873573815439,-3.9920839859592765,0.00015059790167
-1.5878961466273303,-3.992083327376335,0.00014681638277
-1.5932341145612032,-3.9920851291598525,3.7391943349e-15
-1.598342140654966,-3.99208527827297,0.00014317902969
-1.6034364749403853,-3.992083575898201,0.00014870481391
-1.6085790829177202,-3.9920853279773425,0.00014912501501
-1.6136650863418125,-3.992085253420784,0.0001255364914
-1.618752474048,-3.9920831409849358,8.0667996372e-05
-1.624014155454141,-3.9920836877330377,0.00015012989752
-1.6291645783331112,-3.992081438610167,0.00014705955982
-1.634236562754913,-3.9920828551847922,0.00014648187789
-1.6393312745718123,-3.9920835634721064,0.00014605943579
-1.6444172402427566,-3.99208407294193,1.9687082808e-15
-1.649481636281808,-3.9920860362646566,0.00015021326544
-1.6546642248428807,-3.9920825445324617,0.0001498227648
-1.6599349166670114,-3.9920853776817187,0.0001499284117
-1.6649463576237957,-3.9920850918815747,0.0001495549368
-1.6699663811295586,-3.992085203716411,3.8363143218e-10
-1.6750316203222506,-3.992081152810023,0.00015082971368
-1.6800501085333288,-3.9920838865505313,0.00014741762425
-1.6850503871426863,-3.992082979445727,0.00014953571372
-1.6902269603688413,-3.9920833895068024,0.00014797900803
-1.695306281485738,-3.9920839859592765,0.00014900152746
-1.6891212210013231,-3.999332983535348,0.00014882491087
-1.6834487475917477,-3.999332175839289,0.00014893163461
-1.6780778463284292,-3.999332598326459,0.00014761570492
-1.6727460950795927,-3.9993323746567824,0.00014805205865
-1.6674531037293752,-3.999332312526315,0.00014818525233
-1.6622328249422131,-3.9993343504056043,0.00014812283916
-1.656888690660831,-3.999332573474273,0.00014988980547
-1.6514309571571042,-3.9993343876838816,0.00015170205734
-1.6462296304502397,-3.9993323373785015,0.00015012259246
-1.6410283037433753,-3.999331703647746,0.00014849973377
-1.6357903690673303,-3.999335568162739,0.00014844471298
-1.6306130030250658,-3.999334623779653,0.00014879615628
-1.6254118650839422,-3.9993347728927744,0.00014862421085
-1.620060066913516,-3.9993360776325626,9.8931595858e-05
-1.614848383259716,-3.999332561048178,2.8370880045e-06
-1.6096935306780455,-3.9993333687442374,0.00015190993145
-1.604484917613617,-3.9993375687637465,0.00015039432037
-1.5992993465538534,-3.999334748040588,0.00014780569472
-1.5941249000883673,-3.999332697735204,0.00014702725457
-1.5887442459284837,-3.9993374693550012,0.00014778335753
-1.5834126834453863,-3.999334313127323,0.0001490306895
-1.578207883448906,-3.999338326755433,0.00014887326688
-1.5729821556240489,-3.9993359782238143,0.00014925337746
-1.567764230116446,-3.9993333563181457,0.00014880324306
-1.5625774509559451,-3.9993376930246813,0.00014728898532
-1.5572878699734312,-3.999336450415357,0.00014719627507
-1.5519403379087287,-3.9993381403640345,0.00014757107419
-1.5467564154030937,-3.9993366368067558,0.00014539426775
-1.5415505960716183,-3.9993344870926304,0.00014759151964
-1.5363007691539514,-3.999333430874705,0.00014844273392
-1.5311216035449655,-3.9993374942071878,3.833868778e-10
-1.5258777038715359,-3.99933714627658,0.00014904289856
-1.5204875233339707,-3.99933353028345,0.00014293212735
-1.5152704158112404,-3.999334735614493,0.00014977787214
-1.5100557119056002,-3.9993380782335706,0.00015165329387
-1.5047910605851498,-3.999335133249477,0.00015030996292
-1.499576193082535,-3.9993350462668236,0.00015034583339
-1.4943334134191621,-3.999335282362595,0.00013256672537
-1.4889195994109479,-3.999334462240444,0.00014907159493
-1.4836352409472384,-3.9993350835451045,0.00014913655468
-1.4783958968203355,-3.9993341515881102,0.00014816857583
-1.4731050573995528,-3.999334275849045,0.00014630376245
-1.4678544250813947,-3.999334996562451,0.00012981868349
-1.4626079959470482,-3.9993369971634585,0.00014672926045
-1.457103725396215,-3.999337742729054,0.0001459812338
-1.4517429923140928,-3.999335133249477,0.00014581279538
-1.4464869612957707,-3.9993355184583663,0.00010657477833
-1.441174929774575,-3.999336947459086,0.00014542679128
-1.4358941578599267,-3.999338165216221,0.00014869756706
-1.4306301483429928,-3.999337730302959,0.00014766014647
-1.4251863709196442,-3.999335568162739,0.00014603348973
-1.4198192198023631,-3.999334922005892,9.6195773569e-11
-1.414535175948221,-3.9993343752577903,0.00014685622591
-1.4092178967394526,-3.999337705450773,0.00014921199181
-1.403924062235596,-3.9993398551649015,0.00014905215357
-1.3986614621695204,-3.9993355433105524,0.0001456070604
-1.3930843028742737,-3.9993360403542817,2.6206659997e-13
-1.3876415447859198,-3.9993379539726392,0.00014756113524
-1.3823538640451871,-3.999335779406324,0.0001477830956
-1.3770477471838471,-3.9993378297117044,0.00014741887571
-1.3717599028461382,-3.999334822597147,6.3012767239e-15
-1.366487134598868,-3.9993396439213167,0.00013334110554
-1.3610676953715994,-3.999334984136356,0.00014765757078
-1.3557260024604552,-3.999337432076724,0.00014871312305
-1.350475168792175,-3.999337332667975,0.00014992096112
-1.3451926476483362,-3.9993364379892657,9.1267650989e-13
-1.3399382274309948,-3.999335593014925,0.00014706501679
-1.334713695122492,-3.999340029130206,0.00014767568791
-1.329276436409366,-3.9993382397727832,0.0001459368068
-1.3239243865512846,-3.9993363385805205,0.00014951721823
-1.318688238857578,-3.999336102484749,3.8356476328e-10
-1.3134247704690987,-3.999334810171052,0.00015037224512
-1.3081795620198713,-3.999338227346688,0.00014906983415
-1.3029478817820124,-3.9993394078255453,0.00014898669906
-1.2975516984939146,-3.9993401782433233,0.0001127561045
-1.292186573462242,-3.999335133249477,7.0441092248e-05
-1.286963614201572,-3.9993362267456805,1.4348181931e-12
-1.281694621269102,-3.9993387616686986,0.000146671111
-1.2764393956512694,-3.999337332667975,0.00014829362044
-1.2712111887030266,-3.9993375066332826,1.968686258e-15
-1.2658098835711828,-3.999336052780373,0.0001447161776
-1.2604792775011697,-3.999334250996859,0.00015121937031
-1.2552454075807264,-3.9993358291106964,0.0001493741438
-1.2499883823961726,-3.999335307214781,0.00014915986685
-1.2447630069340292,-3.9993365125458245,1.9686191306e-15
-1.239544791985625,-3.9993356924236703,0.00014758735779
-1.2341705558609004,-3.9993375687637465,0.00014710279356
-1.228866402163256,-3.999335394197435,0.00014836345508
-1.2236490932904034,-3.999338003677012,0.00014344253577
-1.2183971521964476,-3.999335530884461,1.9685217218e-15
-1.213174859908059,-3.999334536797003,2.144032998e-12
-1.207977748969389,-3.999339755756153,0.00014825258404
-1.2025551888152197,-3.9993322379697562,0.00014667728101
-1.197249889938752,-3.9993358415367912,9.6557130746e-05
-1.1920571835340141,-3.9993354687539937,9.5326620794e-05
-1.198119282015379,-4.00646958709824,0.00014717142039
-1.2037991298731991,-4.006468791828276,0.00014760400518
-1.209304079980697,-4.0064698356201065,0.00014750441187
-1.2145651069989383,-4.006469338576378,0.00014808386914
-1.2198335588029554,-4.006469885324479,0.00014708461822
-1.2250740732774479,-4.006470444498672,0.00014695299615
-1.2302854800748282,-4.00647012142025,0.00014799536439
-1.2356169670516282,-4.006468071114867,0.00014905024727
-1.2409183270163227,-4.006467139157876,0.00014825021208
-1.2460660945905495,-4.006469972307129,0.00014807085972
-1.2512301337715692,-4.006472793030291,0.0001503363892
-1.2563805566505395,-4.0064704072203945,0.00015062147577
-1.2615038601848614,-4.006470593611793,0.00015052744129
-1.2667383593244381,-4.00647309125653,0.00014937133528
-1.2719614695977013,-4.006472556934519,0.00014937568631
-1.2770422127498393,-4.006471103081614,0.00014906116121
-1.2821514217755716,-4.006467835019095,0.00015057275596
-1.2872665957986904,-4.0064727184737325,0.0001507866109
-1.292345765902994,-4.006472532082333,0.00015014360542
-1.2975252712903123,-4.006468841532648,0.00014964099682
-1.3027644140670929,-4.006470494203045,0.00014981471759
-1.3078406142570873,-4.006472556934519,0.00014898528752
-1.3129273853285244,-4.006468419045478,0.00014804735838
-1.318051884379199,-4.006470133846342,0.00014810349967
-1.3231266121964211,-4.006472420247493,0.00015001378779
-1.3282917839718793,-4.006470991246774,0.00014600591385
-1.333598844661922,-4.006471575273157,0.00014594203094
-1.338681349627632,-4.006471811368928,0.00014728866518
-1.3437395289816467,-4.006472817882478,0.00014550764172
-1.3488394129798231,-4.006470357516021,0.00014552453649
-1.3538953900668702,-4.006469959881038,0.0001456530299
-1.3589640144584976,-4.0064680089844025,0.00014578130504
-1.3641818392910403,-4.006469649228707,0.00014472242037
-1.3692662570829166,-4.006470866985842,0.00014448180445
-1.3742808189666031,-4.0064684314715695,0.0001446933602
-1.3793478703103978,-4.006468319636733,0.00014462527179
-1.3843788673978483,-4.0064707800031885,0.00014501401165
-1.3894022383494025,-4.006470382368208,0.00014550810738
-1.394682972510903,-4.006470494203045,0.00014562776778
-1.3998902138776197,-4.006467909575657,0.00014548978652
-1.4048814443158395,-4.006468419045478,0.000144961552
-1.4098997940987097,-4.006467909575657,0.00014474781347
-1.414939486994584,-4.006470432072581,0.00014596762776
-1.419939929200916,-4.0064726687693595,0.00014839554206
-1.425024611264829,-4.006471761664556,0.00014844644465
-1.430220400843318,-4.006475713162199,0.00014819749049
-1.4352307721275763,-4.00647360072635,0.00014620707952
-1.4402448809734871,-4.006472594212801,0.00014557191753
-1.4453120581611085,-4.0064702581072735,0.00014510002802
-1.4503272366795452,-4.006472681195452,0.00014486008149
-1.4553722653536696,-4.006468829106553,0.00014562094293
-1.4606397229914545,-4.006473662856818,0.00014652211394
-1.465759062445237,-4.006472892439036,0.00014616975386
-1.4707970312806857,-4.006469102480606,0.00014646303316
-1.4758882949767338,-4.0064733522044875,0.0001478913764
-1.4809721968089204,-4.006471724386274,0.00014758382167
-1.4860477551954,-4.006468257506265,0.00014848184946
-1.491258255917229,-4.006471873499392,0.00014718595776
-1.4964676114602344,-4.006468021410494,0.00014735556033
-1.5015527843150727,-4.006470630890071,0.00014828922576
-1.5066639313357362,-4.0064685184542235,0.00014571529755
-1.5117953266281132,-4.006471500716597,0.00014579657
-1.5169050641979185,-4.006465722583248,0.00014747869864
-1.5220871493836825,-4.006469959881038,0.0001487711852
-1.5273779384669344,-4.006470953968496,0.00014973660291
-1.5324830575683002,-4.006473227943553,3.7256261376e-15
-1.5375865532843025,-4.006466455722748,0.00015121864271
-1.5427483901983545,-4.006469885324479,0.00014852301683
-1.5478616891484547,-4.006469984733224,0.00014870283485
-1.5529842879573459,-4.006470543907417,0.00014762186038
-1.558286944113453,-4.006471289473012,0.00014934234787
-1.5634695452589071,-4.006468021410494,0.00014796646428
-1.5685856756951084,-4.006473389482766,0.00014619799913
-1.5737383637629605,-4.006473613152446,0.00014601853036
-1.578879537120671,-4.006469798341826,0.00014776755415
-1.584011536463415,-4.006471053377241,0.00014924413699
-1.5892844179701306,-4.0064702084029005,0.00015000013809
-1.5945759998694902,-4.006471612551434,0.00014825504331
-1.5996848565325086,-4.006473066404344,0.0001452495344
-1.6048026481072213,-4.006473613152446,0.00014721495972
-1.6099524669358247,-4.006471190064268,0.00014975915838
-1.615040232173492,-4.0064732652218344,3.836307938e-10
-1.6201876599693867,-4.006470084141969,0.00010380902677
-1.6254587544937642,-4.006471028525055,0.00014773977455
-1.630568101947706,-4.006471103081614,0.00014684334747
-1.6356454599009072,-4.0064738616743085,0.00014721920888
-1.6407722618936096,-4.006470519055231,0.0001482747175
-1.6458553583253068,-4.006473513743697,0.00014897284564
-1.650925442505325,-4.006470531481326,0.00015132142289
-1.6561896156192333,-4.006469997159315,0.00015175298904
-1.661395032250464,-4.006469462837309,0.00015113585687
-1.6664253246124854,-4.006468095967053,0.0001517276105
-1.6714775515534968,-4.006470543907417,0.00014919314708
-1.6765494982221505,-4.006468195375802,0.00014726485824
-1.681574429637154,-4.006469052776233,0.00014918476518
-1.67555180836422,-4.013675602817863,0.00014900340466
-1.6699631469432128,-4.013675739504889,0.00014837365597
-1.6646083033521817,-4.013674472043379,0.00015022761363
-1.6593053955084192,-4.013673738903881,0.00015103786427
-1.653770079285544,-4.013671315815703,0.00015061265731
-1.6484230128430006,-4.013675826487539,0.0001523548417
-1.6431959636579625,-4.013676373235641,0.00015146430815
-1.6379216852847704,-4.013675217608974,0.00014993775403
-1.6326947241904113,-4.013672906355636,0.00014701599139
-1.6274914217354695,-4.01367358979076,0.00014867163554
-1.6221594565521276,-4.013673179729685,0.00015211303253
-1.6168508983205476,-4.013674496895565,1.8160471092e-15
-1.6116731044092738,-4.013673763756068,0.00014979181287
-1.606475477510914,-4.013673763756068,0.00015023005835
-1.6012610504616935,-4.0136734531037375,0.00015146004444
-1.5960729751097782,-4.01367524246116,0.00015157819143
-1.5907692366967616,-4.0136758513397295,0.00014931865735
-1.5853379052278709,-4.013673117599217,0.0001491701114
-1.5801325515185545,-4.013673950147463,0.00014982157154
-1.5749070250438197,-4.013674248373702,0.00014847406419
-1.5696460609474912,-4.013671179128677,0.00014867568098
-1.5644575954797142,-4.013675391574278,0.00014866687707
-1.5592164266173218,-4.013675913470193,0.00014869580627
-1.5538250128102564,-4.013672819372982,0.0001485785906
-1.548590299736174,-4.013671241259141,0.00014936827938
-1.5433898791048628,-4.013674409912914,0.00014840658696
-1.5381307397440198,-4.013673204581871,0.0001492354786
-1.5329208053194119,-4.013673664347319,1.9686036723e-15
-1.5277334346929274,-4.013674012277931,0.00014729294344
-1.5223357916164404,-4.01367142765054,0.00014944013674
-1.5170425359941846,-4.013671887415991,0.00015078166325
-1.5118175884010538,-4.013670247171686,0.00014966999879
-1.506564124596795,-4.013675391574278,0.0001492039446
-1.5013222258402088,-4.013670756641507,0.0001489923161
-1.4960929995569694,-4.0136740495562115,0.00015019989223
-1.4907153278957765,-4.013673055468754,0.00015048551722
-1.4853612771208533,-4.013673726477786,0.00015063719184
-1.480106391281353,-4.0136758513397295,0.00015012230142
-1.4748358504698151,-4.013673564938574,0.0001503436215
-1.4695588412855838,-4.013671638894125,0.00014824689424
-1.4643118206852517,-4.013672819372982,0.00014795543393
-1.4588878636646059,-4.013673614642946,0.00014502418344
-1.4534413680146012,-4.013673801034345,0.00014606250625
-1.4481678195356062,-4.013671042441651,0.00014469074085
-1.4428754322357555,-4.013673676773414,0.00014457576617
-1.4375721342761316,-4.013673714051695,0.00014510707115
-1.4322996303008964,-4.013673689199505,0.00014777427714
-1.426910381007649,-4.01367319215578,0.00014822770027
-1.421481113377518,-4.013674658434777,0.00014590081992
-1.41619308027407,-4.013672844225169,0.00014548054605
-1.4108828734883603,-4.013675118200228,0.0001453954319
-1.4055593398414075,-4.0136745590260325,0.00014664673654
-1.4002903343245543,-4.013675515835209,0.00014614283282
-1.3948121637833728,-4.01367481997399,0.00014527013991
-1.3892561714197726,-4.013673614642946,0.00014626685879
-1.3839716996966214,-4.013675155478507,0.00014525122242
-1.3786713590669235,-4.013672893929541,0.00014554588415
-1.3733555144777796,-4.013675863765821,0.00014495420328
-1.36808864830598,-4.013676025305033,0.00014476141951
-1.3627121469923769,-4.013673763756068,0.00014499694225
-1.3573067015986342,-4.013676037731124,0.00014813129383
-1.3520452844645314,-4.01367617441815,0.00014740803454
-1.346763015008346,-4.013676770870625,0.00014848988212
-1.3414814502775898,-4.013674074408398,0.00014740800543
-1.3362413133345772,-4.013674472043379,0.00014620814181
-1.3308644470738755,-4.013675950748475,0.00014639754954
-1.3254251622751394,-4.01367308032094,0.00014490354806
-1.3201780535841285,-4.0136739377213715,0.00014701558393
-1.314919002313966,-4.013676696314066,0.00014741862833
-1.3096430124647316,-4.013676298679083,0.0001487784466
-1.3044042975569603,-4.013675950748475,0.00015103169426
-1.2990529775930761,-4.013678883306473,0.00015131154214
-1.293652654043081,-4.0136762241225235,0.00014950797777
-1.2884023237501059,-4.013678672062888,0.00014657592692
-1.283139572671439,-4.013676124713778,0.00014741624182
-1.277861179205116,-4.0136769075576515,0.00014912255574
-1.2726247672393727,-4.013675938322379,0.0001488597627
-1.2672645249481758,-4.0136771809317,0.00014790183923
-1.2618688072822368,-4.013674285651983,0.00014780025231
-1.2566194585711121,-4.013679591593787,0.00014991224452
-1.2513671651144427,-4.013676733592347,0.00014955220104
-1.2461105929676646,-4.013676733592347,0.00014975809609
-1.240886639540764,-4.013675739504889,0.00014865933917
-1.235548369581705,-4.013676062583311,0.00014915665088
-1.230176839099255,-4.01367667146188,0.00015033959062
-1.2249444163828176,-4.0136746211564995,0.0001469925337
-1.2196846100496952,-4.0136768205749975,0.00014733655553
-1.2144326815401225,-4.013676000452847,0.00014724637731
-1.2092142904103609,-4.013676298679083,0.00014723239292
-1.2038307795956098,-4.013678970289127,0.00014706506045
-1.1984488292443098,-4.013678672062888,0.00015107540821
-1.1932362898524895,-4.013676273826896,0.00015066975902
-1.1880068244659783,-4.013675801635353,0.00014982190623
-1.1827772458200252,-4.013675901044102,0.00014910042228
-1.1775750759595218,-4.013675478556931,0.00015040540893
-1.183630429211777,-4.020863414310918,0.00014793178707
-1.1891940854644214,-4.020860357491985,0.00014862914395
-1.1945730029794976,-4.020858456299722,9.8432188679e-05
-1.1998666738863815,-4.020857586473196,0.00014892290346
-1.2053595933240493,-4.020860282935426,0.00015029549832
-1.2106751107192424,-4.020859077604383,0.00015030876966
-1.2158497585348509,-4.020860382344171,0.00014832726447
-1.2210850127373878,-4.020857797716781,1.9686007077e-15
-1.2262809910816175,-4.020858071090833,0.00014780070342
-1.2314376935675404,-4.020859239143595,0.00014768519031
-1.236792713339931,-4.020858493578,0.00014860596275
-1.2420146029280734,-4.0208574000817965,0.00013427853992
-1.2471298524574879,-4.02085655510746,9.0591151093e-05
-1.2522988876384251,-4.020857748012408,0.00014813337475
-1.2574284707796979,-4.020860904240086,0.0001483970118
-1.262538485205923,-4.020855225515485,0.00014951371122
-1.2678032246170503,-4.02085851843019,6.0799306084e-05
-1.272980137621539,-4.020859102456569,0.00012019507994
-1.2780578479374538,-4.020857648603663,0.00015182791685
-1.2831740790487152,-4.020861190040231,0.00015199850895
-1.2882732457370796,-4.020860307787612,0.00015057998826
-1.2933525291008285,-4.020861463414279,1.9686259069e-15
-1.2985719018124373,-4.020860183526681,0.00013989313447
-1.3037779980003323,-4.020860953944459,0.00014748419926
-1.3088559600039023,-4.020860891813991,0.00014996284153
-1.313949929342223,-4.0208610036488315,0.00015038189304
-1.3190498510935473,-4.020855573446096,9.105218783e-15
-1.3241391516258996,-4.020863029102026,0.00015087029897
-1.329348507168905,-4.020857611325382,0.00014881526295
-1.3346210614816716,-4.020860494179011,0.00015034253011
-1.3396818709716634,-4.020856182324662,0.00014930227189
-1.3447539560685253,-4.020856990020722,1.9686398829e-15
-1.3498520027468308,-4.020859189439223,0.0001499675418
-1.354900139763476,-4.0208582574822325,0.0001460800413
-1.3600045918925607,-4.020858692395493,0.00014625897165
-1.3652251727049072,-4.020864023189484,0.0001446975657
-1.3702712207140297,-4.020859897726537,1.9769302179e-15
-1.37529778809878,-4.020862817858441,0.00014836672926
-1.3803669158657157,-4.020863575850128,0.00014825438848
-1.3853952702328058,-4.020860494179011,0.00014613938401
-1.3904308983730789,-4.020863327328264,0.00014477400691
-1.3957777382967336,-4.0208610906314854,1.9686866815e-15
-1.4009234923697353,-4.020862482353924,0.00014706385264
-1.4059236954727974,-4.020861401283816,0.00014751616982
-1.4109668239051398,-4.0208603699180765,0.00014779900084
-1.4160010677633192,-4.020861450988188,0.00014104614093
-1.4210107091533821,-4.020861736788333,3.8379316392e-10
-1.4261468487580253,-4.020858232630042,0.00014896641369
-1.4313083081405955,-4.02086137643163,0.00015017733676
-1.4363302822256747,-4.020860469326825,0.0001503193489
-1.4413698996152517,-4.020861761640519,0.00013287880574
-1.446442425165508,-4.020863053954212,1.9687959488e-15
-1.4514633169936761,-4.020861326727257,0.0001481968502
-1.4565746024425494,-4.020859611926393,0.00014848391584
-1.461850957238881,-4.020861513118656,0.00014922639821
-1.466925458537216,-4.020862966971562,0.00011537654791
-1.4719666615590106,-4.020857586473196,8.5777624918e-05
-1.4770792054461506,-4.020859363404527,0.00014960768749
-1.4821628304219192,-4.020860320213703,0.00015198427718
-1.4872446054934354,-4.020858791804239,0.00014890822058
-1.4925097601891923,-4.020857462212264,1.9668219385e-15
-1.497681501012404,-4.020857300673051,9.7183925391e-05
-1.5027735575245602,-4.020858543282376,0.00014990358613
-1.5079049779857019,-4.020857884699434,0.00014842876408
-1.513036134174809,-4.020860444474639,0.00014828490384
-1.518149571553119,-4.0208605438833835,1.9686652939e-15
-1.5233805344811655,-4.020863203067333,0.000129061591
-1.5286410203709522,-4.020860084117932,0.00013967612176
-1.5337448558652866,-4.020861214892417,7.6244534284e-05
-1.5388723374146536,-4.020862755727976,0.00015065957268
-1.5440369177241262,-4.020863439163104,2.0200727823e-15
-1.5491455856214056,-4.020858207777856,6.3581306019e-12
-1.554316974081902,-4.020861016074926,0.00015151950356
-1.5596263880515022,-4.020862072292849,0.00014865485718
-1.5647694994041437,-4.020858555708467,0.00014814754832
-1.569885831190467,-4.020861525544747,1.9686096015e-15
-1.5750645437616755,-4.020859848022161,0.00014983887377
-1.5802000541471855,-4.020861326727257,0.00014874502085
-1.5853288444723501,-4.020860730274783,0.00014942027337
-1.5906753949552055,-4.020860730274783,0.00014772264694
-1.5959106239889775,-4.020860419622452,1.9688145835e-15
-1.6010233440574735,-4.020860332639799,0.00015006297326
-1.6061656248408593,-4.020858891212984,0.00014835697948
-1.6112957239418217,-4.020858729673772,0.00014814033057
-1.6164051217332949,-4.0208568533336955,1.9451944345e-15
-1.6216067378809607,-4.020861587675214,0.00014296469453
-1.6268617118111381,-4.020859835596069,0.00014921667753
-1.6319503076180613,-4.020858158073484,0.00014864270634
-1.6370448558379862,-4.020861426136002,0.00014832708985
-1.6421729666064866,-4.020859201865314,0.00013409546227
-1.6472550185344226,-4.020858095943019,1.968835124e-15
-1.652352738018779,-4.020860419622452,0.0001489459537
-1.6576671102351508,-4.020859823169975,0.00014918169472
-1.6628058044694753,-4.020861078205391,0.00014840031508
-1.6678352914310055,-4.02086137643163,0.00012804812286
-1.661850410721694,-4.028037494970961,0.00015175768931
-1.6561764397705798,-4.0280382281104625,0.00014933675993
-1.6505960462889855,-4.028037494970961,0.00014890314196
-1.6452878655888874,-4.028038551188887,0.00014825310791
-1.6399950252512594,-4.028039010954335,0.00014872458996
-1.6346946720371802,-4.028038389649675,0.00015102140605
-1.6294597576129757,-4.028039793798208,0.00015100585006
-1.6241679491947274,-4.028035618630885,0.00015149233514
-1.6187674998009056,-4.02803911036308,1.9686737643e-15
-1.613564662968121,-4.028039135215266,0.00014400972577
-1.6083667088758122,-4.028036736979275,0.00014972234203
-1.6031156486886449,-4.028039793798208,0.00015142755001
-1.5979162725610931,-4.028036761831461,0.00014747705427
-1.592682704665834,-4.028034289038911,0.0001473439188
-1.5872320687539323,-4.028036177805082,0.00015012908261
-1.5819463385925123,-4.028036898518487,0.00014863650722
-1.5767317982838467,-4.028033419212387,0.00014782638755
-1.5714667442631516,-4.028036351770385,0.00015032610099
-1.5662490704432022,-4.028036389048667,0.00015064167383
-1.5610410865979067,-4.028036190231173,0.00014987829491
-1.5556743004277225,-4.028034537560777,0.00014979913249
-1.5503702977426679,-4.02803694822286,0.00014821381774
-1.5451595327488041,-4.028035581352608,0.00014769879635
-1.53992217695436,-4.028037743492828,0.00014902857947
-1.5346893389532965,-4.028036587866158,9.4876103501e-13
-1.5294829029870691,-4.028037594379707,0.00012130878167
-1.5241590295617824,-4.028036600292249,0.00014855133486
-1.5187936402580733,-4.0280364014747585,0.00014998123515
-1.5135696239092586,-4.0280370352055135,0.00014975674276
-1.5083306824826004,-4.02803500975232,0.00014931890473
-1.503065552955608,-4.028036165378987,0.0001475619647
-1.4978328407983712,-4.028036786683647,0.0001469062554
-1.4925123022344906,-4.028035929283216,0.00014738224854
-1.4870952917930784,-4.028037321005658,0.00014689203817
-1.4818451250970792,-4.028037097335978,0.00014818707132
-1.4765829151468668,-4.02803860089326,0.00014831528824
-1.471277742114226,-4.028037047631605,0.00014809155255
-1.4660330370403052,-4.028036600292249,0.00014685859787
-1.4606967302449418,-4.028034313891097,0.00014610262588
-1.4551815490343352,-4.028036861240206,0.00014776633179
-1.4498938934623673,-4.0280410612597155,0.00014948988974
-1.4446092958953876,-4.028036550587876,0.00014682509936
-1.439289436888173,-4.028036438753039,0.00014657375868
-1.4340209724997746,-4.02803674940537,0.00014579830167
-1.428701063155029,-4.028039147641362,0.00014547766477
-1.4232242768959427,-4.028035444665582,0.00014452381583
-1.4179241250319858,-4.028036128100709,0.00014528358588
-1.4126353872031088,-4.028033816847368,0.00014788273256
-1.4072943360954795,-4.028033729864718,0.00014830523287
-1.4020231157272773,-4.0280335434733185,0.00014668299991
-1.3966679449422954,-4.028036351770385,0.0001462684595
-1.3910423735269233,-4.028036115674614,0.0001471288997
-1.3857170906507783,-4.028034226908447,0.00014689657837
-1.3804314485800373,-4.028033990812675,0.00014558820112
-1.3750993701372518,-4.028036351770385,0.00014531884517
-1.3698323907060088,-4.028034388447656,0.00014516990632
-1.3645155771193993,-4.0280334813428516,0.00014564945013
-1.3590668540336623,-4.028035767744003,0.00014634529362
-1.353781576910018,-4.028036065970242,0.00014668585209
-1.3485249670100938,-4.028033071281776,0.00014653033577
-1.3432146092117927,-4.028037681362361,0.00014920227113
-1.337975466435012,-4.028035494369954,0.00014769707923
-1.332680096636469,-4.02803579259619,0.00014740259212
-1.327189933178605,-4.02803212689869,0.0001476133184
-1.3219137797323977,-4.028035457091673,0.00014837466006
-1.3166654755250324,-4.028033829273463,0.00014993877267
-1.3113738181193773,-4.028032549385861,0.00014993848163
-1.3061353674836425,-4.028036413900853,0.00014926686708
-1.3008502036194434,-4.028031555298402,0.00014968628238
-1.2954037331382033,-4.0280354073873,0.00014794223534
-1.2901339222208592,-4.028032810333818,0.0001500818471
-1.284887040048737,-4.028032499681488,0.00014939863468
-1.2795887129202679,-4.028033394360201,0.00014767081302
-1.2743502371157667,-4.028034500282496,0.00014893988555
-1.2690631226722533,-4.028036289639918,0.00014719532919
-1.263620918296739,-4.028030436950012,0.00014783699589
-1.2583531712181528,-4.028031020976395,0.0001484205859
-1.2531122666277987,-4.028030374819545,0.00014894401829
-1.2478337095644993,-4.028030958845928,0.00015009248455
-1.2426163503541157,-4.028031480741843,0.00014894614287
-1.23733676137144,-4.0280335186211325,0.00014954665676
-1.2319199648645318,-4.0280310085503,0.00014870954328
-1.226675020687339,-4.02803274820335,0.00015019337297
-1.2214353745352517,-4.02803282275991,0.00014915213978
-1.2161548920614045,-4.0280357428918165,0.00015009887284
-1.2109423149164362,-4.028031045828582,0.00015003870067
-1.2056380353749636,-4.028033220394893,0.00015016135876
-1.2001683592920838,-4.028030933993742,0.00015113184054
-1.194955090006068,-4.0280340529431395,0.00014217307034
-1.189723736962158,-4.028033406786292,0.00014776538592
-1.184462244321758,-4.028032959446936,0.00014579056005
-1.179258878944902,-4.028034475430309,0.00014627538621
-1.1739708584258373,-4.028031368907003,0.00014601646399
-1.1685967607293224,-4.028032561811952,0.00013993098401
-1.1633965288637502,-4.028032189029158,0.00014782857033
-1.1694563873249995,-4.035270698982553,0.00014700829342
-1.175197420451352,-4.035275072967366,0.00014736241428
-1.1805986249081337,-4.035271196026282,0.00014755073062
-1.1858985880063515,-4.035272525618253,0.00014753235155
-1.1912186987012192,-4.0352753214892285,0.00014724879293
-1.1964693561881419,-4.0352729481054235,0.00014862428361
-1.2017587358205355,-4.035273457575247,0.00014805266983
-1.2071974165689028,-4.035275545158909,0.00014787375403
-1.2123783943289932,-4.035273407870875,0.00014846604608
-1.2175368082909583,-4.035275309063137,0.00014820032811
-1.2227459247306938,-4.035275644567654,0.00014974825899
-1.2278964357003448,-4.0352760297765435,0.00014905557327
-1.2330860211781784,-4.035276191315756,0.00014948894386
-1.2384202137972529,-4.035271954017965,0.00014819669013
-1.243556202389303,-4.035274899002059,0.0001478970953
-1.2486700802210073,-4.035274600775823,0.00014828512212
-1.2538210568128154,-4.035275234506579,0.00014888087753
-1.25892475387894,-4.035272985383704,0.00014847343846
-1.2640479064006689,-4.035277670020848,0.00014948064927
-1.2693216436454064,-4.0352747747411275,0.0001483415399
-1.2744320607718744,-4.03527392976679,0.00014966989693
-1.279498558402833,-4.035272028574528,0.00014702865155
-1.2846278143501568,-4.035273308462126,0.00014698386076
-1.2897038635275582,-4.035275545158909,0.00014683287009
-1.2947789437074957,-4.035276887176975,0.00014745620138
-1.3000419590581993,-4.03527636528106,0.00014668093354
-1.3051877257155824,-4.035273867636323,0.00014841897064
-1.3102537703087656,-4.035272587748721,0.00015051249648
-1.3153595312136463,-4.035272960531518,0.00014810098219
-1.3204473593732262,-4.035273233905567,0.00014807010302
-1.3255325699812124,-4.035273445149152,0.00014853739413
-1.3308002918910322,-4.035275557585001,0.00014912846382
-1.3360099242904575,-4.035274961132526,0.00014976951934
-1.3410703940021171,-4.0352771481249325,0.00015031840303
-1.3461576181113284,-4.03527667593339,0.00014833793102
-1.3512372160846449,-4.035275532732814,0.00014872348402
-1.3563035375342443,-4.035274227993026,0.0001494086755
-1.361465462538975,-4.035276216167942,0.00014712027041
-1.3666570866868004,-4.035276613802926,0.00014415202895
-1.3716927651646043,-4.035275085393457,0.00014600061695
-1.376738913848787,-4.035275035689085,0.00014712223492
-1.3818223123056688,-4.035276265872315,0.00014505177387
-1.3868441353781549,-4.035273917340695,0.00014700397151
-1.391980413411006,-4.035277172977119,0.00014586350881
-1.3973384408508538,-4.035275383619696,0.00014719794854
-1.4023942669253096,-4.035275271784856,0.00014580049901
-1.4074044242750605,-4.035276228594033,0.0001460059284
-1.4124780824197567,-4.03527412858428,0.00014480456593
-1.4175073302780168,-4.035276203741847,0.00014546517923
-1.4225280207560629,-4.035278601977839,0.00014615383407
-1.4277413781327575,-4.03527986943935,0.00014523505524
-1.4328575463221047,-4.035278241621136,0.00014544339501
-1.4378932247999088,-4.0352766635072985,0.00014562089927
-1.4429528639423126,-4.035278428012535,0.0001467999391
-1.4480098981175022,-4.035275371193602,0.00014654149709
-1.4530559335422417,-4.035278962334542,0.0001481417421
-1.4582485015187698,-4.035277930968806,0.00014906057913
-1.46349452795287,-4.035277657594757,0.00014959741384
-1.4685496367175133,-4.035276725637763,0.000148767067
-1.4736243519503522,-4.035276849898698,0.0001484304521
-1.4787436033134558,-4.03527689960307,0.00014623183233
-1.483822748248995,-4.035275072967366,0.00014606918558
-1.4889666398333612,-4.035278763517051,0.00014842579549
-1.4942421263072891,-4.0352776078903805,0.00015073326358
-1.4993607484512574,-4.035278614403934,0.00015080279263
-1.5044607331244944,-4.03527698658572,0.00014912894403
-1.5096181151670816,-4.0352794966565515,0.00014975387603
-1.5147426771396701,-4.035277011437906,0.00014801076031
-1.51986107276475,-4.035277322090237,0.00014752877178
-1.5251648237621511,-4.0352795215087385,0.0001480642095
-1.5303641621365536,-4.035279894291536,1.9876960067e-15
-1.5354797011067673,-4.035277819133966,0.00010491066496
-1.5406352835826334,-4.035279422099993,0.0001515126205
-1.545777086159477,-4.0352782913255085,0.00015094593982
-1.5509100796684532,-4.03527810493411,0.00015196118329
-1.556156898918663,-4.035276825046507,0.00015101407189
-1.5614264329795873,-4.035277110846655,0.00015170731058
-1.5665544934105566,-4.035278080081923,0.00015014395467
-1.5717007634432485,-4.035276613802926,0.00015163885837
-1.5768777142008834,-4.03527852742128,0.00015112760593
-1.5820087445461637,-4.035277359368518,0.00015012671065
-1.58720701324804,-4.035273606688365,0.00014800294593
-1.5925742902091478,-4.035277645168662,0.00014804270177
-1.5977301872945795,-4.035276116759197,0.00014803661907
-1.6028477271816388,-4.03527605462873,0.00014804725652
-1.6080092872392728,-4.035276800194321,0.00014906181605
-1.6131307408693407,-4.03527586823733,0.0001473693701
-1.618246078489434,-4.035276303150596,3.1747818263e-10
-1.6235154363690025,-4.03527504811518,0.00014954590006
-1.6287116412321192,-4.035275905515611,0.00014846869453
-1.633807686993583,-4.035276501968086,0.00014886495774
-1.6389324377319108,-4.0352770611422795,0.00014994762023
-1.6440471838860184,-4.035278577125653,0.00015035558317
-1.6491451928111762,-4.035276862324789,0.00015057520068
-1.6543444053417518,-4.035275396045788,0.00014941766858
-1.6482232105993773,-4.042557720403881,9.1807785793e-05
-1.6426995097617043,-4.04255810561277,0.00011753258877
-1.63726579984449,-4.042555980750827,0.00014915375505
-1.6319439776735796,-4.042556515072838,0.00014739570906
-1.6266640111594222,-4.042555844063805,0.00014663771435
-1.621224625685624,-4.04255683815126,0.00010922184447
-1.6158940447843773,-4.0425550612199315,3.836285456e-10
-1.6106602126170801,-4.042553222158133,1.2898154766e-12
-1.605411040087313,-4.042553706775771,0.00015052771778
-1.6001691916682579,-4.042553669497489,0.00015117682051
-1.594948019389926,-4.042555396724448,1.9719094301e-15
-1.589563061371169,-4.042558341708542,0.00014697985898
-1.5841656951511,-4.0425560553073865,0.00014592059597
-1.578931963658865,-4.042557807386531,0.00014680386812
-1.5736767254566508,-4.04255335884516,0.00012166282249
-1.5684135339245915,-4.0425585156738455,1.9687152689e-15
-1.5631961243766768,-4.042558205021515,0.00014920583635
-1.5578982377016,-4.04255594347255,0.00015097131836
-1.5524980274110485,-4.04255922396116,0.00015072150563
-1.547292145157659,-4.042557633421227,3.7675570129e-13
-1.5420631202245436,-4.042554576602294,0.00014283863129
-1.5367813667280465,-4.042553048192829,0.00014342684881
-1.5315694565553595,-4.042559584317862,3.8363173749e-10
-1.5263125697990154,-4.042558155317143,0.00015107181389
-1.5208873040025717,-4.042557161229684,1.9685905433e-15
-1.5156246158458189,-4.042555607968033,4.3730787525e-07
-1.5103880654518658,-4.042556080159576,0.00015087520296
-1.5051026750687782,-4.042557248212338,0.0001500659273
-1.49986284015095,-4.042555371872262,0.0001521303202
-1.4946116163668082,-4.042555309741794,1.968622307e-15
-1.489178900615824,-4.042555508559285,0.0001496662444
-1.4838666174069748,-4.042553694349675,0.00014845814439
-1.4786165513860379,-4.0425567387425145,0.00014998603729
-1.4733107365498803,-4.042555446428821,0.000131718989
-1.46803556468552,-4.042559559465676,0.00012893813255
-1.4627788037730027,-4.042556303829253,0.00014761694183
-1.457267800577441,-4.042555583115847,0.00014608239871
-1.4518874232739756,-4.042556813299073,0.0001474677847
-1.4466082244071616,-4.042557807386531,0.00011198019638
-1.44129168767697,-4.042553930445447,0.00014478225785
-1.4359973246290403,-4.042557012116567,0.00014643702889
-1.4307251856009033,-4.042560143492059,0.00014833350724
-1.4252749649736278,-4.04255667661205,0.00014739640756
-1.419898388153729,-4.04255911212632,0.00012468763452
-1.414599733831309,-4.042561199709981,0.00014627169003
-1.4092750172523834,-4.0425560553073865,0.00014794772142
-1.403970850970356,-4.042557322768897,0.00014708658273
-1.3986923694133542,-4.042556900281727,0.00014501428814
-1.393107810501096,-4.042555980750827,0.00014169854694
-1.3876512095918094,-4.042558577804313,0.00014788931003
-1.382357249244126,-4.0425556576724055,0.00015144579811
-1.37704068734517,-4.042559733430981,0.00015162867203
-1.3717418820101586,-4.042559820413634,0.00014739949256
-1.3664625824682826,-4.042556440516279,0.00014981906861
-1.3610281300724911,-4.042554502045735,0.00014929211466
-1.3556679255344422,-4.042554651158853,0.00014869633014
-1.35039807686395,-4.0425560553073865,0.00014917585941
-1.3450986423098055,-4.042558130464957,0.00014809813001
-1.3398235711205055,-4.042555707376779,0.0001496731129
-1.3345755563539432,-4.0425578570909035,0.0001480247156
-1.3291137958477626,-4.042557509160296,0.0001477967453
-1.3237479535062775,-4.0425576831256,0.00014857495262
-1.3184957355559037,-4.042557894369185,0.0001489303686
-1.3132152027445272,-4.042557123951403,0.00014965246373
-1.3079458322805757,-4.042555135776491,0.00014896935318
-1.3026989375240703,-4.0425598576919155,0.00015047285706
-1.2972703368662204,-4.042558776621803,0.00014738418395
-1.2919280902422385,-4.042558378986819,0.00014764549269
-1.286674475425388,-4.042557558864669,0.00014587730402
-1.2813875119944678,-4.0425572606384295,0.00014667515643
-1.276119550981376,-4.042557707977786,0.00014672416728
-1.2708715362148137,-4.042556999690472,0.0001509647409
-1.2654398523832093,-4.042555434002725,0.00014832594024
-1.2600979455375596,-4.042555011515559,0.00014730248949
-1.2548545995769675,-4.042558080760584,0.00014793565788
-1.2495722420301034,-4.042555023941651,0.00014948034368
-1.2443274488655036,-4.042555272463517,0.00015063595492
-1.2390974801036858,-4.042556937560008,0.00014769930567
-1.2336744794961239,-4.042555645246311,0.00014595735411
-1.2283618313401763,-4.042552377183796,0.00014635227853
-1.2231270553441815,-4.042553594940931,0.00014618334535
-1.217834579953652,-4.042553793758421,0.00014649510558
-1.2125913346681203,-4.042552389609887,0.00014742519124
-1.2073539033673821,-4.042553023340643,0.00014655597624
-1.2018804771384666,-4.042554029854192,0.00014548873878
-1.1965764870377968,-4.042552762392685,0.0001442880457
-1.1913456122004273,-4.0425573103428025,0.00014610412472
-1.1860712079834104,-4.0425561174378535,0.00014676101273
-1.1808376275037682,-4.042552675410032,0.00014604287571
-1.1755977674171736,-4.042556378385812,0.00014633595129
-1.1701911516758448,-4.042553135175483,0.0001466479589
-1.16494978146333,-4.042553719201862,0.00014550625929
-1.1597582454061819,-4.042554663584948,0.00014684155758
-1.15451716463447,-4.042555881342082,0.00014758807083
-1.1493355576552462,-4.042555757081151,0.00014568596089
-1.1553795094568047,-4.049713509854704,0.00014594524691
-1.1609559640266225,-4.049713584411262,0.00014917085355
-1.1663257201111177,-4.049712714584739,0.00014769463451
-1.1717453229353592,-4.049716616378009,1.9687048927e-15
-1.1771931273611616,-4.049714429385602,0.00014848493447
-1.1824531224600248,-4.049714827020587,0.00014834587637
-1.1877152569039415,-4.049715063116358,0.00014994271623
-1.1929652222498164,-4.049714056602805,7.9787592549e-13
-1.1981782650169452,-4.049712403932409,0.00010525569087
-1.2035186491522916,-4.049715286786035,0.00014945773
-1.2088734172370288,-4.049714690333561,0.00014858104987
-1.2140105006703712,-4.049714690333561,0.00014715672296
-1.2191742126574403,-4.049711372566669,3.8363090482e-10
-1.2243435246947973,-4.049713236480654,0.00014236982679
-1.2294853524404057,-4.049711931740866,0.0001501369843
-1.23472941571081,-4.049713410445959,0.00015001837164
-1.2400106280788525,-4.049714528794348,0.00014938722597
-1.2451280547064667,-4.04971527435994,1.9686623293e-15
-1.2502475577572236,-4.049712366654128,0.00014940756955
-1.255386100978955,-4.049714205715923,0.00014906878641
-1.2604962664177715,-4.049714466663881,0.00014878096408
-1.265679886898222,-4.049714901577146,0.00014728757378
-1.2709314882138438,-4.04971364654173,9.6248519137e-13
-1.2760118412501205,-4.049714653055279,0.0001487221889
-1.281104061359251,-4.049715783829764,0.00014775189629
-1.2862376840873606,-4.049711708071186,0.00014780853235
-1.291299173134015,-4.049714814594492,0.00014511132031
-1.2964415420080797,-4.049711161323084,1.9686830816e-15
-1.301712070235236,-4.04971426784639,0.00014823123638
-1.3068067568833692,-4.04971364654173,0.00014659734734
-1.311881019078434,-4.049719499231635,0.00014898645168
-1.3170150319224052,-4.0497149637076095,0.00013774153194
-1.3220938622483784,-4.04971342287205,1.9686665645e-15
-1.3272127990019127,-4.049717274960951,0.0001464028901
-1.3325320539587602,-4.049713012810974,0.0001462107175
-1.337659157976647,-4.049715286786035,0.00014584783639
-1.3427126559403084,-4.049716044777721,0.00012448323832
-1.3478296421145317,-4.049714914003237,0.00011005782289
-1.3528965676144997,-4.04971326133284,0.00014615875261
-1.3579597933059633,-4.049717473778442,0.00014640532027
-1.3631784612921447,-4.049715199803381,0.00014704173373
-1.3683115051386503,-4.049715671994924,0.00011851427553
-1.3733535261453191,-4.049716641230196,0.00013367908832
-1.3784179221843704,-4.049713360741586,0.00014724579523
-1.3834765419917776,-4.049715783829764,0.00014673502301
-1.3885192048019614,-4.04971326133284,0.00014640350128
-1.3937673202435858,-4.049718095083102,0.00012458462152
-1.3990588518054143,-4.049714752464024,0.0001432839781
-1.4040761696689064,-4.049717734726399,0.00014681923494
-1.4091168189778631,-4.049716454838797,0.00014689384261
-1.4141945544625425,-4.049713770802661,0.00014781430946
-1.419217950582861,-4.049712950680511,0.00012987478112
-1.4243096547323035,-4.049714404533416,0.00014848503633
-1.4295385034840629,-4.049716156612561,0.00014829605061
-1.4345982181327623,-4.0497167654911275,0.00014776326134
-1.4396354696583988,-4.049718119935288,0.00014757536701
-1.4447331891427555,-4.049715957795068,0.00014078621462
-1.449784736527104,-4.0497124163585,0.00014655727136
-1.4548432304906846,-4.049717374369696,0.00014537622337
-1.460140865478108,-4.0497155353078975,0.00014590175124
-1.4653094602056511,-4.04971611933428,0.00014586263569
-1.4703795947232003,-4.049715398620875,0.00014413273311
-1.4754831659454983,-4.04971560986446,0.00014874932822
-1.4805945898225814,-4.049715261933849,0.00014854616893
-1.4856938949391538,-4.049718008100448,0.00014641870803
-1.490915419580201,-4.049718542422458,0.00014765690139
-1.4961557830421006,-4.049716057203813,0.00014816467592
-1.5012607133777274,-4.049717374369696,0.00014840901713
-1.5063933545239883,-4.049714951281518,0.00014667370124
-1.511560577553821,-4.0497151376729175,0.00014678045409
-1.5166832392846263,-4.049713658967821,0.00014789274428
-1.521882036530574,-4.049715324064312,0.00014876274508
-1.5272014299156316,-4.049714131159364,0.00014825879771
-1.5323326364422678,-4.049711844758212,1.9686204012e-15
-1.53746036967929,-4.049716019925535,0.00015260039072
-1.5426425932932621,-4.049713311037213,0.00014772829309
-1.5477810232555518,-4.049713609263448,0.00014667557843
-1.5529178550012408,-4.04971190688868,0.0001461362699
-1.5582438300184334,-4.049714951281518,0.00014786710381
-1.5634453706598015,-4.049710602148891,0.00014601559087
-1.5685836621938813,-4.049713286185027,0.00014671057579
-1.57376312982805,-4.049714951281518,0.00014607577759
-1.5789266278806133,-4.049714031750619,0.00014595678658
-1.584076648059341,-4.049713112219719,0.00014592810476
-1.5893799208501984,-4.049713112219719,0.00014616994304
-1.5946864404117849,-4.049711956593052,0.00014743035717
-1.5998244299206803,-4.049711061914339,0.00014816423936
-1.6049655026033303,-4.0497125903238045,0.00014632103557
-1.6101293781873738,-4.049713522280799,0.00014593313972
-1.6152545316259463,-4.049714466663881,5.194948244e-05
-1.620433508469193,-4.0497131619240925,9.2626039986e-05
-1.625732716504449,-4.049715659568832,0.00014847917191
-1.6308564856609298,-4.04971560986446,0.00014871817257
-1.6359585090041582,-4.04971611933428,0.00014765514061
-1.6411140788956409,-4.049716057203813,0.00015023779997
-1.635070882157044,-4.056906577585191,0.00015125705977
-1.6295559400497077,-4.056904949766977,0.00015157935559
-1.6241050021126215,-4.056902526678799,0.00015187430836
-1.6185975099598238,-4.056905161010562,1.968622307e-15
-1.6133054372695406,-4.056905322549775,0.0001491663279
-1.6080258608712465,-4.05690604326318,0.00015048059868
-1.602713225299682,-4.0569052604193105,0.00014795585594
-1.597459107107525,-4.056903334374859,0.0001488491398
-1.5921592069312214,-4.0569057698891315,0.0001482504158
-1.5866601337304296,-4.056903843844682,0.00014854430628
-1.581362297392884,-4.056905359828056,0.0001479510247
-1.5761056245710454,-4.056906515454723,0.00014869510778
-1.5708079014929432,-4.0569032598182995,0.00014832947636
-1.5655678526406096,-4.056905745036945,0.00014861786622
-1.5603362730778128,-4.056903446209699,0.00014907456352
-1.5549162423845586,-4.056904726097301,0.00014872186875
-1.5496187709941096,-4.056900774599657,0.00014931366604
-1.5443891671793903,-4.056905297697588,0.0001455013844
-1.5391140582369442,-4.056903545618443,0.00014476990327
-1.5338676291025977,-4.0569038935490545,2.162593699e-14
-1.5286335452476472,-4.056906366341606,0.00014350759739
-1.5232475427251289,-4.056902377565681,0.00014550948981
-1.5178948007260016,-4.056904316036225,0.00014621633454
-1.5126368946346627,-4.056900874008402,0.0001456385944
-1.507362867949124,-4.0569028000528515,0.00014611564984
-1.5020898480142004,-4.05690357047063,0.0001462969376
-1.4968379950109234,-4.056900675190909,0.00014696232392
-1.491471234009504,-4.056900787025749,0.00014650309458
-1.4860738677894367,-4.056902079339446,0.00014721733169
-1.480803691924994,-4.0568993455989375,0.00014695778373
-1.475516552312716,-4.056903147983463,0.00014749016555
-1.4702189173252944,-4.056900153294997,0.00014718432794
-1.4649478353853003,-4.056901681704462,0.00014733920398
-1.4595453095683375,-4.056901855669766,0.00014734771685
-1.4540540135160354,-4.056899519564242,0.00014740567713
-1.4487674527853596,-4.056903806566401,0.00014806952095
-1.4434693899289253,-4.056903247392208,0.00014639993606
-1.438151041047631,-4.056899271042376,0.00014685743372
-1.4328682178786079,-4.056901246791201,0.00014755260781
-1.4274960959301721,-4.0569004887995135,0.00014701245527
-1.4220367642098461,-4.056902066913351,0.00014835393813
-1.416739368325693,-4.056902489400521,0.00014837722119
-1.4114271983762892,-4.0569016320000895,0.00014735307195
-1.4060913949562326,-4.056904875210418,0.00014768537949
-1.400808785721715,-4.0568998302165715,0.00014843059762
-1.395365285154786,-4.056900190573274,0.00014695414575
-1.3897692115323879,-4.056900215425461,0.00014761224156
-1.3844715639605814,-4.056903471061885,0.00014759990154
-1.379167410262937,-4.0569034586357935,0.00014842214296
-1.3738459530391236,-4.056900724895285,0.00014899527014
-1.3685654453965117,-4.056900948564961,0.00014836784976
-1.3631960668434966,-4.056904278757944,0.00014742238272
-1.3577649115559653,-4.05690318526174,0.00014768367691
-1.3524905954296254,-4.0569023154352175,0.00014797702897
-1.3472022099634637,-4.056902191174283,0.00014956801897
-1.341899805495008,-4.056904837932141,0.00014892913168
-1.3366502806025256,-4.056903756862028,0.00014905691205
-1.3312814180092003,-4.05690133377385,0.00014736330195
-1.325811729341939,-4.056905185862749,0.00014631617523
-1.3205582277845338,-4.056902911887692,0.00014622634626
-1.3152837228924548,-4.056905670480386,0.0001441862114
-1.3099988736378214,-4.056903471061885,0.00014552136417
-1.3047446170174564,-4.056904452723251,0.00014656566782
-1.2993890309478446,-4.0569014580347815,0.00014644354815
-1.29395738486939,-4.056905247993216,0.00014719038154
-1.2886946841282523,-4.056905819593504,0.00015039707068
-1.2834210853117263,-4.056902986444251,0.00014899428061
-1.278121852107704,-4.05690511130619,0.00015066990454
-1.2728653177140754,-4.056902812478943,0.00015017419355
-1.2675022942743082,-4.056903657453283,0.00015014644305
-1.2620785637725493,-4.0569032846704856,0.00015004562738
-1.2568190217114634,-4.056900948564961,0.00014807056868
-1.2515528225119452,-4.056902402417868,0.00014675830607
-1.2462787958264065,-4.056904340888411,0.00014925390133
-1.241039841815365,-4.05690410479264,0.00014536424715
-1.2356866593628453,-4.056901731408835,0.00014497473603
-1.2303003044776117,-4.056902986444251,0.00014679411834
-1.2250509305977204,-4.056904564558088,0.00014659661974
-1.219776589302616,-4.056903669879378,0.00014455572818
-1.2145051801686728,-4.056903098279087,0.00014359178022
-1.2092692841626194,-4.0569038935490545,0.00014505707077
-1.2038638765220262,-4.056902526678799,0.0001449042029
-1.1984566567303303,-4.056902439696149,0.0001470092684
-1.193212115253384,-4.056900749747471,0.0001485930843
-1.187943663449367,-4.056901035547615,0.00014877927606
-1.1826841339726626,-4.056901134956361,0.0001477929909
-1.1774507925962925,-4.056903222540022,0.0001467391412
-1.1720684521291294,-4.056903545618443,0.00014627695782
-1.1667358325578894,-4.056903607748911,0.00014592100342
-1.161517038727881,-4.056900662764818,0.00014547849423
-1.1562757440216638,-4.0569023154352175,0.0001453536097
-1.151068301304823,-4.0569021166177235,0.00014631309023
-1.145889412552257,-4.056902986444251,0.00014545489103
-1.1404574392798512,-4.056900327260301,0.00014568729966
-1.1351322067412357,-4.056900376964673,0.00014567644394
-1.1413662582273782,-4.064088847040667,0.00014620256843
-1.1471088392327986,-4.064086622769983,0.0001453844161
-1.1524762672064994,-4.064085131638795,0.00014653877588
-1.1578294999965502,-4.06408550442159,0.00014634462423
-1.163142324333854,-4.0640839511599385,0.00014613142412
-1.168420768137708,-4.064084212107896,0.00014542019926
-1.1738578884226258,-4.064084659447253,0.0001452955039
-1.1791786912585411,-4.06408079493226,0.00014491911861
-1.1843946158492986,-4.064082348193915,0.00014475277567
-1.1896550765703209,-4.064082957072481,0.00014796317555
-1.194864230763204,-4.064086896144032,0.00014734682918
-1.2000486188909962,-4.064085752943456,0.00014706150978
-1.2054602683853939,-4.064084348794923,0.00014697092411
-1.210703853449258,-4.0640821742286075,0.00014572084183
-1.2158203362481728,-4.064084249386178,0.00014627208293
-1.2210018928898656,-4.0640863493959305,0.00014663935872
-1.2261554870332692,-4.064082683698431,0.00014710791584
-1.2312766260537713,-4.064083541098864,0.00014679583546
-1.2365920679426705,-4.064084994951769,0.00014760169142
-1.2418010585385792,-4.06408253458531,0.00014753504365
-1.2469033461538441,-4.064082783107176,0.00014860853844
-1.2520506732746783,-4.064082596715777,0.00014817640476
-1.2571764685167692,-4.06408429909055,0.00014867898426
-1.2622839408976942,-4.0640816026283195,0.00014893474872
-1.2675319430798735,-4.064081813871905,0.00015003963199
-1.2727193388751243,-4.0640839511599385,0.00015024522145
-1.2777986348232548,-4.064083715064167,0.00015017736587
-1.2829137836776072,-4.0640840381425924,0.00014962039131
-1.2880216839275433,-4.064084100273056,0.00014753532014
-1.2931022508983239,-4.064083640507608,0.00014759566693
-1.2983135947737916,-4.064085603830338,0.00015014893143
-1.3035323508506502,-4.0640816399066,0.000148533014
-1.3086189331563465,-4.064082087245957,0.00014894989727
-1.3137141357641713,-4.064082298489542,0.0001490964496
-1.3188201231879408,-4.064083628081517,0.0001488209673
-1.3239086812417162,-4.064081441089106,0.00015012109361
-1.3291148906890549,-4.064083963586033,0.00014730836847
-1.3344034271678094,-4.064083553524955,0.00014892253967
-1.3394660110557561,-4.0640809191931915,0.00014813948656
-1.3445444135127185,-4.064086821587473,0.00014941080008
-1.3496519236467912,-4.064086175430626,0.00014886421559
-1.354707221177174,-4.0640816399066,0.00014875340275
-1.3598109559964464,-4.064086088447973,0.00014802986698
-1.3650417930806662,-4.064083702638076,0.00014770470443
-1.3701147339155502,-4.0640838641772845,0.00014752583229
-1.3751495818240984,-4.064085342882381,0.00014710461255
-1.3802377497620106,-4.064083106185602,0.00014778063633
-1.3852904800783286,-4.064082957072481,0.00014783999359
-1.3903342880673357,-4.064083789620726,0.00014694884885
-1.3956996773710433,-4.064082497307033,0.00014769112749
-1.4008676051263067,-4.0640829197942026,0.00014669683878
-1.405890095171074,-4.0640868340135645,0.00014712531993
-1.410962129930405,-4.06408429909055,0.00014708942035
-1.4160250913498336,-4.0640822363590745,0.00014602164447
-1.421064318623549,-4.064081726889251,0.00014723265485
-1.4262280683637658,-4.064084473055854,0.00014623251627
-1.431416017871853,-4.064082298489542,0.00014607326011
-1.4364660425458982,-4.064082186654702,0.00014539856056
-1.4415267387764448,-4.064081515645669,0.00014448743605
-1.4466228097066731,-4.064083578377141,0.00014493959316
-1.4516760182295332,-4.064084013290406,0.00014487245062
-1.456829574619789,-4.064085019803955,0.00014466750144
-1.4621402721964205,-4.064080683097424,0.00014579851995
-1.467228553393778,-4.0640852931780085,0.00014542927966
-1.4723021108634122,-4.064084448203667,0.00014864197874
-1.4774413588105744,-4.064083118611693,0.00014792484581
-1.4825376940128376,-4.06408233576782,0.00014867787831
-1.487647708439061,-4.064081764167532,0.00014918390661
-1.4929401712452088,-4.064084149977429,0.00014891712635
-1.4981163166023528,-4.0640804345755575,0.00014960025146
-1.5032254627061723,-4.06408541743894,0.00014765131345
-1.5083867710761514,-4.06408688371794,0.00014781228674
-1.5135390438593757,-4.064084162403524,0.00014654672123
-1.5186762908896927,-4.064085641108616,0.00014633250248
-1.5239506699379468,-4.064087529874787,0.0001476896723
-1.5292076573693512,-4.0640850943605145,0.00014030115562
-1.5343333645207613,-4.064085156490982,1.9685841905e-15
-1.5394826044677623,-4.0640853056041,0.00014894001652
-1.544646303870448,-4.064084870690838,0.00014892045874
-1.5497851617017488,-4.064084970099583,0.0001495146571
-1.555000696176645,-4.064083715064167,0.00015023669403
-1.5603239781359461,-4.06408101860194,0.00014920145622
-1.5654596395340472,-4.064084149977429,0.00014834919421
-1.5706000704131788,-4.064081204993339,0.00014910793107
-1.5757916819766244,-4.064082907368108,0.0001489873539
-1.58094184058356,-4.064080111497132,0.00014648704382
-1.5861121845402935,-4.064083603229327,0.00014594034292
-1.5914899317077817,-4.064081043454126,0.00014612833911
-1.5967120352304316,-4.064082932220294,0.00014654325787
-1.6018353387647535,-4.0640825594375,0.00014641482267
-1.607016505290583,-4.0640816647587865,0.00014599724091
-1.6121649398370927,-4.064077278347879,0.00014486453438
-1.617299481225137,-4.064077787817703,7.8735432616e-14
-1.6225525423291496,-4.064080931619286,0.00014669040684
-1.6277971593123917,-4.06407978841871,0.00014831675799
-1.621674177587679,-4.07122854470077,0.00011027417349
-1.6160408667769652,-4.071227749430806,3.8356573473e-10
-1.610651604899335,-4.071226481969295,0.00014925259165
-1.6052886192127174,-4.071229476657765,0.00014970907068
-1.5999517838732829,-4.071225922795102,0.00014637665299
-1.594650235142849,-4.071226432264923,1.9686439063e-15
-1.5891788224151622,-4.071229588492601,0.00014769965492
-1.5837272426745592,-4.07122557486449,0.00014797200856
-1.5784466091881209,-4.071226954160838,0.00014911669132
-1.573148344981564,-4.071229377249016,1.9686712232e-15
-1.567856184200602,-4.071228470144211,0.00013123262033
-1.5626143987034595,-4.071228482570306,0.0001482310181
-1.557265734044317,-4.071227861265646,0.00014535956143
-1.5518709224539313,-4.071226245873527,0.00014663516777
-1.5466315783270266,-4.071227140552237,3.8363098809e-10
-1.5413761010215405,-4.071226929308652,0.00014589780767
-1.536085173510081,-4.071226817473815,9.8970805993e-05
-1.5308605782796623,-4.071227985526577,7.2700175224e-05
-1.525553127473758,-4.071227997952668,7.0437461545e-05
-1.5201188638437075,-4.07123120388472,1.9685816494e-15
-1.5148662935306183,-4.071230893232389,3.6486005189e-12
-1.509607846310825,-4.071228755944356,0.00014848675346
-1.5043101987390184,-4.071231092049883,0.00014807547268
-1.4990565587534033,-4.071229700327441,0.00011541281128
-1.4937644608943539,-4.071226444691018,3.6769882352e-15
-1.4883130069975776,-4.071228780796542,1.0452023361e-12
-1.483016819214162,-4.07122669321288,0.00014432506578
-1.4777496636015612,-4.071231390276118,0.00014507502783
-1.4724309497731685,-4.071227152978332,3.8360836729e-10
-1.467164800911181,-4.071231328145651,0.00013945804676
-1.4618634912840176,-4.071230073110239,0.00014860319789
-1.456342533841767,-4.071230184945075,0.00014818587806
-1.4509999726082177,-4.071228569552956,0.00014709765674
-1.4457188357464723,-4.0712274760567535,6.7205660796e-15
-1.4403807545531542,-4.071230918084575,0.00014937427477
-1.4350937282003196,-4.071230048258053,0.0001477633341
-1.4297994029055394,-4.071230147666798,0.00014826119877
-1.4243177968278897,-4.07123182518938,0.0001337298454
-1.4189667537204236,-4.071229004466222,5.0683925373e-13
-1.4136707421183639,-4.071228383161561,3.8276715131e-10
-1.4083231597161305,-4.0712287932226365,0.0001469932904
-1.4030242914592068,-4.0712311417542555,0.00014592923981
-1.3977333765321283,-4.071234471947238,8.2684622612e-05
-1.3920957996156909,-4.071226817473815,0.00013441423653
-1.3867004343124674,-4.071228581979051,0.00014765519882
-1.3814145783072207,-4.0712282216223485,0.00014809987624
-1.3760752386756356,-4.071230942936762,0.00014859944349
-1.3707923525846983,-4.071230010979772,1.9686405182e-15
-1.3655005819195998,-4.071226668360694,0.00014712479606
-1.3600345175545456,-4.071233403303221,0.00014764096704
-1.3547102665977788,-4.071229774883999,0.00014763713989
-1.3494444700985069,-4.071228370735466,0.00013719138224
-1.3441270272927641,-4.071228072509228,1.9687688437e-15
-1.3388671077001966,-4.071230296779915,3.117608385e-12
-1.3336039790900496,-4.071230831101926,0.00015022989828
-1.3281024519346367,-4.071228942335754,0.00014839817595
-1.3227786288468828,-4.071228805648728,9.1979272838e-05
-1.3175296954203841,-4.071231862467661,0.00012683941168
-1.312224044181201,-4.071232148267805,0.00014772520808
-1.3069656347145555,-4.071229526362137,0.00015007148613
-1.3016992467492963,-4.071229215709807,0.00015074467228
-1.2962443321472874,-4.071231352997841,3.836312934e-10
-1.290934062439665,-4.071231029919415,0.0001496138284
-1.285678497043502,-4.0712321606939,0.00014890026068
-1.2803722417539503,-4.071228606831237,0.0001486363617
-1.275109666856641,-4.071229339970738,0.00014614142128
-1.2698330981258041,-4.071231502110958,1.968127428e-15
-1.264376094516271,-4.071230234649448,0.00014603116142
-1.2590695749546843,-4.07123232223311,0.00014484921121
-1.2538170423947448,-4.0712316512240765,0.00014433721662
-1.2485328223592451,-4.071231228736906,0.00010135212506
-1.243288104700941,-4.0712298867188395,0.00010501399811
-1.238022773823828,-4.0712314275544,0.00014508205641
-1.2325892149192066,-4.0712299364232125,0.0001443297806
-1.227309374248876,-4.071228370735466,0.00014437333448
-1.2220663428978498,-4.071228805648728,1.968616166e-15
-1.2167689721824613,-4.071228482570306,0.00014356491738
-1.2115352406902278,-4.071229228135898,0.00014461508545
-1.2062434700251274,-4.071229103874967,0.00014663599723
-1.2007573587384837,-4.071231154180347,0.00014756486053
-1.195495274632098,-4.07123173820673,1.0040236871e-12
-1.1902491475229358,-4.071231489684863,0.0001481295476
-1.1849627503892346,-4.071232073711246,0.00014815961185
-1.1797407852947948,-4.07122935239683,0.00014739570906
-1.174445440665018,-4.0712321358417105,0.00013382686302
-1.1690181487829643,-4.071230222223356,9.8265467386e-05
-1.1637994807967844,-4.07122935239683,0.00014674232807
-1.1585667686395458,-4.071231576667517,0.00014618433488
-1.1533109893088773,-4.071231949450315,0.00014727735834
-1.1481335980978482,-4.071232632885439,0.00010420432227
-1.1428165831611163,-4.071230383762569,0.00014458155783
-1.137361278443244,-4.071231489684863,0.00014841312077
-1.1321702457614027,-4.07123358969462,0.00014567024482
-1.1269719015532305,-4.0712298245883725,0.00014474503405
-1.1217576758541323,-4.0712292778402706,0.00011177443957
-1.1278863708885767,-4.078443991825147,0.00014608024503
-1.133461780954633,-4.078443507207513,0.00014551958884
-1.1389105292091348,-4.078446166391463,0.00014486971486
-1.1445349554456852,-4.078442016076326,0.0001432923309
-1.149848484508418,-4.078441953945858,0.00014491495676
-1.1551180059849608,-4.078443991825147,0.00014507713786
-1.1604232922770452,-4.078441929093672,0.00014433823526
-1.1656554381370647,-4.0784421900416294,0.000144731006
-1.1709519782831956,-4.078443718451099,0.00014370022109
-1.1763720593139793,-4.078444824373393,0.00014594086679
-1.1815748458092328,-4.078442562824428,0.00014746462693
-1.1867787271457788,-4.078446278226303,0.00014796524192
-1.192005877005877,-4.078446327930675,0.00014806563559
-1.1971852565493686,-4.078441854537114,0.00014540403208
-1.2024473532401356,-4.078442115485071,0.00014588960039
-1.2078347526291306,-4.0784423018764695,0.00014750844275
-1.212955929402782,-4.078444662834184,0.00014720764011
-1.218089791234162,-4.078444799521207,0.00014622638992
-1.2232681766114213,-4.07844415336436,0.00014612618543
-1.2283941606192512,-4.078446539174257,0.00014553706569
-1.2335902648073076,-4.078441891815395,0.00014543914585
-1.2389117094467397,-4.078444290051387,0.000145410595
-1.2440319927292214,-4.078446240948021,0.00014741983614
-1.2491433159312424,-4.078442003650235,0.000147020648
-1.2543031770972137,-4.078444923782138,0.00014647544594
-1.2594052633623578,-4.0784429853115975,0.0001467326947
-1.2645546165688022,-4.078444302477478,0.00014668866061
-1.26983619388394,-4.078443743303285,0.00014866575657
-1.274935914285142,-4.078445719052106,0.0001484418317
-1.2800148327017924,-4.078444550999344,0.00014700098836
-1.2851528096263047,-4.078446290652394,0.00014606883633
-1.2902336912066528,-4.078446812548309,0.00014749751426
-1.2953393514364733,-4.078442202467725,0.00015019810235
-1.3006143722882422,-4.078446228521926,0.00014950297191
-1.305751858421831,-4.078445830886946,0.00014788638509
-1.310822068445676,-4.078443693598912,0.00014645251213
-1.3159528093501534,-4.07844468768637,0.00014921995171
-1.3210433557363892,-4.078443420224859,0.00015192877618
-1.3261327191906556,-4.078441692997901,0.00015033280943
-1.3314380684046543,-4.078441767554463,0.00014789638226
-1.3366185050362884,-4.078442165189443,0.00014485688007
-1.3416853676143439,-4.078447061070172,0.00014561713033
-1.3467828857485782,-4.078443059868157,0.00014621310402
-1.351866762412,-4.078444948634328,0.00014619735884
-1.3569366955794269,-4.078442090632885,0.00014743502834
-1.362123852271406,-4.078441792406649,0.00014901612303
-1.3672987895278141,-4.078442127911166,0.00014758051839
-1.3723478200356292,-4.078441891815395,0.00014852284221
-1.3774118888807314,-4.078443817859843,0.0001479612547
-1.3824943560932952,-4.078442053354607,0.00014803625527
-1.3875462180872096,-4.078443320816114,0.00014837700292
-1.392745984330623,-4.078444426738413,0.00014775135787
-1.3981177790851098,-4.078442115485071,0.00014797899348
-1.4031520732808185,-4.078442090632885,0.00014772270515
-1.4081912376326216,-4.078442786494108,0.00014771780116
-1.413291713096782,-4.078439145648791,0.00014594632376
-1.4183311291362384,-4.078441804832741,0.00014482659753
-1.4234055171751283,-4.078442227319911,0.00014467393339
-1.4286423947630305,-4.078443681172817,0.0001469743147
-1.4337509242320998,-4.078440997136681,0.00014530592307
-1.4387898620650141,-4.078441568736969,0.0001455656311
-1.4438955726323657,-4.0784434450770455,0.00014688678493
-1.4489722636132838,-4.078440785893096,0.00014545898011
-1.4540412655363928,-4.078442202467725,0.00014551595086
-1.4593143106400812,-4.0784416681457145,0.00014535922674
-1.4645348662836628,-4.078441854537114,0.00014624382311
-1.4696119599648272,-4.0784434947814185,0.00014449516311
-1.4747286566982476,-4.078443569337977,0.00014501197438
-1.479858881643037,-4.078442127911166,0.00014459632803
-1.4849699405730215,-4.07844404152952,0.00014725998335
-1.4901782516122657,-4.078446688287378,0.00014987506438
-1.4954597282523432,-4.078444414312318,0.00014969789481
-1.5005783378119302,-4.0784435569118855,0.0001461351203
-1.5057137223536132,-4.078441258084639,0.00014874279441
-1.510899356335289,-4.0784434947814185,0.00014699787425
-1.5160353449273407,-4.078443569337977,0.00014580211428
-1.521214711886449,-4.078443656320631,0.00014442777319
-1.5265491813619414,-4.078443991825147,0.00014428226859
-1.5317171846235007,-4.078444476442785,3.8363093258e-10
-1.53684448999151,-4.07844631550458,0.00012621830683
-1.5420337734441611,-4.078444078807801,0.0001470179559
-1.547187241743738,-4.078443519633605,0.00014610246581
-1.552326879806762,-4.078444737390742,0.0001461149659
-1.5576479720834784,-4.078443594190166,0.00014582878794
-1.5628761035254255,-4.078443059868157,0.00014795469178
-1.5680229901928675,-4.078442177615538,0.00014673717669
-1.573202558502098,-4.078443594190166,0.00015027649351
-1.5783801258944847,-4.0784412456585475,0.00015036143304
-1.5835435610251358,-4.078446700713469,0.0001503067615
-1.5888312040127206,-4.078442811346294,0.00014962362184
-1.5941740924402172,-4.078441692997901,0.00014700450993
-1.5993238105937602,-4.078440736188724,0.00014599581482
-1.6044747116792726,-4.078439120796605,0.0001481732761
-1.6096629002906315,-4.0784393568923765,0.00014896510402
-1.6147866191095797,-4.078440885301841,0.00013627961744
-1.6088293359514585,-4.085756499163671,0.0001476839243
-1.6032277126163033,-4.085750770734697,0.00014689697127
-1.5978197755147951,-4.085751603282943,0.00014631415252
-1.5924246744836064,-4.085753007431476,0.00014668170479
-1.586839259833328,-4.085753690866604,0.00014792279399
-1.5814579009480139,-4.085752150031045,0.00014747331443
-1.5761453912202776,-4.0857511310914,0.00014743360225
-1.5708013324451913,-4.0857518642309,0.00014667661162
-1.565522687291215,-4.085752634648679,0.00014554786321
-1.5602549402126287,-4.085754610397504,0.00014575380192
-1.554809992441692,-4.0857527092052415,0.00014866741549
-1.5494873522859074,-4.085754200336425,0.00014774456213
-1.5442375882901531,-4.085755169571697,0.00014784817176
-1.538942507932411,-4.085753007431476,0.0001484019449
-1.5336735149999412,-4.085750981978283,1.9690475175e-15
-1.5284342715480985,-4.085754734658435,0.00014665671915
-1.523025302527209,-4.085754187910333,0.00014761503553
-1.5176657901302075,-4.085750137003942,0.00014740719052
-1.5124078714544853,-4.085752821040078,0.00014764953812
-1.507123865353491,-4.085751690265597,0.0001450390555
-1.5018410673532343,-4.085754796788899,0.00014392638695
-1.4965811225919021,-4.085751292630613,0.00014508493769
-1.4911947425379022,-4.085752274291976,0.00014392954472
-1.485801126463869,-4.085753703292696,0.00014591257786
-1.4805265083123464,-4.085753392640366,0.0001463143708
-1.4752357569822425,-4.085753504475206,0.00014599248243
-1.4699393552643214,-4.0857538524058175,0.00014705836657
-1.4646753331630045,-4.08575401394503,0.000147464365
-1.4592561204546244,-4.0857533056577156,0.0001457692706
-1.4537829710821286,-4.085750000316919,0.00014494844072
-1.448497593283424,-4.085751603282943,0.00014470142196
-1.4432025632632133,-4.085754001518935,0.00014501828991
-1.4378847303416071,-4.085752323996348,0.00014446937712
-1.4326041094395516,-4.085753417492552,0.00014447918511
-1.4272239209018254,-4.085751031682655,0.00014450406888
-1.4217714854232022,-4.085748223385588,0.00014704625937
-1.4164765309092868,-4.085752038196205,0.00014824244136
-1.4111660220983944,-4.085751317482799,0.00014749607362
-1.4058384111114552,-4.085752609796493,0.00014636966807
-1.4005580670658178,-4.085751677839502,0.00014620153524
-1.3950985339953696,-4.085750584343298,0.00014877278591
-1.3895201414306206,-4.08575379027535,0.00014712417033
-1.384229729878849,-4.085755107441233,0.00014862547687
-1.3789243554960842,-4.0857509074217235,0.00014967897732
-1.373608548660088,-4.085754262466892,0.00014675561397
-1.3683309605942562,-4.085754821641089,0.00014664200717
-1.3629575298700225,-4.085750149430037,0.00014721527987
-1.3575364798417717,-4.0857538772580035,0.00014837796334
-1.352259281891803,-4.085757468398944,0.00014885839482
-1.3469677377455913,-4.085750062447383,0.00014923553681
-1.34166841645089,-4.08575648673758,0.00014991009084
-1.336412599367072,-4.085751802100433,0.00014731104602
-1.3310288746178172,-4.085751839378714,0.00014831463341
-1.3255702476229203,-4.085753032283663,0.0001493642194
-1.320312328947198,-4.085755256554351,0.0001490014547
-1.3150381764178327,-4.085754237614706,0.00014800076315
-1.3097433855008938,-4.08575494590202,0.00014778063633
-1.3044875684170756,-4.085754349449546,0.00014766768436
-1.299114703990063,-4.085750671325952,0.00014746942907
-1.2937006005410459,-4.085755915137292,0.00014873295731
-1.288437811709231,-4.085756834668188,0.00014737577294
-1.2831572663134714,-4.0857527837618,0.00014747085515
-1.277855730167421,-4.085752460683375,0.00014741142513
-1.2725919597537574,-4.085753864831909,0.00014735588047
-1.2672122242538066,-4.085755517502308,0.00014735564764
-1.261796132472329,-4.085756387328832,0.00014719519822
-1.2565269130209704,-4.085753355362088,0.00014764112711
-1.2512574670507233,-4.085757431120662,0.00014812521113
-1.2459871905112219,-4.085752261865885,0.0001474947203
-1.2407487524598686,-4.085752323996348,0.00014655866835
-1.235385187891647,-4.085753367788179,0.00014653784456
-1.2300105868198254,-4.085752013344019,0.00014628832287
-1.2247636543101723,-4.0857544488582915,0.00014917811495
-1.219491729216541,-4.085756213363528,0.00014991135686
-1.2142250518104807,-4.085755318684814,0.0001483195083
-1.208993937869841,-4.085754697380154,0.00014711609401
-1.2035758074183702,-4.085756673128976,0.00014834960166
-1.1981840034954414,-4.0857532808055295,0.00014858151553
-1.192941047650711,-4.085754262466892,0.00014925628784
-1.1876620501340192,-4.085752199735417,0.00014804168313
-1.1824037287580524,-4.085754175484238,0.00014521462435
-1.1771765411448045,-4.085752274291976,0.00014658040891
-1.1717894941185252,-4.0857550204585795,0.00014491799811
-1.1664639721391084,-4.085753889684095,0.00014604248281
-1.1612356267626558,-4.085750969552188,0.00014488591114
-1.155991676751695,-4.085752000917927,0.00014650552475
-1.15077529912316,-4.085755194423883,0.00014714198187
-1.1455903321137655,-4.085752261865885,0.00014876600471
-1.1401226317789646,-4.085753467196928,0.00014713946439
-1.1348065732553152,-4.0857544488582915,0.0001450356358
-1.1296164466490268,-4.085752858318359,0.00014379022468
-1.1243824760535215,-4.085753405066461,0.00014507536252
-1.119217002252879,-4.085749267177419,0.00014563939476
-1.114057984240545,-4.085753839979722,0.00014680856839
-1.1087019577175408,-4.085753019857571,0.00014604347234
-1.1149893040642826,-4.0927737252489935,0.00014682165056
-1.120592387187827,-4.09277167494361,0.00014615396503
-1.1260656498197665,-4.092772134709062,0.00014477092191
-1.1314722907298618,-4.092769612212135,0.00014585324971
-1.1368197472882684,-4.09277044476038,0.00014496540825
-1.1423600972642107,-4.092770618725687,0.00014612691302
-1.1477757360079146,-4.0927683198984415,0.00014555636153
-1.153024606512499,-4.09277074298662,0.00014603765158
-1.1583100598174991,-4.092769413394644,0.00014645268675
-1.1635553060198744,-4.092772681457163,0.00014476152137
-1.1687775605551156,-4.09277046961257,0.00014551945787
-1.1741970878730614,-4.092771761926263,0.00014517996169
-1.1794817483619553,-4.092772731161536,0.00014592024672
-1.1846678731345546,-4.092772420509205,0.00014536789968
-1.1899137233872987,-4.0927724950657645,0.00014423436369
-1.1951085565527069,-4.092770506890848,0.00014536696835
-1.200289131612551,-4.092773874362112,0.00014704000205
-1.2057020269608305,-4.092770643577874,0.00014668666699
-1.2109307121156154,-4.092772606900601,0.00014861726959
-1.2160544435189484,-4.092770233516799,0.0001473750599
-1.2212451490068392,-4.092770022273213,0.00014783735969
-1.2264015620519608,-4.092770034699305,0.0001472687145
-1.2315321896969964,-4.092770419908194,0.00014805448882
-1.23686770367625,-4.092771090917231,0.00014734832803
-1.2420727931135318,-4.0927712027520675,0.00014752947027
-1.2471873882550464,-4.092775315788926,0.00014750631817
-1.252350848554462,-4.09277074298662,0.00014771100541
-1.2574804316957349,-4.092771090917231,0.00014656623534
-1.2625911886005365,-4.092774346553655,0.00014797862968
-1.2678569850998085,-4.092771662517518,0.00014737177116
-1.2730376482503314,-4.092775527032508,0.00014949934848
-1.2781197882689461,-4.09277259447451,0.00015064587933
-1.2832453066546172,-4.092772606900601,0.00015188820544
-1.2883540626425736,-4.092772035300313,0.0001501171937
-1.2934404561825308,-4.092772830570281,0.00014901820396
-1.2986697328032994,-4.092775862537028,0.00014993571676
-1.3038757283161344,-4.0927706311517795,0.00014669229859
-1.308962084102942,-4.092770966656296,0.00014682009351
-1.3140641829524675,-4.092775899815305,0.00014737306628
-1.3191678800185922,-4.0927736134141535,0.00014531273337
-1.324258225054706,-4.092773712822899,0.00014738166647
-1.329483499841787,-4.092773116370425,0.00014700641623
-1.3347498500538968,-4.0927723211004565,0.00014654226834
-1.339817870395157,-4.0927736631185265,0.00014714380086
-1.3448979591593972,-4.092775191527991,0.00014328831458
-1.350002272860272,-4.092773141222611,0.00015005101159
-1.3550565888088058,-4.09277321577917,0.00015121746401
-1.3601804083028177,-4.092775539458603,0.00015093875118
-1.365412742928576,-4.092771289734721,0.0001511832379
-1.3704681663027856,-4.092772793291999,0.00013540437794
-1.375512616095309,-4.092774930580034,0.0001515942422
-1.3806058303706699,-4.092772818144185,0.00015094292758
-1.3856562199918119,-4.09277343944885,0.00014684545749
-1.3907300794866306,-4.092771289734721,0.00014545036538
-1.3961014967096372,-4.09277321577917,0.00012152049021
-1.4012508876692296,-4.092773029387771,0.00014832947636
-1.4062706217341931,-4.092773004535585,0.00014746020315
-1.4113517550021926,-4.092775589162975,0.00014831176668
-1.4164047118373995,-4.09277341459666,0.00014791896683
-1.421449060954861,-4.092771687369705,0.00010645645671
-1.4266292584832247,-4.092775390345485,0.00014820120123
-1.431799690530639,-4.092775116971432,0.00014861351519
-1.4368508981366552,-4.092771761926263,0.00014955029474
-1.441913633037195,-4.0927730418138655,0.00014771330461
-1.447000240511656,-4.092773588561967,6.4553296397e-06
-1.4520638689033643,-4.092770755412714,0.00014708771778
-1.457233306784548,-4.092770270795077,0.00014473941701
-1.4625418398473613,-4.092775054840969,0.00014542610734
-1.467608136128196,-4.092771190325975,0.00014047790319
-1.4726935858394523,-4.092772756013722,4.1277430015e-14
-1.4778309461292143,-4.09277607378061,0.00014739355538
-1.4829340013918224,-4.092773464301036,0.00014577090042
-1.4880627539638394,-4.092775787980465,0.00014558156545
-1.4933543736163468,-4.092775937093586,0.0001214026197
-1.4985229683438916,-4.092772619326696,9.3090260634e-05
-1.5036280371077266,-4.092773687970713,0.00014810236462
-1.508806523160048,-4.092773650692432,0.00014786374231
-1.5139547437720522,-4.092773538857595,0.00014832573652
-1.519100774701472,-4.092771165473789,1.9717739048e-15
-1.5243912617595394,-4.092772606900601,0.00012997553858
-1.5296329214128552,-4.092774135310069,0.00014263481717
-1.5347574078791484,-4.092773489153222,7.716404798e-05
-1.5399143620527245,-4.092772830570281,0.00014503621787
-1.545080301475524,-4.092773464301036,2.5310088227e-12
-1.5502223683244043,-4.092773389744473,3.8478981113e-10
-1.5554528907990584,-4.092769587359949,0.00014879887749
-1.5607629591565582,-4.092775141823619,0.00014588417253
-1.5658913467814766,-4.092773625840245,0.00014438797371
-1.5710374783859584,-4.092770829969273,1.9687434327e-15
-1.5762286243272452,-4.092771339439094,0.0001484957902
-1.5813684889091577,-4.092772358378738,0.0001471718133
-1.5865556078479888,-4.092768481437654,0.00014687959629
-1.59192643360501,-4.092771451273934,0.00014402710076
-1.5971174537024684,-4.092768145933137,1.9687038339e-15
-1.6022381774383425,-4.092770680856152,0.00014743540669
-1.5962835495849648,-4.099785384444551,0.00014708787785
-1.590614209686673,-4.099784614026769,0.00014793172886
-1.5849813644981183,-4.099781768451421,0.00014745461522
-1.5796043975623546,-4.0997829365041865,0.00014707694936
-1.574237787573528,-4.099782737686692,0.00014776263561
-1.5688673015948391,-4.099784551896305,0.00014730331895
-1.5635758329549232,-4.099785024087844,0.0001472656877
-1.5582203475603735,-4.099782526443107,0.00014684519556
-1.552755390620995,-4.09977775482331,0.00014657441352
-1.5474876812955567,-4.099780227615865,0.00014576043759
-1.5422158442926042,-4.099781085016296,0.00014450677554
-1.536902705345733,-4.099781432946904,0.00011284781795
-1.5316552568763897,-4.099780277320237,1.691083915e-15
-1.5263724714605162,-4.099779482050269,7.6521522452e-10
-1.5209287317903153,-4.099778699206396,0.00014753382129
-1.5156383202385437,-4.099780190337583,0.00014602256124
-1.5103780608676458,-4.099779171397939,0.00014533226204
-1.5050626189787464,-4.099779979093999,0.00014907955483
-1.4997984710336028,-4.099779196250125,0.00014626850316
-1.4945205054362893,-4.099781544781744,0.00014628186182
-1.4890671890508793,-4.099780488563822,0.00014670203382
-1.4837445740638593,-4.099779121693566,0.00014568956976
-1.4784774184512586,-4.099781420520813,0.00014573147928
-1.4731532933383185,-4.099778065475644,0.00014674718841
-1.467873238733484,-4.099777270205676,0.00014791254944
-1.4626010619521976,-4.099781321112068,0.00014884231496
-1.4570771345956361,-4.099781345964254,0.00014920087415
-1.4516961658261849,-4.099780227615865,0.00014796292817
-1.446413028047596,-4.09977971814604,0.00014409417054
-1.4410834916501087,-4.099778848319514,0.00014944268332
-1.435785139352873,-4.099777183223022,0.00014739180915
-1.4305045058664347,-4.099780327024609,0.00014761525381
-1.4250364531689201,-4.099781246555505,0.00014666440256
-1.419658252963654,-4.09978226549515,0.00013870489784
-1.414372094933225,-4.099776586770548,0.00014894691412
-1.4090347688028668,-4.099779854833066,0.00014856291818
-1.4037329054628673,-4.09978074951178,0.00014833491878
-1.3984532535582759,-4.099781631764398,0.00013221905101
-1.3928512023541113,-4.0997809607553615,0.00014809073764
-1.3874094636007541,-4.0997823897560846,0.00014698528685
-1.3821209271220012,-4.099781718747049,0.00014840810036
-1.3767836890823202,-4.09978041400726,0.00015080190497
-1.3714848334097796,-4.099781308685973,0.0001073168678
-1.3662044767797592,-4.099780376728982,0.00015155143046
-1.3607506570190406,-4.099779084415285,0.00015115369752
-1.355400255715091,-4.099781793303607,0.00015184191579
-1.3501254865509755,-4.0997823027734315,0.00015006586909
-1.3448126496292887,-4.09978041400726,9.4816037745e-05
-1.3395372009085103,-4.099779916963531,0.00015106231149
-1.3342832337289445,-4.09978237732999,0.00015130588145
-1.3287961786136016,-4.099780799216153,0.00015122191689
-1.3234301852595252,-4.0997803891550735,9.7459880635e-05
-1.3181775771932882,-4.099780612824754,0.00013962866797
-1.312870881450344,-4.09978257614748,0.00015015056124
-1.3075945266540125,-4.099781880286261,0.00015128818632
-1.302333474467005,-4.099780227615865,0.00015010831703
-1.2968698766409552,-4.099779892111345,2.8612326397e-10
-1.2915253396593285,-4.099782464312644,0.00015035962861
-1.2862688933563768,-4.09978072465959,0.0001482849184
-1.280945636565842,-4.099782178512499,0.00014713252313
-1.275669583794695,-4.099782973782464,0.00014713846031
-1.2704036740359779,-4.099784775565982,3.8362957255e-10
-1.2649277309305305,-4.09978349567838,0.00014893749903
-1.2595849683468587,-4.099781482651277,0.00014861104137
-1.25432438178201,-4.099784986809567,0.00014847380226
-1.2490187431272102,-4.0997845643223965,0.00010221549746
-1.2437603588293291,-4.099784663731142,0.00010173106421
-1.2384902584711837,-4.0997809607553615,0.00014719511091
-1.233041359204089,-4.099784738287701,0.00014651619131
-1.2277388163074252,-4.099785011661753,0.00014697312145
-1.2224829614704609,-4.099782153660313,2.5261587052e-14
-1.217172553334629,-4.099785036513939,0.00014536839444
-1.211923619908132,-4.099785036513939,0.00014514994109
-1.206636052426843,-4.099782886799811,0.00014449043374
-1.2011330528986577,-4.099781445372999,0.00014561848366
-1.1958336560976608,-4.099780327024609,1.9685918138e-15
-1.1905719872759049,-4.0997822779212445,0.00014982670837
-1.1852553121175033,-4.099782079103751,0.00014932377962
-1.1800005143686836,-4.099780028798371,0.00014836039918
-1.1746951399859187,-4.099785471427201,0.00011703025666
-1.1692485310764704,-4.099782402182176,3.8363193178e-10
-1.1639986160681248,-4.0997851359226845,3.8521122056e-12
-1.1587473419464502,-4.099787956645846,0.00014707531955
-1.1534622284197822,-4.09978465130505,0.00014753635332
-1.1482592279900232,-4.099785583262041,3.8363182076e-10
-1.1429210712904092,-4.09978453947021,0.00013489450794
-1.1374350732632088,-4.099787012262761,0.00014281728363
-1.1322142407632092,-4.099782551295294,0.00014229530643
-1.1269909417242068,-4.099783644791497,0.00014294154244
-1.1217555616778434,-4.099784738287701,1.9686640234e-15
-1.1165835439982137,-4.099783557808847,0.00014814843598
-1.1113111155292739,-4.0997851607748705,0.0001477374899
-1.1059826488043143,-4.099782228216872,0.00014862506941
-1.1008006894623767,-4.099781234129414,0.00014573016961
-1.0956009861408778,-4.099785173200965,3.8362960031e-10
-1.1017305494977254,-4.106859696002125,0.00014466230641
-1.107349136580716,-4.10686044156772,0.00014475050557
-1.1130018147563567,-4.1068574593053455,0.00014424879919
-1.1184313718272891,-4.106857086522548,0.0001448084804
-1.123800549030182,-4.106859335645422,0.00014515740622
-1.1291831286006133,-4.1068562539743025,0.00014557741815
-1.1344888553460937,-4.1068568877050575,0.00014506277512
-1.1398727185235584,-4.106858627358108,0.00014689889213
-1.1454092680159358,-4.1068579439229795,0.00014581681171
-1.1506305535537114,-4.106858416114523,0.0001460594649
-1.1558597798369505,-4.10685990724571,0.00014662407921
-1.161116540749468,-4.106859111975745,0.0001443993533
-1.1663274441715417,-4.106859385349795,0.00014394561003
-1.1716298989775282,-4.106858913158252,0.00014556689712
-1.176996383122528,-4.106859310793236,0.00014442407701
-1.1821855155625862,-4.1068622557773296,0.00014474219643
-1.1873905294935723,-4.106859820263057,0.00014637896675
-1.1926027291070622,-4.106858540375457,0.00014492601622
-1.1977788367110582,-4.106863411404,0.00014636742708
-1.203077579124157,-4.106861721455319,0.00014640380687
-1.2084295534759408,-4.106857981201261,0.00014978864056
-1.2135636292418261,-4.106858043331728,0.00014945048315
-1.218709433652359,-4.106857024392084,0.00014854660549
-1.2238782423144074,-4.106858751619039,0.00014480834943
-1.2290250534755538,-4.106856080008998,0.00014524433936
-1.2342559283129213,-4.1068575462879995,0.00014620549337
-1.2395568604086047,-4.106859410201981,0.00014701993496
-1.2446821774441519,-4.106859161680118,0.000146828781
-1.2498132455425799,-4.106855322017312,0.00014809174172
-1.2549757116757654,-4.106858217297033,0.00014727468078
-1.260088985457101,-4.106858552801549,0.00014827754057
-1.2652721528997741,-4.106857757531585,0.0001487332338
-1.2705522830109057,-4.1068574593053455,0.00014908959565
-1.2756265326215859,-4.106859559315098,0.00014875420311
-1.2807185387962126,-4.106861224411594,0.00014842944802
-1.2858573840431284,-4.10685763327065,0.00014831243607
-1.2909391968677943,-4.106857285340042,0.00014704052592
-1.2960746820845377,-4.106857645696745,0.00014589434431
-1.3013510117121045,-4.106859273514955,0.0001465655514
-1.3064629893020236,-4.106859534462912,0.00014389735588
-1.3115431158194115,-4.106860528550371,0.00014442035172
-1.3166795952023869,-4.106858465818895,0.00014548638137
-1.321766064248638,-4.106859882393524,0.00014524480503
-1.3268759654154176,-4.106859646297752,0.00014592704247
-1.332200845591318,-4.106863249864787,0.00014586752513
-1.3373509538607224,-4.106860093637109,0.00014691318211
-1.3424012805599521,-4.106859323219327,0.00014763044601
-1.3475215135049026,-4.106861187133312,0.00014771867427
-1.3525994755084707,-4.10685970842822,0.00014767055109
-1.3576673825902859,-4.106860280028508,0.00014639405708
-1.3628854087729507,-4.106858813749507,0.00014667105279
-1.3680368635713007,-4.106860391863345,0.00014651857782
-1.373084572718935,-4.106857074096457,0.00014727942471
-1.3781588852515292,-4.106860565828652,0.00014638825087
-1.3832310332703053,-4.106860578254743,0.00014632356761
-1.3882933151330694,-4.10685948475854,0.00014643851318
-1.3935408516930896,-4.106860118489295,0.00014679849846
-1.398857413592046,-4.106861920272813,0.00014666603238
-1.4038939478078702,-4.106859323219327,0.00014658477448
-1.408943393600313,-4.106857409600973,0.0001463918743
-1.4140437180518821,-4.106859472332449,0.00014729914255
-1.4190769803282128,-4.10685990724571,0.00014938716777
-1.4241806522255727,-4.1068575462879995,0.00015031067596
-1.4294195055615522,-4.106860304880694,0.00015063628962
-1.4344974298119724,-4.106862131516397,0.00015057311975
-1.439547051785773,-4.106858540375457,0.00015008448099
-1.444657154302675,-4.106862081812025,0.00014868561993
-1.4497283333239857,-4.106862404890447,0.0001456666505
-1.4547973981690072,-4.106858813749507,0.00014597596601
-1.460106283594536,-4.1068598326891514,0.00014596768597
-1.4652962969413807,-4.1068579190707935,0.00014674020349
-1.4703747497358741,-4.106859969376178,0.00014768198889
-1.4755024955572758,-4.1068604291416255,0.00014650427329
-1.4806287312527593,-4.106855843913227,0.00014528533211
-1.4857451007922307,-4.106859683576033,0.00014461734099
-1.490987351911532,-4.106863672351958,0.00014794328308
-1.4962381855798124,-4.10685611728728,0.00014776558965
-1.5013629992400543,-4.10685785694033,0.0001448582334
-1.506509810401199,-4.106859310793236,0.00014426784765
-1.5116860060958754,-4.10686287708199,0.00014466638095
-1.5168267138314269,-4.106862740394964,0.00014629487123
-1.5220426132534197,-4.106861969977185,0.00014615427062
-1.5273711554846767,-4.106862964064644,0.00014691786782
-1.53250616249488,-4.106859894819618,1.9686724937e-15
-1.5376403892733563,-4.106863361699624,0.00013844489877
-1.542825180101395,-4.106858018479542,0.00014757949975
-1.5479683669603321,-4.106860652811302,0.00014612033556
-1.5531141462020985,-4.106863672351958,0.0001479080529
-1.5584412034762,-4.1068617587336,0.00015026632173
-1.563644556268673,-4.1068632871430655,0.00014881038805
-1.5687836909563917,-4.106861211985499,0.00014824101527
-1.5739676512151728,-4.106862019681558,0.00014842618839
-1.5791316652274263,-4.106857732679399,0.0001488608832
-1.5842898778392691,-4.106860565828652,0.00014892501349
-1.5895986877585022,-4.106862392464356,0.00014935764193
-1.5834477435355006,-4.113914498593344,0.00014758104226
-1.5778756934996148,-4.113917282038228,0.00014696479775
-1.572408798565305,-4.113914175514922,0.00014734850265
-1.5670091042344434,-4.113914399184599,0.00014789967099
-1.5616628683611558,-4.113914274923667,0.00014857425413
-1.5561975716434449,-4.113914523445533,0.00014798338816
-1.550770569202194,-4.113913131723091,0.00014839220967
-1.5454687310309592,-4.113914448888971,0.00014858097711
-1.5401478526887482,-4.11391340509714,0.00014834148169
-1.5348360225176747,-4.113913255984023,3.8362824029e-10
-1.529568313192238,-4.1139144613150656,0.0001467600523
-1.5241876086948218,-4.113911416922227,0.00014537165407
-1.5187726117546347,-4.113912411009686,0.00014450273011
-1.5134960807769473,-4.113910497391328,0.00014474170166
-1.5082073429480702,-4.113911901539861,0.00014470348833
-1.5028999298953138,-4.1139098139562,0.00014543549332
-1.497628495592606,-4.113912361305309,0.00014666854986
-1.492266541825365,-4.113915045341445,0.00014743508655
-1.4868227769863993,-4.113912522844522,0.00014759041369
-1.4815450001548265,-4.113912957757787,0.00014713633573
-1.4762564133385427,-4.113914001549618,0.00014698808081
-1.4709290414548735,-4.11391474711521,0.00014870938321
-1.4656601114443162,-4.113912945331692,0.00014732105774
-1.4602782114305473,-4.113914100958363,0.00014606287004
-1.4547464188348191,-4.113912845922947,0.00014650552475
-1.44945479918231,-4.1139150701936344,0.00014842976816
-1.4441511362755892,-4.1139120009486065,0.00014832035231
-1.4388075431226617,-4.11391166544409,0.00014834267495
-1.4335310121449742,-4.113910062478066,0.00014725436631
-1.4281718269419201,-4.113910522243514,0.00014743584325
-1.4226805812271488,-4.113909652416988,0.00014779430057
-1.417386583126316,-4.113915144750194,0.00014845484111
-1.4120798999677548,-4.113914610428184,0.00014978295076
-1.406734683429462,-4.113914150662736,0.00014494197967
-1.401456894013508,-4.113914125810549,0.00014569946507
-1.3960540913401271,-4.113912448287963,0.00014544198348
-1.3904155705949888,-4.113914424036785,0.00014662742615
-1.3851171553758406,-4.113912584974989,0.00014720960462
-1.3798126870686287,-4.113912957757787,0.00014718563762
-1.3744654318603444,-4.113911416922227,0.00014742999338
-1.3691842698298347,-4.113909764251828,0.00014894704509
-1.363830281976822,-4.113914237645385,0.00014947971795
-1.3583572584481545,-4.1139150080631675,0.00014902761905
-1.3530784622815852,-4.113915157176285,0.000144780337
-1.3477914233443675,-4.113913840010405,0.00014590581122
-1.34246291886626,-4.113913044740437,0.00014671160898
-1.3372104366438498,-4.113913504505889,0.00014599316637
-1.3318594438739146,-4.113912460714058,0.00014916252985
-1.326343545353494,-4.11391251041843,0.00014774691954
-1.3210877408540607,-4.113915144750194,0.00015198066831
-1.315811839095505,-4.113914809245677,0.00015105241619
-1.31049745429475,-4.113915455402524,0.00015125505161
-1.3052399383192728,-4.113912274322659,0.00014906596334
-1.2998898138717412,-4.113917356594786,0.00014852179447
-1.2944262663832207,-4.113913678471192,0.0001482496009
-1.2891558262467449,-4.113913119296996,0.00014931711485
-1.2838707253044583,-4.1139160891332756,0.00014533362992
-1.2785490415617562,-4.113913541784166,0.00014586461475
-1.2732876370120347,-4.113917070794643,0.00015089905355
-1.2679212157889475,-4.113914274923667,0.00014984062
-1.2624721529248781,-4.113914598002092,0.00015146887745
-1.2571917459573285,-4.113916002150626,0.00014904077398
-1.2519075636749766,-4.113916722864031,0.00014840818767
-1.246618246964497,-4.113914337054134,0.0001466927788
-1.2413597997447037,-4.113915927594067,0.00014604511671
-1.236004163337563,-4.11391628795077,0.00014747210662
-1.2305943637474175,-4.113917592690558,0.00014605118486
-1.2253330347039917,-4.113914511019439,0.00014591698709
-1.2200508281697207,-4.113915430550338,0.00014618784189
-1.2147689488293967,-4.113914784393487,0.00014650427329
-1.2095255399468923,-4.11391516960238,0.00014537131938
-1.2041206482659872,-4.113915517532988,0.00014668995573
-1.1986896817441952,-4.113917667247117,0.00014524224389
-1.193424715814179,-4.113914610428184,0.00014462413674
-1.1881346943782707,-4.113917679673208,0.00014672252291
-1.182846585768527,-4.113915306289403,0.00014784293307
-1.1775866913447257,-4.113916859551058,0.00014705515059
-1.1721910869382304,-4.113917704525394,0.00014863956312
-1.166824854480884,-4.113917033516361,0.00014848462888
-1.1615679048026257,-4.113912995036065,0.00014753245341
-1.1562935005856085,-4.113915244158939,0.00014657678548
-1.1510414336478263,-4.113913554210261,0.0001447169052
-1.1458212051981953,-4.1139150329153535,0.00014328569523
-1.1403362768435226,-4.113913765453846,0.00014434142213
-1.1349739581291844,-4.113914200367108,0.00014423164248
-1.1297577944351551,-4.113915703924387,0.00014657816791
-1.1244966164043209,-4.113916387359515,0.00014804705279
-1.1192879278335965,-4.113913044740437,0.00014759588521
-1.1141028601491398,-4.113913591488539,0.00014673679834
-1.1087228100396234,-4.113913169001369,0.00014530074259
-1.1034702900640654,-4.1139156045156415,0.00014212958922
-1.098291615246003,-4.113915355993779,0.00014505803119
-1.0930649561768282,-4.113914163088827,0.00014540577831
-1.0878899811672722,-4.113914660132556,0.00014421563537
-1.0826868171405386,-4.113912821070761,0.00014303669741
-1.088810629434507,-4.12098509474905,0.00014404045942
-1.0944450225021298,-4.120981491182015,0.00013837523875
-1.0999358655166565,-4.12098498291421,0.00014045089483
-1.1053397756157126,-4.1209855545144976,0.00014557126269
-1.1108391130885409,-4.12098344207865,0.00014669472876
-1.1162994263907156,-4.120983255687251,0.00014525793085
-1.1216301205514076,-4.120984162792055,0.00010706754983
-1.1269718763844643,-4.120987492985042,0.00014440472296
-1.1322720660015706,-4.120983690600513,0.00014461757382
-1.137535735740172,-4.120980944433913,0.00014464177366
-1.1430562149758825,-4.120986511323674,0.00014350135461
-1.1483815859427062,-4.120980882303446,9.7917989478e-05
-1.1535769476521858,-4.1209832432611595,0.00014622478921
-1.1588293166151509,-4.120982684086963,0.00014567084145
-1.1640357777501447,-4.120984113087682,0.00014780074707
-1.16923310262332,-4.12098490835765,0.00011954381625
-1.174631412672088,-4.120984001252846,0.00011992745567
-1.17987541302058,-4.120982361008541,0.00014894189371
-1.1850501237580993,-4.120987977602676,0.00014851236483
-1.190277965759245,-4.120986411914929,0.0001471900905
-1.1954543376352795,-4.120985840314641,1.9686392477e-15
-1.200646502911561,-4.120983939122379,0.00014550537162
-1.206055711035719,-4.120983876991911,0.00014703079069
-1.2112598314755352,-4.1209831562785055,0.00014721084153
-1.2163806433020883,-4.120985989427759,0.00014622898016
-1.221569159107396,-4.1209861633930664,3.8363123789e-10
-1.2267122704600377,-4.120984808948905,0.00014850009757
-1.2318576092484115,-4.120985703627615,0.00014802296937
-1.2371937021092676,-4.1209849580620235,0.00014829011343
-1.2423895420252893,-4.120983454504745,0.00014502581325
-1.247499204088797,-4.120982994739293,1.96860219e-15
-1.252679225435805,-4.120983404800368,0.00014469547023
-1.257807323619922,-4.120986498897583,0.00014440339874
-1.262918407718673,-4.120985840314641,0.00014490896137
-1.268198915361285,-4.120983889418007,0.00013216659136
-1.273369208980489,-4.120983292965532,8.3443606854e-05
-1.2784517516993485,-4.120985852740736,0.00014643042232
-1.283577949641684,-4.120983827287539,0.0001474620949
-1.2886839874029845,-4.1209824728433775,0.00014782950166
-1.293769160257821,-4.120983355095996,9.3643604487e-05
-1.2990039488382006,-4.120983181130692,0.00010587966244
-1.3041949437668943,-4.120980509520651,0.00014750854461
-1.309275284218786,-4.120985542088403,0.00014667240612
-1.314380038373055,-4.120985691201524,0.0001474704186
-1.3194820113787542,-4.120985132027327,2.349529e-15
-1.3245775789336758,-4.120981391773269,0.00012192709255
-1.329814871806204,-4.120982659234777,0.00014992631623
-1.3350743257766127,-4.120983591191767,0.00015122050536
-1.3401415281329987,-4.120980074607386,0.00014823625679
-1.3452224852196424,-4.120980633781582,1.968596049e-15
-1.35032101010449,-4.120980422537998,0.00014573251246
-1.3553915221535193,-4.120980149163945,0.00015032140072
-1.360532154382775,-4.120982858052267,0.00015055877157
-1.3657703910840042,-4.120980149163945,0.00015118088049
-1.3708211959897743,-4.120983790009261,3.836444773e-10
-1.375873397762021,-4.120982969887107,0.00015134557907
-1.3809693176796562,-4.120982969887107,0.00014854803158
-1.3860201980917235,-4.1209825225477505,0.00014924598509
-1.3911248138177827,-4.120983765157074,0.00014896161156
-1.3965045493177317,-4.120982075208394,1.968603037e-15
-1.4016370016982533,-4.120983939122379,0.00014956537052
-1.406659177133455,-4.1209803231292526,0.00014842169185
-1.411756733020837,-4.120982808347894,0.00015006071771
-1.416820424334459,-4.120983603617862,0.00015061844897
-1.4218707636180703,-4.120981453903734,8.4363831025e-13
-1.4270784328537998,-4.120980186442226,0.00014931589249
-1.4322409493245143,-4.120982783495708,0.00014956307132
-1.4372941956005223,-4.120985566940589,0.00014847358398
-1.4423757441531515,-4.120982858052267,0.00014306097
-1.447466743577163,-4.1209825598260315,1.9687345389e-15
-1.452542918598393,-4.120982572252123,0.00014648553042
-1.4577477941011692,-4.120979863363801,0.00014613028907
-1.4630417166957062,-4.1209825598260315,0.00014666217612
-1.4681237812080237,-4.120983106574133,0.00013295808458
-1.473217322677335,-4.120982708939149,3.8363182076e-10
-1.4783714453648102,-4.120985865166828,0.00014633325918
-1.4834783262797497,-4.12098159059076,0.00014654333063
-1.488638766327325,-4.120979440876634,0.00014485292195
-1.4939429955312666,-4.120980795320795,8.930619515e-05
-1.4990995595889796,-4.120978831998065,9.101726755e-05
-1.504217250488632,-4.120979192354768,0.00014749265392
-1.5093973473419338,-4.120979030815556,0.0001486925612
-1.5145473801050426,-4.12098221189542,0.000146608043
-1.51969146045515,-4.120980049755199,1.9686036723e-15
-1.525012728913224,-4.120982075208394,0.00012961418543
-1.5302333097255687,-4.1209795527114705,0.00013938256598
-1.5353602249777165,-4.120980484668465,7.8218072304e-05
-1.5405259127128645,-4.120980608929396,0.00014532770729
-1.5456822376673074,-4.120980074607386,6.666745064e-13
-1.5508303450198682,-4.1209825846782175,5.716861446e-12
-1.5560848029903558,-4.120980422537998,0.00014599463611
-1.5613679533533278,-4.120982398286819,0.00014850875596
-1.566506546912592,-4.120979925494268,0.00014830417058
-1.5716657662750484,-4.120980236146599,3.8361694377e-10
-1.5768635567703828,-4.120983777583167,0.00014803389786
-1.5708226378050478,-4.1281913714166265,0.00014675443526
-1.5652541617338418,-4.128191694495052,0.0001486838446
-1.559808534406241,-4.128189706320136,0.00014869768347
-1.554233212430863,-4.1281892589807825,0.00014844357793
-1.548837255661654,-4.1281903151987045,0.0001489349961
-1.5434986081711148,-4.128188898624076,0.00014825606195
-1.538119854253013,-4.128191073190391,0.00013825438509
-1.5328077472255217,-4.128189109867661,4.053564684e-15
-1.5275187451246082,-4.128192763139069,0.0001479635539
-1.522037365565847,-4.128187171397121,0.00014907988952
-1.5166785453098914,-4.128188277319415,0.00014786559041
-1.5113967163071003,-4.128191669642865,0.00014680232562
-1.506065908886963,-4.1281913714166265,0.00014426583948
-1.5007746164284046,-4.128191234729604,0.00014407196431
-1.495495769924306,-4.128187034710094,0.00014548945182
-1.490049865740287,-4.128192303373621,0.00014690386888
-1.4846747738775403,-4.128188264893324,0.00014645031479
-1.4793851173887287,-4.128191856034264,0.00014384195674
-1.4740740296962338,-4.1281897435984165,0.00014392851153
-1.4687708198272889,-4.128189582059203,0.00014400828513
-1.4634904128597372,-4.128190650703221,0.00014578996343
-1.4580002619862582,-4.1281890601632885,0.00014634637046
-1.4525722779631587,-4.128191657216774,0.00014727945381
-1.4472702384418015,-4.128189134719848,0.00014771884889
-1.441946553782254,-4.128189246554688,0.00014729717805
-1.436634333495319,-4.128192638878137,0.00014769571135
-1.4313400207849203,-4.128191669642865,0.00014936699881
-1.4258993894572387,-4.128192589173764,0.00015033008822
-1.4204863808495136,-4.128186388553248,0.00014748523245
-1.415178300824476,-4.12818918442422,0.00014817988267
-1.4098486637519285,-4.128192253669248,0.00014827448467
-1.4045294717169952,-4.128188637676118,0.00014905737771
-1.3992448489812508,-4.128190600998848,0.00014864937111
-1.3936892341491307,-4.128192166686595,0.00014967795869
-1.3881875937342742,-4.1281897435984165,0.0001492490992
-1.382882106092066,-4.128189569633112,0.00014858205395
-1.3775513867626075,-4.128189333537341,0.00014841767552
-1.3722314019115662,-4.128190650703221,0.0001489889255
-1.3669431171204651,-4.128190551294476,0.00014853652101
-1.3615099231629406,-4.128189818154975,0.00015049199283
-1.3561233669275845,-4.128191706921147,0.00015047282795
-1.350842834116208,-4.128189532354831,0.00014993920922
-1.3455292169627966,-4.1281909986338325,0.0001507383131
-1.3402439650079188,-4.128192278521435,0.00015042444284
-1.3349870782515747,-4.1281892589807825,0.00014962519344
-1.329530351498461,-4.1281890850154745,0.00014773954172
-1.3241387363412718,-4.128190961355551,0.00014775332238
-1.3188695168899132,-4.128191272007881,0.00014647387434
-1.3135769030711737,-4.128189880285443,0.00014690142416
-1.3082942560835082,-4.128190178511678,0.00014557868417
-1.3030355949292094,-4.128191843608169,0.00014568770712
-1.2976129215155947,-4.128189569633112,0.00014898982772
-1.2922395662976587,-4.1281897435984165,0.00014911414473
-1.2869718066346891,-4.1281892341285955,0.00014797627227
-1.2816690246347535,-4.128192974382654,0.00014791979629
-1.2763826778385852,-4.128189544780926,0.00014735333389
-1.2711184166339964,-4.128191719347238,0.00014579067647
-1.2656821772558668,-4.128194515218214,0.00014563335571
-1.2603197326977023,-4.128194241844161,0.00014642893802
-1.25504978335215,-4.1281902282160505,0.0001462072978
-1.249759359215995,-4.128190290346518,0.00014676277351
-1.2444942296890045,-4.128194241844161,0.00014750304399
-1.239234599537238,-4.128188115780203,0.00014719116734
-1.2338019592925513,-4.1281920548517546,0.00014796397591
-1.2284619401043018,-4.128191607512398,0.00014711060794
-1.2232134974687285,-4.128190240642145,0.00014720857143
-1.217907921735841,-4.128186649501205,0.00014548315085
-1.212651223745238,-4.128191085616482,0.00014525919687
-1.2074043667418803,-4.128191582660212,0.00014550125343
-1.2019033932993053,-4.128191806329892,0.00014716619626
-1.1965733912796608,-4.128192365504084,0.00014512662892
-1.1913169449767094,-4.1281920051473815,0.00014631138765
-1.186010110805557,-4.128189022885011,0.00014971727796
-1.1807519781953275,-4.128191545381934,0.00014932522026
-1.1754691676106876,-4.12818655009246,0.00014815536269
-1.1700223195979693,-4.128190464311822,0.00014536950039
-1.1647417616178264,-4.128188500989095,0.0001472504955
-1.1594963895716244,-4.128190986207738,0.00014643314353
-1.154204241375044,-4.128188538267373,0.00014555481903
-1.1489814582957316,-4.128189706320136,0.00013953838788
-1.1436781351673413,-4.128192502191111,0.0001451838616
-1.1381527102692426,-4.1281890601632885,0.00014559336705
-1.1328979251048044,-4.128188041223644,0.00014483052655
-1.127660292453942,-4.128187320510238,0.00014537018433
-1.122388002413214,-4.128191234729604,0.00012838978728
-1.1171988196356248,-4.128189507502645,0.00014824063692
-1.111923433836759,-4.128187382640705,0.00014692354307
-1.1065468444324753,-4.128189271406874,0.00014497461962
-1.1013441586122836,-4.1281896566157625,0.00014379246568
-1.0961391195125312,-4.128191694495052,0.00011258759332
-1.0909153296826055,-4.128192290947526,0.00014609799837
-1.0857374225118863,-4.128188438858628,0.00014731768169
-1.0804274170763006,-4.128189544780926,0.00014891552564
-1.0750367583321954,-4.128191495677561,0.00012885716569
-1.0698464932976954,-4.128188985606729,0.00012135766156
-1.0759906545384397,-4.135271722055508,0.00014354482119
-1.0818890679544397,-4.135268801923601,0.00014395793551
-1.087405167824981,-4.135268926184536,0.00014524449944
-1.0928034401206013,-4.135269174706399,0.00014525088773
-1.0982315248187628,-4.135269311393426,0.00014775057207
-1.10357021006245,-4.135268553401739,0.00014748443209
-1.1089622530886487,-4.135268814349696,0.00014404780813
-1.1144453441234523,-4.135268068784101,0.0001461138163
-1.119733188461161,-4.13527126229006,0.00014809460845
-1.1250216116804705,-4.13526968417622,0.00014411511074
-1.1303180889046873,-4.1352707900985175,0.00014554405061
-1.1355627310566958,-4.13526952263701,0.00014477892546
-1.1409380494383294,-4.135267062270551,0.00014595955145
-1.1463561169678862,-4.135267807836144,0.00014665194612
-1.1515328286222508,-4.135269199558586,0.0001454475132
-1.1567351494953457,-4.13526878949751,0.00014451704919
-1.161940037582505,-4.135269497784824,0.00014375396131
-1.1671165227179827,-4.135266900731339,0.00014326597739
-1.1724191537053255,-4.135266950435711,0.00014441441454
-1.177732682768058,-4.135269261689053,0.00014556653332
-1.182904612357009,-4.135268652810484,0.00014632742386
-1.1880928764746637,-4.135270914359449,0.00014716837904
-1.1932810902547872,-4.135266751618221,0.00014600672876
-1.1984445883073507,-4.1352644403648835,0.0001449334668
-1.2037494593148088,-4.135268267601595,0.00014619300782
-1.2090539779595517,-4.135265720252486,0.0001453183213
-1.2141714926778446,-4.135268690088765,0.00014692402328
-1.2193086642018676,-4.135268006653637,0.00014667345386
-1.224460584622375,-4.1352678451144245,0.00014843752433
-1.229588544378284,-4.135267658723025,0.00014747169917
-1.2348258624195787,-4.135268379436434,0.00014819804346
-1.2401005434930155,-4.1352713616988055,0.00014792685397
-1.2452159943725523,-4.135269348671703,0.00014796579489
-1.250340141060513,-4.135271336846619,0.00015100905148
-1.2554740658138053,-4.135270802524612,0.00015007454203
-1.260576831635612,-4.135270268202603,0.00015074045223
-1.2657608674006906,-4.135271498385832,0.00015109492233
-1.27100150771901,-4.135270193646043,0.000150980326
-1.2760689743474325,-4.1352713616988055,0.00014971139899
-1.2811567521694833,-4.135269535063102,0.00015034558601
-1.2862802570539258,-4.1352714735336455,0.0001498847414
-1.2913422746446552,-4.135271560516296,0.0001469363051
-1.2964814345011368,-4.135270715541959,0.00014825392282
-1.3017449783959134,-4.135267012566179,0.00014704989735
-1.3068224621929394,-4.135266925583525,0.00014710519463
-1.3118944340303578,-4.135269460506543,0.00014710664982
-1.3170182031868385,-4.135271051046476,0.0001473325101
-1.3220874442132178,-4.135269472932638,0.00014869816368
-1.3272012213698583,-4.13526693800962,0.00014985933376
-1.3325149769514797,-4.135270914359449,0.0001488867274
-1.337640935790545,-4.135268627958298,0.00014760861814
-1.3426920427214994,-4.135267472331627,0.00014800095232
-1.3477964696818179,-4.13526867766267,0.00014942999405
-1.3528682275847308,-4.135268553401739,0.00014899371308
-1.3579344357748866,-4.135267111974924,0.00015082824393
-1.3631601132622142,-4.135263595390542,0.00014944635041
-1.3682984928869713,-4.135267435053349,0.00015034801618
-1.3733406523218483,-4.13526856582783,0.00014926229778
-1.3784182242095548,-4.135270504298374,0.00014806949184
-1.383494361477635,-4.1352684788451795,0.00014870770974
-1.3885537866855333,-4.13526539717406,0.0001487723348
-1.3938216847767126,-4.135266378835423,0.00015096612333
-1.399120490111724,-4.135268578253925,0.00015170421102
-1.4041586225441474,-4.135268814349696,0.00014888514124
-1.4092173304422335,-4.135268503697366,0.00014747990645
-1.4143120422591329,-4.135269497784824,0.00014709503739
-1.419360128938247,-4.1352699078459,0.00014810958237
-1.424482916512879,-4.135268627958298,0.00014754438598
-1.4297263002266187,-4.135269771158874,0.00014873330656
-1.434805835278021,-4.135266503096358,0.00014949121396
-1.4398620262995738,-4.13526929896733,0.00014842844394
-1.4449840965643934,-4.135268379436434,0.00014877489593
-1.4500675453588043,-4.135269323819517,0.00014656239364
-1.4551621942537913,-4.135266366409332,0.00014672237739
-1.4604930268426932,-4.135267174105391,0.00014652610116
-1.4656748477564208,-4.135266689487754,0.00014615668624
-1.4707643748076618,-4.1352684415668985,0.0001460724452
-1.4759083418983237,-4.135267372922882,0.00014682093752
-1.481046419497898,-4.135271100750848,0.00014734058641
-1.4861744673444859,-4.135269758732782,0.00014926306903
-1.491439622040241,-4.135268752219229,0.0001479567436
-1.4966823136129368,-4.135268603106111,0.00014765806554
-1.5018135453083379,-4.135269025593281,0.00014850081061
-1.5069723116330185,-4.135269709028409,0.00014627592464
-1.5121498412722576,-4.135269572341383,0.00014637679851
-1.5172975081714242,-4.1352713741249,0.00014629510406
-1.5225380352303,-4.135270479446188,0.00014581174764
-1.5278664012801975,-4.13527001968074,0.00014670699602
-1.5329948895801797,-4.135269125002027,1.1919386311e-10
-1.5381384791393615,-4.135270293054789,0.00014065507276
-1.543326365725536,-4.135272417916731,0.00014952743368
-1.5484707229320611,-4.13527041731572,0.00014909431047
-1.5536431055587878,-4.135270119089485,0.0001476703037
-1.5589737367975673,-4.1352719332990935,0.00014590886713
-1.5641636368849687,-4.135271784185976,0.00014496892982
-1.5581295134862763,-4.142332849528179,0.00014472474868
-1.552370912561718,-4.142331432953551,0.00014438977814
-1.5469394174958544,-4.142334464920298,1.9685759319e-15
-1.5415347649182214,-4.14233069981405,0.00014644509065
-1.536118534708534,-4.142328587378202,7.7282893471e-05
-1.5307836373640304,-4.142332451893195,0.00013393624977
-1.525382156050829,-4.142328599804297,0.00013295322424
-1.519868963172683,-4.142327655421211,8.5541823864e-06
-1.5145584669461736,-4.142328289151967,0.00014757360623
-1.5092383184981562,-4.142330140639857,0.0001472117583
-1.5038792968920782,-4.14232927081333,0.00014582554286
-1.4985869095922275,-4.142329308091611,2.1159950284e-15
-1.4932287311397885,-4.142328090334473,0.00014416141494
-1.4877430099690079,-4.142327257786228,0.00014530392946
-1.4824334198180502,-4.1423299915267355,0.00014553377696
-1.4771242071985706,-4.142328612230388,0.0001458212937
-1.471782300352921,-4.142328438265085,1.9700256288e-15
-1.4664926186953449,-4.142328985013187,0.00014698626183
-1.4611426452604044,-4.142330538274841,0.00015105686907
-1.4555997532391622,-4.142332277927891,0.00014644504699
-1.4502697260507513,-4.142327270212323,0.00013899624173
-1.444963923798977,-4.142331718753694,0.0001179517858
-1.4396191854672262,-4.1423331104761365,0.00014632083185
-1.4343270246862643,-4.142330774370609,0.00014679002925
-1.4289978532358738,-4.142334390363739,0.00014732874115
-1.4235057895362284,-4.142331258988246,0.00011977102258
-1.4181739879498607,-4.142330202770321,0.00014667437063
-1.4128689659298113,-4.1423283637085255,0.00014825937978
-1.407520036998634,-4.142328425838993,0.00015065414482
-1.4022310348977205,-4.142329829987527,0.00014929421013
-1.3968762038910707,-4.142330749518423,0.00012848230836
-1.3912342727782305,-4.142331060170753,0.0001478667109
-1.3858842615901423,-4.14233277497162,0.00014783348888
-1.3805813411619985,-4.142331159579501,0.00014812199515
-1.375233330890754,-4.142328786195696,0.00014778334298
-1.3699467449913139,-4.142328400986807,0.00014320539776
-1.364615585208463,-4.1423283015780585,0.00014866438869
-1.3591433419115184,-4.142327605716839,0.00014982219727
-1.3538396034985019,-4.142327469029813,0.00015002515283
-1.3485542508685622,-4.14233000395283,0.00014719637693
-1.343222851982441,-4.142328028204009,0.00014895611093
-1.337959622697232,-4.142332762545525,0.00014917206136
-1.332642934954449,-4.142328947734908,0.00014866777929
-1.3271279802627296,-4.142328475543366,0.00015060656006
-1.321834108005725,-4.142331271414338,0.00014802372607
-1.3165596282824106,-4.1423313708230864,0.00015019583225
-1.311243997627772,-4.142334390363739,0.00014896750508
-1.3059769930277627,-4.142331097449034,0.00014734883734
-1.3006581911086927,-4.14232853767383,0.00014684378402
-1.2951836071165723,-4.142326872577338,0.00014687722432
-1.2898947434438688,-4.142327928795265,0.00014687990188
-1.2846183383100063,-4.142329357795984,0.00014768127585
-1.2792950815194715,-4.142328599804297,0.00014736392768
-1.2740332742695037,-4.142331072596848,0.00014819683565
-1.2687105208542757,-4.142330090935484,0.00014701069449
-1.2632376860913472,-4.142327506308094,0.00014708477829
-1.2579650311035206,-4.142327232934042,0.00014738389291
-1.252691482624524,-4.142327779682143,0.00014658675354
-1.2473828237178821,-4.142331445379646,0.0001465529931
-1.2421389492132187,-4.142326922281711,0.00014729573741
-1.2368067323422234,-4.142331060170753,0.00014699948952
-1.2313609414176478,-4.1423283015780585,0.00014666597417
-1.226104394439636,-4.14232927081333,0.00014491277398
-1.2208298769631736,-4.142328512821644,0.00014488652232
-1.2155336136734622,-4.142327394473254,0.00014721701154
-1.2102915764886664,-4.142328748917415,0.00014388817362
-1.2049235318802154,-4.14232853767383,0.00014440927771
-1.1994553281701077,-4.142325741802858,0.00014372327132
-1.1941966921845732,-4.1423313459709,0.00014395368635
-1.188916348138936,-4.142331432953551,0.00014329477563
-1.1836196569802135,-4.142329457204729,0.00014332724095
-1.178360807060172,-4.142331358396992,0.00014365740935
-1.1729917053635766,-4.142330103361576,0.00014527385065
-1.1675938735213505,-4.14232864950867,0.00014660297893
-1.1623439459286216,-4.142327692699492,0.00014683588233
-1.1570737700641807,-4.1423276802733975,0.00014642871975
-1.1518078225523156,-4.142330637683586,0.00014618603745
-1.1465852911606567,-4.14233123413606,0.00014613415988
-1.141131748256358,-4.142329941822363,0.00014596011897
-1.1357187522330146,-4.142327928795265,0.00014653672406
-1.1304678053052908,-4.142329109274118,0.00014673873375
-1.125202663193917,-4.142329842413618,0.00014400806685
-1.119959870946161,-4.1423329986412964,0.00014344142983
-1.114746651997676,-4.142330227622507,0.00014428401482
-1.1093780410920042,-4.142330414013906,0.00014384574024
-1.1040829984874119,-4.142327667847306,0.00014363921946
-1.0988836475286263,-4.142328425838993,0.00014459164231
-1.0936319958754719,-4.142332203371332,0.00014623912284
-1.0884281397076923,-4.142327071394832,0.00014622976596
-1.0832383025422034,-4.142330836501077,0.00014666322386
-1.0777849609880288,-4.142328599804297,0.00014535982336
-1.0725185604383864,-4.142328972587094,0.00014581074356
-1.067339105388601,-4.142328748917415,0.00014543195721
-1.0620974457352852,-4.142327121099205,0.00014370502322
-1.0569048022524614,-4.1423265619250085,0.0001446044771
-1.0630467108887087,-4.1494523920650765,0.00014536651724
-1.068717057537614,-4.149451708629952,0.00013246387243
-1.0741923714239279,-4.149450503298908,9.1522182629e-05
-1.0797834490464069,-4.149451472534181,0.00014630660007
-1.0853254349920978,-4.149448875480695,0.00014684513735
-1.0906663980090463,-4.149450180220484,0.00014769831614
-1.0960394512018,-4.14945073939468,1.9686259069e-15
-1.1013723350450766,-4.149449944124712,0.00014041017857
-1.1066646971761624,-4.149447421627789,0.00014385662507
-1.1121339076368835,-4.14945020507267,0.00014433520846
-1.1174740652533413,-4.149449061872094,0.00014432170428
-1.1227306751532673,-4.149447496184347,3.8113784351e-10
-1.1280334571532011,-4.149449782585503,0.00014630291844
-1.133274965793924,-4.149447371923416,0.00014381836809
-1.138526403512573,-4.149447334645139,0.0001433082798
-1.1440131314339672,-4.149447098549367,0.00012591446284
-1.1492507640848293,-4.149449335246146,9.1628331575e-05
-1.1544234613211235,-4.149445371322408,0.0001465966925
-1.1596550660526868,-4.149445023391797,0.0001470092684
-1.164834823127658,-4.149445582565994,0.00014691370598
-1.1700418757286355,-4.149447011566713,9.9504432471e-13
-1.1754253236214725,-4.149444563626349,0.0001183647546
-1.1806259204341414,-4.149448676663205,0.00014542273129
-1.185799523745987,-4.149446179018468,0.0001447302493
-1.1910227976162246,-4.149444663035094,0.00014465222193
-1.1961881581574236,-4.149447670149655,1.8551222214e-15
-1.2013971110001846,-4.149449459507077,0.00014526427549
-1.2067987307415942,-4.149445247061477,0.00014722009655
-1.2119616499125554,-4.149445371322408,0.00014605431352
-1.2170842109682987,-4.149445073096169,0.00014435136109
-1.2222695429247916,-4.149446887305782,1.9686773641e-15
-1.2274053553354858,-4.149444961261333,0.00014631732483
-1.2325650151513348,-4.149444402087137,0.00014592848311
-1.2378955079619045,-4.149444899130866,0.00014583997836
-1.2430583893797178,-4.149446241148935,0.00014186488988
-1.2481671957052052,-4.1494435943910775,3.2516465649e-12
-1.2533317382615299,-4.1494419417206805,0.0001468257251
-1.2584451630554567,-4.149446924584059,0.00014661111345
-1.2635605384286979,-4.1494436813737305,0.00014734858996
-1.2688433741821024,-4.149447570740906,0.00013352479436
-1.2739787964769334,-4.149447123401553,3.8362871213e-10
-1.2790434316192565,-4.149443992026061,0.00014906229626
-1.28418296900722,-4.1494473097929525,0.00014704235946
-1.2892704951416156,-4.149444501495882,0.00014888744045
-1.2943506594121512,-4.149447595593096,0.00010788898362
-1.2996093079820688,-4.149445992627069,0.00010862779891
-1.3047776510219586,-4.149445147652728,0.00014974769147
-1.3098549712220118,-4.149447384349511,0.0001482249354
-1.3149617640462723,-4.149445035817892,0.0001479426428
-1.3200628183920367,-4.1494458807922285,3.8314804107e-10
-1.3251598079821996,-4.149445619844271,0.00013512618898
-1.3304204700533422,-4.149445868366137,0.00015045292093
-1.3356567561752588,-4.149447645297469,0.00014874328917
-1.3407252043855302,-4.1494478813932405,0.00015021006402
-1.3458177013510806,-4.149451634073393,1.96867927e-15
-1.3509148671225994,-4.149451012768729,0.00015031179646
-1.3559929172168461,-4.149447906245427,0.00014973101497
-1.3611632234204336,-4.149449956550807,0.00015035943943
-1.3663864721219048,-4.149450466020627,0.00015036389232
-1.371445985420482,-4.149446850027501,0.00010192605259
-1.3765080533487406,-4.149445980200977,0.00015096986317
-1.3816197414978602,-4.149447943523704,0.00014867901336
-1.3866730381113974,-4.14944819204557,0.00014995152014
-1.3918318170204613,-4.149447943523704,0.00014960163389
-1.397222589024012,-4.149445980200977,0.00012043887546
-1.402318496357264,-4.149447048844994,0.00014838969219
-1.4073673380993381,-4.149445781383484,0.00014826410916
-1.4124763206061832,-4.149447471332161,0.00014671678946
-1.4175430825091768,-4.149447955949799,0.00014654647384
-1.4226048232434865,-4.149446564227357,0.00013224403665
-1.4278618610124219,-4.149447135827645,0.00014785141684
-1.4330141337956446,-4.149447297366858,0.00014818382624
-1.4380805559203058,-4.149444998539611,0.00014779790945
-1.4431890979737585,-4.149444787296026,0.0001471046271
-1.448288554102924,-4.149447632871374,0.00014269423264
-1.4533829387258743,-4.149446154166282,0.00014748501417
-1.4586485716281719,-4.149447533462629,0.00014784433006
-1.4639216670693926,-4.149448291454315,0.0001484927343
-1.469020972185965,-4.149448639384923,0.00014853774337
-1.4741551360425293,-4.149450888507798,0.00014694682613
-1.479309309067537,-4.149446141740187,0.00014961580746
-1.4844411322289235,-4.149445893218324,0.00014974838996
-1.4896515951976046,-4.149448129915103,0.00014949908655
-1.4949697175600118,-4.149446974288432,0.00014867400751
-1.5000984575476457,-4.149448962463349,0.00014794788149
-1.5052468040034768,-4.149447595593096,0.00014745492081
-1.510441171546726,-4.149449409802705,0.00014641029702
-1.5155978488638824,-4.1494477695584004,0.00014519617253
-1.520778461676876,-4.149447844114959,0.00014563667355
-1.5261194624469725,-4.149446887305782,0.00014649512013
-1.531309651975175,-4.149447185532018,0.0001181233165
-1.5364361896958427,-4.149450068385647,8.3865990746e-05
-1.5416332880501296,-4.149444675461189,0.00014814574388
-1.5467934889944346,-4.149443109773443,0.00014869622828
-1.5519395450926208,-4.149445408600686,0.00014847480634
-1.5459990243322126,-4.156536843314722,0.0001488547714
-1.5403994019139011,-4.1565341344264,0.00014893322077
-1.5349257617504817,-4.156534469930917,1.9143613764e-14
-1.5295378338174155,-4.156532717851772,0.00014684378402
-1.5240436307727163,-4.156531674059941,0.00014806295803
-1.518554763506267,-4.156536607218951,0.00014898064546
-1.5132088296581636,-4.156535488870562,0.00014837944764
-1.5078539986515138,-4.1565359859142905,0.00014696505968
-1.502505975795888,-4.156534283539518,0.00014539527183
-1.4971936170807432,-4.156534432652636,0.0001474997116
-1.4917844467097312,-4.156535041531205,0.00014593990636
-1.486330413014509,-4.156534420226545,0.0001447146351
-1.4810236795184168,-4.156534469930917,0.00014485765132
-1.475703518486018,-4.156534370522172,0.00014688695956
-1.4703720315092164,-4.156535091235577,0.00014721458138
-1.465076321932341,-4.156536830888627,0.00014922476839
-1.4596532332341003,-4.156536209583967,0.00014855306654
-1.4541443567992092,-4.156537004853935,0.00014717312297
-1.448841323111622,-4.156535041531205,0.00014724889479
-1.44352746685494,-4.156535116087764,0.00014754703443
-1.4381862143971884,-4.15653904273322,0.00014875204943
-1.432892669334133,-4.1565383592980965,0.00014897060464
-1.4275038353255138,-4.15653483028762,0.00014737313904
-1.4220264701848233,-4.156534805435434,0.00014752038987
-1.4167224171622392,-4.156537986515298,0.00014798433403
-1.4114039550215014,-4.15653768828906,0.00014913927589
-1.406062614473071,-4.156536607218951,0.00014871929307
-1.4007760034048644,-4.1565359859142905,0.00014813800226
-1.3953168478658962,-4.156537352784543,0.00014784208906
-1.3897131229388353,-4.156537477045478,0.00014745860244
-1.3844035831254085,-4.156537439767197,0.00014788650151
-1.3790859138007785,-4.156537588880314,0.00014948424359
-1.3737507018467074,-4.156536135027408,0.00015016844554
-1.3684598246727768,-4.156539030307129,0.00015031415387
-1.363068624800217,-4.156539452794299,0.00015008045011
-1.3576237777043407,-4.156536520236298,0.00014903039846
-1.3523320825455376,-4.156536893019095,0.00014914054191
-1.347027110863019,-4.156537253375798,0.00014993996592
-1.341711215936344,-4.156538856341825,0.00014952616766
-1.3364433052607834,-4.1565370421322125,0.0001494299504
-1.3310458509500356,-4.156531959860085,0.00014969953918
-1.325573154615317,-4.156538073497952,0.00014834835019
-1.3203046776425353,-4.156534904844179,0.00014955479128
-1.31501023908831,-4.156533500695645,0.00014774277224
-1.3097022471539512,-4.156534768157153,0.00014965790615
-1.3044302088008748,-4.156534420226545,0.00014879970695
-1.2990430736839162,-4.156534445078731,0.00014828158601
-1.2936076397062761,-4.156536843314722,0.00014775602904
-1.2883194681746202,-4.1565336125304855,0.00014591583749
-1.2830275590813098,-4.156536209583967,0.00014542766439
-1.277718723993312,-4.1565394403682046,0.00014594839013
-1.272445024501724,-4.156537278227984,0.00014554786321
-1.267044927470618,-4.1565346687484075,0.00014888598525
-1.2616294900770382,-4.156537265801893,0.00014834472677
-1.256349372550288,-4.156534370522172,0.00014709381503
-1.2510626985601687,-4.156536955149562,0.00014655575796
-1.2457744389378338,-4.156535041531205,0.00014480519167
-1.2405170110530352,-4.156532879390984,0.00014472933253
-1.2351205886616672,-4.156536656923324,0.0001468200353
-1.2297384243758618,-4.156537675862968,0.00014554792142
-1.2244736849647326,-4.156538582967773,0.00014550369815
-1.219181159236674,-4.1565348178615285,0.0001457057806
-1.2139007648535056,-4.156534445078731,0.00014751437993
-1.2086497927570155,-4.156537402488915,0.00014668992662
-1.2031960233338281,-4.1565358740794505,0.00014664207993
-1.1977984054261075,-4.15653617230569,0.00014454912161
-1.192529664181291,-4.156535737392424,0.0001447563991
-1.187232935269419,-4.156536395975366,0.00014460679085
-1.1819490046747223,-4.156537390062824,0.00014756130986
-1.1766876001249993,-4.156534420226545,0.00014708611707
-1.1712463018250379,-4.1565372160975205,0.00014753399591
-1.165906395896232,-4.156535426740094,0.00014734172146
-1.1606595011397265,-4.156536843314722,0.00014755158918
-1.1553542274320237,-4.156536085323036,0.00014633937099
-1.1501001595773976,-4.156533165191129,0.00014704806381
-1.1448447326094426,-4.156535277626976,0.00014705075591
-1.1393044455554127,-4.156534109574214,0.0001456796017
-1.1339754502863817,-4.156534308391705,0.00014349979756
-1.1287251829153206,-4.156535277626976,0.00014434740297
-1.1234283155752405,-4.156537278227984,0.00014531167108
-1.118206501493392,-4.156534010165469,0.00014529400505
-1.112945071774906,-4.1565347308788745,0.00014510910842
-1.1075330195802635,-4.156533972887188,0.00014542191639
-1.1022935370251508,-4.156536346270993,0.00014696698054
-1.0970759009583473,-4.156535116087764,0.00014683059999
-1.0918128856076454,-4.156537066984399,0.00014654880215
-1.086620531565623,-4.156536035618663,0.00014564076264
-1.0813232615252983,-4.1565346687484075,0.00014651798119
-1.0758700835680965,-4.156533985313283,0.00014465965796
-1.070672242735231,-4.156536507810206,0.0001456108439
-1.0654613896506868,-4.156536395975366,0.00014587187616
-1.060219742581754,-4.156534966974646,0.00014498796372
-1.055037317617658,-4.156539080011502,0.00014358236513
-1.0497450813304003,-4.15653576224461,0.00014571032079
-1.0443953469987302,-4.15653494212246,0.00014601212752
-1.0507332196418844,-4.163604308094933,0.000145200931
-1.056429817313036,-4.1635987287790766,0.00014444027329
-1.0618989019299303,-4.163602183232993,0.00014469385496
-1.0673708306173073,-4.163601238849908,0.00014520739205
-1.0727561158300134,-4.163601487371771,0.00014500324323
-1.0782313416256504,-4.163601524650052,0.00014565416495
-1.0838089287899082,-4.163601537076147,0.00014550125343
-1.0891178267998185,-4.163604034720883,0.00014388137788
-1.0944368552377788,-4.163602767259373,0.00014353393635
-1.099764692743605,-4.163604419929773,0.00014339400514
-1.1050495545826198,-4.163601698615356,0.00014493048366
-1.1104323984250895,-4.163605873782679,0.00014707085211
-1.1158141222575007,-4.163603811051204,0.00014633098908
-1.12106528311973,-4.163602170806898,0.00014559659758
-1.1263321996290605,-4.163601462519584,0.00014613004168
-1.1315753819926797,-4.1636039353121355,0.00014621882292
-1.1367893434197414,-4.163605103364901,0.00014598420239
-1.14220854354374,-4.16359974771872,0.00014683583868
-1.1475387720822732,-4.163603661938086,0.00014605799515
-1.1527063348904383,-4.16360599804361,0.00014379055938
-1.1579161057180734,-4.163601064884604,0.00014445162378
-1.1631134683443967,-4.163601052458509,0.00014451773313
-1.1682914006838803,-4.163601189145536,0.00014397643099
-1.1736468609096633,-4.163602717555,0.00014747912064
-1.1789155266481843,-4.163603860755576,0.00014677732543
-1.1840872800557776,-4.163601387963026,0.00014719026512
-1.1892976171806318,-4.163600605119153,0.00014720408944
-1.1944858309607553,-4.163604805138662,0.00014560388809
-1.199652525446517,-4.163603376137942,0.000144825186
-1.2050236783974888,-4.163601996841595,0.00014521632693
-1.2102803763880918,-4.1636005057104075,0.00014515385556
-1.2154044601541385,-4.163604382651491,0.00014462487889
-1.2205829210376935,-4.163604581468985,0.00014435927733
-1.2257337088637625,-4.16360159920661,0.00014430572628
-1.2308741271585126,-4.163603786199017,0.00014464982087
-1.2361794386193634,-4.163604382651491,0.00014441138774
-1.2414128806707976,-4.163604792712571,0.00014425182599
-1.2465337931724125,-4.1636009654758555,0.00014456659846
-1.2516876264190864,-4.163604096851348,0.00014673895203
-1.2568235017516929,-4.163600878493205,0.00014711785479
-1.261939720278573,-4.163601947137222,0.00014693003322
-1.2671778814735066,-4.163602804537654,0.00014593040396
-1.2723777987295113,-4.16359901457922,0.00014720234321
-1.2774596996448542,-4.163601462519584,0.00014661629393
-1.2825737159047663,-4.1636028542420265,0.00014558453404
-1.2876889402654146,-4.163603786199017,0.00014706522052
-1.292772665916245,-4.163602046545967,0.00014637794811
-1.2979804106582702,-4.163602431754857,0.00014451403695
-1.3032155138482155,-4.16360229506783,0.00014685014321
-1.308299327589725,-4.1636041092774425,0.00014705018839
-1.3134043711847936,-4.163603972590416,0.00014681364701
-1.3185240630012898,-4.163606532365621,0.00014792810543
-1.3236252683596454,-4.163603972590416,0.00014730320254
-1.3288264440539186,-4.163604743008195,0.00014920081594
-1.3341449565321875,-4.16360178559801,0.00014673617261
-1.3392224654979796,-4.163601102162882,0.00014536081289
-1.344309790282253,-4.163603077911703,0.00014594949607
-1.3494298722146123,-4.1635988778921975,0.00014505606669
-1.3545086773718191,-4.163602357198298,0.00014877147623
-1.3596260914150518,-4.1636018228762905,0.00015037323465
-1.3648812541109703,-4.163602531163601,0.00014983545407
-1.3699745438926283,-4.163602655424537,0.00015009596245
-1.37503332729701,-4.163602158380807,0.00014762971841
-1.3801490676173482,-4.163601052458509,0.00014760535851
-1.3852258592733282,-4.163604991530061,0.00014773990551
-1.3902981960578435,-4.163604631173358,0.00014808081323
-1.3956901132402155,-4.163605476147695,0.00014890161401
-1.4008880925012908,-4.163602469033138,0.00014908031153
-1.4059410367521143,-4.16360537673895,0.00014895487402
-1.411038051511042,-4.163602121102526,0.00014854043548
-1.4161300325169022,-4.163604780286476,0.00014646054478
-1.4211999405155626,-4.163603314007474,0.00014763549552
-1.42640548299062,-4.1636058240783065,0.00014562740398
-1.4316153041557862,-4.1636033637118475,0.00014628416102
-1.4366940841442268,-4.163605724669561,0.00014514186478
-1.4417957677091247,-4.163606147156732,0.00014506421576
-1.4469182532585723,-4.16360229506783,0.00014436997299
-1.4520138711510249,-4.1636053146084855,0.00014437997015
-1.45721667023066,-4.1636027921115595,0.00014550708875
-1.4625689088544804,-4.163601835302382,0.00014581056894
-1.467669233306051,-4.163603127616076,0.00014763623767
-1.4727854392485462,-4.163605351886764,0.00014894963533
-1.4779599612203282,-4.163604345373214,0.00014788667613
-1.4830889277268506,-4.163603562529341,0.00014752057905
-1.4882556347969935,-4.163602034119872,0.00014629810175
-1.4935759720107502,-4.163606756035297,0.00014493700291
-1.4987568616801616,-4.163605066086619,0.00014512683265
-1.5038896915921633,-4.163601350684748,0.0001448487892
-1.5090886776038501,-4.163602978502958,0.00014770633425
-1.514259109651264,-4.163602469033138,0.00014813440794
-1.519413408520097,-4.16360077908446,0.00014657109568
-1.524738615889946,-4.163603487972782,0.00014708301751
-1.5299856868278092,-4.163598206883161,0.00014463555999
-1.5351224178984362,-4.163599399788112,1.9685359096e-15
-1.540294020293438,-4.163604469634145,0.0001468751143
-1.5343373663544504,-4.170856697994455,6.0932107884e-14
-1.5287774350790755,-4.170854337036744,0.00014534132788
-1.5231759627565133,-4.17085447372377,3.835753104e-10
-1.5176674764374853,-4.170853541766776,0.00014430460578
-1.5122790577134937,-4.170856847107576,0.00014527137682
-1.5068852277049551,-4.17085938203059,0.00014546308375
-1.5015116207993637,-4.170857282020838,0.00014394911705
-1.4961755153541245,-4.170854274906277,3.5508401774e-10
-1.4907062419714912,-4.170854722245633,1.754818079e-12
-1.485275615228031,-4.17085456070642,0.0001472296135
-1.4799488851478786,-4.170856126394167,0.00014709804964
-1.474611823289557,-4.1708560021332355,8.9322820713e-05
-1.469281682841701,-4.170854610410793,0.00012031008373
-1.463981354796388,-4.1708559772810485,0.00014937015658
-1.4585006547942914,-4.170851578444049,0.00015007928596
-1.4530356601017633,-4.17085385241911,0.0001487887057
-1.4477251009533398,-4.170854026384414,1.9674413313e-15
-1.442394935336721,-4.170853082001328,0.00014962952991
-1.4370658268082446,-4.170855567219974,0.00014934246428
-1.431767612939219,-4.170856089115889,0.00014826240658
-1.4263274220649298,-4.170856362489938,0.00014513764472
-1.4208944546262938,-4.170855206863271,1.9685200278e-15
-1.4155834676088594,-4.170853044723047,8.2209422544e-05
-1.4102505585968181,-4.170856586159618,0.00014948325406
-1.4049217520935262,-4.170857493264422,0.00015052083472
-1.3996319949296527,-4.170851305069997,9.1040834377e-05
-1.3940918714725974,-4.1708559772810485,0.00012979534222
-1.3885617777685284,-4.170857406281769,0.00014832169109
-1.383246474307839,-4.17085671042055,0.00014689502132
-1.3779157423939992,-4.170857145333811,0.0001492654701
-1.3725886851198976,-4.170856126394167,5.3245174112e-13
-1.3672839147875013,-4.170855331124202,0.0001490416762
-1.3618496259886845,-4.170856834681481,0.00014771609858
-1.3564396124640352,-4.170857667229726,0.0001485493558
-1.351137937889775,-4.1708578039167525,0.00014220555022
-1.3458180285450296,-4.170858636464998,3.8064343513e-15
-1.3405086900817251,-4.17085775421238,1.5924289882e-12
-1.335227087597821,-4.1708588352824885,0.00015001764405
-1.3297634520186217,-4.170856238229007,0.00015003622684
-1.3243358203582374,-4.170858102142988,9.4800598163e-05
-1.31905599227229,-4.170857257168651,0.00012587447418
-1.3137449926704723,-4.170855778463559,0.00015001109568
-1.3084406879602348,-4.1708542003497175,0.00014959413966
-1.3031597272798474,-4.1708565737335235,0.00014757626923
-1.2977129925265725,-4.170859618126362,7.4561185134e-13
-1.292322736482712,-4.170857045925066,0.00014827417908
-1.287032350099705,-4.170857406281769,0.0001478723425
-1.2817142780748285,-4.170857828768939,0.00014824082609
-1.276412830019457,-4.17085671042055,0.00014489817841
-1.2711310891073448,-4.170857791490658,8.1189090553e-15
-1.2656776972156374,-4.17085744356005,2.3746881198e-12
-1.2603036121035058,-4.170857195038184,0.00014471799659
-1.2550291197958081,-4.1708577417862855,0.00014732487034
-1.2497217067430517,-4.170857282020838,9.0793953859e-05
-1.244441903825869,-4.170855616924346,0.00012375574443
-1.2391769253114697,-4.170857990308152,0.00014659954468
-1.2337300772987514,-4.170857393855678,0.00014671303506
-1.2283888500097662,-4.170856958942412,0.00014767498942
-1.2231328693289734,-4.170856176098539,1.968777314e-15
-1.2178148979791592,-4.170855654202624,0.00014661080786
-1.2125498565428456,-4.170857269594743,0.00014503677085
-1.2072885526681862,-4.170857257168651,0.00014674771228
-1.2017729561729502,-4.170859108656541,0.00014749231923
-1.1964358062239495,-4.170858089716897,1.9685880022e-15
-1.1911655926063607,-4.170859879074319,0.00014525014558
-1.1858458091054402,-4.170856934090226,0.00014575182286
-1.1805803020469696,-4.170855219289362,0.00014347089746
-1.1752856621426218,-4.170857070777252,0.0001110163721
-1.1698265317724184,-4.1708600033352505,0.00012886266632
-1.1645407764422337,-4.1708578039167525,0.00014737529273
-1.1592874888193323,-4.170861270796761,0.00014584090968
-1.1539804407136744,-4.170860537657261,0.00014553908841
-1.1487485465413085,-4.170859779665574,9.3484733952e-05
-1.143417273499014,-4.170855231715457,0.00014362978982
-1.1378740291150564,-4.170859680256829,0.00014398155326
-1.1326160349330385,-4.170856884385853,0.00014399603242
-1.12735860704824,-4.170857866047217,0.00014526165614
-1.1220747016223078,-4.170856847107576,0.00011120794807
-1.1168535167595928,-4.170856896811948,0.00014494474453
-1.1115462043818982,-4.170858798004211,0.00014689283853
-1.1061696778995287,-4.170855045324058,0.00014683615882
-1.1009454979537399,-4.170858984395609,0.00014471870963
-1.0957185620281453,-4.170857505690514,0.00013852200937
-1.09048548492381,-4.170856225802912,0.00014745091903
-1.085281930781213,-4.170858648891089,0.00014757088502
-1.0799215374774247,-4.1708588849868615,0.00014763930812
-1.0745342135947256,-4.170858798004211,0.00013788843353
-1.0693260409836893,-4.17085775421238,0.00014519953402
-1.0640981234762477,-4.170857542968795,0.00014519668184
-1.0588718293541715,-4.170858723447652,0.00014383217786
-1.053681677579117,-4.170858052438615,0.00014562900469
-1.0483357311466304,-4.170858636464998,0.00014149397612
-1.0430363343456335,-4.170856921664134,0.0001461844513
-1.0378368197898735,-4.170859133508728,0.00014632227249
-1.0325959655370487,-4.170857257168651,0.00014570492203
-1.0387466832411616,-4.178019296944363,0.00014481780818
-1.0443531138104971,-4.178019334222644,0.00014289436513
-1.0499784209538325,-4.178021931276126,0.00010202892008
-1.0554772172982063,-4.178017035395397,0.00014540576376
-1.0608411468135248,-4.1780225401546955,0.00014480536629
-1.0662521041668749,-4.178019595170602,0.00014552332868
-1.0716088102465418,-4.17801985611856,0.0001040987554
-1.076981813101764,-4.178019185109527,0.00014468093286
-1.0825584060997917,-4.178021844293476,0.00014484062558
-1.0878801401800249,-4.178019110552968,0.00014727700909
-1.0931636932432436,-4.1780200797882365,0.00014595974062
-1.0984921599682032,-4.178019557892321,0.00011477473163
-1.1037477882862805,-4.178017582143499,0.00014595674293
-1.1090684778627506,-4.178017669126153,0.00014797321637
-1.1144898928380984,-4.17802302477233,0.00014496227959
-1.1197246184965637,-4.1780213721019335,0.0001431555429
-1.1249750998021286,-4.178017793387085,0.00013510572899
-1.1302311937423648,-4.178018278004722,0.00014390720753
-1.135440536700989,-4.178017818239271,0.00014671687677
-1.140793266115733,-4.178019408779203,0.00014655670384
-1.1462029650308145,-4.178020452571034,0.00014187517809
-1.1513711822268795,-4.178022179797993,0.00014666056086
-1.1565664180925324,-4.178018986292033,0.00014609984646
-1.1617694940285872,-4.178016724743068,0.00014554764493
-1.1669498803226919,-4.178019495761856,0.00014693284174
-1.1722524987256515,-4.178022142519711,0.0001429078111
-1.1775782975614861,-4.1780202040491705,0.00014400389045
-1.1827530208833887,-4.1780207010929,0.00014414802718
-1.1879516293635972,-4.178019967953399,0.00014577600814
-1.1931554855313768,-4.178022080389248,0.00014331463899
-1.1983238285712683,-4.1780202040491705,0.00014642909809
-1.203632940515684,-4.178023472111686,0.00014437823847
-1.2089607780215104,-4.178018091613323,0.00014401241788
-1.2140910155506828,-4.178018079187228,0.00014475926582
-1.2192472901675946,-4.178020837779923,0.00014767151151
-1.2244136448750238,-4.178022204650179,0.00014607534104
-1.2295542645198962,-4.1780183152829995,0.00014620533329
-1.2348086973216192,-4.1780194584835755,0.0001464150846
-1.240093672420079,-4.178021024171322,0.00014658841246
-1.2452213930727163,-4.178018675639702,0.00014638718858
-1.2503575955992736,-4.178022167371898,0.00014764344087
-1.2555082449971326,-4.1780171099519565,0.00014708613162
-1.2606317750503415,-4.1780195703184155,0.00014545372687
-1.2658301947648092,-4.178019880970746,0.00014486191503
-1.27108607477054,-4.178017644273966,0.00014548435865
-1.2761733366329007,-4.178016438942923,0.00014485990687
-1.2812759891952623,-4.178017047821492,0.00014396604092
-1.2864167220995801,-4.178019035996405,0.00014499708777
-1.2914962697353638,-4.178018824752824,0.00014468311565
-1.2966530351432008,-4.178019408779203,0.00014521853882
-1.3019410179091178,-4.178016824151812,0.00014586152975
-1.3070313503608482,-4.178020750797272,0.00014840115909
-1.312116787487721,-4.178019831266373,0.00014780979836
-1.3172584642207381,-4.17801761942178,0.00014840163931
-1.3223474878966708,-4.178018787474542,0.0001487654954
-1.3274951799646038,-4.178022105241434,0.00014991896751
-1.3328231307298752,-4.178022067963153,0.00014865619596
-1.337949530022333,-4.178020378014475,0.00014788800036
-1.3430225086103649,-4.178020551979779,0.0001467022521
-1.3481500404972628,-4.178022378615482,0.00014820549404
-1.3532319288282226,-4.178020328310103,0.00014747923706
-1.3583094881315458,-4.178021757310822,0.00015119896852
-1.3635696090742357,-4.178023459685595,0.00014798901975
-1.3687094988249129,-4.178024950816779,0.00014749102411
-1.3737748512770482,-4.17802213009362,0.00014780405036
-1.378873841784055,-4.17802232891111,0.00014916018699
-1.3839602101552457,-4.178022067963153,0.00014867496793
-1.3890321064863667,-4.1780176318478714,0.00014850213483
-1.3943424642846678,-4.178019371500925,0.00014800447389
-1.3996268353327588,-4.178022391041577,0.00014781027858
-1.4046823216288824,-4.178019644874975,0.00014695292339
-1.409764360972435,-4.178021769736917,0.00014792373986
-1.4148703735649693,-4.178021260267093,0.00014780550555
-1.4199422950648566,-4.178019073274687,0.0001493581658
-1.4251053778327922,-4.1780195454662294,0.0001492855954
-1.4303616982919172,-4.178019632448883,0.00014943367569
-1.435439370854684,-4.178019197535618,0.00014797663607
-1.4405291999311076,-4.178020837779923,0.00014737571473
-1.4456728524122036,-4.178019321796553,0.00014806604304
-1.4507665448941065,-4.17802244074595,0.0001474491437
-1.4559127771736502,-4.178020614110246,0.00014769297559
-1.461264046800005,-4.178020117066517,0.00014800524514
-1.4664297722882993,-4.178016463795109,0.00014997084509
-1.4715350046491105,-4.17801985611856,0.0001501525112
-1.4767111248374896,-4.178020527127592,0.00014718342572
-1.4818529148299502,-4.1780189738659415,0.00014849711442
-1.486994025265748,-4.1780195081879485,0.00015015390818
-1.492299638751783,-4.178017097525865,0.00014777241449
-1.4975256560174413,-4.17802036558838,0.00014459516387
-1.5026675718537286,-4.178020067362144,0.00014431835734
-1.5078427985509395,-4.178019992805586,0.00014541883138
-1.513014388361558,-4.1780200300838635,0.00014427238784
-1.5181748661622814,-4.1780171720824235,0.00014450582967
-1.5234519508528082,-4.1780171720824235,0.00014493585331
-1.5287376306766953,-4.178017520013035,0.00014720002946
-1.5226418815560763,-4.185092900214626,0.00014685025963
-1.516974429315185,-4.185092216779498,0.00014902986004
-1.5115175137963306,-4.1850960688684,0.00014898438531
-1.506054910136511,-4.185093322701797,0.00014973476937
-1.5006569272816919,-4.185091545770465,0.00014965224545
-1.4952899020082375,-4.185092303762152,0.00014942900452
-1.4897545228634481,-4.185091371805162,0.00014930359612
-1.4843318494498337,-4.185093086606026,0.00014947410091
-1.478996348054963,-4.1850942173805095,0.00014799625205
-1.4736253712853489,-4.185092042814195,0.00014535296941
-1.4682939598148446,-4.185092017962008,0.00014561301214
-1.4629802168176065,-4.185092974771186,0.0001484053937
-1.4574487891689751,-4.18509357122366,0.00014822007506
-1.4520190055791522,-4.185092316188247,0.00014853211178
-1.4467043439219796,-4.185092030388103,0.00014928274322
-1.441359253227515,-4.185092900214626,0.00014667659707
-1.4360348764269215,-4.185094515606745,0.00014741484483
-1.4307324719584675,-4.1850888990126105,0.00014783890219
-1.42525464119562,-4.185088327412323,0.00014942171401
-1.4198569351972188,-4.185087880072967,0.00015000406711
-1.4145454448044776,-4.185093707910686,0.00015072623501
-1.409201562210749,-4.185091259970322,0.00015004960005
-1.4038778901355864,-4.185090924465805,0.00014791334979
-1.3985821428055631,-4.185088228003578,0.00014714356803
-1.3929686775663186,-4.185090651091756,0.00014636341075
-1.3875012918410836,-4.185091036300645,0.00014511155314
-1.382189788863961,-4.185092614414483,0.00014542968711
-1.3768378774340895,-4.185089309073686,0.0001473131706
-1.3715195285527952,-4.1850900919175595,0.00014818977797
-1.366214707882868,-4.18508970670867,0.00014785950771
-1.3607405140066107,-4.185093596075849,0.0001478123886
-1.3553604135595632,-4.1850906138134745,0.00014682865003
-1.3500714617961806,-4.185092142222939,0.00014748865215
-1.3447321976708912,-4.185093422110542,0.00014908525918
-1.339431517262863,-4.185093359980078,0.00015057541896
-1.334160875776263,-4.185094043415202,0.00015099573648
-1.3286409376690074,-4.185089806117415,0.00014727945381
-1.3232678089699583,-4.185090253456772,0.00014776363969
-1.31799057326684,-4.185094105545669,0.00014824437676
-1.3126580166175124,-4.1850940682673885,0.0001493026939
-1.3073657425771052,-4.185093944006457,0.00014986292808
-1.3020858893223932,-4.18509164517921,0.0001492282754
-1.2965923910031232,-4.185094552885026,0.00014667423966
-1.2912360372861702,-4.185091384231253,0.00014599990391
-1.2859560581876297,-4.185091396657348,0.00014552449284
-1.2806167814779588,-4.185095199041873,0.00014538857795
-1.2753288364651898,-4.185093322701797,0.0001467098482
-1.2700360464650926,-4.185092949918999,0.00014674212434
-1.2645516214857266,-4.1850929250668125,0.00014546315651
-1.2592211412595402,-4.185094192528323,0.00014523186837
-1.2539500719039292,-4.185092962345093,0.0001457046892
-1.2486362534003952,-4.185092726249322,0.00014671344252
-1.2433669458583578,-4.185093881875993,0.00014572023065
-1.2380779060042966,-4.18509113570939,0.0001452696888
-1.2326262130042502,-4.185092949918999,0.00014720429317
-1.2273277222788048,-4.185091744587959,0.00014612672385
-1.2220689101119127,-4.1850931238843065,0.00014590425417
-1.2167508884245675,-4.185090141621932,0.00014381509391
-1.2115030246705965,-4.185094354067533,0.00014323854703
-1.2061866137842332,-4.1850931238843065,0.000144848731
-1.2006776115055153,-4.185091607900933,0.00014618237037
-1.1953907109965092,-4.185092030388103,0.000145804559
-1.1901129341649366,-4.185095832772628,0.00014721548359
-1.1847937672987678,-4.185094204954415,0.00014693806588
-1.1795452239881326,-4.185094055841297,0.00014610037033
-1.1742158637720028,-4.185092577136205,0.00014625162294
-1.1687698463285403,-4.185091583048747,0.00014410295989
-1.163519654463775,-4.185094428624095,0.00014277336595
-1.1582528763826543,-4.185096180703236,0.00014483324776
-1.1529661268862395,-4.185095969459651,0.00014332248247
-1.1477430669505073,-4.185098367695643,0.00014336701133
-1.142352257193809,-4.185096739877433,0.00014311695122
-1.1368686501993173,-4.185093049327744,0.00014337396715
-1.1316133742439536,-4.185095211467968,0.00014322035713
-1.1263496415834395,-4.185095932181373,0.00014647180797
-1.121080975844917,-4.185097199642881,0.0001433895668
-1.1158628364028085,-4.185097261773349,0.00014402868692
-1.1105252208316492,-4.185096764729619,0.00014286239457
-1.105180709018787,-4.185093260571329,0.0001430947741
-1.0999601533752073,-4.185095944607465,0.00014535900846
-1.0947218537520638,-4.185095733363879,0.00014699612802
-1.0894993349447861,-4.185096019164027,0.00014677489526
-1.084296007321078,-4.185094987798288,0.0001482374937
-1.0788842319828553,-4.185092278909966,0.00014811112487
-1.073542677499921,-4.185096640468688,0.0001471859141
-1.0683341525261694,-4.185094441050186,0.00014529714826
-1.0630860622533114,-4.1850912102659485,0.00014399117208
-1.057864713793622,-4.1850942173805095,0.00014608056517
-1.0526745746029502,-4.185094254658788,0.00014789977286
-1.0472776865894233,-4.185093509093195,0.0001454729063
-1.0420056608207302,-4.1850948138329835,0.00014792506408
-1.036801389368321,-4.1850909368919,0.00014777672186
-1.0315506563751027,-4.185094130397856,0.00014599699352
-1.0263522744137827,-4.185091222692043,0.00014449466835
-1.021127817611576,-4.185093422110542,0.00014698428276
-1.0272401781173164,-4.192190796497138,0.000147169907
-1.0328438904599941,-4.192189963948892,0.00014454756456
-1.038310546291032,-4.192190249749036,0.00014386688417
-1.04369758073293,-4.192194313081519,0.00014714617282
-1.0492034620847457,-4.192192250350043,0.00014583801385
-1.054675315265827,-4.192192759819864,0.00014459798695
-1.0600059213358402,-4.192195058647111,0.00014299117902
-1.0653669438587636,-4.192189988801078,0.00014289346291
-1.0706953224930444,-4.192192225497857,0.00014270868269
-1.075994329178178,-4.1921894917573495,0.00014283577912
-1.0815513786299227,-4.192190697088389,0.00014538306277
-1.0869054168204644,-4.192187429025874,0.00014371007273
-1.0921578990428746,-4.192189578739999,0.0001443465153
-1.0974708618083882,-4.192191392949612,0.0001447746472
-1.1027257728166533,-4.192187851513044,0.00014487083536
-1.1079934569733254,-4.192187292338848,0.00014720280888
-1.1134209502055015,-4.19218818701756,0.00014576017566
-1.118672778040012,-4.19218837340896,0.00014731723059
-1.1239057670536685,-4.192189690574839,0.00014766903769
-1.129176484046566,-4.1921905479752715,0.00014566129539
-1.1343829451815577,-4.192188162165374,0.00014476827346
-1.139675181468817,-4.192188907730967,0.00014686280338
-1.1451396476172704,-4.192191902419432,0.00014549330808
-1.1502992193424422,-4.192191629045383,0.00014394441678
-1.1554735525484832,-4.192189292939855,0.00014498291421
-1.1606968641718687,-4.192188534948168,0.00014513960923
-1.1658642885518238,-4.192189603592186,0.00014795700554
-1.1711130709657296,-4.192191417801798,0.00014852115419
-1.1764825753625714,-4.192186969260423,0.00014905397256
-1.1816536114603524,-4.192186012451246,0.00014649041987
-1.1868368166561734,-4.192188597078636,0.00014584067685
-1.1920539241789037,-4.192189205957205,0.00014432879107
-1.197220757092875,-4.192187105947449,0.00014659797307
-1.2024838227811079,-4.19218868406129,0.00014754479344
-1.2078688688905437,-4.192186807721213,0.00014814590395
-1.2129981248378674,-4.192183564510881,0.00014786070096
-1.2181407076464374,-4.192186459790602,0.0001450690761
-1.2233299659303223,-4.192188249148025,0.00014611240476
-1.2284590582806714,-4.19218877104394,0.00014722283231
-1.2336648524433822,-4.192190013653264,0.00014723821369
-1.2390017758734957,-4.192188211869747,0.00014776544413
-1.244128238087866,-4.192187130799635,0.00014623852621
-1.2492549897430392,-4.192189951522797,0.00014761602506
-1.254423622223732,-4.192188025478348,0.00014632612874
-1.2595383432090732,-4.192188423113332,0.00014818787167
-1.2647091150348195,-4.192190908331974,0.00014708928938
-1.2700024084102215,-4.192188659209103,0.00014726350491
-1.2751031858995663,-4.192187776956482,0.00014716840815
-1.2801932414948785,-4.192190485844807,0.00014732423006
-1.2853366800414692,-4.192189715427026,0.00014738160826
-1.2904274529465938,-4.192189442052976,0.00014744111104
-1.2955464903751917,-4.192189156252833,0.0001479016355
-1.3008317423300695,-4.192187752104296,0.00014982320135
-1.3059667870934204,-4.192187590565086,0.00014589006605
-1.3110464102354997,-4.19218888287878,0.00014825264225
-1.316187810112099,-4.1921889201570615,0.00014892822946
-1.321282974966774,-4.192188671635195,0.00014634500258
-1.3263835007684652,-4.19218324143246,0.0001475946483
-1.3317179073220453,-4.1921853414422126,0.00014638122229
-1.3368980922660276,-4.192186994112612,0.00014882818505
-1.341974279871639,-4.192189827261865,0.00014913547784
-1.347092235043326,-4.192188932583153,0.00014370631834
-1.3521866951725723,-4.192189690574839,0.00014851079322
-1.3572752783951123,-4.192189703000934,0.00014780585479
-1.36249601022005,-4.192190187618569,0.00014837550407
-1.3676833305090053,-4.192189939096705,0.00015035123215
-1.3727536915454415,-4.192190050931542,0.00013790739467
-1.3778438729845806,-4.192191976975991,0.00014950032346
-1.382946424871882,-4.192186931982144,0.00014979587286
-1.3880241981097108,-4.1921900385054505,0.00014994076628
-1.3932822300448764,-4.192189529035627,0.00014918293164
-1.3986412768197207,-4.192190287027313,0.00012828476611
-1.4037012305716905,-4.192189529035627,0.00015040555445
-1.4087776698649568,-4.1921894669051625,0.00014956069936
-1.4139083981850529,-4.19219238703707,0.00014783423103
-1.4189788724809325,-4.192191952123805,0.0001470715506
-1.424111299692688,-4.192194350359797,0.00011811775039
-1.4293813874664516,-4.192190386436058,0.00014828090207
-1.4344956428296343,-4.192189727853121,0.00014510094479
-1.4395768767726957,-4.192194946812271,0.00014508682943
-1.4447246443469244,-4.192192113663017,0.00013566033158
-1.4498333877504994,-4.192193194733129,0.00011076775263
-1.454937827295201,-4.192190485844807,0.0001454258454
-1.460290040750255,-4.19219216336739,0.00014670404198
-1.4654996228121493,-4.192194350359797,0.0001487237605
-1.4706134503063226,-4.1921924367414425,0.00010360880697
-1.4757752117140772,-4.192195642673494,0.00013028997637
-1.4809215572530645,-4.192194412490264,0.00014925746655
-1.486064945462124,-4.192193045620008,0.00014840044605
-1.49134462253548,-4.192189777557493,0.00014869960432
-1.4966087956493883,-4.1921929213590765,1.9826648427e-15
-1.5017543861254157,-4.192192884080796,0.00014747491514
-1.506922578152714,-4.192190970462441,0.0001464150846
-1.5121152216355376,-4.192190100635915,0.00014461694809
-1.517276731355639,-4.1921912314103995,0.00014657259453
-1.5113435472903276,-4.199301926568925,0.00014682316396
-1.5057091919758527,-4.199297403470994,0.00014540912525
-1.5002397675806263,-4.199297453175366,0.00014917933731
-1.4948245441215522,-4.199299652593864,0.00014799177006
-1.4892407654410207,-4.199298695784687,0.00014788935368
-1.483810528813424,-4.1992998886896356,0.00014890829334
-1.4784492168496994,-4.199301106446774,0.00014933977218
-1.473052303667408,-4.1993028336737295,0.00014643926988
-1.4677075905044235,-4.19929863365422,0.00014671424287
-1.462374996101948,-4.199299366793721,0.00014790246496
-1.4568026943784091,-4.199301491655663,0.00014982695575
-1.4513875841787802,-4.199301255559892,0.00014688192459
-1.4460704182294553,-4.1993000626549435,0.00014448340517
-1.4407031664371122,-4.199299267384975,0.00014921196271
-1.4353808157221288,-4.199300857924908,0.00014970544726
-1.4300709990522822,-4.199296508792281,0.00015009673371
-1.4245638844309663,-4.199302075682042,0.00013711952488
-1.4191861120947113,-4.199296844296797,0.00014883886615
-1.413875993399682,-4.199299130697949,0.00014798458142
-1.4085087667761038,-4.199298186314867,0.00014991468925
-1.4031917644237533,-4.199300124785407,0.00015053499374
-1.3978848547463052,-4.199300236620247,0.00012254469038
-1.3922206618605242,-4.19930113129896,0.00014897718211
-1.386797006865061,-4.199302112960323,0.00014786598331
-1.3814808728351158,-4.199302672134516,0.00015080103185
-1.3761215617882367,-4.199300311176806,0.00014458567603
-1.3708043958389118,-4.199301417099104,0.00012484066247
-1.3654841593002172,-4.199301193429425,0.0001493664895
-1.3599874771321323,-4.1993023490560955,0.00014863158867
-1.3546384223571266,-4.199300273898529,0.00014939716493
-1.3493371253143482,-4.199301615916594,6.7166314693e-05
-1.3439879195267495,-4.199302038403765,0.00014532824571
-1.3386963627961563,-4.199303305865272,0.0001458775514
-1.3333935430430728,-4.199301814734085,0.00014672626276
-1.327861158981359,-4.199301553786127,0.00014857345377
-1.3225164961559037,-4.199300770942254,1.968532945e-15
-1.317227343042399,-4.199303753204629,0.00014963491412
-1.3118882425140859,-4.1993028336737295,0.00014888384612
-1.306600221995021,-4.199301727751434,0.00014888346777
-1.3012817221011337,-4.19930090762928,0.00013358707656
-1.2957850021799011,-4.199297366192713,2.8354770788e-13
-1.290458058165243,-4.1993004602899235,0.00014613328676
-1.2851687792079114,-4.199298882176087,0.00014601275325
-1.2798263815713382,-4.199303902317746,0.00014652879327
-1.2745407143318326,-4.199300423011646,3.8363182076e-10
-1.2692149910022936,-4.199300000524476,0.00014453334734
-1.2637240850658527,-4.199299652593864,0.00014862872194
-1.2584189749551242,-4.199301603490503,0.00014564108278
-1.253132754002781,-4.1992982608714255,0.00014581617143
-1.2478104158721808,-4.199300534846486,1.9684567121e-15
-1.2425430211563098,-4.199301267985983,0.00014683809422
-1.237219235821702,-4.199301143725052,0.0001473731536
-1.2317560658646616,-4.199296496366189,0.00014481566905
-1.2264847196526325,-4.199302622430144,0.0001333468681
-1.221205067748041,-4.19929865850641,5.7361797604e-13
-1.2158833588365743,-4.199303082195596,4.0406965968e-12
-1.2106363130674775,-4.19930101946412,0.00014662435569
-1.2052710747763613,-4.19929832300189,0.00014581499272
-1.1997794263613435,-4.1993000626549435,8.6741863925e-05
-1.1945023542551998,-4.199302696986706,0.0001314424735
-1.1892163598217436,-4.1993034052740175,0.00014743144857
-1.183911866345767,-4.199300944907561,0.00014461253886
-1.1786496563955546,-4.199302398760468,0.00014415993064
-1.1732772575906991,-4.19929916797623,1.0242294209e-12
-1.1678638085295816,-4.199302485743122,0.00014296550944
-1.1626049460251586,-4.199302659708425,0.00014397324412
-1.1573227269065043,-4.199301951421111,0.00014584926248
-1.152038116755143,-4.199298695784687,0.00013863646018
-1.146807216749009,-4.199304747292087,3.8362871213e-10
-1.141355385320753,-4.199303330717458,2.3795544528e-12
-1.1359159243406591,-4.199301354968637,0.00014814799943
-1.1306476361336182,-4.1993006342552315,0.00014519754041
-1.1253712687529054,-4.1993052940401885,9.6886775282e-05
-1.1201130606363803,-4.199301976273297,0.00010952312732
-1.1148871440457824,-4.199300162063689,0.00014494034986
-1.1095030543494306,-4.199303964448213,0.00014390048455
-1.1041883549391083,-4.199300758516163,0.00014465981803
-1.0989677489579974,-4.199302696986706,1.9686199777e-15
-1.093710522423321,-4.19930298278685,0.00014504691353
-1.088489148794867,-4.199303305865272,0.00014869422012
-1.0832800952770456,-4.199302610004053,0.00014641915914
-1.0778080533302234,-4.199299590463401,0.00014584626479
-1.0725096506954586,-4.199300273898529,1.9686151072e-15
-1.0673018933690503,-4.19930171532534,0.0001441273489
-1.0620287727590647,-4.199299602889492,0.00014429228031
-1.0568177812463122,-4.1993023490560955,0.00014411889424
-1.0515772919405844,-4.199301963847206,0.00012200824858
-1.0461639183857625,-4.199298509393288,1.9686422123e-15
-1.04092302637979,-4.199300758516163,4.5299176736e-12
-1.0356919627766814,-4.199302001125484,0.00014582695439
-1.0304151171894265,-4.199300969759748,0.00014810064749
-1.0252132241853427,-4.199302075682042,9.2664260592e-05
-1.0199290419029907,-4.199301591064408,0.00013153986947
-1.014507350071225,-4.199300261472434,0.00014334681327
-1.0092807916771123,-4.199303094621687,0.00014315861335
-1.0154034336234927,-4.20637226177667,0.00014518851822
-1.0212011090562338,-4.206367999626696,0.0001445026428
-1.0266456415425427,-4.206369664723188,0.00014447209833
-1.0320185563070863,-4.206370422714874,0.00014469231246
-1.0374225041592904,-4.20637156591545,0.00014786001702
-1.0427502787432041,-4.206367601991713,0.00014737402671
-1.048176060499336,-4.206365303164466,0.00014903057308
-1.0536537905871235,-4.206366185417084,0.00014497141819
-1.0589550498767557,-4.206372398463696,0.0001454793819
-1.0642842213271446,-4.206368807322756,0.00014518115495
-1.0696026079615883,-4.2063685836530755,0.00014511139307
-1.0748989593419787,-4.206367713826553,0.00014587404439
-1.080379369903274,-4.206370025079891,0.00014663173351
-1.0857770003953777,-4.2063699878016125,0.00014459941303
-1.0910217054692986,-4.206370025079891,0.0001447560353
-1.0963111480236047,-4.206368993714155,0.0001443829824
-1.1015717094196888,-4.206370422714874,0.00014473388728
-1.1068043838237778,-4.206369428627417,0.00014632791863
-1.112224552945242,-4.206367167078451,0.00014537876996
-1.117522263438961,-4.206366421512856,0.00014381126675
-1.122743674820563,-4.206370099636449,0.000143176032
-1.1280227352591672,-4.206367328617663,0.0001447476825
-1.133244801028669,-4.206366719739094,0.00014594146342
-1.1384774250952288,-4.20637288308133,0.00014548428589
-1.1439520090873492,-4.206368956435873,0.00014583377924
-1.1491840416879233,-4.206368695487916,0.00014338834444
-1.154351201795842,-4.206369950523332,0.00014370318968
-1.159580704935501,-4.206370671236737,0.00014452064352
-1.1647651308164408,-4.206368210870282,0.00014385874965
-1.169975656707036,-4.206371603193731,0.00014332799765
-1.1753670075921874,-4.206372199646205,0.00014306767844
-1.1805820890293077,-4.20636960259272,0.00014365691459
-1.1857676978422205,-4.206370484845339,0.00014327198733
-1.1909977043571847,-4.20636797477451,0.00014527956955
-1.196176127487592,-4.206371864141689,0.00014569159248
-1.2013999173175194,-4.206367316191568,0.00014621204173
-1.2068084207162484,-4.2063685836530755,0.00014412257588
-1.2119842137106787,-4.206368297852932,0.00014395086328
-1.2171286967610304,-4.206365290738375,0.00014396329061
-1.222324712858408,-4.206370509697528,0.00014408535208
-1.2274782692486639,-4.206367626843899,0.00014490907779
-1.2326622295074467,-4.206370000227704,0.00014555462985
-1.2380065525545678,-4.206370422714874,0.00014486220607
-1.243185730747937,-4.206368223296373,0.00014494350762
-1.2483115008212615,-4.206368471818239,0.00014435779303
-1.2534927302690033,-4.206372535150722,0.00014448598085
-1.2586245408460084,-4.2063720753852705,0.00014486705186
-1.2637690994026576,-4.206370174193008,0.00014416628983
-1.2690719191557394,-4.20636929194039,0.00014585234749
-1.274218226941579,-4.20637022389738,0.0001469700801
-1.2793087607434317,-4.206370248749571,0.00014560077398
-1.2844645194006552,-4.206367962348415,0.00014441114035
-1.289569902774056,-4.206370745793296,0.00014471886971
-1.2946641867219444,-4.2063681860180955,0.00014529954933
-1.299960663946163,-4.20637321858585,0.00014652578102
-1.3051337890514683,-4.206368683061824,0.00014677243598
-1.310225442863378,-4.206368633357452,0.0001465772657
-1.3153673335309004,-4.20637145408061,0.00014601762814
-1.320481979009946,-4.206372733968212,0.00014631797967
-1.3256225357329061,-4.206370323306129,0.00014947913587
-1.3309063027306285,-4.206369229809926,0.00015067629283
-1.3361359317141144,-4.206369652297093,0.00015041779261
-1.3412177445387783,-4.206370596680179,0.00015082185564
-1.3463321509145538,-4.206371478932796,0.0001470540883
-1.3514400259957235,-4.206372025680898,0.00014730237308
-1.3565278289865388,-4.206373628646926,0.00014779176854
-1.3617325786454884,-4.206373144029288,0.00014822158846
-1.3669528700170335,-4.206372137515738,0.00014890784223
-1.3720244894917366,-4.206373864742697,0.00014622103481
-1.3771142178931,-4.206369962949423,0.00014641955204
-1.3822292283192423,-4.206369254662112,0.00014775502495
-1.3873013637536353,-4.206373231011941,0.00014872352767
-1.3925134878608278,-4.206371876567781,0.00014853697212
-1.3979254016272604,-4.206371876567781,0.00014753462165
-1.402996580648571,-4.206374075986282,0.00014779040066
-1.4080661237001346,-4.206370969462976,0.0001475213212
-1.4131992178841712,-4.206373665925203,0.00014843021927
-1.4182825156659906,-4.2063715907676364,0.0001477842161
-1.4233908186161732,-4.206373926873161,0.00014739480685
-1.4286680165661418,-4.2063733055685,0.00014702565386
-1.4338095548709506,-4.206373442255527,0.00014828097483
-1.4388940481691228,-4.206371329819679,0.00014688317606
-1.4440417905745868,-4.206374150542841,0.00014675677812
-1.449156461222397,-4.206375902621986,0.00014626090706
-1.454274215043962,-4.206373790186138,0.00014591596846
-1.459602555925095,-4.206373131603196,0.00014885362179
-1.4648503064196225,-4.206374299655959,0.00014725585061
-1.469971558699568,-4.206374274803772,0.00014683320478
-1.4751257443089572,-4.206374187821119,0.00014718128659
-1.4802894059584952,-4.206371814437313,0.00014532399655
-1.4854326305705818,-4.2063734174033405,0.00014456671488
-1.4906881330448307,-4.206371888993876,0.00014456297504
-1.4959778147024088,-4.206373069472729,0.00014457889483
-1.5011211525739372,-4.206373653499112,0.00014548230683
-1.5062836312915058,-4.206374970664991,0.00014696345897
-1.5003486224907052,-4.2135374950583415,0.0001455443562
-1.4947626918807386,-4.2135393589723265,0.00014423101675
-1.4891058105212882,-4.213536190318553,0.00014537086827
-1.483638512886732,-4.213537196832106,0.00014500746329
-1.4782420527422162,-4.213539122876555,0.00014545509475
-1.4728116525176451,-4.213535444752961,0.00014627365454
-1.4674462002920232,-4.213537470206155,0.00014565570746
-1.4620804460412171,-4.2135365009708865,0.00014960761473
-1.4564898969628097,-4.213536786771031,0.0001468398259
-1.451079619166124,-4.21353748263225,0.00014732190175
-1.4457443694589067,-4.213536935884148,0.00014677082072
-1.4403714546943631,-4.213536960736334,0.00014669375378
-1.435046071143156,-4.213536463692606,0.00014612983796
-1.4297227514307072,-4.213537047718988,0.0001463242661
-1.4242092691117598,-4.213539309267953,0.00014726407244
-1.4188354105185152,-4.213534637056902,0.00014701120381
-1.413520862120786,-4.213536078483717,0.00014661888417
-1.4081483878096366,-4.213536637657909,0.00014763025683
-1.4028309324195103,-4.213534798596115,0.00014795588504
-1.3974971047475346,-4.213537706301927,0.00015056549455
-1.3918336417559474,-4.21353737079741,0.00014826796541
-1.3864261576922148,-4.213539818737774,0.00014708412345
-1.3811052793500038,-4.21353759446709,0.000148267849
-1.3757336985300226,-4.213537333519132,0.00014924700372
-1.370418911029023,-4.213539495659353,0.00014811554865
-1.3650803390447794,-4.21353953293763,0.00014779694902
-1.3595763705191288,-4.213539085598274,0.00014896177163
-1.3542307890337408,-4.213537532336622,0.00014743211796
-1.3489247602630778,-4.213539060746087,0.00014912748884
-1.3435721944453083,-4.213538961337342,0.00014747177192
-1.3382755787928815,-4.2135374950583415,0.00014816700423
-1.3329456900326788,-4.213535581439987,0.00014847988496
-1.32740455982501,-4.213537768432394,0.00014785407984
-1.322075879165545,-4.213536973162426,0.00014817390183
-1.3167826487120553,-4.213537035292894,0.00014629728685
-1.3114397351157923,-4.213540340633689,0.00014609700884
-1.306153954616843,-4.213538464293613,0.00014520621335
-1.300816011851733,-4.21353779328458,0.00014563924924
-1.2953200721622267,-4.2135394708071665,0.00014503164857
-1.2900014715932773,-4.213537457780063,0.00014490987814
-1.2847006653414224,-4.2135371222755476,0.00014404227841
-1.2793525795638823,-4.2135369234580535,0.00014451114112
-1.274070876404916,-4.213537283814756,0.00014712582924
-1.268716372592217,-4.213537830562858,0.00014699703024
-1.2632251520462088,-4.213537097423361,0.00014428808936
-1.2579284734718694,-4.213536277301206,0.00014488342276
-1.2526359603281922,-4.213539296841859,0.00014497675875
-1.2473032652506548,-4.213536637657909,0.00014494800416
-1.2420472342323328,-4.213537097423361,0.00014378197375
-1.2366969839409745,-4.213534177291454,0.00014472939074
-1.2312481979333232,-4.21353891163297,0.00014424955589
-1.2259725226936562,-4.213537333519132,0.00014565205493
-1.2206891458117954,-4.213538725241571,0.00014398244093
-1.215381455902621,-4.213537743580208,0.00014417798957
-1.2101183902143882,-4.213538899206875,0.00014347869728
-1.2047263597725708,-4.213535382622494,0.0001435707527
-1.1992562180675321,-4.213537022866799,0.00014349783305
-1.1939804043996551,-4.213533692673816,0.00014350158744
-1.1886817374928538,-4.213538874354689,0.00014366980758
-1.1833740098305314,-4.2135375571888085,0.00014460175589
-1.1781079364748397,-4.21353942110279,0.00014562626893
-1.172715176138827,-4.21353717197992,0.00014483321866
-1.1673203645484413,-4.213536513396978,0.00014398139319
-1.1620562040189144,-4.213536463692606,0.00014619702415
-1.156765427520046,-4.213534773743928,0.00014602144074
-1.1514912624062992,-4.2135394708071665,0.00014634527906
-1.1462531389645134,-4.2135364139882325,0.00014454238408
-1.140765781823986,-4.213537892693325,0.00014346944226
-1.1353588388887064,-4.2135346991873694,0.00014392116282
-1.1300950181375133,-4.213534102734895,0.00014350614219
-1.124805927945921,-4.2135365009708865,0.0001439255575
-1.1195545153960385,-4.213534736465647,0.00014612772793
-1.1143360865131287,-4.213534661909088,0.00014727268717
-1.108925380847432,-4.213537383223505,0.00014788159751
-1.1036288155325362,-4.213533792082561,0.00014552092762
-1.0984103866496249,-4.2135363270055795,0.00014759923215
-1.093145810835472,-4.213534053030519,0.00014803701197
-1.087935863826479,-4.213534276700199,0.00014809623826
-1.0826953241832218,-4.213535581439987,0.00014791244757
-1.0772205136722144,-4.21353339444758,0.00014678678417
-1.0719502874702425,-4.213536190318553,0.00014775473392
-1.0667335826477584,-4.213535158952817,0.00014690231183
-1.0614605878815995,-4.213531990299047,0.00014693179401
-1.056252641789452,-4.213533754804284,0.00014661702153
-1.050990582851831,-4.21353540747468,0.00014740995539
-1.0455794996546541,-4.213534898004859,0.00014666971401
-1.0403515695628294,-4.2135340406044275,0.00014716101578
-1.0351108537382143,-4.21353389149131,0.00014602058218
-1.029829855304679,-4.213536028779344,0.00014547420142
-1.0246142704922518,-4.21353428912629,0.00014679203741
-1.0192868608554368,-4.213536426414325,0.00014592104708
-1.0138810001770662,-4.213536848901494,0.00014594354434
-1.008658783394973,-4.213535792683572,0.00014553400979
-1.0034099128903902,-4.213538998615624,0.00014744397777
-0.9981487096907913,-4.2135341524392675,0.00014762338833
-1.0042782604632559,-4.220711302344336,0.00014630636724
-1.009885886548944,-4.220710656187489,0.00014566315804
-1.0153296513879095,-4.220711426605271,0.00014737098536
-1.0209148521036822,-4.220711973353372,0.00014426083362
-1.026286168651627,-4.2207082455254055,0.00014400244982
-1.0316134021070862,-4.220712457971007,0.00014733140415
-1.0369883177884736,-4.220712507675379,0.00014656982967
-1.0422921568765537,-4.220708792273507,0.00014565548918
-1.047675617353772,-4.220710979265914,0.00014096683299
-1.0531583434414786,-4.220710842578888,0.00014793347509
-1.0584496484844201,-4.220711339622617,0.00014625604672
-1.0637606229174714,-4.220712072762117,0.00014731627016
-1.069072742529346,-4.22070977393487,0.00014671185636
-1.074356031320528,-4.220711053822472,0.00013248161122
-1.0798007274038097,-4.220712718918964,0.00014441934763
-1.0852229981171795,-4.220712097614303,0.00014362260117
-1.0904630218007467,-4.220711948501186,0.00014354844461
-1.0957390619875125,-4.220712942588641,0.0001410227851
-1.101000718224887,-4.220714930763557,0.00013362729806
-1.1062426295658547,-4.2207182733826345,0.00014253979316
-1.1116314761588573,-4.220712507675379,0.00014319671027
-1.1169464020880666,-4.220713886971726,0.00014287268277
-1.1221671590817706,-4.220715775737897,0.00011080023978
-1.1274399776665718,-4.2207154153811945,0.00014355946041
-1.132672488473688,-4.22070904079537,0.00014411589655
-1.1378756776691863,-4.220714881059184,0.00014457217185
-1.1433523255000628,-4.220709662100031,0.00014470478345
-1.1486176563771777,-4.220712793475522,7.1726703027e-05
-1.1537785620469119,-4.220714657389508,0.00014603089949
-1.1590047303251632,-4.220713290519252,0.00014691372053
-1.1641924533143615,-4.220713091701762,0.0001465028472
-1.1693872361422386,-4.220714818928717,0.00014331258717
-1.1747787128712182,-4.22071263193631,3.836079232e-10
-1.1800098142274746,-4.220714123067498,0.00014455404016
-1.185186802738259,-4.220714843780903,0.00014564009325
-1.19041957781741,-4.2207154029551,0.00014404620742
-1.195599171295407,-4.220714421293737,0.00011231648386
-1.200792557256806,-4.220711140805126,0.00010728867346
-1.2062074786906973,-4.220711948501186,0.00014622880553
-1.2114170607525916,-4.220713762710795,0.00014623165771
-1.2165541693547004,-4.220714980467929,0.00014616904082
-1.2217522367064526,-4.220712520101474,2.0241086825e-15
-1.226915394980684,-4.220712830753804,0.00013917789329
-1.2320834485797743,-4.220716508877398,0.00014532321075
-1.237427834548808,-4.2207153035463545,0.0001452810975
-1.242624165255753,-4.220712892884268,0.00014580783318
-1.2477482616061828,-4.22071254495366,6.3384486462e-13
-1.25292908835368,-4.220711724831506,0.00014670378005
-1.2580658571774568,-4.220711911222905,0.00014538335381
-1.2631927724296044,-4.2207130171452025,0.00014724048378
-1.2684978699559497,-4.2207157881639885,0.00014611135703
-1.273669912804344,-4.220713638449864,1.9685716968e-15
-1.2787568474727558,-4.220717540243133,0.00014808696869
-1.2839104164473931,-4.220712035483836,0.00014553571236
-1.2890275788029724,-4.220711774535879,0.00014671150711
-1.2941296650681167,-4.220717353851735,0.00014090744662
-1.2993980917033674,-4.220713700580327,2.9874564058e-15
-1.3045959325362309,-4.2207157881639885,0.00014954098151
-1.30968978861511,-4.220714856206998,0.00015025613538
-1.3148180881493494,-4.220716807103633,0.00015168571554
-1.3199389628978166,-4.220712284005702,0.00011857526988
-1.3250502735154563,-4.220716819529728,9.4112219813e-05
-1.3303245518886466,-4.220714831354812,0.00015024642926
-1.335576467813836,-4.220714433719828,0.00014783999359
-1.340659639751829,-4.220710904709355,0.00015034880198
-1.3457689746213894,-4.220712892884268,1.9634011959e-15
-1.3508806753548905,-4.220714197624057,0.0001113719336
-1.355975575937531,-4.22071285560599,0.00014755183656
-1.3611617007101302,-4.220715055024488,0.00014675641432
-1.3664020390032667,-4.220714234902338,0.00014621095033
-1.3714812342763352,-4.220713302945347,1.9686680468e-15
-1.376566759493887,-4.2207128431798955,0.00013310356007
-1.3816926554110383,-4.220713203536598,0.00014709033712
-1.3867700259486206,-4.22071232128398,0.00015121711476
-1.3919528787817281,-4.220711153231218,0.00015137574519
-1.3973677247093221,-4.220720435522854,1.9673369345e-15
-1.402477210591474,-4.220715278694168,0.00014925340656
-1.4075465648772985,-4.220715626624776,0.00014915490465
-1.4126803260336163,-4.220715365676819,0.00015114004782
-1.4177700292662132,-4.220713725432514,0.00015080541198
-1.4228638853450923,-4.220712184596957,1.0293678887e-12
-1.4281471237987433,-4.220714247328429,0.00015028861526
-1.4333097031913722,-4.220712557379751,0.00014967999596
-1.4384015080158747,-4.220712992293016,0.00014890324383
-1.4435405294441483,-4.220715489937754,0.00014687774819
-1.4486641098348882,-4.220714309458897,4.9489714627e-13
-1.4537820901753418,-4.220715527216031,0.00014857447241
-1.4590839786841077,-4.220715055024488,0.00014983712754
-1.4643530471228732,-4.220715663903057,0.00014966538583
-1.4694705870099325,-4.220714806502626,0.00013667285384
-1.47461971369749,-4.220717242016895,1.9687053162e-15
-1.4797860809893006,-4.220715552068217,0.00014694531274
-1.4849255932084995,-4.220717179886431,0.00014703601482
-1.490157827159196,-4.220714806502626,0.00014717866725
-1.4954603700558597,-4.220714036084844,9.44872736e-05
-1.489356982214961,-4.227800587344243,0.00014672310499
-1.483714497389283,-4.227801370188116,0.00014617276611
-1.4782529382332248,-4.227801221074999,0.00014807806292
-1.4727763910774085,-4.227799481421949,0.00014797021868
-1.467385191204847,-4.22780123350109,0.00014986521273
-1.4619885674633566,-4.22779971751772,0.00015020940918
-1.4563701565617222,-4.227802985580235,0.00014644842304
-1.450950276881061,-4.227800922848759,0.00014663896582
-1.4455996364738395,-4.227799990891769,0.0001454889134
-1.4402073543443705,-4.2278016684143545,0.00014516290685
-1.4348753514078807,-4.22779922047399,0.00014776892203
-1.4295367920080202,-4.227800786161737,0.00014977258979
-1.4240131037547288,-4.2278022897190155,0.00015049634385
-1.4186411579876508,-4.227800313970194,0.00015099388838
-1.4133206445925366,-4.227801370188116,0.00014940070105
-1.4079497433292196,-4.22780165598826,0.00014737428864
-1.4026320614202066,-4.22779949384804,0.00014783407096
-1.3972876754511712,-4.227803246528192,0.00014867083519
-1.3916229288525526,-4.227799145917432,0.00014918921806
-1.3862300426727148,-4.227799357161014,0.00014922764967
-1.380907301841868,-4.227802600371346,0.00014766608365
-1.375533984377078,-4.227799456569762,0.00014749749971
-1.3702204301455807,-4.227799357161014,0.0001475179597
-1.3648755408012385,-4.2277998914830235,0.00014810729772
-1.3593740010614426,-4.227801320483744,0.00014846828708
-1.3540333023165305,-4.227799034082592,0.00014939837274
-1.3487246434098887,-4.227799170769618,0.00014847346756
-1.3433729333301412,-4.227801158944531,0.00014768235269
-1.3380806718741174,-4.227800823440014,0.00014640003792
-1.3327445035069638,-4.227799642961161,0.0001471699361
-1.3272055881506442,-4.227798139403879,0.00014755707525
-1.3218822936069616,-4.22780156900561,0.00014700272004
-1.3165885346093988,-4.227801792675287,0.00014766251843
-1.311241354907412,-4.227799034082592,0.00014579478011
-1.3059508552649615,-4.227798810412912,0.00014725253277
-1.300604971754389,-4.227801308057652,0.00014812020527
-1.2951061754100153,-4.227803321084751,0.00014629497309
-1.2897902804833403,-4.227800624622525,0.00014611960796
-1.2844859506043385,-4.227799419291481,0.00014626460325
-1.2791342531089724,-4.227802053623244,0.00014466338325
-1.273845162917382,-4.2278003761006575,0.00014477227523
-1.2684844298352598,-4.227799531126321,0.00014412149903
-1.2629831040299708,-4.2277998045003695,0.00014557360555
-1.2576912830273395,-4.227798611595421,0.00014422921231
-1.2523951707502194,-4.227799096213055,0.00014432404714
-1.2470675345945155,-4.227800413378939,0.0001440532069
-1.2417968553547678,-4.227797965438575,0.00014297063171
-1.2364348890031451,-4.227800239413635,0.0001446849783
-1.230986480526974,-4.2278016311360735,0.00014711987751
-1.225709358083301,-4.22780125835328,0.00014798894699
-1.2204131199623527,-4.227801482022956,0.00014782174549
-1.2151056314033004,-4.227799854204743,0.0001461886277
-1.209843509543767,-4.2277987731346345,0.00014547097089
-1.2044359625581202,-4.227798711004167,0.00014730777184
-1.1989737112610162,-4.227800686752988,0.0001477231126
-1.1936936314874136,-4.227797803899362,0.00014417985221
-1.1883911137595162,-4.227798822839007,0.00014490555623
-1.1830855757797767,-4.2277986861519805,0.00014835591719
-1.177810957628254,-4.227799021656497,0.00014998140978
-1.1724082807987,-4.227798251238719,0.00014814076712
-1.1670142620244204,-4.2278005127876845,0.0001495290926
-1.1617454075201605,-4.227799481421949,0.00014798906341
-1.1564551721497465,-4.227796648272691,0.00014705146896
-1.1511733305625704,-4.227800873144387,0.00014473240299
-1.1459326147379556,-4.227798189108252,0.00014665984781
-1.1404198874819682,-4.227796958925025,0.00014851163724
-1.1350251891510261,-4.22779775419499,0.00014865673438
-1.1297618214376088,-4.227797803899362,0.00014897194342
-1.1244601342789655,-4.227799034082592,0.00013422242773
-1.1192101185955594,-4.22779786602983,0.00014887734142
-1.1139699564837822,-4.227798624021516,0.00014941020345
-1.1085449297906087,-4.227795840576632,0.00014740257757
-1.10324986201725,-4.2277959027071,0.00014834056492
-1.0980225988977064,-4.227798213960438,0.00012030877406
-1.0927449353255771,-4.2277963997508285,0.00015035393881
-1.0875301810824074,-4.227797679638431,0.00015079983859
-1.0822689778828085,-4.227798711004167,0.00015019776765
-1.076784716500417,-4.227794212758422,0.00014158250997
-1.0715243816232216,-4.227796138802871,0.00012665470422
-1.0662928775667189,-4.227799295030549,0.00014719432511
-1.0610127348712055,-4.227799568404598,0.00014636693231
-1.0558044615851074,-4.227797592655777,0.00014757017198
-1.0505108410157564,-4.227795989689753,9.6246549219e-05
-1.045101054009994,-4.227795890281008,0.00014386425028
-1.0398710600794132,-4.227796784959717,0.00014727686357
-1.0346097184516043,-4.227797505673127,0.0001472364238
-1.0293345717560087,-4.227794324593262,0.00014693383127
-1.0241005382385908,-4.227797331707819,1.9686583059e-15
-1.018737061761048,-4.227797480820937,0.00014620048751
-1.013338663621601,-4.227797232299074,0.00014726836525
-1.0080905985175077,-4.2277959027071,0.00014650654339
-1.0028191264616504,-4.2277946600977785,0.00014281249605
-0.9975673741334355,-4.227795616906955,3.8363082155e-10
-0.9923526450590306,-4.227794747080429,0.00014464612468
-0.986959242919503,-4.227796623420505,0.00014399360225
-0.993215342244079,-4.234874712510422,0.00014579987328
-0.9988072126826657,-4.23487590541537,0.00014785508392
-1.004279581823437,-4.234872960431277,0.00014936308435
-1.0096789112072018,-4.234874314875438,0.0001481489453
-1.015030004652199,-4.234872885874718,0.00014822812227
-1.0205592300338624,-4.234872488239734,0.00014638819266
-1.0259021687988918,-4.234874774640889,0.00014878969523
-1.0311881254791988,-4.234874650379954,0.00014685299539
-1.0365273896044882,-4.2348764024591,0.00014468476002
-1.0418138874132497,-4.234872985283463,0.00014442014799
-1.0471578455132757,-4.234873208953143,0.00014456904319
-1.0526448377067061,-4.234875868137093,0.00014476339857
-1.0579185497826775,-4.234874004223108,0.00014404029935
-1.0632083950372282,-4.234876253345981,0.00014549405023
-1.068515682246158,-4.234873233805329,0.00014538575488
-1.0737862356420789,-4.234876762815802,0.00014418431965
-1.0791882329149687,-4.234877123172505,0.00014657141583
-1.0846312049378262,-4.234874712510422,0.00014721367916
-1.0898623692159968,-4.23487733441609,0.00014727527741
-1.0951245036599135,-4.234873146822675,0.00014724307403
-1.100384171564826,-4.23487590541537,0.00014744166401
-1.1056141151578776,-4.234873146822675,0.00014710471442
-1.1109750621745054,-4.2348757563022525,0.00014745017688
-1.116304799922115,-4.23487559476304,0.00014684628695
-1.121527998286055,-4.234873494753287,0.00014707044465
-1.126784784367337,-4.234874687658236,0.00014840265794
-1.1320190947411748,-4.234872028474286,0.00014850696607
-1.1372191378410061,-4.234871717821956,0.00014844318503
-1.14265695026697,-4.234873519605474,0.00014750463015
-1.147952697596993,-4.234874762214794,0.00014990236377
-1.1531091232264978,-4.234873469901101,0.00014708952222
-1.1583242046636182,-4.234877520807489,0.00014782787184
-1.1635085676226458,-4.234875445649922,0.00014943086717
-1.168685254108244,-4.2348727616137865,0.000147978717
-1.1740571872909407,-4.234875147423684,0.00014667108189
-1.1793171572210375,-4.234875669319599,0.00014557583199
-1.1844910751424507,-4.234872836170346,0.00014498733799
-1.18971738184891,-4.23487798057294,0.00014476562501
-1.1949119884954296,-4.234874874049634,0.00014511027257
-1.2000834272934569,-4.234874724936513,0.00014577929687
-1.2054914650700272,-4.234873780553431,0.00014630814258
-1.2107371517257968,-4.234875830858812,0.00014560362615
-1.2158665461013303,-4.2348756444674125,0.00014551516506
-1.2210652552565993,-4.234875346241177,0.00014556582028
-1.226230364110143,-4.234875445649922,0.00014433337492
-1.2313789119160983,-4.234876066954583,0.00014332897263
-1.2367208565148957,-4.23487876341681,0.00014551229833
-1.2419400278763821,-4.234873693570777,0.00014633011597
-1.2470674339194534,-4.234877744477169,0.0001443207002
-1.2522436673672779,-4.234876166363328,0.00014379978529
-1.2573858978131327,-4.234877781755446,0.00014347377873
-1.2625147258914453,-4.2348762781981675,0.00014457230282
-1.2677923768791912,-4.2348769616332955,0.00014487153385
-1.2729872981352766,-4.23487601725021,0.00014796387404
-1.2780854454886441,-4.234878055129499,0.00014706705406
-1.2832243284887097,-4.234876862224548,0.00014773885778
-1.2883452032371752,-4.2348779308685645,0.00014732082491
-1.293444206328565,-4.234879061643049,0.00014701481268
-1.2986892260120533,-4.234883671723633,0.00014651696256
-1.3039072647790997,-4.234876775241897,0.00014631601516
-1.3090061923641938,-4.234880478217677,0.00014673212718
-1.3141302635458572,-4.234878887677745,0.00014714962163
-1.319259569830712,-4.234874911327912,0.0001495413162
-1.3243711573047694,-4.234878117259963,0.00014931170153
-1.3296185554365816,-4.234875967545838,0.00014955273946
-1.3349091305853278,-4.234878502468856,0.00014962785644
-1.3400036284677217,-4.234878403060107,0.00014787558757
-1.3451086594784087,-4.234878701286346,0.0001497555204
-1.350235499224261,-4.234878664008065,0.00014860894589
-1.3553297831721494,-4.234878490042761,0.00014822484809
-1.3605007185948699,-4.2348763651808214,0.00014924017887
-1.365771271990791,-4.2348780178512175,0.00014957266103
-1.3708549095509428,-4.234879670521618,0.00014869282313
-1.3759381821639958,-4.234879583538964,0.00014910321624
-1.381069250262424,-4.234878999512581,0.00014854838082
-1.3861533786134992,-4.234878291225271,0.00014663516777
-1.3913033862078434,-4.2348806149047,0.00014645156625
-1.3967282493040407,-4.234881223783269,0.00014824778191
-1.4018790874676408,-4.234880316678464,0.00014858580835
-1.4069524561715359,-4.234880366382837,0.00014621148875
-1.4120923836753607,-4.2348793598692875,0.00014581071446
-1.4171925696987215,-4.234878937382117,0.0001451545395
-1.4222856581302556,-4.234880900704844,0.0001471691794
-1.4275552928662438,-4.234881907218397,0.00014834964531
-1.432744991603521,-4.2348797326520815,0.00014739438484
-1.4378403578083203,-4.234881372896386,0.00014834471222
-1.442972659176249,-4.234878962234304,0.00014860945521
-1.4481048095315863,-4.234881795383557,0.0001490386494
-1.4532225885219159,-4.234877881164191,0.0001481660438
-1.4585019635700875,-4.234877893590286,0.00014846581325
-1.4638035752224352,-4.234879695373804,0.00014775575255
-1.4689189505956748,-4.234877943294659,0.00014974366059
-1.4740631819583732,-4.234876265772073,0.00014922808623
-1.4792351115473241,-4.234877881164191,0.00014748246758
-1.4843724466683215,-4.234876887076737,0.00014742180065
-1.4784611090913213,-4.2420191196598545,0.00015278860519
-1.4728242369003128,-4.242013465787439,1.9686585177e-15
-1.4673560835277364,-4.242016000710457,0.00015063300089
-1.4619104310313706,-4.242017156337128,0.00015039507707
-1.45625902387838,-4.2420175415460175,0.00014887654106
-1.4508107412460371,-4.242014124370381,0.00011567281035
-1.445439500204388,-4.242015478814542,0.00014007325808
-1.4400261644027141,-4.2420186598944065,0.00015021339641
-1.434677222887152,-4.242013515491812,0.00014905893477
-1.4293080834374088,-4.2420169450935425,0.00014923940762
-1.4237704265193558,-4.242013838570237,0.00011470635218
-1.41839717197648,-4.242015379405797,0.00015142271877
-1.4130641748737598,-4.242013291822135,0.00014912566985
-1.4076822496912265,-4.24201493206644,0.00014951567573
-1.4023669210617706,-4.2420146586923915,0.0001482032676
-1.3969960072140706,-4.242010421394601,0.00013461826893
-1.3913281019354036,-4.242017143911033,0.0001466833055
-1.3859459879871292,-4.242013055726364,0.0001461879001
-1.3806126888592247,-4.24201308057855,0.00014793447917
-1.3752413093893658,-4.242011875247507,0.00013917227625
-1.3699240050118329,-4.24201049595116,0.00014621770242
-1.3645575208668312,-4.242012720221847,0.00014620927686
-1.3590507082706995,-4.242016646867304,0.00014736528101
-1.3537163394702674,-4.242014534431457,0.00014627972268
-1.3483996517274845,-4.242012981169805,0.00014047681179
-1.3430386921264754,-4.242011577021271,0.00014651886886
-1.3377467452800174,-4.242012943891524,0.00014662179456
-1.3323881012054193,-4.242014807805509,0.00014730737894
-1.3268421260104242,-4.24201245927389,0.00014759671467
-1.3215296288670697,-4.242015217866584,0.00014381475921
-1.3162223794112877,-4.242010645064281,0.0001453691948
-1.3108708455128963,-4.2420110551253565,0.00014559357078
-1.3055848762482063,-4.242009812516035,0.00014594418462
-1.3002220793273278,-4.242014534431457,0.00014544317673
-1.2947208038595683,-4.2420081101412626,0.00014448969159
-1.2894188398445088,-4.24201122909066,0.00014574853412
-1.284113528383658,-4.242010061037898,0.00014557357645
-1.2787625481981042,-4.2420098249421265,0.00014520063996
-1.2734743011601508,-4.242013962831169,0.00014671331155
-1.2680954339826054,-4.242014522005364,0.00014588383783
-1.2626095617992317,-4.242011365777686,0.00014543285943
-1.2573109074768118,-4.242012993595896,0.00014608170022
-1.2520082513207045,-4.242013627326652,0.00014722452033
-1.2466904435678647,-4.242011589447363,0.00014693806588
-1.2414107790788917,-4.242011403055964,0.00014580485004
-1.2360336359617703,-4.242013391230881,0.00014664162882
-1.230601071223381,-4.242007898897677,0.00014812710288
-1.2253139064423366,-4.242013117856831,0.00014934214414
-1.2200125213088793,-4.242010794177398,0.00014648221259
-1.2147071972636452,-4.242014969344721,0.00014662956528
-1.209441702789556,-4.242010868733957,0.00014540443954
-1.2040069609529636,-4.242015292423143,0.00014479484526
-1.1985585902299418,-4.242013478213534,0.00014452918549
-1.1932747351415407,-4.24201678355433,0.00014509804896
-1.1879643521744734,-4.242010819029584,0.00014411428128
-1.182662073549846,-4.242015926153899,0.00014365561947
-1.1773933071362632,-4.24201234743905,0.00014470904716
-1.1719658013197056,-4.242010508377255,0.00014600572467
-1.1665956299505824,-4.242011626725644,0.00014721362095
-1.161325944877065,-4.242011440334245,0.00014727383677
-1.1560266235823655,-4.242011564595177,0.00014588452177
-1.1507581843627317,-4.242011750986576,0.000146713719
-1.1455170280847224,-4.242010011333526,0.00014688985539
-1.139984241322764,-4.242012533830448,0.00014603370801
-1.1346056761704013,-4.242010657490372,0.00014601061412
-1.129348021766714,-4.242013179987295,0.00014752267452
-1.124040495454514,-4.242011241516755,0.0001465317182
-1.118792417766039,-4.242012123769373,0.00014479114907
-1.1135361853975931,-4.242011552169085,0.0001458802144
-1.1081069555206098,-4.24201111725582,0.00014474955969
-1.1028287256512597,-4.242014720822855,0.0001453259174
-1.097597284516671,-4.242013527917907,0.0001478256454
-1.092320527020095,-4.2420110302731695,0.00014590517094
-1.087105558842418,-4.242013764013678,0.00014430678857
-1.0818228489328403,-4.242012359865145,0.00014668070071
-1.07633722843712,-4.242012148621559,0.00014669587836
-1.071099709045703,-4.242009352750584,0.00014644718613
-1.0658688593771,-4.242010607786,0.00014742958592
-1.0605923913213233,-4.242013155135109,0.0001456063037
-1.0553864083928735,-4.242012123769373,0.00014655894483
-1.0500856273097832,-4.2420110551253565,0.00014554151858
-1.0446958746412291,-4.242011502464712,0.00014474490308
-1.039463313496582,-4.242009961629153,0.00014461300452
-1.0342061876369677,-4.242013478213534,0.00014508237655
-1.0289381133644324,-4.242011291221128,0.00014772334544
-1.0237034632122628,-4.242013639752747,0.00014717277372
-1.0183259677324277,-4.242010011333526,0.00014736587764
-1.0129355606759756,-4.242011191812383,0.00014442912652
-1.0076801462924039,-4.242014099518195,0.00014401123917
-1.0023919244232151,-4.242012397143422,0.00014337545144
-0.9971347859792195,-4.242012036786719,0.00014299550094
-0.9919018095499443,-4.242011278795033,0.00014268765517
-0.9864949421209621,-4.242011440334245,0.00014313307474
-0.9812068712643663,-4.24200960127245,0.00014364419621
-0.9759940172629784,-4.2420103965424145,0.00014216812269
-0.9820764395223527,-4.249067908021955,0.00014260609169
-0.9877835325686479,-4.249066466595144,0.00014405358525
-0.9933426961966814,-4.249066392038585,0.00014244372142
-0.9987177754750433,-4.249065932273133,3.8363184851e-10
-1.004091785080879,-4.249068019856795,0.00014464855485
-1.0094312379719095,-4.249068752996296,0.00014290587569
-1.0147281178963727,-4.2490662304993725,0.00014339912741
-1.0202139523265985,-4.249066826951847,0.00013834827405
-1.0255366050667645,-4.24906657842998,6.0416085034e-05
-1.0307925983319386,-4.249063670724168,0.0001440718479
-1.0361099530470028,-4.249065981977506,0.000145465674
-1.0413797387955823,-4.2490690636486255,0.00014318089234
-1.0466876552236455,-4.249068616309269,3.836285456e-10
-1.0521536944199332,-4.249065745881735,0.0001192505224
-1.057428048299421,-4.249069100926907,0.00014936877415
-1.0626948641336893,-4.249069088500812,0.00014980089327
-1.0680026295491611,-4.249066590856075,0.00014830680448
-1.0732574524667475,-4.249066976064964,8.9395213508e-15
-1.078624918193596,-4.24906885240504,0.00015063850151
-1.0840864270121233,-4.249068616309269,0.00014931718761
-1.0893076999655156,-4.249066466595144,0.00014876876958
-1.094557375870591,-4.249068902109413,0.00014676294813
-1.0998206680777125,-4.249065981977506,1.9679271047e-15
-1.1050528894440275,-4.2490673488477615,0.00014746132365
-1.1103881391512447,-4.249067013343246,0.00014800760255
-1.115736136838106,-4.249071797389134,0.00014880433446
-1.1209601280181558,-4.2490691754834655,0.00010375816782
-1.126211376971064,-4.249065795586111,0.00010298554116
-1.13145124964204,-4.249068926961599,0.00014849173022
-1.1366561754823472,-4.249066354760304,0.00014807897969
-1.1420601862564654,-4.249066019255787,0.00014686014038
-1.1473926799838787,-4.249068255952566,1.9676003617e-15
-1.152559085028839,-4.249068715718014,0.00013614739873
-1.157765823020249,-4.249066329908118,0.00014699930034
-1.1629606058481263,-4.249066777247474,0.00014555515372
-1.1681417094520414,-4.249069262466116,0.00014463464322
-1.1734924631187083,-4.249066777247474,2.8395203398e-13
-1.1787781177738308,-4.249069734657659,0.0001456359314
-1.1839560123601667,-4.249066429316863,0.00014644450857
-1.189178518583061,-4.249067150030272,0.00014635738626
-1.1943753400809296,-4.249067995004609,0.00014397181803
-1.199554342092941,-4.249065683751271,2.016139373e-15
-1.2049344928775196,-4.249066951212778,0.00014707235096
-1.2102080539408977,-4.249065820438297,0.00014537470997
-1.215351014280946,-4.249065596768617,0.00014520756667
-1.2205395930081682,-4.249066006829692,0.00011884061678
-1.2257126048540283,-4.249064627533345,9.2481946922e-05
-1.2308677468765,-4.24906711275199,0.00014455300698
-1.236193092674559,-4.249063782559008,0.00014562786964
-1.2414417618290212,-4.2490652612641,0.00014519561955
-1.2465761018669412,-4.249064453568041,1.9686519532e-15
-1.2517477671838573,-4.249066677838729,0.00012277775386
-1.2569013990804088,-4.249066889082314,0.00014709039533
-1.262036594856351,-4.249068926961599,0.00014687118528
-1.2673057136326493,-4.249065671325176,0.0001489372662
-1.2725209209135964,-4.249066926360592,1.9681159931e-15
-1.277625637314716,-4.249065547064244,0.00014514553186
-1.2827689877706276,-4.249064229898365,0.00014567819017
-1.2878996280000448,-4.249068293230848,0.00014553019719
-1.2930037655195636,-4.249063981376498,0.00014462355466
-1.2982317962864487,-4.249068889683322,1.9687303037e-15
-1.303470146247123,-4.249067995004609,0.0001469948038
-1.3085670980841364,-4.249066566003889,0.00014635408297
-1.3136873436134702,-4.249066789673566,0.00014557685063
-1.3188203748755942,-4.249065223985819,0.0001440445194
-1.3239370716090146,-4.249065348246754,1.9585572262e-15
-1.329177573499124,-4.249065994403601,0.00014514317445
-1.3344913164963623,-4.249068690865828,0.00014666601783
-1.339587739789306,-4.249068380213497,0.00014717389422
-1.344698534447254,-4.249068019856795,0.00014700985048
-1.349839003079535,-4.249063981376498,1.587407678e-05
-1.3549306820602112,-4.249067323995575,0.00014732634008
-1.3600865413924967,-4.249067013343246,0.00014807055413
-1.3653626067480253,-4.249066255351559,0.0001456093014
-1.3704534803282118,-4.249066441742958,0.00014124753943
-1.3755314675005446,-4.249066926360592,0.00011550821364
-1.3806597418660211,-4.249066441742958,0.00014606559125
-1.3857561399901968,-4.249068529326619,0.00014483388804
-1.390882904229753,-4.249069038796439,0.00014580297284
-1.3963097682427958,-4.249065186707542,0.00013820192544
-1.401492835010407,-4.24906649144733,0.00013634856441
-1.4065623151400581,-4.249063012141226,0.00014733098214
-1.4117056781803514,-4.249066553577794,0.00015052485105
-1.416810784697336,-4.249063683150263,0.00014924374409
-1.4219045023480033,-4.249066528725607,0.00014046339493
-1.4271648623939635,-4.24906401865478,0.00014801583893
-1.4323670322544668,-4.249065969551415,0.00015037375852
-1.4374681872752915,-4.249066131090627,0.00014960620319
-1.442598059857367,-4.2490669139345005,0.00014465564163
-1.4477329158549772,-4.249068355361311,0.00014046193974
-1.452852746099683,-4.2490685169005245,0.00014658625878
-1.4581164535914324,-4.249066416890771,0.00014588488557
-1.4634379611527768,-4.2490655719164305,0.00014571145584
-1.4685594902891421,-4.249069051222534,0.00014553776418
-1.4736966743975466,-4.249068566604897,0.00014474564523
-1.4677862806492474,-4.256151340331956,0.00014581486175
-1.4622078377469674,-4.256150420801057,0.00014598674898
-1.4564871535673891,-4.256150023166073,0.00014636997366
-1.4509937810919458,-4.256149712513743,0.00014605882461
-1.4455903995369608,-4.2561494764179715,0.00014564917365
-1.4401589170554805,-4.256147488243059,0.00014870081213
-1.4347891609709853,-4.256151290627584,0.0001487739064
-1.4294144466397203,-4.256147028477607,0.00014853764151
-1.4238665586185588,-4.256149824348583,0.00014741778432
-1.418481751612393,-4.256147463390873,0.00014720218314
-1.4131450547011684,-4.256150110148727,0.00014918553643
-1.4077609272516671,-4.256148246234746,0.00014912970073
-1.4024390421588424,-4.256146481729505,0.00014830577129
-1.3970639880492453,-4.256150221983567,0.0001454938465
-1.3913912377832502,-4.2561525953673724,0.00014677736908
-1.3860035992909834,-4.256148966948151,0.00014851086598
-1.3806669653016728,-4.256148295939118,0.00014977256069
-1.3752899606127613,-4.256149314878763,0.00014876139176
-1.3699726310664617,-4.256149886479051,0.0001495503675
-1.3646115204528613,-4.256148693574103,0.00014931030455
-1.3590989064563175,-4.256148892391592,0.0001493270247
-1.3537614544821326,-4.256149687661557,0.00014777141041
-1.3484415703061519,-4.256150482931525,0.00014910602476
-1.343075086161152,-4.256152061045363,0.00014795038442
-1.337777702861382,-4.256149501270161,0.00014745477529
-1.3324204304844944,-4.256151601279915,0.00014736059529
-1.32686932086137,-4.256148370495677,0.00014873452892
-1.3215511733301963,-4.256149140913455,0.00014865893172
-1.316243206564604,-4.256147624930085,0.00014854778419
-1.3108953221371862,-4.2561479604346015,0.00014748562535
-1.3056020413461655,-4.256151477018983,0.00014484448184
-1.3002382250902906,-4.256149178191737,0.00014607228513
-1.2947354143278462,-4.256148246234746,0.0001479912753
-1.2894346206603746,-4.256149203043923,0.00014883205586
-1.284121657894861,-4.256152334419415,0.00014834059402
-1.2787662605909904,-4.256151216071025,0.00014900689712
-1.2734721366463326,-4.2561495634006254,0.00014837106573
-1.268087996612448,-4.256149128487364,0.00014593987726
-1.2626052201872122,-4.256151352758049,0.00014599140559
-1.2572998206356827,-4.256152458680346,0.00014494961943
-1.2519944084997698,-4.256149538548439,0.00014353261213
-1.2466739706109513,-4.256149140913455,0.00014364006347
-1.2413919905955688,-4.256149923757328,0.00014456066128
-1.2360127458865415,-4.256152036193176,0.00014522983111
-1.2305748327855175,-4.256151029679627,0.00014496732911
-1.2252875169918818,-4.256149874052956,0.00014567858307
-1.21998102259906,-4.256150607192456,0.00014520366676
-1.214672703470752,-4.256150371096685,0.00014610872313
-1.2094016466995243,-4.256149327304854,0.00014556353563
-1.2039692707268723,-4.256151974062712,0.00014469544112
-1.1985184838023775,-4.256150085296541,0.00014455213386
-1.193236868734092,-4.256150147427008,0.0001482359221
-1.1879255671070916,-4.256149774644211,0.00014808501874
-1.1826245595051126,-4.2561519864888036,0.00014658141299
-1.1773506838321668,-4.256147525521337,0.00014685760834
-1.1719219447461071,-4.256151936784431,0.00014783143706
-1.1665487782939101,-4.256152160454107,0.00014693051344
-1.1612806536838438,-4.256149389435322,0.00014905101852
-1.1559846672505487,-4.2561496752354655,0.00014944269788
-1.150711269784145,-4.256146295338111,0.00014826894039
-1.145466917072938,-4.256151539149447,0.00014280308096
-1.139923144144909,-4.256147401260405,0.0001430712291
-1.134547448231795,-4.256146469303414,0.00014364495291
-1.1292865973949116,-4.256151998914898,0.0001433025609
-1.123968235929234,-4.2561494764179715,0.00014394629397
-1.1187168611324991,-4.256148681148007,0.00014522939455
-1.1134581244719026,-4.256151526723356,0.00014815675968
-1.1080268685093093,-4.256149004226432,0.00014813715825
-1.10274769481126,-4.2561496752354655,0.00014695205027
-1.0975114967800224,-4.2561467302513725,0.00014681645553
-1.092230221490069,-4.2561478485997615,0.00014639693836
-1.08701745557936,-4.2561473888343135,0.00014608474157
-1.0817243383853137,-4.2561509054186955,0.00014708196977
-1.0762387556427413,-4.256150557488084,0.00014830706641
-1.0710079185585215,-4.256151253349303,0.00014919323439
-1.0657714562552472,-4.256146978773235,0.000147979139
-1.060503709176661,-4.256146854512304,0.00014764953812
-1.055294101946002,-4.2561455870507965,0.00014728377573
-1.0499921253465574,-4.256146916642771,0.00014717092563
-1.044610904889453,-4.256149787070306,0.00014614015527
-1.0393803320772679,-4.256151800097404,0.00014637650747
-1.0341273087264031,-4.256149538548439,0.00014687293151
-1.0288572964589366,-4.256146866938399,0.00014606610057
-1.0236230490070133,-4.256149911331237,0.00014541343262
-1.0182384307665886,-4.256151837375686,0.00014607633057
-1.0128508929493838,-4.256150321392313,0.0001480741339
-1.0076000718654867,-4.256147687060549,0.00014813509188
-1.0023076090593386,-4.2561519864888036,0.00014818269119
-0.9970375338699596,-4.25614915333955,0.00014843643294
-0.9918039911434653,-4.25615109181009,0.00014830238069
-0.9863809905359018,-4.256152570515186,0.00014778175682
-0.9810914095533859,-4.2561477864692945,0.00014875373745
-0.9758748557434933,-4.256149836774678,0.00014739479229
-0.970621253511026,-4.256149948609514,0.0001437820174
-0.9654209461391582,-4.256149985887796,0.00014321693743
-0.9715101891339377,-4.263288900704025,0.00014395399194
-0.9771190988266572,-4.26328795632094,0.0001436684106
-0.9825387771571961,-4.26328764566861,0.00014383810048
-0.9880420032042699,-4.263286490041943,0.00014188833302
-0.9934985537760257,-4.263287322590188,0.00014211305825
-0.9988151156749818,-4.26328489950201,0.00014396577899
-1.0041471563646196,-4.263286949807391,0.00014454340271
-1.0094462133872841,-4.263287397146747,0.00014424536494
-1.0147061707329996,-4.263289584139153,0.00014388219279
-1.02016769213591,-4.2632866888594325,0.00014352631115
-1.0254750548511353,-4.263289335617287,0.00014350921265
-1.0307117436732967,-4.263290280000373,0.00014688250667
-1.036016891537173,-4.2632908018962885,0.00014694682613
-1.041267347673973,-4.263288627329977,0.00014585381723
-1.046551857150274,-4.26329134864439,0.00014778789773
-1.052000844508046,-4.263290627930984,0.00014851203014
-1.0572692963120613,-4.2632903172786545,0.00014848545834
-1.0625264473404419,-4.263290528522239,0.0001485319226
-1.0678276562925433,-4.263291522609694,0.00014809390996
-1.0730705869685073,-4.263288764016999,0.00014817941701
-1.0784327924234018,-4.263287782355636,0.00014800691861
-1.0838929043754524,-4.263289733252272,0.0001462019718
-1.0891129943968754,-4.263291298940017,0.00014619644207
-1.0943601785941819,-4.2632902302960005,0.00014640926383
-1.0996218474159398,-4.263292877053855,0.00014272026601
-1.1048547860920652,-4.263290130887255,0.00014274685236
-1.1101897589428644,-4.263291609592348,0.00014560166164
-1.1155428281359407,-4.263285495954484,0.00014462450054
-1.1207747097239236,-4.263293187706188,0.00014903154806
-1.1260267011554086,-4.263288950408398,0.00014924544666
-1.1312664983200889,-4.263287695372982,0.00014852601453
-1.1364738781150172,-4.2632871983292535,0.0001488160633
-1.1418703130907684,-4.263291311366112,0.00014625827316
-1.14721992157861,-4.263285769328533,0.00014852492313
-1.1523862385328913,-4.263288937982307,0.00014663246111
-1.1575967392547202,-4.263287459277211,0.00014590502542
-1.1627995509187385,-4.2632884036602965,0.00014865961566
-1.167986405585535,-4.263285421397925,0.00014528380416
-1.1733361021640556,-4.263287086494417,0.00014577478578
-1.1786262620281738,-4.263286241520077,0.00014656604617
-1.1838109395967689,-4.263285682345884,0.00014578092669
-1.1890327159254679,-4.26328856519951,0.00014496569929
-1.1942356030957835,-4.263289981774138,0.0001445756352
-1.1994204694301176,-4.263290043904601,0.00014449836453
-1.2048050247486282,-4.26328991964367,0.000145161408
-1.210086149025992,-4.26328795632094,0.00014459677914
-1.2152373773054534,-4.263291075270341,0.00014384833048
-1.2204299830351293,-4.263290242722095,0.00014379950881
-1.2256127729463224,-4.263290503670053,0.00014381096116
-1.2307755788578383,-4.263288043303594,0.00014414699399
-1.2361025102881131,-4.263289124373702,0.00014385778923
-1.2413610959361183,-4.263290441539586,0.00014445083798
-1.2465006207396985,-4.263286601876779,0.00014446279965
-1.2516792578046114,-4.263288689460441,0.0001432923018
-1.2568426300133482,-4.263289149225892,0.00014278272283
-1.2619861063130864,-4.263287210755348,0.00014323748474
-1.26726293931596,-4.263291969949051,0.00014429645671
-1.2724916496395093,-4.263290366983027,0.00014492183982
-1.2776089881764465,-4.263286552172406,0.00014458448277
-1.2827597382493676,-4.263286092406958,0.00014418931096
-1.2879025349924416,-4.263288055729689,0.00014772359282
-1.2930195463354295,-4.2632860178504,0.00014699403255
-1.298264377253177,-4.263288689460441,0.00014691508841
-1.30351994264934,-4.263289124373702,0.00014599107089
-1.3086331157556135,-4.263290603078798,0.00014633835235
-1.3137711178488922,-4.263290267574281,0.00014596842811
-1.318913146944623,-4.263289360469473,0.00014525372535
-1.3240452847155786,-4.2632866888594325,0.00014668534277
-1.329299075713785,-4.26328806815578,0.00014671449026
-1.334624006227216,-4.263290217869909,0.00014794484014
-1.3397363613486153,-4.263289832661017,0.00014630537771
-1.344857814978685,-4.26328867703435,0.00014794142044
-1.3500076589760546,-4.263289211356356,0.00014666815696
-1.3551125767272965,-4.263287546259865,0.00014669311349
-1.3602902070415974,-4.263288701886536,0.00014689583622
-1.3655795489208415,-4.2632921190621715,0.00014477901277
-1.3706811066419127,-4.263289621417432,0.00014567139442
-1.3757753150835055,-4.263287906616568,0.00014639829169
-1.3809250835745777,-4.263293336819307,0.00014722443302
-1.3860226394619615,-4.263290540948331,0.00014682125766
-1.3911770390058544,-4.263290329704746,0.00014544749865
-1.3966102958852933,-4.263288838573558,0.00014507788001
-1.4017838362752264,-4.263290342130841,0.00014666579955
-1.4068629686263823,-4.263290466391772,0.00014510987967
-1.4120189538024928,-4.263290814322383,0.00014504160208
-1.4171269547274892,-4.263290491243958,0.00014522930724
-1.4222315201160174,-4.263290764618011,0.00014583636948
-1.42750919627253,-4.263290789470197,0.00014807989646
-1.4327064204706432,-4.263287571112051,0.00015013427765
-1.4378138173452726,-4.263290578226612,0.00014899522648
-1.4429579857860586,-4.263289261060729,0.00014860990632
-1.4480994234158038,-4.263287981173127,0.00014690884564
-1.4532267161994314,-4.263286937381296,0.00014671403915
-1.4585123456857894,-4.263287521407679,0.00014805870887
-1.4638207151516283,-4.263289683547899,0.00014940513938
-1.457719504408931,-4.270364765523254,0.00015168194659
-1.4520140473323826,-4.270365821741176,0.00011868235742
-1.4465467371134448,-4.270365225288702,3.8369338262e-10
-1.441077350471366,-4.270362503974289,0.00015199248446
-1.435661321611801,-4.270367076776592,0.00015064096078
-1.4302811204896932,-4.270361683852135,0.00015093390539
-1.4247141545444055,-4.270367163759246,1.9248656437e-15
-1.4192780158413365,-4.270361634147762,0.00014956849918
-1.4139307983862017,-4.270363696879238,0.000151345419
-1.4085345018386604,-4.27036405723594,0.00015200453345
-1.4031869949427227,-4.27036242941773,0.00014735675359
-1.397857773154803,-4.270364417592643,3.8363737187e-10
-1.392176616521185,-4.2703642436273395,0.00015176492161
-1.3867318323472229,-4.270365063749494,0.00014999225095
-1.3814024721310931,-4.270363932975009,0.0001476820762
-1.3760193640165885,-4.270365299845265,8.9756496891e-05
-1.370683434752707,-4.270366679141612,0.000121796249
-1.365338545408365,-4.270365212862611,0.0001450842683
-1.359828460872738,-4.270364007531568,0.00014546480088
-1.3544554580175154,-4.270364069662035,0.0001451792923
-1.3491345796753045,-4.270366517602399,1.9685524268e-15
-1.3437652137066725,-4.270365734758527,0.00014593022934
-1.3384517475658522,-4.270363684453146,0.00014588829072
-1.333114421435494,-4.270363199835509,0.0001454717567
-1.3275605180794163,-4.2703631874094174,0.00013537425548
-1.322207599898933,-4.2703631874094174,1.8250142235e-15
-1.3168998848209923,-4.2703643057578065,1.6750441095e-12
-1.3115453432551438,-4.270365337123542,0.00014442505199
-1.306245002625446,-4.270363609896584,0.00014577923866
-1.3009006166564105,-4.270362280304609,9.2921291071e-05
-1.2953959308209493,-4.270362193321959,0.00013170736202
-1.2900691504032675,-4.270364492149206,0.00014488240413
-1.2847608438593412,-4.270363870844542,0.00014495028881
-1.2794026779912835,-4.270364069662035,0.00014383398229
-1.2741018214018975,-4.270362727643966,1.9686093897e-15
-1.2687416923701442,-4.270362466696008,0.00014320599439
-1.2632312680561868,-4.270364690966696,0.00014541820565
-1.2579211745299221,-4.270361435330273,0.00014724492212
-1.2526178514015318,-4.270362292730704,0.00013340893202
-1.2472777063694558,-4.270365113453866,1.1362379475e-14
-1.2420050765503936,-4.270362305156795,3.8209316267e-10
-1.2366406059066206,-4.270362541252567,0.00014690292301
-1.2311826081308572,-4.270364852505908,0.00014694384299
-1.2258939583926591,-4.270365585645409,1.0252761232e-13
-1.2205890748008195,-4.270365535941033,0.00013702901197
-1.215267944770955,-4.270365250140888,0.00014464955893
-1.2099959693397908,-4.2703655980715,0.00014395816834
-1.204580292842941,-4.270365946002111,0.00014409027062
-1.1991012162262098,-4.270365921149925,1.9686763053e-15
-1.1938129314351085,-4.270364864932,0.00014449724404
-1.1885067013143231,-4.270362479122102,0.00014678099251
-1.1831962176721955,-4.270365324697451,0.0001474446035
-1.177921033223452,-4.270362516400381,0.000140988981
-1.1725146188322453,-4.2703621187654,9.4484064903e-05
-1.1671176804811876,-4.2703639454011,0.00014550064225
-1.1618447989744738,-4.270364827653722,0.00014731191914
-1.1565454902641559,-4.270365697480245,0.00014860760712
-1.1512621259666782,-4.270367213463619,0.00010721076978
-1.1460138972656086,-4.270362056634933,0.00014188836212
-1.1404982126796952,-4.270362553678662,0.00014731136616
-1.1350899483842363,-4.270362976165832,0.00014610905782
-1.1298211064643577,-4.2703618702435335,0.00014580808056
-1.1245076277391561,-4.270362628235221,0.00011273769633
-1.11923960380415,-4.270364392740457,0.00014934006322
-1.1139983971886116,-4.270364541853578,0.00014933614875
-1.108558533508273,-4.270363808714078,0.00014933597413
-1.1032639816946026,-4.270363833566264,0.00014842741075
-1.0980210006811073,-4.270363572618306,0.00013352262613
-1.0927337855625336,-4.270364193922966,0.00015016307589
-1.0875058303019443,-4.270365622923687,0.00014921258844
-1.0822325964325152,-4.270365349549637,0.00014955212828
-1.0767429237655748,-4.270365163158239,0.00014350323181
-1.071483759235969,-4.2703642436273395,0.00014629875659
-1.066245711300479,-4.270364479723111,0.00014483065752
-1.0609652036578672,-4.270364579131856,0.00014446904243
-1.0557517959436415,-4.2703648152276275,0.00014593309606
-1.0504624540643974,-4.270366902811289,0.00014014095359
-1.0450637664841493,-4.270364914636373,0.00014551175991
-1.039831016573763,-4.270367362576737,0.0001469621202
-1.0345760929811147,-4.270363845992355,0.00014620767615
-1.0293029472023645,-4.270366753698171,0.00014385575196
-1.0240695429040783,-4.270364864932,0.00014141597785
-1.0187033356154964,-4.270368132994518,0.0001446512324
-1.0133022192493937,-4.270366952515661,0.00014400781947
-1.008047987797793,-4.270365635349782,0.00014524362632
-1.0027661084574708,-4.270365846593367,0.00014496134827
-0.9974893887140408,-4.270365672628059,0.00014278289746
-0.9922470243352975,-4.27036517558433,0.00014414179896
-0.9868370233950298,-4.270366293932719,0.00014538926189
-0.9815154906649206,-4.27036475309716,0.00014628859935
-0.9762949727744867,-4.270367499263763,0.00014611450024
-0.9710172840335929,-4.270365846593367,0.0001425887458
-0.9658136418003171,-4.270367797490001,0.00014322983043
-0.9605970250685121,-4.270365685054154,0.00014270367683
-0.9551471693883349,-4.270366144819602,0.00014263135381
-0.9615562696373912,-4.277404408280745,0.00014270974498
-0.9671217254567568,-4.277407887586849,0.00014340312919
-0.9725572601094589,-4.27740493017666,1.9687051045e-15
-0.9779427466722872,-4.277405588759602,0.00012990234245
-0.9832753914122937,-4.2774029792800246,0.00014793348964
-0.98875344869403,-4.277405290533363,0.00014817701594
-0.9941536464001983,-4.277405178698526,0.00014780311903
-0.9994314484005358,-4.2774036378629665,1.9686024017e-15
-1.0047505397604086,-4.277407415395305,0.00014754201402
-1.0100223012570673,-4.277402022470848,0.00014748462127
-1.0152942137663152,-4.27740512899415,0.00014810710854
-1.0207364055574482,-4.277405601185693,0.00014536119124
-1.0260079908727473,-4.277403476323753,1.0400009846e-12
-1.0312423515841158,-4.277409850909574,0.00014575714886
-1.036539256677344,-4.277406234916448,0.00014608750644
-1.0417769019125893,-4.277407378117024,0.00014592593652
-1.0470812569603558,-4.277407750899822,0.0001161547334
-1.0525255629277777,-4.277406533142687,0.00012672231242
-1.0577775417748796,-4.27740751480405,0.00014644386829
-1.0630402551003986,-4.277406632551433,0.00014670980454
-1.0683297479922356,-4.277407489951864,0.00014452682808
-1.073588245549562,-4.277405862133651,9.5715913631e-05
-1.0789728763743698,-4.277405576333507,0.00014686120267
-1.084411871732303,-4.277403376915009,0.00014526674931
-1.0896358754967361,-4.277407800604195,0.00014643407485
-1.0948955434016485,-4.277404979881032,0.00014544664009
-1.1001624599109792,-4.27740874498728,0.00011601290316
-1.105397965801171,-4.277407962143407,0.00014495491632
-1.110756987407249,-4.277407117169067,0.00014534426737
-1.1161047711596046,-4.277408732561185,0.00014587481564
-1.1213392325460334,-4.277407030186413,0.00014489293972
-1.1266028393627225,-4.277407266282184,0.00013481403585
-1.1318441340689398,-4.277405874559745,0.00014556595124
-1.1370583723524212,-4.277404507689489,0.00014578756236
-1.1424963609597427,-4.277403165671424,0.00014591353829
-1.1478146846722725,-4.277404718933075,0.00014038616791
-1.152992189142745,-4.277407216577812,0.00014594747336
-1.1582243098339982,-4.27740975150083,0.00014560356794
-1.1634329606515745,-4.2774057875770914,0.00014615101099
-1.1686260320034076,-4.277404520115584,0.00014552488574
-1.1740201514527475,-4.277403426619381,0.00014055805514
-1.1792949457856294,-4.277405700594442,0.00014370735153
-1.184481410336561,-4.27740330235845,0.00014367551194
-1.1897335150274913,-4.277408036699966,0.00014589756029
-1.1949382521020575,-4.277405762724905,0.00014581395953
-1.2001290708493952,-4.277408061552152,0.00014376692707
-1.2055595214114974,-4.277404395854653,0.00014517748787
-1.210817930878143,-4.277408732561185,0.00014412407472
-1.21597318616006,-4.277404917750569,0.00014369687415
-1.2211966739648015,-4.277409875761761,0.00014378660126
-1.2263831007625867,-4.2774117023974645,0.00014414092584
-1.231550298623655,-4.277406508290501,0.00014539017866
-1.236921690677897,-4.277408459187136,0.00014442198153
-1.2421632370717677,-4.277407713621541,0.00014619773719
-1.247306436515088,-4.277409826057388,0.0001463987137
-1.25251214258712,-4.277407688769355,0.00014656769054
-1.2576798438234948,-4.27741118050155,0.00014655070845
-1.2628318019971516,-4.277408310074015,0.00014664695482
-1.268152227301587,-4.27740995031832,0.0001450390846
-1.2733650938873564,-4.277408707708999,0.00014579664276
-1.2784899956382774,-4.277407875160753,0.00014552017092
-1.2836544123507754,-4.27740593669021,0.0001444574882
-1.2888011228368597,-4.277408359778388,0.00014470522001
-1.2939247913182783,-4.27740986333567,0.00014699043822
-1.299211868008644,-4.277407489951864,0.00014722833293
-1.3044339715312918,-4.277410782866566,0.0001469583076
-1.3095557649396936,-4.27741118050155,0.00014623701281
-1.3147117123626564,-4.27740812368262,0.00014688953524
-1.3198582718361491,-4.277408024273871,0.00014727206144
-1.324998614624602,-4.277409179900542,0.00014708709205
-1.3303070721811199,-4.277408720135094,0.0001466384274
-1.3355901973753272,-4.27740616035989,0.00014715502039
-1.3407069696150433,-4.277407639064982,0.00014703409397
-1.34584930073596,-4.277406421307847,0.00014842195378
-1.3509941990709398,-4.277407813030286,0.00014765110973
-1.356118836549824,-4.277410024874882,0.00014641096641
-1.361339958490625,-4.277407067464694,0.00014809664572
-1.366602759906823,-4.277406334325193,0.00014730106341
-1.3717101190283045,-4.277408285221829,0.00014772904979
-1.3768217945930392,-4.277409005935238,0.00014699609892
-1.3819720790438015,-4.277408247943551,0.00014689125237
-1.3870709940445123,-4.277402370401456,0.00014785474923
-1.3922951110683888,-4.277405116568059,0.00014784492669
-1.3977325711316373,-4.277404942602755,0.00014781908249
-1.402835890666282,-4.277409801205202,0.00014945154544
-1.407934730160697,-4.277407117169067,0.00014946141164
-1.4130908537650158,-4.277407738473727,0.00014991220087
-1.4181989679494573,-4.277407738473727,0.00015001698921
-1.423331420329979,-4.277408831969931,0.00014904230193
-1.4286299613929538,-4.277410173988,0.00014930301404
-1.4337917479694748,-4.2774077260476355,0.00015001003339
-1.438889744310251,-4.277408881674303,0.00014996092068
-1.4440564639647773,-4.277408359778388,0.0001483054948
-1.4491910934435002,-4.277406259768634,0.00014674229897
-1.454315655416089,-4.277404656802611,0.00014877668582
-1.4484247926296896,-4.284543472210096,0.00014944112627
-1.4428222758033644,-4.284546205950604,0.00014924212883
-1.4373189994187612,-4.284543124279485,0.0001477823389
-1.4318989435567424,-4.284546143820137,0.00014679637388
-1.4263645711625663,-4.284544540854113,0.00014742431813
-1.4208425943853191,-4.284542316583425,0.00014997557446
-1.4154630602354907,-4.284541446756898,0.00014978302352
-1.410074352070698,-4.284541409478621,0.00014913435734
-1.4047028090038647,-4.284542092913745,0.00014673774422
-1.3993706550547835,-4.28454631778544,0.00014614754764
-1.3937732978253539,-4.2845459698548325,0.00014709883544
-1.388226089360855,-4.284541645574392,0.00014909029414
-1.3828759271601754,-4.284543434931814,0.00014873953478
-1.3775127275390506,-4.284542490548729,0.00014817601186
-1.3721544106584018,-4.2845442799061555,0.00014829174324
-1.3668225461501218,-4.284546280507163,0.00014716623991
-1.3613426012109853,-4.284545423106731,0.00014857228962
-1.355917599686578,-4.2845459698548325,0.00014573030057
-1.3505885540800142,-4.284543820140704,0.00014477637887
-1.3452358498340367,-4.284542987592458,0.00014628654753
-1.3399025632905137,-4.284540663913025,0.0001452256256
-1.3345938162931947,-4.284546379915908,0.00014435648336
-1.3290698134303374,-4.2845452864197044,0.00014585889585
-1.3236451516842624,-4.284544491149736,0.00014585493773
-1.3183322770094277,-4.28454457813239,0.00014277236187
-1.3129877903653302,-4.2845447148194165,0.0001440369233
-1.3076657039223833,-4.284543869845076,0.00014701386681
-1.3023682199475533,-4.284543285818697,0.00014567980543
-1.2968661390793026,-4.284545795889525,0.00014483706036
-1.2914836224307835,-4.284543770436331,0.00014517124509
-1.286181985609671,-4.2845464544724665,0.00014584754535
-1.2808172632782449,-4.284546553881212,0.00014366368123
-1.2754987633843573,-4.284544789375976,0.0001429108961
-1.270187033888346,-4.2845459077243655,0.00014308220125
-1.2646778302595059,-4.284546988794477,0.00014260307944
-1.2593053937015024,-4.284545858019992,0.00014265568461
-1.2540033541801454,-4.284547274594621,0.00014227803331
-1.2486562751532204,-4.284544926063002,0.00014264488709
-1.2433611696267122,-4.284545721332966,0.00014220227604
-1.2380450985186813,-4.284549436734841,0.00014604841999
-1.232564184582079,-4.28454765980351,0.00014324663789
-1.2272409403759257,-4.284551611301153,0.00014355033636
-1.2219508560181032,-4.284549560995773,0.00014552393986
-1.21661086199862,-4.2845477964905365,0.00014487955195
-1.2113352496808654,-4.284545957428738,0.00014442051179
-1.20598161419057,-4.284544391740992,0.00014382132213
-1.200441654330489,-4.284544304758342,0.00014452020696
-1.195142194607578,-4.284547672229602,0.00014319112233
-1.189841702965289,-4.284543335523069,0.00014672438556
-1.1845012810767948,-4.2845435716188405,0.0001497608755
-1.1792247500991055,-4.284545510089381,0.00014775528689
-1.1738615001404515,-4.28454210533984,0.00014728069073
-1.1684105244502159,-4.284544006532102,0.00014717603335
-1.1631338047067876,-4.284546243228881,0.00014562511933
-1.1578413041474933,-4.28454580831562,0.00014615815599
-1.152534595820166,-4.284543273392602,0.00014792906586
-1.1472838502425646,-4.284543236114324,0.0001481166255
-1.1418407146227323,-4.284541247939408,0.00014577314141
-1.1363609458649535,-4.284543248540416,0.00014705503418
-1.1310753163785956,-4.284543087001203,0.00014845535043
-1.1257757559806243,-4.284539843790874,0.00014984940935
-1.1204889309779122,-4.284542888183713,0.00014880250092
-1.1152379085438928,-4.284543633749305,0.00014851456217
-1.1098449342733745,-4.284541757409229,0.0001453597506
-1.1044899145009854,-4.284541185808941,0.0001444156369
-1.099236752721911,-4.2845394834341715,0.0001445828093
-1.093957138570469,-4.284540763321774,0.00014411240409
-1.0887091489726712,-4.2845417077048555,0.00014621927403
-1.0834848054299078,-4.284544615410671,0.00014701741748
-1.0779984172868442,-4.284537644372373,0.00014728216047
-1.0726658102999873,-4.284541434330807,0.00014689337695
-1.0674345453467564,-4.284542888183713,0.00014787750843
-1.0621435674977637,-4.2845406514869335,0.00014746839588
-1.0569127933354565,-4.284545236715332,0.00014731446572
-1.0516614940450173,-4.284541210661127,0.00014542780991
-1.0462439928126799,-4.284541173382849,0.00014628711506
-1.0409867662780035,-4.28454261480966,0.00014575726527
-1.035741280972358,-4.284540291130231,0.00014644047769
-1.0304476100654758,-4.284541496461271,0.0001460762287
-1.0252205357116715,-4.2845422793051435,0.00014460946841
-1.0199041374096915,-4.284542925461994,0.00014515462681
-1.0144589757042493,-4.284541061548009,0.00014393495803
-1.0092001635373573,-4.284544006532102,0.00014370282588
-1.0039216190584412,-4.284545485237195,0.00014480322716
-0.9986308299751896,-4.284545671628594,0.00014669616939
-0.9933826264428864,-4.284542801201059,0.00014470190217
-0.9880096487564303,-4.284543584044933,0.00014371682482
-0.9826397290749606,-4.28454560949813,0.0001449049596
-0.9773980064997322,-4.2845400177561785,0.00014528175234
-0.9721293281768282,-4.284541359774248,0.0001484160457
-0.9668938977929337,-4.284544528428018,0.00014493218623
-0.9616884434085551,-4.284544130793034,0.00014521603589
-0.9562623847960035,-4.284546081689669,0.00014582811855
-0.9509760379998334,-4.284546603585585,0.00014700298198
-0.945795488108754,-4.284544130793034,0.00014572513464
-0.9519389823772154,-4.291618914542155,0.00014220275625
-0.957717051341761,-4.29161705062817,0.00014327485405
-0.9633047437653027,-4.291617000923797,0.00014483039558
-0.9686548052909201,-4.291618492054984,0.00014271476539
-0.9740247753099208,-4.291617174889101,0.00014411332086
-0.9793409219242492,-4.29161778376767,0.00014382803056
-0.9846459187755323,-4.291619660107746,0.00014569744235
-0.9901369631401831,-4.2916168890889566,0.00014455842029
-0.9954610504999736,-4.291616988497705,0.00014470097085
-1.0007295778102863,-4.291618715724661,0.00014435921912
-1.0060353800620605,-4.291619995612263,0.00014293043932
-1.0112860878865142,-4.29161716246301,0.00014289196406
-1.0165907197907005,-4.291618392646239,0.00014565348101
-1.022021560468666,-4.2916198962035175,0.00014455741621
-1.0272389574321976,-4.291617721637202,0.00014566812024
-1.032478188299657,-4.291620119873194,0.00014545870363
-1.0377586204359732,-4.291617125184728,0.00014469445159
-1.0429986189507776,-4.291618939394341,0.00014532938076
-1.0483442130205487,-4.29161952342072,0.00014354678569
-1.0537442219609763,-4.291619212768389,0.0001448533294
-1.0589922744806881,-4.291617187315196,0.00014333952277
-1.0642705924407154,-4.291619573125092,0.00014373118756
-1.0695514776148072,-4.29161879028122,0.00014327450481
-1.0748003732881564,-4.291620455377714,0.00014333652507
-1.0802357443438821,-4.291618032289536,0.00014427576389
-1.0856131517330385,-4.291620331116779,0.00014565435413
-1.090830737462311,-4.291617833472042,0.00014708837261
-1.0961029645811267,-4.2916181192721865,0.00014720312902
-1.101354314209097,-4.291620219281943,0.00014669283701
-1.1065881589607738,-4.291617510393621,0.00014715771249
-1.1120009410496117,-4.291618243533118,0.00014674747945
-1.1173069068983605,-4.291619597977279,0.00014735356672
-1.122534497211853,-4.291619908629612,0.00014697782171
-1.1278155585673026,-4.291619225194484,0.00014743709471
-1.1330489880343533,-4.291622157752483,0.00014683383051
-1.13828197704801,-4.291617398558781,0.00014688973897
-1.143764287851087,-4.291619597977279,0.00014668086078
-1.1490167826578805,-4.291618392646239,0.00014803232625
-1.1541974332240201,-4.291615435236051,0.00014896890207
-1.159443308645529,-4.291621002125816,0.00014906855358
-1.1646399162088938,-4.291616180801646,0.00014835967158
-1.1698698975550932,-4.291615385531678,0.00014738355821
-1.1752711775181706,-4.291616839384584,0.00014649615332
-1.1805038141691118,-4.291618193828746,0.00014750586706
-1.1857025107399992,-4.291617560097993,0.00014758949692
-1.1909489902118768,-4.291621076682374,0.00014605736942
-1.1961476112764668,-4.291620107447103,0.00014466133143
-1.2013856843807216,-4.291619672533841,0.00014556899259
-1.2068179974314592,-4.291619709812119,0.00014219289005
-1.2120120629495226,-4.291619473716348,0.00014447375725
-1.2171790720448514,-4.291617485541434,0.00014576710237
-1.2224049760510662,-4.291615248844652,0.0001474966557
-1.2275828832217852,-4.291616280210391,0.00014509602624
-1.2327909551577594,-4.291621126386747,0.00014797005861
-1.2381616299021876,-4.291618144124373,0.00014459014346
-1.2433508630173076,-4.291617100332542,0.00014358171029
-1.2485042432262057,-4.291617908028601,0.00014439657389
-1.2537121138120575,-4.291617249445663,0.000143979516
-1.2588699111392727,-4.291620293838502,0.00014347091201
-1.2640516817154692,-4.291617696785016,0.00014414456382
-1.2693855723093592,-4.2916169760716105,0.0001458816696
-1.2745482901301979,-4.291619933481798,0.00014558558178
-1.2796727010901936,-4.291617970159069,0.00014534541697
-1.2848554154950929,-4.291617286723941,0.00014524864673
-1.2899917186967105,-4.29161840507233,0.00014398880012
-1.2951312183315244,-4.291619958333985,0.000144796315
-1.300455230185021,-4.291620244134129,0.00014617391571
-1.3056386996528786,-4.2916176098023655,0.00014538729738
-1.3107511302805752,-4.291616789680211,0.00014462906984
-1.31593024555203,-4.291619846499145,0.00014421575179
-1.3210695941742525,-4.291618442350612,0.00014494343486
-1.3262099243783239,-4.291619684959932,0.00014437973732
-1.3315696003723017,-4.291619871351331,0.00014435390767
-1.3367954037034544,-4.29162064176911,0.00014760128397
-1.3419101750263267,-4.2916176098023655,0.00014849206491
-1.3470645997389878,-4.2916163796191364,0.0001426164963
-1.3521993298927713,-4.291619461290256,0.0001434234
-1.3573215260014178,-4.291617348854408,0.00014375837054
-1.3625846671959478,-4.291617237019568,0.00014558545081
-1.3678041279982374,-4.291619349455416,0.0001463174558
-1.3728985503743356,-4.291617995011255,0.00013660537661
-1.3780257928204305,-4.291616839384584,0.00014602897863
-1.3831535638106005,-4.291616913941143,0.00014680848108
-1.3882671270327371,-4.291617808619856,0.00014655251289
-1.3935696070074868,-4.291617870750324,0.00014653091785
-1.3989396273640167,-4.291620045316636,0.00012608335237
-1.4040330429895016,-4.2916197470904,0.00014722927881
-1.4091391814258643,-4.291617796193765,0.0001468766859
-1.4142885849698397,-4.291619883777423,0.00014715256111
-1.4193906083130696,-4.291616180801646,0.00014688876399
-1.4245658350102788,-4.29161963525556,0.00011303179781
-1.4298653702394855,-4.291618554185452,0.00014925321739
-1.4349846090182041,-4.291617100332542,0.00014916532382
-1.4400955421043637,-4.291618044715627,0.00015089139924
-1.4452689566504702,-4.291617870750324,0.00015000777785
-1.439320923013609,-4.298686727252976,0.00014915390057
-1.4337478536427286,-4.298686255061433,0.00014861168165
-1.428210763021895,-4.298683807121069,0.0001468375267
-1.4225803969567277,-4.298683210668595,0.00013581446547
-1.4171758450541547,-4.298684428425729,0.00014684427879
-1.4117749174537928,-4.298687137314052,0.00014533837384
-1.4063470466901367,-4.298684776356341,0.00014731362171
-1.4010024971241268,-4.298685149139135,0.00011599806749
-1.395501020306245,-4.298682365694254,0.00014765963715
-1.3898387402466288,-4.298685111860857,0.00014709598327
-1.3844871811794728,-4.298685608904586,0.00014681078028
-1.3791265865255622,-4.298687659209967,0.00014649315563
-1.3737500852119573,-4.2986833225034315,2.894491081e-05
-1.3684225874844616,-4.2986869633487474,0.00014583102893
-1.3629909791591546,-4.298685894704731,0.00014677998843
-1.3575065541797886,-4.29868400593856,0.00014665725757
-1.3521771687948925,-4.298687037905307,0.00012060497102
-1.346831750906479,-4.298687398262009,0.00012300100934
-1.3414817019652432,-4.298687112461865,0.00014443224063
-1.336175232741186,-4.298687249148891,0.00014710788673
-1.3307224071466994,-4.298682241433323,0.00014637911227
-1.3252207667318432,-4.298687025479212,1.9685763555e-15
-1.3199075900318258,-4.298686056243939,0.00014631898375
-1.3145743915789816,-4.298687746192621,0.00014549319167
-1.3092327867585165,-4.298685223695694,0.00014598798589
-1.3039282429450072,-4.298687274001078,0.00014740678307
-1.2984842767559193,-4.298685695887237,1.9687807022e-15
-1.2930365100832664,-4.2986874479663815,0.00014775984164
-1.2877205396502958,-4.298688330219,0.00014828672283
-1.2823853276962247,-4.298688665723517,0.00014756096061
-1.27704646627118,-4.298683334929526,0.00010098221537
-1.2717360077978186,-4.298687733766526,0.0001152615223
-1.2662741592009592,-4.298684490556194,0.00014481956896
-1.26084995049266,-4.298686615418136,0.00014324065705
-1.2555332879186416,-4.298689547976134,0.00014299168834
-1.2502046450123243,-4.298689697089256,1.9686909167e-15
-1.2448875545692968,-4.298683160964222,0.00014432841272
-1.2395913667858793,-4.298689249749899,0.0001432881254
-1.2341376225314584,-4.29868701305312,0.00014483844279
-1.2287564775806497,-4.298690790585459,0.00014294721768
-1.2234628821800633,-4.298688678149611,2.095917637e-14
-1.2181237438986006,-4.298686105948316,0.00014384055976
-1.2128245862008737,-4.298688230810255,0.00014578927949
-1.2075391454802569,-4.29868585742645,0.0001450079435
-1.2019983550509201,-4.298689411289112,0.00010022625793
-1.1966222564375602,-4.298690455080942,0.0001057085683
-1.1913330278177596,-4.2986886160191435,0.00014679746528
-1.1859859362064513,-4.298688976375846,0.00014486390864
-1.180693045531294,-4.2986886408713305,0.00014559380361
-1.1753777924081357,-4.298686081096125,1.9686771524e-15
-1.1698940847385801,-4.298690678750619,0.00014430149167
-1.164586545841997,-4.298687572227313,0.00014515564544
-1.1593054970709307,-4.298689050932405,0.00014513550559
-1.153976237529863,-4.298687696488244,0.00014633670799
-1.1487162801841477,-4.2986849875999225,1.9419608862e-15
-1.1433580388097946,-4.298685596478491,0.00014879656374
-1.1377926710811077,-4.298689137915059,0.00014955685765
-1.1325111944410302,-4.298687410688101,0.00014834180183
-1.1272231739219656,-4.298686503583296,0.00010505990213
-1.1219165788540815,-4.298686230209247,9.7721276688e-05
-1.1166612777299552,-4.298685434939279,0.00014921606635
-1.1113149915191363,-4.298686528435482,0.00014893455955
-1.1059003091885167,-4.29868855388868,0.00014784724044
-1.1006459393087062,-4.298684155051677,1.9684810643e-15
-1.0953777391923443,-4.298686453878924,0.00014435290359
-1.0901133018063995,-4.298688566314771,0.00014414275938
-1.084879557729783,-4.298686453878924,0.00014528693282
-1.0794629877417632,-4.298689423715203,0.00014543115685
-1.074062651607385,-4.298690753307178,5.4385700587e-13
-1.0688218099389433,-4.29868362072967,0.00014708189701
-1.063543114447436,-4.298685323104443,0.00014674394333
-1.058291261444159,-4.298688976375846,0.00014688394731
-1.0530679875739215,-4.298685944409103,0.00011972572975
-1.0476637376965348,-4.2986850124521085,1.8429884744e-15
-1.0423520459536713,-4.298686565713764,3.8272501834e-10
-1.037118968849334,-4.298683757416696,0.0001456043974
-1.031821119927407,-4.298687286427169,0.00014423839457
-1.0265761379970664,-4.298684652095406,8.5061430582e-05
-1.0213096619411302,-4.298682862737984,0.00013635143114
-1.0158427670068204,-4.298686491157205,0.00014579830167
-1.0105461387700103,-4.298687721340435,0.00014403399837
-1.005281575540239,-4.298684453277915,0.00014534813818
-0.9999591619033431,-4.29868636689627,1.9686263304e-15
-0.9947146959326923,-4.2986831982425,0.00014517942327
-0.9893848449256375,-4.298683521320925,0.00014236260904
-0.9839509336583026,-4.298684391147448,0.00014143239241
-0.9786997979648379,-4.298683111259846,0.00013226448209
-0.9734351592287707,-4.298686727252976,1.9687260685e-15
-0.9681715398276984,-4.298685385234906,3.2599981742e-12
-0.9629533752168253,-4.29868721187061,0.00014351015852
-0.9575672846036266,-4.298684217182144,0.0001426256058
-0.9521997433704823,-4.298686602992041,9.5732750196e-05
-0.9470035385073655,-4.298686068670034,0.000117279611
-0.9418033821480889,-4.298682626642212,0.00014313185238
-0.9366176978288822,-4.298686031391753,0.00014421792002
-0.9428124357035682,-4.305841385929318,0.0001436490129
-0.9484653152293295,-4.305836253952817,0.00014446230489
-0.9539189839774549,-4.305838403666943,0.00014471534814
-0.9595616575688738,-4.305838875858486,0.00014233819093
-0.9649667254311347,-4.3058385527800604,0.00014340999769
-0.9702737357836465,-4.30583670129217,0.00014277306036
-0.9756225892085281,-4.305838440945224,0.00014615156397
-0.9808998123272631,-4.305837285318553,0.0001455390593
-0.9862324193141216,-4.305839820241571,0.0001455637539
-0.9916895235987152,-4.305837533840416,0.00014578168339
-0.9969415276145834,-4.3058374592838575,0.00014553892834
-1.0022148621590745,-4.3058388510063,0.00014449877199
-1.0074973581341486,-4.305839683554545,0.00014361785725
-1.0127389296967857,-4.305841472911967,0.00014121978893
-1.0180888402098118,-4.305842106642723,0.00014157481201
-1.0234478492315082,-4.305840342137487,0.00014304879005
-1.0286624147089387,-4.30584264096473,0.00014370890858
-1.033924297465202,-4.305838018458054,0.00014279509196
-1.039186897531276,-4.3058393480500285,0.00014250454842
-1.0444259018798485,-4.305839484737055,0.00014272792032
-1.0498342668503695,-4.3058403172853,0.00014243288024
-1.0551828811719808,-4.305840068763434,0.00014364790695
-1.0604306694196561,-4.305842355164586,0.00014428018767
-1.065732973213048,-4.30583750898823,0.00014521619596
-1.0710066223671069,-4.3058399196503165,0.00014530432236
-1.0762713995313837,-4.305840155746088,0.00014554955123
-1.0817770166111629,-4.305839111954257,0.00014592557272
-1.0870773949940067,-4.3058385527800604,0.00014599223505
-1.092308307584524,-4.3058432125650175,0.00014484547137
-1.0976047470555947,-4.3058415474685265,0.00014674024715
-1.1028490620136524,-4.305842230903655,0.00014525555889
-1.1081275561550374,-4.305839708406731,0.00014857875067
-1.1135576417700428,-4.30584020545046,0.00014991103671
-1.1188095073577011,-4.305841982381792,0.00014978968829
-1.12405929652222,-4.305841050424798,0.00014938758977
-1.1293436675703112,-4.305841870546952,0.00014869908046
-1.134562260050197,-4.305840217876552,0.00014804898819
-1.1398797028559382,-4.305841659303367,0.00014688186639
-1.1453613718555005,-4.3058399196503165,0.00014677068975
-1.1505385617164072,-4.305840839181216,0.00014544332225
-1.155743802166282,-4.305839534441428,0.00014592787193
-1.1609921441267934,-4.30583862733662,0.00014500541147
-1.1661906645163231,-4.305836750996543,0.0001457282051
-1.1714845996952419,-4.305836912535756,0.00014541760902
-1.1768678965754855,-4.3058415474685265,0.00014681000903
-1.182074156360357,-4.305841199537919,0.00014762987848
-1.187292648165179,-4.305839932076408,0.00014672096586
-1.1925333765741772,-4.305840839181216,0.000147160099
-1.1977414610945345,-4.305840851607307,0.00014691737306
-1.2030638243938994,-4.305841485338062,0.00014761793136
-1.208459063853298,-4.305839273493469,0.00014890401508
-1.2136290680317008,-4.305841187111824,0.00014927150914
-1.218820025207245,-4.3058410131465195,0.00014897329675
-1.2240363273294843,-4.30583904982379,0.0001486633555
-1.2292214831046195,-4.305838391240852,0.00014889657905
-1.2345049858303072,-4.305837757510096,0.00014875539637
-1.2398457474971334,-4.30583630365719,0.00014752565767
-1.2450118882700572,-4.305838540353969,0.00014751691197
-1.2501940489621186,-4.305841311372755,0.00014670510427
-1.2553933747521377,-4.305838838580205,0.00014530585031
-1.2605574516863036,-4.305839882372036,0.00014657169231
-1.2658054161153367,-4.3058391740847215,0.00014436990023
-1.2711096201505119,-4.305841398355409,0.00014522034326
-1.2762447404201585,-4.305838192423358,0.0001438538311
-1.281394936780242,-4.305842106642723,0.00014638681023
-1.2865769967972414,-4.305841249242291,0.00014639068104
-1.2917095120996753,-4.3058409758682386,0.00014402523811
-1.2969170051540473,-4.30583936047612,0.00014404840476
-1.3022442260251232,-4.305836564605148,0.0001448605326
-1.307372538143746,-4.305838428519129,0.00014557044778
-1.3125107038339991,-4.305836763422638,0.00014340093185
-1.3176979360322756,-4.3058368876835695,0.0001442724606
-1.3228330185487742,-4.30583835396257,0.00014624124742
-1.3280467912100968,-4.305837794788374,0.00014568750339
-1.3334238084833898,-4.305836664013893,0.00014649741934
-1.33857375315582,-4.305835135604425,0.00014848799037
-1.3436952067858894,-4.305838428519129,0.00014860801457
-1.348872094621612,-4.305839907224222,0.00014975930389
-1.3539898106900288,-4.305836763422638,0.00014830862347
-1.3591445751810205,-4.305837384727298,0.000149678046
-1.364451560364766,-4.305836775848733,0.00014730010298
-1.3696058718179818,-4.305837248040272,0.00014580728021
-1.3746983436147657,-4.305839335623934,0.00014547380852
-1.3798562919545738,-4.305836514900776,0.00014643908071
-1.3849785887382806,-4.3058369746662235,0.00014672261022
-1.3900925294918973,-4.305838590058341,0.00014674413251
-1.3955163732530997,-4.305837260466367,0.00014953059144
-1.4007701768356893,-4.305841410781504,0.0001474502933
-1.4058654423654264,-4.3058397208328225,0.00014702310727
-1.4110066408919013,-4.30583670129217,0.00014739435574
-1.4161384137157587,-4.305838565206155,0.00014691114484
-1.4212488560109946,-4.305836688866079,0.00014841830125
-1.4264975503342214,-4.305839335623934,0.00015046990302
-1.4317343775845908,-4.305839310771748,0.00015143778
-1.4368512253306043,-4.305836900109664,0.00014935678337
-1.4309752372845195,-4.3129811332937935,0.00014850372099
-1.4252206004405026,-4.312978449257657,0.00014583254233
-1.4196629846915387,-4.312979903110564,0.0001454961166
-1.4142320433385112,-4.312977914935647,0.00014551464119
-1.4087758073763212,-4.312980275893361,0.00014818910859
-1.4033752698918207,-4.312980213762894,0.00014845016995
-1.3980074769710231,-4.312979903110564,0.00014798715711
-1.3922905303530975,-4.31297981612791,0.00014641744201
-1.3868101449605665,-4.31298035044992,0.00014544086298
-1.3814535143871955,-4.31297838712719,0.000147395971
-1.3760483710186389,-4.312976858717725,0.00014776211174
-1.3707023490798567,-4.312978213161886,0.00014815053146
-1.365347039866665,-4.312977330909268,0.00014754546282
-1.359814970414517,-4.31297992796275,0.0001478659251
-1.3544343540077812,-4.3129780516226734,0.00014569600171
-1.3491033326531385,-4.312978772336079,0.00014630323858
-1.3437262272891666,-4.31297827529235,0.00014594623644
-1.338407010085467,-4.312978039196582,0.00014695353457
-1.3330610762373636,-4.312980027371495,0.00014684828056
-1.3274957336774413,-4.312977927361742,0.00014654891856
-1.3221353781267993,-4.312977691265971,0.00014629639918
-1.3168138957342213,-4.31297912026669,0.00014515066869
-1.3114505702692698,-4.312980027371495,0.00014557775285
-1.3061407787681896,-4.312978349848913,0.00014556624228
-1.3007846641545067,-4.312977119665683,0.0001456499449
-1.29526745685829,-4.312977616709412,0.0001439362677
-1.2899323204105164,-4.312982574720604,0.0001437865576
-1.28461198319676,-4.312980089501963,0.00014388244017
-1.2792380365128364,-4.312980400154292,0.00014474455384
-1.2739277793895973,-4.3129794184929295,0.00014645128977
-1.268552763033148,-4.312979555179952,0.00014622375602
-1.263030559737012,-4.312978399553285,0.00014618752175
-1.2577180122561264,-4.312978287718445,0.00014637307322
-1.2523977631330487,-4.312980052223681,0.00014454843767
-1.2470528360355586,-4.31298320845136,0.00014754984295
-1.2417607004233615,-4.31297900843185,0.00014721031766
-1.2363766988176867,-4.312981916137666,0.00014793244191
-1.230909891974056,-4.3129805119891325,0.00014755013399
-1.225614018800206,-4.312981754598454,0.00014780595666
-1.220297142291684,-4.312983220877455,0.00014615357213
-1.21496761847858,-4.3129827114076305,0.00014548753097
-1.209676439279465,-4.312979145118876,0.00014698738232
-1.2042395203446712,-4.312979865832283,0.00014499915414
-1.198758417642328,-4.312980139206335,0.00014330059639
-1.1934623682871224,-4.31297706996131,0.00014333431318
-1.188133297511794,-4.312982462885768,0.0001449938427
-1.1828145081771053,-4.312981655189708,0.00014683618792
-1.1775230017840415,-4.312979629736511,0.00014737417223
-1.1720874923001057,-4.312982935077311,0.00014677799481
-1.16669470679533,-4.312977678839876,0.00014770934649
-1.161414513762284,-4.312977169370055,0.00014729202667
-1.156100355480418,-4.312975715517149,0.00014711671975
-1.150812649570919,-4.312976920848189,0.00014740414917
-1.1455470670061525,-4.3129773930397315,0.00014666933566
-1.1399996320227666,-4.312976734456794,0.00014628912322
-1.1346080168655772,-4.312981232702538,0.00014471827308
-1.129333927258126,-4.3129809966067665,0.00014723307686
-1.1240129985783838,-4.312980723232718,0.00014584869496
-1.1187561873283371,-4.312978287718445,0.00014758019825
-1.113486703604942,-4.312977989492206,0.00014912355982
-1.1080366717434071,-4.3129779646400195,0.00014962961723
-1.1027469523326832,-4.3129781634575135,0.00014996349637
-1.097501945233578,-4.312976945700378,0.00014786655083
-1.0922128927951351,-4.3129828232424705,0.00014534917136
-1.086988838693171,-4.312982152233437,0.00014916904911
-1.0816912414588973,-4.312978175883605,0.00014877579815
-1.07619092240422,-4.312978101327046,0.00014719988394
-1.070943989894567,-4.312978896597014,0.0001464659581
-1.0656914573346272,-4.312980524415224,0.00014477048535
-1.0604071366240655,-4.312977914935647,0.00014601790463
-1.0551856245674032,-4.312978088900954,0.00014693463163
-1.0498620783360655,-4.312979555179952,0.00014812397421
-1.0444737854559005,-4.3129804747108516,0.0001461206266
-1.0392322138932653,-4.312981493650496,0.00014637094864
-1.0339663293033128,-4.312978871744828,0.00014653215476
-1.0286931835245625,-4.312980698380528,0.00014555866073
-1.0234508946521133,-4.312979294231995,0.00014527545136
-1.018050130648724,-4.31298066110225,0.00014599242422
-1.0126651600455838,-4.312979915536658,0.00014636019478
-1.007404485390058,-4.3129810214589535,0.00014731442207
-1.0021110787552105,-4.312978511388121,0.00014730539988
-0.9968380965734349,-4.312978474109844,0.00014594802633
-0.9915900314693415,-4.312979406066835,0.00014507473679
-0.9861245711546562,-4.312979667014792,0.00014582222502
-0.9808101989382846,-4.312977330909268,0.00014499323152
-0.9755592016730298,-4.312979592458233,0.00014580627612
-0.9702675694361392,-4.312978026770487,0.00014361583453
-0.9650354864980341,-4.312976833865538,0.00014167153859
-0.9597434767296634,-4.312978722631707,0.00014217500575
-0.9542641987628081,-4.312981344537378,0.00014303946227
-0.9490454678547141,-4.312979642162606,0.00014365378593
-0.9438348035359108,-4.312978685353428,0.00014557126269
-0.9386160348746688,-4.312978710205615,0.00014532350178
-0.93346397602595,-4.312979778849632,0.00014539825497
-0.9282109275063205,-4.312981307259097,0.00014489723253
-0.9344693423573077,-4.320024826957671,0.00014220696175
-0.9400860795360476,-4.320017346449555,0.00014229409862
-0.9456195836078183,-4.320018166571706,0.00014232107787
-0.9510140805886382,-4.320020390842394,0.00014322744391
-0.9564881863742165,-4.320018738171994,0.00014400170767
-0.9620304114231777,-4.320014202647968,0.00014063811977
-0.9673178278918754,-4.320020204450995,0.00014194614778
-0.9726248382443854,-4.320014177795782,0.00014083943097
-0.9779189999421928,-4.320017097927689,0.00014139240375
-0.9831872503960858,-4.320015383126825,0.00014080741676
-0.9886004981070808,-4.320014948213564,0.00014249289234
-0.9939612060204366,-4.320016377214284,0.00014384342649
-0.9992136379053159,-4.320015407979012,0.00014408394054
-1.004506000036402,-4.32001856420669,0.00014288566308
-1.0097609865509627,-4.320017010945035,0.00014328415273
-1.0150061320782777,-4.320014612709044,0.00014436832862
-1.0204470276779942,-4.32001586774446,0.00014360657951
-1.025727573073754,-4.32001740858002,0.0001435878512
-1.0309563211504513,-4.320014364187181,0.00014487383305
-1.0362563471705815,-4.320014339334994,0.00014396753977
-1.0415038459774557,-4.3200150973266815,0.00014488413581
-1.0468014180429648,-4.320016849405826,0.00014434340119
-1.0522591892998412,-4.320013531638935,0.00014453034964
-1.0575236392701675,-4.3200167624231725,0.00014654190454
-1.062793374681216,-4.320017209762529,0.0001446299575
-1.0680995167113225,-4.320012624534131,0.0001454558369
-1.0733564160520497,-4.320015320996358,0.00013956389739
-1.078730576670477,-4.320014948213564,0.00014581379946
-1.0841873663455046,-4.320017980180308,0.00014512171037
-1.0894169072383098,-4.320013941700011,0.00014483626001
-1.0946818102464135,-4.32001474939607,0.00014401304361
-1.099956617163677,-4.320017532840951,0.00012690009316
-1.1051984907514967,-4.320015718631342,0.00014376638865
-1.1105622189166946,-4.320015755909623,0.00014703260968
-1.1159249025781293,-4.320019359476655,0.00014591029321
-1.12116696493169,-4.320017594971418,0.00014353117149
-1.1264326607559014,-4.320016973666758,0.0001170176547
-1.1316824247516541,-4.320019595572426,0.00014363221999
-1.1369113741784755,-4.3200127860733435,0.00014617611305
-1.1423524333751667,-4.3200202168770865,0.00014677408035
-1.1476948310117399,-4.320015420405103,0.00013008073438
-1.1528809054468114,-4.320015681353061,0.0001291223889
-1.1581184751757596,-4.320012214473052,0.0001455785241
-1.1633301462451764,-4.320015159457145,0.0001476049656
-1.1685379035715828,-4.320017010945035,0.00014888920123
-1.1739326648244393,-4.320016066561953,1.9685354861e-15
-1.1792232903107165,-4.320016228101163,0.00014970664051
-1.1844194700050688,-4.320014202647968,0.00014869080042
-1.1896744313508647,-4.320014103239223,0.00014658077271
-1.194897453533449,-4.320012226899147,0.00014642937458
-1.2000958606635335,-4.320012624534131,1.9687084926e-15
-1.2055402547216325,-4.320014401465462,0.00014805077808
-1.2108106193518142,-4.320015159457145,0.00014791407739
-1.2159712985026598,-4.3200131588561375,0.00014703413763
-1.2212031297531116,-4.320012711516781,0.00014182430459
-1.226395609638959,-4.3200166754405185,1.9687535971e-15
-1.2315700561044436,-4.320015631648689,0.0001465233363
-1.2369562725614691,-4.320013966552197,0.00014921679394
-1.2421998450409497,-4.320013916847825,0.00014868655126
-1.2473565349424893,-4.32001401625657,9.0512883617e-05
-1.252573025830468,-4.320010362985165,0.00011533247744
-1.2577533492026585,-4.320014041108756,0.00014788797125
-1.2629124678900545,-4.3200138422912655,0.00014657065913
-1.268250599420904,-4.32001412809141,0.00014401529916
-1.273465680858024,-4.320015084900587,1.9687394093e-15
-1.278596019062257,-4.320014997917936,4.4157925004e-05
-1.2837738884798264,-4.320016625736146,0.00014554304653
-1.2889263877819377,-4.320014736969979,0.00014637739514
-1.2940623134520755,-4.320013792586893,0.00014569635096
-1.2993616976686908,-4.32001363104768,1.3542076802e-13
-1.3045913014834103,-4.320015010344028,0.00014554220252
-1.3097236531888699,-4.320014463595926,0.00014372028818
-1.3148890514832166,-4.320013034595206,0.00014378066408
-1.3200437656366772,-4.320009741680502,0.00014235767594
-1.3251912311857215,-4.320010822750613,3.8363032195e-10
-1.330511945930958,-4.32001104642029,0.00014818563068
-1.3357960527070125,-4.320009952924087,0.00014688284136
-1.3409199854604679,-4.3200149854918415,0.00014469856978
-1.3460679292160542,-4.320011033994199,0.00013148860307
-1.3512161246592922,-4.320012152342588,8.731077105e-05
-1.3563476583798793,-4.320014078387037,0.00014622980962
-1.3615868892473386,-4.320011978377284,0.00014553613437
-1.3668507855048289,-4.32001135707262,0.00014459493104
-1.371964927608568,-4.32001385471736,1.0813596112e-12
-1.3770838391933393,-4.320012487847104,9.8402597359e-05
-1.3822319087927506,-4.320012115064307,0.00014813222515
-1.3873520158938744,-4.320013544065027,0.00014684842608
-1.3926037430533247,-4.32001177955979,0.00014956798987
-1.398049055771358,-4.320010971863731,3.8362857335e-10
-1.403141338802403,-4.320011481333555,0.00012436932593
-1.4082487985989447,-4.320011481333555,0.00014764774824
-1.4134143730746493,-4.320010797898427,0.00014672402176
-1.4185259731330884,-4.320009033393191,0.00014827685663
-1.4236735267728113,-4.320010710915773,1.9686089662e-15
-1.4289704570348056,-4.320011033994199,0.00014781349455
-1.4228778414254704,-4.327098355671375,0.00014615443069
-1.417288563369713,-4.327100816037835,0.00014806307445
-1.4118001743098074,-4.32709732430564,0.00014839273354
-1.4063167812498194,-4.327100294141919,0.00014696990547
-1.4009229260725162,-4.327096827261911,0.00014748220565
-1.3953720807214267,-4.327100468107224,0.0001483590313
-1.389683524470801,-4.327099958637399,0.00014822705998
-1.3843016370414136,-4.327097038505496,0.00014577388356
-1.3789142879899499,-4.327103139717265,0.00014769521658
-1.3735191617899964,-4.327096044418037,0.00014715312864
-1.368172422541402,-4.327099734967723,0.00014755931625
-1.36271660186384,-4.327099983489589,0.00014759512851
-1.3572263880684468,-4.327098579341052,0.00014831787848
-1.3518870987743927,-4.327098504784494,0.00014832918532
-1.3465304933697864,-4.327103487647876,0.00014753011055
-1.3411710061415494,-4.327097982888578,0.0001464549423
-1.335854897280369,-4.3271012882293745,0.00014493022172
-1.3303836733184211,-4.327100443255037,0.0001457760809
-1.324896039321474,-4.327099971063494,0.00014496632502
-1.3195746072664267,-4.327101723142639,0.00014440306404
-1.3142299696097381,-4.327100542663782,0.00014392318553
-1.3088885787237765,-4.327100070472239,0.0001444353984
-1.3035744833638248,-4.327099324906648,0.00014819878561
-1.2981167372757145,-4.327098169279977,0.00015003347653
-1.2926748097566183,-4.327101213672815,0.00014815675968
-1.2873540320894674,-4.327099449167579,0.00014890641614
-1.282007959813156,-4.327100592368155,0.00014776558965
-1.2766681293906457,-4.3270991136630625,0.00014939742687
-1.2713579100205545,-4.327097958036392,0.00014844306861
-1.2658768324869778,-4.327098194132163,0.00014580792049
-1.260459318670257,-4.327100058046148,0.00014732680575
-1.2551436502624709,-4.327096963948933,0.0001471908181
-1.2498092437088926,-4.32709516216542,0.00014800491044
-1.2444957775680725,-4.3271007414812726,0.00014644695329
-1.2392031763337161,-4.327097485844849,0.0001463159424
-1.233723722185503,-4.327097821349369,0.00014605256729
-1.228348944932324,-4.327095274000256,0.00014684787311
-1.223061012503938,-4.327093211268781,0.00014703061606
-1.2177109132251729,-4.32709547281775,0.00014638836728
-1.2124126616029975,-4.327097125488146,0.00014628258941
-1.207102152792105,-4.32709505033058,0.00014692499826
-1.2015565173754406,-4.327099337332739,0.00014608091442
-1.1961956962026412,-4.327096876966284,0.00014834204921
-1.190891718686353,-4.327097386436104,0.00014608027413
-1.1855384229743897,-4.327095646783054,0.00014632138482
-1.1802507170648908,-4.3270997722460045,0.0001462239743
-1.1749171284961852,-4.32709772194062,0.0001402918133
-1.1694375485041455,-4.32709578347008,0.00014678400476
-1.1641415117333211,-4.327094926069648,0.00014605053002
-1.1588542211084518,-4.327097249749078,0.00014519397519
-1.1535297688015627,-4.327099672837256,0.00014437876234
-1.1482799796370438,-4.327095137313234,0.00014019613445
-1.1428980167013607,-4.327097784071087,0.00014566288155
-1.1373573647002337,-4.3270986290454285,0.00014394594473
-1.1320832876771658,-4.3270954852438415,0.00014562421711
-1.1267946001858198,-4.327097846201555,0.00012311145838
-1.121495845188338,-4.327098579341052,0.00014474563068
-1.1162459175956108,-4.327097038505496,0.00014457547513
-1.1108878649869967,-4.327095994713665,0.00014376219769
-1.1054984898499227,-4.327097622531875,0.00014453334734
-1.1002496067609568,-4.327092838485987,0.00010428413952
-1.0949856601659356,-4.327094317191079,0.00014487525914
-1.0897256273139244,-4.32709701365331,0.00014486892906
-1.0844971812624116,-4.327096317792087,0.00014420138905
-1.079060035808729,-4.3270944538781055,0.00014271926193
-1.0736792683894003,-4.327097473418758,9.6411058621e-05
-1.068434122862085,-4.327096379922554,0.00014526388259
-1.0631544457887308,-4.327097050931587,0.00014489635942
-1.0579055375309985,-4.327100281715825,0.00014567184553
-1.0526766132729417,-4.327095895304916,0.0001017297036
-1.0472488431843476,-4.327099933785213,0.00013704683806
-1.0419461996126236,-4.327097883479833,0.00014453123731
-1.0367040239996177,-4.327101760420917,0.00014414105681
-1.0314053067552853,-4.32709836809747,0.00014432474563
-1.026152786779727,-4.327098045019046,1.9686551295e-15
-1.0208596570012995,-4.327097610105784,0.00014710531104
-1.0153819017447476,-4.327099362184925,0.00014629631187
-1.0100982480064686,-4.327100542663782,0.00014525045117
-1.0048233907516742,-4.327100903020485,0.0001440183114
-0.9994992530543527,-4.327097125488146,7.6989650278e-14
-0.9942532643733987,-4.327102754508375,0.00014180011931
-0.9889022590190804,-4.327098653897615,0.00014212535461
-0.983476175237764,-4.327097088209868,0.00014161638683
-0.978212895615024,-4.327097784071087,0.00011018644
-0.972932476063091,-4.327100033193962,9.2056448921e-05
-0.967656335201265,-4.327095286426351,0.00014201759768
-0.9624115672054318,-4.327097697088434,0.00014127171016
-0.9569761332277916,-4.327100940298767,0.00014174223179
-0.9516116751684002,-4.327099846802563,3.8429154303e-10
-0.9463917235751872,-4.3270949757740205,0.00013974182366
-0.9411532981082188,-4.327098455080121,0.00014359483612
-0.9359612586757639,-4.327098243836536,0.00014411262237
-0.9308017498725063,-4.327097970462487,0.00014227323118
-0.9254466294250536,-4.327097610105784,3.8367528599e-10
-0.9202493045518783,-4.327098380523562,0.00014154205564
-0.9265198885009072,-4.334178196840434,0.00014335049491
-0.9323295065127996,-4.334177451274842,0.00014357941109
-0.9378061417592947,-4.334178196840434,0.00014429663133
-0.9432662411269638,-4.334177923466385,0.00014333661238
-0.9486681251404099,-4.334178258970901,0.00014242602629
-0.9540124733562975,-4.334180197441445,0.00014208616631
-0.9596047842482768,-4.334176544170037,0.00014179374557
-0.9649605087460964,-4.334181738277001,0.0001419995242
-0.9702243043285246,-4.334178582049327,0.00014266175276
-0.9755509085648505,-4.334180595076425,0.00014099075634
-0.980809078928226,-4.334177625240146,0.00014108674077
-0.986126207124403,-4.334182558399156,0.00014051963808
-0.9915780133838928,-4.334178395657927,0.0001404460927
-0.9968224919389267,-4.334179861936925,0.00014084645954
-1.0020855953803074,-4.334178582049327,0.00014130004274
-1.0073637371589788,-4.334182048929332,0.00014516281954
-1.0126055100717382,-4.334182185616358,0.00014384575479
-1.017956452504144,-4.334180259571909,0.00014390589786
-1.0233278068052365,-4.334184484443605,0.00014372680744
-1.0285482869425207,-4.334182086207613,0.00014593549713
-1.0338129130942064,-4.334180209867537,0.00014799552446
-1.0390789361123671,-4.33417853234495,0.00014851569722
-1.0443165561788461,-4.33418049566768,0.00014773471048
-1.049725990821893,-4.3341835773388,0.00014731295232
-1.055079097768117,-4.334180582650334,0.00014756088785
-1.060328421310477,-4.334183254260375,0.00014678209845
-1.0656242818999437,-4.334181825259655,0.00014530371118
-1.0708937656233388,-4.334184559000163,0.00014502677368
-1.0761497840572776,-4.334181290937648,0.00014453385666
-1.081652179535094,-4.334178345953555,0.00014578113041
-1.08695722672391,-4.334183254260375,0.00014645988995
-1.0921851819844994,-4.334181738277001,0.00014568769257
-1.0974803000953892,-4.334178656605885,0.00014633484534
-1.1027235327965377,-4.334184099234715,0.00014715122234
-1.1079962381218955,-4.33418295603414,0.00014683970949
-1.1134193897420503,-4.33418419864346,0.00014661852038
-1.1186825309365804,-4.3341801850153505,0.00014537147945
-1.123927034660379,-4.334185838887765,0.00014702267072
-1.12920848613169,-4.334180769041733,0.00014612077211
-1.134431155951559,-4.334184372608765,0.00014485762222
-1.1397471263845296,-4.334181166676713,0.00014462284162
-1.145235100159809,-4.334184409887046,0.00014326693781
-1.150412818564787,-4.334186572027266,0.00014327644021
-1.1556228284956924,-4.33418273236446,0.00014293268032
-1.1608702769650356,-4.334179439449758,0.00014700238535
-1.1660709492840002,-4.334178196840434,0.00014776397438
-1.1713635882715043,-4.334181228807181,0.00014516606461
-1.1767561598417762,-4.334179650693343,0.00014737572928
-1.181961677148069,-4.33417875601463,0.00014843026293
-1.1871836044893593,-4.33417875601463,0.00014718665625
-1.1924214636591102,-4.334181589163884,0.00014890707098
-1.197633172481675,-4.334177451274842,0.00014959450345
-1.2029571214132573,-4.334178892701656,0.00014926193398
-1.2083579860917066,-4.334180980285318,0.00014909170568
-1.2135312999627512,-4.334182198042453,0.00014733124408
-1.2187243838989674,-4.334182359581665,0.00014764412481
-1.223941466252933,-4.334177625240146,0.00014743191423
-1.2291287991262698,-4.334178768440722,0.00014740442566
-1.2344100366630755,-4.3341807566156385,0.00014594585809
-1.239755895004883,-4.334178544771046,0.0001445721864
-1.244925433561127,-4.334180358980654,0.00014366974938
-1.2501102369735488,-4.334182831773205,0.00014482729603
-1.2553118782899793,-4.33418088087657,0.00014658080181
-1.260477830297162,-4.334181949520587,0.0001458079787
-1.2657343143532613,-4.334181787981377,0.00014678339357
-1.2710475288064282,-4.334182558399156,0.00014831712178
-1.2761861223656907,-4.33418234715557,0.00014923579874
-1.2813393012244667,-4.334180433537213,0.00014733425633
-1.2865243940776878,-4.3341806447807985,0.00014702847693
-1.2916594514254218,-4.334179687971621,0.0001452871802
-1.2968712105855176,-4.334181365494207,0.00014588862541
-1.3022001429326362,-4.334175686769606,0.00014427298447
-1.3073303175398943,-4.334182931181953,0.00014412996825
-1.3124642674619529,-4.334177314587816,0.00014517120144
-1.3176496623403602,-4.334178495066673,0.00014640906011
-1.3227857390230893,-4.334181154250622,0.00014672981342
-1.3280016006919342,-4.334177327013911,0.00014553272922
-1.3333773091894312,-4.334177724648891,0.00014511398331
-1.3385307145670957,-4.3341791287974285,0.00014521810226
-1.343654735411228,-4.334177376718283,0.00014672435645
-1.3488316987532463,-4.334175264282435,0.00014721824846
-1.3539591551338486,-4.334177165474698,0.00014633079991
-1.3591146117658877,-4.3341777867793585,0.00014438331709
-1.3644232203349969,-4.3341813282159265,0.00014520331752
-1.3695810805841262,-4.334176954231113,0.00014491057664
-1.3746788000684826,-4.334178731162444,0.00014524355356
-1.3798387996626638,-4.334179650693343,0.00014547738829
-1.3849609580181623,-4.334176519317851,0.0001449509582
-1.3900783594770136,-4.334179961345674,0.00014526181621
-1.3954991704019926,-4.334180085606605,0.00014545055456
-1.4007502305891615,-4.334175463099926,0.00014556282258
-1.4058436462146446,-4.334176444761292,0.00014663190814
-1.410981346282739,-4.334177861335918,0.00014716266014
-1.416106915005941,-4.334177662518427,0.00014882111282
-1.421219119114749,-4.33417998619786,0.00014597605332
-1.415346264579948,-4.341240554496334,0.00014467453002
-1.4097354294766804,-4.341239858635111,0.00014489024761
-1.4042400435000102,-4.341239200052173,0.00014524898143
-1.3988163759201655,-4.341238839695467,0.00013721341384
-1.3931054068840079,-4.341238715434535,0.00014547501632
-1.387537258006749,-4.34123788288629,0.00014498390374
-1.382140697187173,-4.341236130807145,0.00014620542061
-1.3767201505342288,-4.341238839695467,0.0001419577311
-1.3713393831149001,-4.341240417809308,0.0001463459339
-1.365979317005061,-4.341237087616325,0.00014400212967
-1.3604338703541372,-4.341237460399119,0.00014410140284
-1.3550153875399509,-4.341241859236122,0.00014743849169
-1.34967432384794,-4.341238678156258,0.0001454551093
-1.3442827212751338,-4.341241175800994,0.00014618546993
-1.3389485412404427,-4.341239771652461,0.00014398351777
-1.3336168529135186,-4.341239137921706,0.00014500772522
-1.3280393790087042,-4.3412388521215615,0.0001454345911
-1.3226460272067075,-4.341239808930738,0.00014659726003
-1.317323110194505,-4.34124178467956,0.00014531525085
-1.311952146009274,-4.3412399083394835,0.00014599238057
-1.3066297323723763,-4.341240455087585,0.00014614126121
-1.3012852834814286,-4.3412372491555375,0.00014595346875
-1.295761922422086,-4.341238367503927,0.00014492863556
-1.2904063741056242,-4.341239324313104,0.00014432558964
-1.2850815442672567,-4.341236839094459,0.00014481900143
-1.279704526993962,-4.341236267494171,0.00014530692715
-1.2743866940723558,-4.34123687637274,0.0001462080545
-1.2690185487888446,-4.341238479338764,0.00014722745982
-1.2634911733114313,-4.341238454486578,0.0001465537207
-1.2581574714832806,-4.341238131408156,0.00014656657004
-1.2528374362947083,-4.341238715434535,0.00014563942386
-1.247480503696153,-4.341237000633671,0.0001448221301
-1.2421846431066863,-4.341236926077112,0.00014597960399
-1.2368151890473755,-4.341240479939775,0.00014736814774
-1.231327680894255,-4.341239249756546,0.00014739287144
-1.2260274283552377,-4.341239597687154,0.00014663403272
-1.2207140251363318,-4.341239721948089,0.00014544991427
-1.2153805246583032,-4.341241399470671,0.00014617783017
-1.2100962542852742,-4.341240380531026,0.00014750592527
-1.204680263178857,-4.34123984620902,0.00014590141654
-1.1991847765271246,-4.341241523731602,0.00014711078256
-1.1938841842097752,-4.341240666331171,0.00014671044482
-1.1885664771319957,-4.341239224904359,0.00014566643222
-1.1832469075655823,-4.341242840897486,0.00014533216017
-1.1779648897970503,-4.341239572834967,0.00014598498819
-1.1725499180256296,-4.341239299460918,0.00014514752547
-1.1671453409542922,-4.341240442661494,0.00014514135546
-1.1618741331704732,-4.3412389018259345,0.0001454269659
-1.156575101316573,-4.341240430235399,0.00014714963618
-1.1512837081829528,-4.341242281723289,0.0001490652503
-1.1460268843485228,-4.34124200834924,0.00014913486666
-1.1405046055460912,-4.341241672844723,0.00014801076031
-1.1350875070139983,-4.3412417349751875,0.00014883592667
-1.1298031107971427,-4.341241014261782,0.00014680119057
-1.1244717119110217,-4.341241660418628,0.00014644030307
-1.119187353447312,-4.341244543272258,0.00014515839575
-1.1139215317792737,-4.341241511305511,0.00014421240485
-1.1084698387792273,-4.341242567523433,0.00014371158613
-1.1031569766887759,-4.341242232018916,0.00014729752729
-1.0979038526628508,-4.341240293548376,0.00014786957763
-1.092601636960136,-4.34124475451584,0.00014659010048
-1.0873644573470496,-4.341241971070959,0.00014550803462
-1.0820717302688683,-4.341244332028673,0.00014502105478
-1.0765690201814844,-4.341242182314544,0.00014868663857
-1.0713003670273467,-4.34124231900157,0.00014805656974
-1.0660498983061633,-4.341244779368029,0.00014751141134
-1.060748261485051,-4.341244443863509,0.00014716391161
-1.0555299332772032,-4.341243337941215,0.00014770923008
-1.0502082872876488,-4.341245860438138,0.00014679944434
-1.044799746135772,-4.34124312669763,0.00014704285422
-1.039551781706739,-4.341244953333334,0.00014584502787
-1.0342837200185868,-4.341243785280572,0.00014580108109
-1.0290014002248704,-4.34124435688086,0.00014498260862
-1.0237565818915044,-4.3412429651584175,0.00014329198166
-1.0183629532330898,-4.341245549785808,0.00014571890642
-1.012963711940004,-4.341247587665096,0.00014696115977
-1.0076995514104772,-4.341244829072402,0.00014658925647
-1.0023987577430054,-4.34124343734996,0.00014615684631
-0.9971164757024368,-4.341245301263942,0.00014371378347
-0.9918653022558243,-4.341244965759425,0.00014474817726
-0.9864225567518554,-4.341244543272258,0.00014417507919
-0.9811002689587844,-4.3412452515595685,0.00014085503062
-0.9758490577590241,-4.341242107757985,0.00014036579523
-0.9705467791343968,-4.341242542671247,0.00014060009562
-0.9652995949370903,-4.341246071681723,0.00014210051449
-0.9600041873853993,-4.3412429900106035,0.0001432394929
-0.9545156473129007,-4.341242927880139,0.00014382958761
-0.9492719867427412,-4.341245077594265,0.00014195367112
-0.9440507767112614,-4.341243362793401,0.00014448101865
-0.9388092177330075,-4.341244878776775,0.0001439119369
-0.9336553089800362,-4.34124332551512,0.00014334713342
-0.9284010649440524,-4.341245015463797,0.00014526555606
-0.9230864662087939,-4.3412460219773505,0.0001437653118
-0.9179598907349783,-4.341242741488741,0.00014224284678
-0.9128218508885517,-4.341242145036266,0.00014212021779
-0.9190222265666737,-4.348350926576434,0.00014363104128
-0.9247104556233503,-4.348348105853276,1.7196603841e-13
-0.9304084879141263,-4.348349273906038,0.00014208984794
-0.935845859886696,-4.348350280419588,0.00014104552974
-0.94123674514969,-4.348349398166969,0.0001414953731
-0.9466369554402415,-4.348348764436214,0.00013764351024
-0.9519708208653669,-4.348351299359232,7.5130000962e-13
-0.9574355764546232,-4.348347757922665,0.00014111319615
-0.9628790266840211,-4.3483505662197315,0.0001432516874
-0.9681281740450253,-4.348351224802673,0.00014468898007
-0.9734119158739812,-4.348347956740155,3.5221584475e-15
-0.9786679594766864,-4.348350516515359,0.00011641070887
-0.9839083858605001,-4.348352231316223,0.00014165254834
-0.989323407969452,-4.348351311785324,0.00014414142061
-0.9946368866946553,-4.348351025985179,0.00014510817709
-0.9998621992348845,-4.34835291475135,1.968596896e-15
-1.0051436003686662,-4.348351311785324,0.00014470668975
-1.010382327860819,-4.348352243742318,0.00014508118329
-1.0156366977406295,-4.3483519082378015,0.00014282829943
-1.0210691114664276,-4.348351262080951,0.00014295065193
-1.0263142695781258,-4.348351100541742,1.9688510059e-15
-1.031540324596932,-4.348354579847842,0.00014649314107
-1.036827803987542,-4.3483489881058945,0.00014519835531
-1.0420585026435538,-4.348351125393928,0.00014555739472
-1.0473649592832277,-4.348349895210698,0.00011715696019
-1.0528030359812264,-4.348351212376579,9.8265089036e-05
-1.0580428331459069,-4.348352517116367,0.00014533290232
-1.0633000345118184,-4.348351423620164,0.00014349931735
-1.068581221711093,-4.348354592273937,0.00014343403745
-1.0738264427447037,-4.348350292845683,8.6802045857e-14
-1.0792094375997647,-4.348355785178885,0.00013418571325
-1.0846314062879503,-4.348352442559808,0.00014446156274
-1.0898435555639074,-4.34835229344669,0.00014485626889
-1.0951012854738904,-4.348353710021315,0.0001445494272
-1.1003682523207519,-4.348350889298157,1.9688810756e-15
-1.1056046768708767,-4.348351311785324,0.00014538770483
-1.1109769246631391,-4.348352355577155,0.00014718399325
-1.1163188692619366,-4.348353014160096,0.00014673681289
-1.1215560237062567,-4.348351523028908,0.00013795083214
-1.1268271685681632,-4.34835291475135,8.0473801063e-06
-1.1320650403222956,-4.348354318899885,0.00014509880566
-1.1372834817895885,-4.348348565618724,0.00014504091814
-1.1427374022253671,-4.348353871560528,0.00014561064017
-1.1480513214039632,-4.348350740185036,1.9686413652e-15
-1.1532264600104951,-4.348353846708342,0.00011120545241
-1.1584703470995419,-4.348352380429341,0.00014762827777
-1.1636808604057538,-4.3483539212649,0.00014702750195
-1.1688716539843251,-4.348350876872062,0.00014729672694
-1.174278030622384,-4.348351411194072,2.0409002637e-15
-1.179546520179547,-4.348352218890131,0.00014466216089
-1.1847327204584437,-4.348350205863029,0.00014762436331
-1.1899925771290971,-4.348352778064324,0.00014704889327
-1.1951934633825692,-4.348354704108774,0.0001459903433
-1.20040062924299,-4.348350094028189,1.7700674504e-14
-1.2058432740718987,-4.348354095230208,0.00014747392561
-1.2110969392262785,-4.348353175699309,0.000147233397
-1.2162576938834213,-4.348355971570284,0.00014484983694
-1.2214828302422926,-4.348355176300316,0.0001376781438
-1.2266715725664894,-4.348352218890131,1.9685541208e-15
-1.231854953943668,-4.348350926576434,0.00014721014304
-1.2372310273882619,-4.348355213578597,0.00014506369189
-1.2424617260442736,-4.348353374516798,0.00014578721311
-1.24761104149757,-4.348353710021315,4.8428155424e-05
-1.2528291431865308,-4.3483552260046885,0.0001076164699
-1.2579997136621528,-4.348353821856155,0.00014698051382
-1.2631640674527385,-4.348350789889408,0.0001480687497
-1.2685022493211189,-4.348355760326699,0.00014780141646
-1.2737096165316621,-4.348350802315503,1.9697062974e-15
-1.278835361436222,-4.348351100541742,0.00014014150656
-1.284019900576607,-4.348354057951926,0.00014574143279
-1.2891721481910652,-4.3483557976049765,0.00014749387628
-1.2943074068889215,-4.348353697595224,0.00014756142627
-1.2996166320927809,-4.348350864445971,1.9687031986e-15
-1.304835690194824,-4.348353461499452,0.00014519109391
-1.3099639268071526,-4.348353685169129,0.00014662777539
-1.3151345602046889,-4.348349845506326,0.00014494644711
-1.320287034338034,-4.3483506532023855,0.00014754121366
-1.3254396720683552,-4.348353150847122,1.9686043075e-15
-1.3307692336346073,-4.348351075689556,0.00014415320766
-1.3360394472521977,-4.348353237829776,0.00014363804075
-1.3411630653960855,-4.3483528526208834,0.00014374265447
-1.3463164707737483,-4.348347931887968,0.00014076264051
-1.351465509370627,-4.348350491663173,3.83631793e-10
-1.356598075010592,-4.348353908838809,0.00014749862021
-1.3618413202961237,-4.348355735474513,0.00014491300681
-1.3670902411382393,-4.3483557976049765,0.000147498562
-1.3722030241286494,-4.348355325413434,0.00013545209367
-1.3773235213456365,-4.348353933690995,0.00010719955026
-1.3824694515999942,-4.348353710021315,0.00014763939544
-1.3875867272150189,-4.348353660316943,0.00014768019901
-1.3928507870694835,-4.348354244343326,0.00014720404579
-1.39827951357116,-4.348356157961679,0.0001273668895
-1.4033696950102992,-4.348355660917954,0.00013986299746
-1.408472460832106,-4.348353685169129,0.00014842126984
-1.4136319822197467,-4.348350988706902,0.00014796710457
-1.4077003208647372,-4.35559592295049,0.00014761283819
-1.4021140378920554,-4.355595860820027,0.00014667173673
-1.3965530243597695,-4.355595202237085,0.00014636054402
-1.3907523412595713,-4.3555936489754306,0.00014618593559
-1.3853038950302523,-4.35559592295049,0.00014565994206
-1.3798750804378968,-4.355596668516086,0.00014504161663
-1.3744254386922252,-4.3555960596375165,0.00014587998157
-1.3690549527135363,-4.355593214062169,0.00014629968791
-1.3636093505547016,-4.35559610934189,0.00014628574718
-1.358060883651936,-4.355596792777018,0.00014675577404
-1.3527020382272155,-4.355593661401525,0.00014667195501
-1.3473342578907994,-4.355594580932425,0.00014644260227
-1.3419472612020509,-4.355593835366829,0.00014612921223
-1.3366143396056265,-4.355593922349483,0.00014441464737
-1.3311688632906167,-4.355593860219016,0.00014345576346
-1.3256278715111578,-4.355590530026033,0.00014543063298
-1.3203015818843995,-4.355592853705466,0.00014472432667
-1.314947833134659,-4.355596183898449,0.00014394200116
-1.3095837274379827,-4.3555943696888395,0.00014463803382
-1.3042625974081183,-4.355595898098304,0.00014432833996
-1.298816026251818,-4.355594034184323,0.00014380208449
-1.2933437326173425,-4.3555926548879755,0.00014468394511
-1.288002970950516,-4.355594034184323,0.00014344298688
-1.2826504051327465,-4.355593810514643,0.00014488099259
-1.2772923021866032,-4.35559541348067,0.00014717159502
-1.2719726948670402,-4.355593947201669,0.00014737262973
-1.2664996713383712,-4.355593723531992,0.00014850955631
-1.261049261945358,-4.355593201636077,0.00014665299386
-1.2557253381825402,-4.355592567905322,0.00014450791059
-1.2503865019262619,-4.355590567304314,0.00014441920212
-1.2450562985564932,-4.355593288618728,0.00014504609862
-1.2397516540679239,-4.355591213461161,0.00014764987282
-1.2342934171888902,-4.35559179748754,0.00014591161744
-1.2288928293668586,-4.3555948543064735,0.00014613042003
-1.2235881722939077,-4.355591312869906,0.00014834583271
-1.2182423391208648,-4.355594705193356,0.00014874243061
-1.2129275516198652,-4.355594034184323,0.00014550269407
-1.2076401603199338,-4.355590567304314,0.00014552335779
-1.2020909131854434,-4.355589921147464,0.0001457498729
-1.1967031740181162,-4.3555905921565,0.00014470987662
-1.1914030850760735,-4.355591151330693,0.00014536060917
-1.186053287822491,-4.355595736559092,0.00014848267892
-1.1807575656612324,-4.355591188608974,0.00014533678768
-1.1754435961451073,-4.355591176182879,0.00014578949776
-1.1699558488887165,-4.355593002818583,0.00014510819165
-1.1646440438864079,-4.355591983878939,0.00014467420988
-1.1593619506115802,-4.355592294531269,0.00014726162772
-1.154030539141076,-4.355590815826177,0.00014720375475
-1.1487742438507174,-4.355591188608974,0.00014599291899
-1.1434202308289403,-4.355591872044102,0.00014390784781
-1.137849338556261,-4.355591325296001,0.00014485132124
-1.1325639859263228,-4.3555902566519835,0.00014384365932
-1.1272721020017789,-4.355595463185042,0.00014420106891
-1.1219560686468941,-4.355593102227329,0.00014462700346
-1.1167013715731346,-4.355595351350202,0.00014368706616
-1.1113500767780151,-4.355592319383455,0.00014440006635
-1.1059373072735603,-4.35559221997471,0.00014492688933
-1.1006859576455919,-4.355596581533432,0.00014486428699
-1.0954114401691295,-4.355594046610414,0.00014394136088
-1.0901394899067318,-4.355592692166253,0.00014355021995
-1.084908124278439,-4.3555931146534235,0.00014449840819
-1.0794911515901746,-4.355592965540306,0.0001445060916
-1.0740897457832688,-4.35559418329744,0.00014455756173
-1.0688443611526834,-4.355595599872069,0.00014355247549
-1.063569138950794,-4.355592804001093,0.00014404780813
-1.0583137749047515,-4.35559313950561,0.00014385354007
-1.0530903500219224,-4.355592232400805,0.0001426555973
-1.0476915240134645,-4.35559510282834,0.0001413635764
-1.042377969781967,-4.355593822940738,0.00014235108392
-1.037140664325054,-4.355592095713779,0.00014084792929
-1.0318488559068073,-4.355593897497297,0.00014144156012
-1.0266020366565975,-4.355595388628484,0.00014416262275
-1.0213390213058942,-4.3555966560899915,0.00014490385365
-1.015870037364062,-4.355593425305754,0.00014362827642
-1.010571810910653,-4.355595649576442,0.00014252871915
-1.0053071092526733,-4.355593773236365,0.00014327323879
-0.9999923469204385,-4.355595463185042,0.00014271054533
-0.9947490135442278,-4.355591511687396,0.00014297750022
-0.9894222079577797,-4.3555936862537115,0.00014220977027
-0.9839871389272382,-4.355594493949771,0.00014304912474
-0.9787343295108788,-4.355596072063609,0.00014496066433
-0.9734569427951694,-4.355593897497297,0.00014469327289
-0.9681758185178055,-4.355594444245399,0.00014092790661
-0.9629400357711975,-4.355594817028196,0.00014138426923
-0.9575356348812177,-4.3555942578539995,0.00014238378208
-0.9521521240664667,-4.355593872645111,0.00014344135707
-0.9469343118183072,-4.3555950531239676,0.0001416416635
-0.9416983403059582,-4.355596009933144,0.00014149826893
-0.9365007259919816,-4.355596159046262,0.00014325371012
-0.9313381340149696,-4.355593909923388,0.00014265850768
-0.9259897336278636,-4.355595562593788,0.00014101063425
-0.9207692912437272,-4.3555926548879755,0.00014285319776
-0.9156480389637799,-4.355594233001813,0.00013997760834
-0.9104892600547161,-4.355595351350202,0.00014058045053
-0.9053905464041292,-4.355595463185042,0.00014078973618
-0.9116056835631204,-4.362651284715906,0.0001428428659
-0.9173017275214344,-4.362646624930949,0.00014204756008
-0.9227956285409508,-4.362646500670017,0.0001430916891
-0.9283937030801926,-4.362645432026,0.00014216508134
-0.9338786691880131,-4.362647966949015,0.00014203498722
-0.9392301401644904,-4.362646339130805,0.00014187950001
-0.9446346417295322,-4.362647469905285,0.00014073854254
-0.9499597106711715,-4.362647929670737,0.00014319668117
-0.9553060220507549,-4.3626464509656415,0.00014371772704
-0.960841527039371,-4.362649147427872,0.00014206039486
-0.9660938960023377,-4.3626466000787625,0.00014288107923
-0.9713411305371754,-4.36264775570543,0.0001438359177
-0.9766125522555,-4.362648588253675,0.00014369898417
-0.9818376382768421,-4.362649830863,0.00014387530973
-0.9871600770825044,-4.362646774044066,0.00014116166858
-0.9925331051064915,-4.362645121373666,0.00014184009342
-0.9977534593999492,-4.362647917244642,0.00014195413678
-1.0030029842924333,-4.3626465130961085,0.00014043219562
-1.0082505963587494,-4.3626442515471435,0.00014137011021
-1.0134706486270244,-4.362645966348007,0.00014154477685
-1.0188422042782408,-4.362647619018407,0.00014346346143
-1.0241663419755624,-4.362646562800481,0.00014476904471
-1.0293738979518468,-4.362646202443778,0.00014347459364
-1.0346355038516921,-4.362647469905285,0.00014461216051
-1.0398755401196427,-4.362646214869873,0.00014297798043
-1.0451005883878353,-4.362648675236329,0.000143334124
-1.0505250361994063,-4.362646736765785,0.00014491024194
-1.0558322353176572,-4.362648352157904,0.00014508061577
-1.0610656396159417,-4.3626465130961085,0.00014466154971
-1.0663602543515247,-4.362651110750602,0.00014498889504
-1.0716118934202963,-4.362646873452811,0.00014496402582
-1.0768873798942222,-4.362647966949015,0.00014339675545
-1.0823743217501236,-4.362649010740846,0.00014453202311
-1.0876311707533182,-4.362646699487508,0.000142945064
-1.0928599943363129,-4.3626483397318125,0.00014495298092
-1.0981451582005117,-4.3626504894459375,0.00014627327619
-1.1033726730077087,-4.362648302453531,0.00014605501201
-1.1086547788669194,-4.362646761617975,0.00014713554992
-1.114072368189934,-4.362648029079482,0.00014718198508
-1.1192995935563297,-4.362647581740125,0.00014734186698
-1.1245406491592769,-4.362646724339694,0.0001468109549
-1.1298067099305853,-4.362648439140558,0.00014581496362
-1.1350141526474262,-4.3626464012612685,0.00014534134243
-1.1403472504252083,-4.3626454568781865,0.00014439328515
-1.1457890898536258,-4.36264786754027,0.00014346446551
-1.1509634230596668,-4.3626483397318125,0.0001440749329
-1.1561632648093758,-4.362648439140558,0.00014575140085
-1.1613902133193517,-4.362644748590872,0.00014530103363
-1.1665886833713506,-4.3626458793653535,0.00014448688307
-1.1718895902982676,-4.362647395348727,0.00014710372488
-1.177248309879161,-4.362646214869873,0.00014774457668
-1.1824476482535633,-4.36264797937511,0.00014823378297
-1.187669185478992,-4.362646190017683,0.00014735755394
-1.192900928638765,-4.362647879966365,0.00014696113067
-1.1981055776226541,-4.362645444452092,0.00014424278925
-1.203444665566586,-4.362648190618694,0.00014537746029
-1.2088142580541048,-4.362650650985151,0.00014760464546
-1.2139794424139463,-4.362650675837337,0.00014892320905
-1.2191768176246527,-4.362645394747719,0.0001492312731
-1.2243810135707645,-4.3626477184271515,0.0001459846826
-1.2295614502024002,-4.362648985888659,0.00014790365822
-1.2348509934317682,-4.362650899507017,0.0001491936855
-1.2401739356127355,-4.362646699487508,0.00014693597041
-1.2453406049297324,-4.362645929069726,0.00014678282605
-1.2505246784479587,-4.3626478551141785,0.0001472181757
-1.2557150693262835,-4.3626493959497346,0.00014754701988
-1.2608817260588971,-4.362650153941421,0.00014729045506
-1.2661443387093543,-4.362647619018407,0.0001446143433
-1.2714378334348804,-4.362651135602788,0.00014403449313
-1.2765731047171183,-4.362650713115618,0.0001436501334
-1.2817330288050037,-4.362651197733252,0.00014571602514
-1.2869099543938758,-4.362650501872032,0.00014580985589
-1.2920496805475783,-4.362649184706153,0.00014515539806
-1.2972747414001542,-4.362650439741565,0.00014554032532
-1.3025799773547093,-4.362651036194039,0.00014630881196
-1.3077115991659733,-4.362649122575686,0.00014574504166
-1.3128554278284272,-4.362648066357759,0.00014621851733
-1.3180374500922787,-4.362648687662424,0.00014652845857
-1.3231732750873544,-4.362646202443778,0.00014447231661
-1.3284080888364986,-4.3626466000787625,0.000145689497
-1.3337840490216488,-4.362651955724939,0.00014655389532
-1.3389220511149258,-4.362645804808794,0.00014541270502
-1.3440611480494968,-4.362646264574246,0.00014412183373
-1.3492337697794936,-4.36264737049654,0.00014442266547
-1.3543627992079303,-4.362649569915042,0.0001434082078
-1.359533583618058,-4.362648190618694,0.00014483902487
-1.3648416133055647,-4.362645966348007,0.00014499458484
-1.369985089605303,-4.36264686102672,0.00014370161807
-1.375091857260799,-4.362646351556896,0.00014440069208
-1.3802499062756675,-4.3626458296609805,0.00014410860604
-1.3853692457294482,-4.36264509652148,0.00014659187582
-1.3904922346542024,-4.362647358070449,0.0001455435704
-1.3959410584150016,-4.362648811923355,0.00014640949667
-1.4011637911567847,-4.362646177591592,0.00014608510537
-1.4062513802130927,-4.362647619018407,0.0001470286079
-1.4003873599149255,-4.36970633582899,1.9686525884e-15
-1.3945923649556924,-4.369702694983674,0.00014692083641
-1.3888537480308116,-4.369702023974641,0.0001468489354
-1.383398606909914,-4.369701825157151,0.00014715538418
-1.3779495440458447,-4.369701241130768,0.00010056423343
-1.3725119958919174,-4.369700843495784,0.00010988330905
-1.3671242315558256,-4.369701415096076,0.00014645952615
-1.3616016003906786,-4.369699141121015,0.0001469343988
-1.3561206487009287,-4.369700209765033,0.00014437329082
-1.3507579902082585,-4.369700023373634,1.9710189867e-15
-1.3453672056203265,-4.369701104443742,0.00014491287584
-1.3400087754802341,-4.369698470111983,0.00014620604634
-1.3346777037880602,-4.369703005636005,0.00014462278341
-1.3291326346686165,-4.3697017133223115,0.00013575478806
-1.3236877246508276,-4.36970395001909,3.8362871213e-10
-1.3183539850695307,-4.3697011417220235,3.7810821141e-10
-1.31298566360466,-4.369703564810202,0.00014446038404
-1.307646751842086,-4.3697012038524905,0.00014475740318
-1.302327144522523,-4.369703316288338,8.5214378487e-05
-1.2968022733372622,-4.369700073078006,0.00013928649423
-1.291397280981297,-4.36970312989694,0.0001465461246
-1.28607481700687,-4.369701439948262,0.00014613600797
-1.280694729144204,-4.369700408582522,0.00014584966993
-1.275361543275743,-4.36969924052976,1.9686570353e-15
-1.2700286216793186,-4.369703303862243,0.00014728307724
-1.264503523975169,-4.369703080192567,0.00014666744391
-1.2591256383794707,-4.369703316288338,0.00014475059288
-1.2538123106668602,-4.369703452975362,0.00012299577065
-1.2484499164462284,-4.36970201154855,8.3094098954e-05
-1.2431422642902,-4.3697010298871835,0.0001451492426
-1.2378075934645854,-4.369704819845617,0.00014514669601
-1.2323125598506286,-4.369706783168347,0.00014652289974
-1.2269851753825782,-4.369703838184254,5.0676167906e-13
-1.2216732193676798,-4.369700831069693,0.00014270735846
-1.2163212198471294,-4.3697010920176504,0.00014507229207
-1.2110332370812125,-4.369703626940669,0.00014407561684
-1.2056558926139704,-4.369698681355564,0.00014408938296
-1.2001054373787443,-4.369703229305685,1.9706592095e-15
-1.1948073619379267,-4.369703788479877,0.00014317510067
-1.1894983129154233,-4.369701589061379,0.00014282859047
-1.1841584573241484,-4.369703825758159,0.00014278110757
-1.1788682722912656,-4.369705925767912,0.00012936291751
-1.1734824207813386,-4.369704186114862,0.0001245772437
-1.1680384671766322,-4.369702757114142,0.000144160731
-1.1627585887531537,-4.36970201154855,0.0001439179614
-1.1574619982694934,-4.369702086105109,0.00014649238437
-1.152157227937097,-4.369703452975362,0.00011861314852
-1.146903386601358,-4.369701601487471,0.00014623433526
-1.141428928453066,-4.369705876063539,0.0001464443194
-1.1359634681383808,-4.369703564810202,0.00014503794955
-1.1306760768384494,-4.369703713923319,0.00014404868125
-1.1253687015388407,-4.369703303862243,0.00012787358719
-1.1200782648183027,-4.36970189971371,0.00014398916392
-1.1148190121980182,-4.369704645880313,0.00014391662262
-1.1093978992478548,-4.369705776654794,0.00014601570729
-1.10405866029133,-4.369704571323751,0.00014437857317
-1.0988135651015478,-4.369706820446625,0.00014096466475
-1.0935158168546792,-4.369705205054506,0.00014707905939
-1.0882666569092954,-4.369709442352293,0.00014476953947
-1.0830184785457566,-4.369706348255082,0.00014536369417
-1.0775201855766896,-4.369704993810921,0.00014273442503
-1.072210041712896,-4.369708299151717,0.00014503062994
-1.0669673753089666,-4.369704993810921,0.00014424335677
-1.06167250888573,-4.369705764228702,0.00014448650472
-1.0564409670760795,-4.369704496767192,0.0001440311753
-1.0511680226474516,-4.369706770742252,0.00014027117868
-1.045738591420344,-4.369706025176661,0.00014318566537
-1.0404971834546832,-4.369704708010777,0.00014472313342
-1.0352469790055365,-4.3697058636374475,0.00014572803047
-1.0299531696704445,-4.369707168377237,0.00014500897669
-1.0247298832158236,-4.3697052299066925,0.00014413382451
-1.0193893354835029,-4.369702048826827,0.00014458969235
-1.013955650735055,-4.369705242332787,0.00014421650849
-1.0086916538025026,-4.369706124585406,0.0001434511214
-1.003411058069212,-4.36970437250626,0.00014453553013
-0.9981259571269271,-4.369704621028127,0.00014316233865
-0.9928815666625721,-4.369701638765752,0.00014287595695
-0.9874877366540333,-4.369703204453498,0.00014204073523
-0.9821261604182739,-4.369706783168347,0.0001424641523
-0.9768742444930846,-4.369701912139801,0.00014314596774
-0.9715807497675585,-4.369704310375793,0.00014259801537
-0.9663275628197191,-4.369706658907412,0.00014330667909
-0.9610903328691033,-4.369702893801168,0.00014358715271
-0.9556042341668427,-4.369704235819234,0.00014338901383
-0.9503017416077082,-4.369705838785261,0.00014377437765
-0.9450902593040322,-4.369705938194007,0.00014246682986
-0.9398423577969134,-4.369704621028127,0.00014245620696
-0.9346674079561221,-4.369709541761042,0.00014090529294
-0.9294462608465549,-4.369705329315438,0.00014149439812
-0.9240836401070343,-4.369709417500107,0.00014241317695
-0.9189288504472762,-4.369706149437592,0.00014286879741
-0.9137924843237462,-4.369706683759598,0.00014198951249
-0.9086267210823025,-4.369708386134371,0.00014268288214
-0.9035496903230504,-4.36970506836748,0.00014235501294
-0.8981969483239233,-4.369709504482761,0.00014132320939
-0.9046534036049603,-4.376818310875119,0.00012336455984
-0.9103210194428262,-4.376816322700202,0.00014299934264
-0.9158768230406872,-4.376819814432397,0.00014425085101
-0.9213068205650137,-4.376816148734898,0.00014289469982
-0.9268236251609839,-4.376817279509379,1.2457481607e-13
-0.9323466716107589,-4.376817950518416,0.00014121829008
-0.9376915861238674,-4.376817229805006,0.00014140525309
-0.9430570383494892,-4.376820187215195,0.00014282965276
-0.948385567996363,-4.376817105544075,8.9406195912e-05
-0.9536741799814116,-4.376818310875119,0.00010735092656
-0.9591859885774643,-4.376819466501786,0.00014339860354
-0.9645189982645676,-4.376820622128457,0.00014162347361
-0.9697426244975206,-4.376815763526009,0.00014396016195
-0.975022830114948,-4.376815589560701,1.8837635817e-15
-0.9802486208617192,-4.376815875360846,0.00014070188627
-0.9855040855828202,-4.376817900814039,0.0001421567722
-0.9909234744725579,-4.376820423310966,0.00014168214693
-0.9961610190327412,-4.37681647181332,0.00014228725922
-1.0013975316735448,-4.376817192526729,3.0356541933e-12
-1.0066722127469816,-4.376816571222069,0.00014325715892
-1.0118915602898257,-4.376817528031245,0.00014396681217
-1.0172027864105304,-4.3768187209361935,0.00014389936405
-1.0226028079353429,-4.37681731678766,0.00013664056314
-1.0278127549443339,-4.376815962343499,1.9690780107e-15
-1.0330562267487526,-4.376818298449024,0.00014498218661
-1.0383206137971681,-4.376818099631533,0.00014521909179
-1.043553338538788,-4.376818025074974,0.0001453015575
-1.0489173687291686,-4.376817801405294,9.0869725682e-05
-1.0542961604004184,-4.3768199511194235,0.00012965835049
-1.0595385121947802,-4.376815651691169,0.00014526072482
-1.0648160499230828,-4.37681709311798,0.0001440490887
-1.0700854203870327,-4.3768187209361935,0.0001447773684
-1.0753355367455024,-4.376820212067381,3.8363143218e-10
-1.080792401926824,-4.376815601986796,0.00014475524949
-1.086138977578444,-4.376818596675262,0.0001447548857
-1.0913457910761513,-4.376817441048591,0.00014463126718
-1.0966360893684794,-4.37682079609376,0.00014435285993
-1.1018824555809117,-4.376820162363009,9.7350668511e-05
-1.1071204405944894,-4.376819019162433,0.0001478693739
-1.1125453791969824,-4.376818969458056,0.00014850475418
-1.1178273969655144,-4.376818397857769,0.00014893313346
-1.1230585989968327,-4.3768205227197114,0.00014192686649
-1.1283405160903044,-4.376821877163872,0.00012941077875
-1.1335680434818827,-4.376820311476126,0.00014702473709
-1.1388411515074852,-4.376820994911254,0.00014642125461
-1.1443288232575801,-4.376815962343499,0.00014796422329
-1.1495502094704175,-4.376818286022932,0.00013219233369
-1.1547402479860271,-4.376820559997989,0.00014650466619
-1.1599969837297799,-4.3768175777356175,0.0001471133437
-1.1651986376305934,-4.37681885762322,0.00014710772666
-1.1704521895255295,-4.376820261771754,0.0001437815954
-1.1758673500626913,-4.376819093718991,0.00013480197231
-1.1810860558020189,-4.3768197771541155,0.00014436226047
-1.186296996977242,-4.376818845197125,0.00014525678125
-1.191557306685671,-4.376819802006306,0.00014492605987
-1.196760344868578,-4.3768204854414305,0.00014569917403
-1.202048654828444,-4.376819019162433,0.00014207958884
-1.2074969374607885,-4.376819938693329,0.00014588744671
-1.2126772860017436,-4.376819267684295,0.00014649037621
-1.2178643168498962,-4.37682367894739,0.00014566272148
-1.2231031827702603,-4.3768187457883805,0.00014757963072
-1.2282860230189847,-4.376821355267957,0.00014559378906
-1.233538882772875,-4.376820746389388,0.0001448882831
-1.2389139494668535,-4.376820671832829,0.0001431532728
-1.244090422017948,-4.376820659406738,0.00014842822566
-1.2492651579242355,-4.376819367093041,0.00014562375145
-1.254485965255469,-4.37682070911111,0.00014776752505
-1.259652684909995,-4.376820075380355,0.00014919386012
-1.2648797592637995,-4.376819963545515,0.00014628173085
-1.2702236544419094,-4.376820025675983,0.00014536900562
-1.2753731209077992,-4.376818770640567,0.00014679855667
-1.2805267024668197,-4.37681854697089,0.00014528457541
-1.2857260785943698,-4.376818870049312,0.0001455925958
-1.2908659935138134,-4.376818261170746,0.00014403583191
-1.296052294467772,-4.376815987195686,0.0001447636605
-1.30138443583247,-4.37681515464744,0.00014634417312
-1.3065467761218288,-4.376815800804287,0.0001450842974
-1.311681128744132,-4.376818422709955,0.00014340107737
-1.3168750684183703,-4.376820050528169,0.00014327390818
-1.3220163046979947,-4.376814520916684,0.00014375188039
-1.3271997741658523,-4.376815862934754,0.00014451981406
-1.3325840777967113,-4.376815055238695,0.00014655379346
-1.3377766961107687,-4.376816670630814,0.00014513997303
-1.3428978728844183,-4.376815440447584,0.00014368159464
-1.3480793917729632,-4.376817478326873,0.00014428465511
-1.3532186774732735,-4.376818820344939,0.00014571458451
-1.3583507271535487,-4.376816956430957,0.00014469881717
-1.3636686859189815,-4.376817180100634,0.00014401983935
-1.3688584224094085,-4.3768174659007775,0.00014370608551
-1.3739730427196877,-4.376817403770314,0.00014470054884
-1.3791180543141126,-4.376816931578771,0.00014485376596
-1.384246542614093,-4.3768186588057265,0.00014427292626
-1.3893688897353325,-4.3768211813026525,0.00014488998568
-1.3947516077339739,-4.376814943403855,0.000147340892
-1.4000504382377517,-4.376820162363009,0.00014610185463
-1.3939228128758332,-4.383900500575796,0.00014540142729
-1.3881095957304963,-4.383898686366186,0.00014485797146
-1.382610912645568,-4.3838974437568625,0.00014499011741
-1.3771354351622775,-4.383901469811067,0.00014614925021
-1.3716964272199612,-4.383898450270415,0.00014717057638
-1.366290591710357,-4.383898860331491,0.00014765420929
-1.3607247457751281,-4.383898636661811,0.00014916350483
-1.3552699821857104,-4.383899854418949,0.00014652019308
-1.3499092113504405,-4.383901420106695,0.00014458452642
-1.3444952085764854,-4.3839027372725745,0.00014339960762
-1.33913940857237,-4.383902985794441,0.00014558750263
-1.3338022334546031,-4.383899071575076,0.00014377998014
-1.3282162650914888,-4.383901954428702,0.00014419470972
-1.322807434498809,-4.383902240228846,0.00014387616829
-1.317478577657986,-4.383900301758305,0.00014436368656
-1.3120993832864918,-4.383900749097658,0.0001451394055
-1.3067696581232635,-4.38390395502971,0.00014521920821
-1.3014164379175959,-4.383901333124041,0.00014565480524
-1.2958803540473776,-4.383903942603618,0.00014564814046
-1.29050988065307,-4.383901121880456,0.00014475722855
-1.2851760152279463,-4.383902538455085,0.00014488254965
-1.2797900882117221,-4.383901755611212,0.00014584818564
-1.2744573931341863,-4.383901084602178,0.000145683749
-1.2690860765862417,-4.383903159759745,0.00014595700486
-1.2635465445951701,-4.383903346151144,0.00014550848573
-1.2582005981626854,-4.383902376915872,0.00014414456382
-1.2528685448886645,-4.3839010473238975,0.00014381780056
-1.2475040868292728,-4.3839034455598895,0.00014702237968
-1.2421948112878827,-4.383906676344126,0.00014610338258
-1.2368173913143432,-4.383903756212219,0.00014383165399
-1.231318569801203,-4.38390645267445,0.00014449426089
-1.2260088538064187,-4.383903159759745,0.00014477521472
-1.2206889067085251,-4.383907235518319,0.00014729078976
-1.2153406573340106,-4.383903917751432,0.00014742906205
-1.210046873167685,-4.38390263786383,0.00014721768093
-1.204616145749163,-4.383904849708423,0.00014623816242
-1.1991131713897443,-4.383904302960321,0.00014504305727
-1.1938053682211247,-4.383903209464117,0.00014702649787
-1.188479959501153,-4.383907372205345,0.00014592592197
-1.1831465974513344,-4.3839021905244735,0.00014498822566
-1.1778516051842713,-4.383900836080312,0.00014575630485
-1.172422413060436,-4.383905632552295,0.00014646611817
-1.16701138020079,-4.383903594673007,0.00014734349679
-1.1617221138278417,-4.383902314785405,0.00014684871712
-1.1564088112839959,-4.383904626038746,0.00014663896582
-1.1511155430773585,-4.383903134907559,0.0001463577064
-1.1458456818224851,-4.383904663317024,0.00014557763643
-1.1403059484812912,-4.383901780463398,0.0001462973305
-1.134890007712405,-4.383904899412795,0.00014667883806
-1.129605749923759,-4.383904675743119,0.00014630117221
-1.1242710161762302,-4.383906291135237,0.00014557357645
-1.1189903197678774,-4.38390337100333,0.00014653682592
-1.1137112089917423,-4.383905657404482,0.00014492828632
-1.1082577164249745,-4.383904116568922,0.00014526784071
-1.102949447634196,-4.383902240228846,0.00014611144434
-1.0976876277998469,-4.383900848506407,0.00014660797024
-1.0923804160972126,-4.38390406686455,0.00014627432392
-1.0871411348922222,-4.383904017160177,0.00014592039224
-1.081835559159335,-4.383901805315584,0.00014433622709
-1.076327022502776,-4.383905831369786,0.00014443843975
-1.0710619433133162,-4.383906887587711,0.00014393111633
-1.0657988147031676,-4.383901942002611,0.00014478393132
-1.0605045774990662,-4.383904427221252,0.00014459335944
-1.0552749610999637,-4.383903457985981,0.00014370419376
-1.0499466453875954,-4.383904278108135,0.00014365928655
-1.0445450633993336,-4.383904017160177,0.00014382059453
-1.0393002073128197,-4.383904389942975,0.00014188274508
-1.0340347128387322,-4.383901979280888,0.0001422228961
-1.0287583454580176,-4.383906986996457,0.00014432171884
-1.023507687971095,-4.383902091115728,0.00014492246555
-1.0181117815394152,-4.3839037934905,0.00014563200239
-1.0127206194200031,-4.3839023023593136,0.00014329999976
-1.0074536777419079,-4.3839045017778115,0.00014236599964
-1.0021569865831839,-4.383904191125481,0.00014155566168
-0.9968775108599517,-4.383905881074159,0.00014221770107
-0.9916313837507896,-4.3839069124398975,0.0001428125106
-0.9861735118188528,-4.3839051355085665,0.00014331424609
-0.9808585481364956,-4.38390645267445,0.0001425526425
-0.9756013593549672,-4.383905968056812,0.00014250901586
-0.9702972685792354,-4.383904215977667,0.00014368139091
-0.9650497446035966,-4.38390395502971,0.00014337555331
-0.9597335224829726,-4.383909211267144,0.00014267470397
-0.9542428682341851,-4.383905098230289,0.00014138453116
-0.9490014476841412,-4.38390665149194,0.0001411218982
-0.9437650105496332,-4.38390942251073,0.00014178881247
-0.9385203683976249,-4.383907943805633,0.00014204290346
-0.9333345078970604,-4.383907682857676,0.00014228574582
-0.9280474186223134,-4.383907148535669,0.00014287438535
-0.922715893892364,-4.383906440248355,0.00014408076822
-0.9175458645451964,-4.3839046508909325,0.00014375246246
-0.9123718459487229,-4.383908378718899,0.00014383050438
-0.907214665256258,-4.383908018362193,0.0001430734992
-0.9021015299031324,-4.38390518521294,0.00014351574646
-0.8965907280576932,-4.383905458586992,0.00014297246526
-0.8912044612631385,-4.383904315386416,0.00014072134218
-0.8978091983251544,-4.39096519433722,0.00014174266835
-0.9037780339465652,-4.390964846406609,0.00014080779511
-0.9092715700189831,-4.390965964754998,0.00014048066805
-0.914784423118797,-4.3909626842663885,0.00014042589464
-0.9202002632126214,-4.390962622135921,0.00013985356782
-0.9256640623887952,-4.390966784877152,0.00014069103054
-0.9312349924146223,-4.390964896110981,0.00014119746629
-0.9365744327212676,-4.390964647589119,0.00014039989037
-0.9419271621360134,-4.390967778964607,0.00014113346697
-0.9472814142610607,-4.390960845204593,0.00014069388271
-0.952581528371868,-4.390963715632124,0.00014148898481
-0.9580424079712636,-4.390964138119294,0.00014268030645
-0.963447211561488,-4.390966064163743,0.00014350913989
-0.9686825412703205,-4.390962299057499,0.00014223455219
-0.9739649491547157,-4.390962758822948,0.00014192858362
-0.9792086852311709,-4.390960596682727,0.00014192631352
-0.9844456005722209,-4.3909662008507695,0.00014418363571
-0.9898820790536222,-4.390962982492627,0.00014124458539
-0.9951743782627941,-4.390966362389983,0.00014164358436
-1.000411432032052,-4.390966523929195,0.00014193549578
-1.0057022588684517,-4.390965790789695,0.00014255767746
-1.0109456929197242,-4.390965492563455,0.00014328176621
-1.0162283273230064,-4.390964212675853,0.00014322268544
-1.0216681532501972,-4.390962497874989,0.00014400681539
-1.0269024887927993,-4.3909685121041075,0.00014213164104
-1.0321479615140634,-4.390966126294211,0.0001442773937
-1.0374384359877475,-4.3909632807188625,0.00014382883091
-1.0426706825228271,-4.390968909739092,0.00014288745297
-1.048013306678289,-4.3909665115031,0.00014581241703
-1.0534254595479937,-4.390965728659227,0.0001465359237
-1.0586747201684394,-4.390959962951971,0.00014607212506
-1.0639455378363971,-4.390962261779218,0.00014450929302
-1.0692349048844074,-4.390964498475998,0.00014386564726
-1.0744913889405052,-4.390964138119294,0.00014274661953
-1.0799083364600048,-4.390965157058939,0.00014398647181
-1.0852999012796634,-4.3909598262649485,0.00014455149358
-1.09052590596094,-4.390960298456491,0.00014536679373
-1.0957982085860514,-4.390964684867396,0.00014673071564
-1.1010567061433778,-4.39096836299099,0.00014693979756
-1.1062984538873708,-4.390966635764031,0.00014770646521
-1.1116992053063768,-4.3909651446328475,0.00014715280849
-1.1170095379359133,-4.390965641676573,0.0001467494294
-1.1222373925214406,-4.390963529240729,0.00014507907326
-1.127519385121208,-4.390961081300361,0.00014464919514
-1.1327505368149953,-4.390963404979794,0.00014547316823
-1.137970991783515,-4.390961628048463,0.00014779527555
-1.1434674977702421,-4.39096269669248,0.00014738611935
-1.1487471496748336,-4.390964100841017,0.00014713640849
-1.1539296627296087,-4.390963044623091,0.00014697083679
-1.1591894313095832,-4.390962945214346,0.00014768572873
-1.164401140132148,-4.390964896110981,0.0001468519913
-1.1696227402794908,-4.390961553491904,0.00014795669995
-1.1750333578545071,-4.390967903225542,0.00014788402768
-1.1802822157747102,-4.390968499678016,0.00014860862575
-1.1854748970106799,-4.39096342983198,0.00014700875909
-1.190737987867679,-4.390963678353846,0.00014750039554
-1.1959443986651417,-4.390963144031836,0.00014813589223
-1.201188889804557,-4.3909655671200145,0.00014410780568
-1.2066387077315863,-4.3909663126856096,0.00014492492483
-1.2118560669419682,-4.3909655671200145,0.00014679768356
-1.2170338231000961,-4.390962771249042,0.00014643133909
-1.2222746647685376,-4.390966374816074,0.00014593722881
-1.227459820543673,-4.3909657783636,0.00014830079454
-1.232675820640728,-4.3909668594337115,0.00014757578901
-1.2380532406142675,-4.39096936950454,0.00014555128291
-1.2432580028576001,-4.390966349963888,0.00014703960915
-1.2484230110360837,-4.3909602487521155,0.00014745478984
-1.2536433275763936,-4.390967182512133,0.00014670484234
-1.2588135079361542,-4.390967865947261,0.00014665657363
-1.2640057613031146,-4.390968698495507,0.00014634126273
-1.2693495432217812,-4.390963877171337,0.00014722673222
-1.274531427057423,-4.390966561207472,0.000144197591
-1.2796726129995148,-4.390966300259515,0.00014628111967
-1.2848682767341788,-4.390965703807041,0.00014449362061
-1.2900201468171568,-4.390966946416362,0.00014649814693
-1.2951727593787135,-4.390966971268548,0.00014439498773
-1.3005042966930442,-4.390966076589838,0.0001442812063
-1.3056974813043207,-4.390967406181813,0.00014386448311
-1.3108179407681602,-4.3909685493823885,0.00014319585171
-1.3160119307799276,-4.390969034000023,0.0001430259872
-1.3211570808025623,-4.390967468312277,0.00014369269775
-1.3263085356009126,-4.390967567721026,0.00014342625218
-1.3316867735593245,-4.39096704582511,0.00014277322043
-1.3369220780993922,-4.390966760024966,0.00014288633247
-1.3420468414221034,-4.390966834581525,0.0001436026505
-1.347213775011135,-4.390965803215786,0.00014473906776
-1.352362687764187,-4.390967020972924,0.00014300965995
-1.3574986889406202,-4.39096825115615,0.00014360492059
-1.362781826719209,-4.390966325111701,0.00014527267194
-1.3680024578690866,-4.390965803215786,0.00014397947234
-1.3731146871466606,-4.390967679555862,0.00014290532272
-1.3782528024993812,-4.390966834581525,0.00014379313507
-1.383388375806805,-4.390966760024966,0.00014381231449
-1.3885015111599306,-4.390970338739812,0.00014480804384
-1.3938248057036133,-4.390966598485754,0.00014626227494
-1.3877173027695822,-4.398168911229596,0.00014608024503
-1.3821384194139097,-4.398165257958189,0.00014462975378
-1.3766012658711635,-4.398164636653528,1.9686432711e-15
-1.371146363853536,-4.3981650715667895,0.0001447469549
-1.3657280698050906,-4.398160101129502,0.00014330270642
-1.3601271763641307,-4.3981598898859176,0.00014667135838
-1.3546772703464245,-4.398160386929646,0.00014091210323
-1.3492987429472094,-4.398162536643771,1.9687082808e-15
-1.3438753522237845,-4.398157702893511,0.0001481580257
-1.3385221571868815,-4.398159740772799,0.00014582647418
-1.333146322845558,-4.398162834870011,0.00014682795154
-1.3275554591575847,-4.398163157948436,1.968608331e-15
-1.3221679087559965,-4.398161815930366,0.00013970385771
-1.3168267318045423,-4.398158734259247,0.00014540131087
-1.3114404775943709,-4.398162362678468,0.00014884179109
-1.306113407735886,-4.398159591659678,0.0001501490915
-1.3007373720444402,-4.398160548468859,1.9686180718e-15
-1.295204258088531,-4.398161927765206,0.00014609172649
-1.2898512392329857,-4.398159194024698,0.00014568175538
-1.2845097728407286,-4.398162971557037,0.00014332009596
-1.279116056091635,-4.39816241238284,0.00012030670769
-1.2737974932758336,-4.3981627230351705,3.8363157095e-10
-1.2683961252220772,-4.398162312974095,0.00014771483256
-1.262865175779988,-4.398162300548,0.0001462714572
-1.2575374011960743,-4.398162859722197,0.00014394056052
-1.2522018872168188,-4.398161157347424,1.968706375e-15
-1.2468467541849864,-4.398162275695814,0.00014432525495
-1.2415318030870106,-4.398162511791585,0.00014692227705
-1.236128635466533,-4.398163580435602,0.00014746833767
-1.2306635904364756,-4.398162996409223,0.00014601623116
-1.2253481233788117,-4.398162710609079,1.9686115073e-15
-1.220018612150089,-4.398160685155881,0.00014583663142
-1.2146821795109009,-4.398164922453672,0.00014527932217
-1.2093866083622353,-4.398160436634019,0.00014693629055
-1.2039314546569546,-4.398160275094806,0.00011043067207
-1.1984612626143865,-4.398159604085773,7.9936340626e-05
-1.1931553219344022,-4.3981628721482915,0.00014739579638
-1.1878226520256312,-4.398160026572944,0.00014807701518
-1.1825066815926606,-4.398162076878323,0.00014783338702
-1.177214344630341,-4.398157056736664,1.9687110337e-15
-1.1717672449299676,-4.398159442546561,0.00014279667812
-1.166380374085044,-4.398160088703407,0.0001452791621
-1.1611045100796378,-4.398160585747137,0.0001452180004
-1.1557844245535347,-4.3981597780510775,0.00014487741282
-1.1505032121854921,-4.398162076878323,1.9687629145e-15
-1.1452387622151659,-4.39816241238284,0.00014581973664
-1.1396648119374984,-4.398157479223834,0.00014572954387
-1.1342756633193114,-4.398158982781113,0.00014513646602
-1.1289922486843045,-4.398161641965062,0.0001091069862
-1.1236571374052957,-4.398158647276596,8.0827230704e-05
-1.1183861183872157,-4.398158783963619,0.00014540199481
-1.113085022694558,-4.398160026572944,0.0001452354918
-1.1076274527878054,-4.398159579233587,0.00014507421292
-1.102346353679208,-4.398160809416816,3.8275174696e-10
-1.0970832124846779,-4.398162499365494,0.00014229594672
-1.0917718731045296,-4.398160312373087,0.00014651470701
-1.0865365937332265,-4.398160188112156,0.00014394264144
-1.0812002114315693,-4.398160001720757,0.000142871766
-1.0757101360643844,-4.398161952617392,3.8362238386e-10
-1.0704566848445083,-4.398157180997595,0.00014326394012
-1.0651835642345227,-4.398160710008072,0.00014396940242
-1.0598960219220002,-4.398158982781113,0.00014192431991
-1.0546564386918251,-4.398161418295382,0.00011970045307
-1.0493019600478892,-4.398162114156605,8.5590029801e-14
-1.0439202739686257,-4.3981599520163845,4.5954689706e-12
-1.0386719571768792,-4.39815739224118,0.00014334707521
-1.033395715639991,-4.398161008234307,0.00014219462173
-1.028127414848567,-4.398160399355738,8.499960677e-05
-1.0228807969484814,-4.3981604739123,0.00013358608703
-1.0174500821143426,-4.398156261466696,0.00014223804465
-1.0120856743924822,-4.39815708158885,0.000142214878
-1.0068286743766945,-4.398161641965062,0.00014226222993
-1.0015085133442958,-4.398161890486925,1.968673976e-15
-0.9962441766334114,-4.398162934278756,0.00014114522492
-0.990970175116639,-4.398158001119746,0.00014586580801
-0.9855153737740735,-4.3981598898859176,0.00014531391207
-0.9802141774063553,-4.398159902312012,0.00013593035692
-0.9749480537131344,-4.3981574916499255,3.8363182076e-10
-0.9696307619199828,-4.398159914738104,0.00014323613141
-0.9643927391532591,-4.398157243128063,0.00014401279623
-0.9590467927207725,-4.3981597531988905,0.00014383617963
-0.9535759840434526,-4.398156795788706,8.7355430878e-05
-0.9483374704858053,-4.398156559692935,0.00012940743181
-0.9430970315176084,-4.39815728040634,0.00014277732407
-0.9378623939498218,-4.398158448459102,0.00014141839347
-0.9326800193232565,-4.398157827154442,0.00014222731988
-0.9273651059784286,-4.398159467398747,4.5358622457e-13
-0.9220622107190511,-4.398158883372368,0.00014183936582
-0.9168972528780985,-4.398157653189138,0.00014255550923
-0.9117171686091781,-4.398159007633299,0.0001411659905
-0.906568016752856,-4.39816005142513,0.00014153058873
-0.9014509173191891,-4.398159554381401,1.0282819043e-14
-0.8958651503061972,-4.398154546665832,0.00014560135605
-0.8905455555710176,-4.398159852607636,0.00014464087144
-0.885429840419446,-4.39815831177208,0.0001456735481
-0.8916664465352682,-4.405283856112003,0.00014169297356
-0.8977512724117325,-4.405277108743385,0.00014106358867
-0.9035630297686802,-4.405282277998163,0.00013618935191
-0.9089970417110772,-4.405283147824689,0.00014160524006
-0.9144739663983735,-4.405282203441604,0.00014113607176
-0.9198627500694618,-4.405286440739395,0.00014160694263
-0.9252896644200339,-4.405283582737951,0.00013852916891
-0.9308521754938567,-4.405282402259098,0.00014034673222
-0.9361677180578163,-4.4052828744506405,0.00014068382734
-0.9414943726316731,-4.405281930067555,0.00014052535698
-0.9468296852608045,-4.405285285112724,0.00013961287914
-0.9521127475330977,-4.405285496356308,0.00013985609985
-0.9575387306393537,-4.405282514093934,0.00014041239046
-0.9629509464309707,-4.4052850738691385,0.00014187596389
-0.9681717915153518,-4.405281905215368,0.00014316191664
-0.9734340895562431,-4.405283060842036,0.00014424111578
-0.9786725401919778,-4.405285546060681,0.00014285456564
-0.9838954113619708,-4.405283408772647,0.00014342168288
-0.9892966284031339,-4.405284750790717,0.00014423730318
-0.9945982652242464,-4.4052855087824,0.00014297959569
-0.9998133844145145,-4.405285173277884,0.00014344301599
-1.0050916897901587,-4.40528318510297,0.00014422221284
-1.0103321287583555,-4.405284228894802,0.00014286773512
-1.015584334124348,-4.405283209955157,0.00014218399883
-1.0210138282733676,-4.405283644868419,0.00014168117195
-1.0262616794429555,-4.405285744878172,0.00014226803614
-1.031486123660781,-4.405282986285477,0.00014453296899
-1.036768141429313,-4.405285570912867,0.00014397433551
-1.0419962980400248,-4.405282924155013,0.00014474304044
-1.0473001748812512,-4.405286105234878,0.0001433389989
-1.0527390192265946,-4.405282775041892,0.00014242428006
-1.0579765763711595,-4.405284241320893,0.00014139618725
-1.0632292851124567,-4.405286999913587,0.0001439563639
-1.0685178090068284,-4.4052851359996055,0.00014472083421
-1.0737652323074067,-4.405282377406912,0.00014158150589
-1.0791487179533914,-4.405284067355589,0.00014335970627
-1.0845702084350348,-4.405282613502683,0.0001446603419
-1.089792337126449,-4.405282290424258,0.00014475078206
-1.09504859466366,-4.405288404062121,0.00014528424072
-1.1003101376415894,-4.405283582737951,0.00014456127246
-1.1055508786349706,-4.40528376912935,0.00014421032392
-1.1109200684222449,-4.4052836821467,0.00014346372336
-1.116260628738949,-4.405282315276444,0.00014239571465
-1.121496273057349,-4.40528253894612,0.00014493320487
-1.1267613019092793,-4.405282501667843,0.00014540964912
-1.1320038802225298,-4.405279991597011,0.00014688890951
-1.1372298723194234,-4.405281594563038,0.00014701460896
-1.1426869891884,-4.40527968094468,0.00014627700148
-1.148008660346719,-4.405282203441604,0.00014688607189
-1.153187272242867,-4.405279357866256,0.00014652367099
-1.1584346452059129,-4.405280873849629,0.00014777519391
-1.1636511612626577,-4.4052798424838935,0.00014671821555
-1.1688531926949512,-4.405282066754581,0.00014886316785
-1.1742632188039837,-4.405281520006479,0.00014826483675
-1.1795429965524,-4.405282377406912,0.00014781755453
-1.1847349604785593,-4.405279705796867,0.00014891303726
-1.1899973340257461,-4.405282277998163,0.00014601583825
-1.19521469323613,-4.405281507580384,0.00014497314987
-1.2004321908747217,-4.4052815324325705,0.00014441116946
-1.2058807377791012,-4.405282352554725,0.00014540340635
-1.2111390214019218,-4.405281358467267,0.00014727778034
-1.216312096169696,-4.405277605787114,0.0001471038122
-1.2215529504225193,-4.40527956910984,0.00014469094458
-1.2267471166156463,-4.405281855510996,0.00014611973893
-1.2319426670908649,-4.405280650179953,0.00014816023759
-1.23731978503922,-4.4052828744506405,0.00014753243886
-1.242557505780761,-4.405278997509552,0.00014841387747
-1.2477108482365113,-4.405280128284037,0.00014826003462
-1.2529379603434618,-4.40528017798841,0.00014575792011
-1.258119579907067,-4.405279283309697,0.00014532334171
-1.263295033123165,-4.405279780353426,0.00014527591702
-1.2686484420945734,-4.405279233605324,0.00014647269563
-1.2738591315821433,-4.405280538345113,0.00014652803657
-1.2789928549853131,-4.405279581535935,0.00014682361507
-1.2841970257626603,-4.4052799543187335,0.00014587855549
-1.289360121114979,-4.40527843833536,0.00014482979896
-1.2945057367597708,-4.405279109344392,0.00014507483866
-1.299836758114412,-4.405278624726758,0.00014925119467
-1.3050575025237328,-4.405276151934208,0.00014888351143
-1.3101883566876555,-4.405279395144537,0.00014674275008
-1.3153748086542054,-4.405278028274284,0.00014836079208
-1.3205360792710366,-4.405276686256214,0.00014844365069
-1.3256981930415066,-4.405278885674716,0.00014900532551
-1.3310517278567418,-4.405275456072985,0.00014904463023
-1.3363221679932191,-4.4052757294470375,0.00014895973436
-1.3414538149732498,-4.405278960231275,0.00014852934692
-1.3466185588796986,-4.40527805312647,0.00014643504983
-1.3517793890431353,-4.405277195726035,0.00014558329713
-1.3569234064713283,-4.405280016449197,0.00014768117398
-1.3621914807438653,-4.40527435015069,0.00014698826999
-1.3674394829260446,-4.405275828855783,0.00014530550106
-1.3725580924856313,-4.405278488039732,0.00014471363102
-1.3776957799693426,-4.405277344839156,0.00014429287694
-1.3828393946972908,-4.405279159048765,0.00014409523283
-1.3879558145742914,-4.405281594563038,0.0001448973926
-1.382068336986831,-4.412356937486352,0.00014536612434
-1.3764142116071842,-4.412356204346851,0.00014477802324
-1.3709163087539804,-4.41235308539745,0.00014567178732
-1.3654546111697123,-4.412354564102547,0.00014714441204
-1.3598313426963684,-4.412360553479478,0.00014757919416
-1.3543712055755515,-4.412360019157468,0.00014411829761
-1.348971146297593,-4.412359696079046,0.00014370788995
-1.3435324277960778,-4.412357757608502,0.00014408842253
-1.338164949484846,-4.412358204947859,0.00014393674792
-1.3327598690382019,-4.412357074173374,0.00014461592946
-1.3271553638794162,-4.412357720330225,0.00014554068912
-1.321777251764831,-4.412355322094233,0.00014539419499
-1.316422080979849,-4.412354874754876,0.00014597174595
-1.311028980865504,-4.41235431558068,0.00014687297517
-1.3056989285083285,-4.412357272990868,0.00014826258121
-1.3002996872152426,-4.412357049321188,0.00014569109771
-1.2947576509320207,-4.412358378913163,0.00014812772861
-1.2894188650132734,-4.41235605523373,0.00014787622786
-1.2840713958704852,-4.412356577129645,0.00014635897242
-1.2786771505773187,-4.412358565304562,0.0001471167634
-1.273355907288009,-4.412354377711147,0.0001460727799
-1.2679339008466775,-4.412356614407926,0.00014689131058
-1.262418203676381,-4.412355433929069,0.00014751341951
-1.2570760199743114,-4.412356403164342,0.00014570819621
-1.2517319486148437,-4.412356266477315,0.00014529259352
-1.2463829064242211,-4.412354104337095,0.0001448924304
-1.2410603040215844,-4.412355235111579,0.00014373932208
-1.2356384485928442,-4.412355980677171,0.00014464225387
-1.2301818854367053,-4.4123555706160955,0.00014484662097
-1.2248658646662036,-4.412355955824985,0.00014685478527
-1.2195240710799975,-4.412355259963766,0.00014642700262
-1.2141873238312415,-4.412354675937383,0.00014787919645
-1.208887096460989,-4.4123545143981735,0.0001477010519
-1.2033960898494862,-4.412357074173374,0.00014559307601
-1.1979442961743796,-4.412356490146995,0.00014508761524
-1.192637197731189,-4.412353930371791,0.00014563078003
-1.187300072950953,-4.412353806110859,0.00014555455709
-1.1819837249865024,-4.412356428016528,0.00014480148093
-1.1766936154599152,-4.412357720330225,0.00014531503257
-1.171219094389709,-4.412354054632722,0.00014516607916
-1.1658523963102037,-4.412354054632722,0.00014561288117
-1.1605750976851712,-4.412356179494665,0.00014587228361
-1.155241609791526,-4.412357558791012,0.00014450053277
-1.1499605232673116,-4.412359484835461,0.00014538809774
-1.1446652163906827,-4.412356626834021,0.00014334949083
-1.1390893407024674,-4.412356726242766,0.00014276633738
-1.1337324584414412,-4.412357894295528,0.00014332578576
-1.1284408891264648,-4.412355806711867,0.00014212088718
-1.1231084834897302,-4.412358826252519,0.00014354268205
-1.1178455310609392,-4.412354464693801,0.00014333911531
-1.1125285538773553,-4.412355806711867,0.00014345467207
-1.107065786620561,-4.412352638058097,0.00014310319966
-1.1018022427257863,-4.412354191319748,0.00014468777226
-1.0965382080400863,-4.412353135101826,0.00014475660282
-1.0912403465337759,-4.412354166467562,0.00014419370564
-1.0860054321095696,-4.412352513797162,0.00014313509746
-1.0806381929016098,-4.412354613806919,0.00014225735504
-1.0751785591560994,-4.412355297242047,0.00014228335931
-1.0699257119865924,-4.41235389309351,0.00014137141989
-1.064648803477423,-4.412355918546707,0.00014232876129
-1.0593681448222199,-4.412355222685484,0.00014213651593
-1.0541314560000588,-4.412357272990868,0.00014284292411
-1.048755571321204,-4.41235462623301,0.00014360946079
-1.043395039589206,-4.412355906120612,0.00014329406258
-1.0381456027874023,-4.412353905519605,0.00014238491713
-1.0328575822683377,-4.412352563501535,0.00014203951287
-1.0276010352903258,-4.412354390137239,0.00014402309898
-1.0223541531182017,-4.412351718527198,0.00014119491971
-1.0168986848033552,-4.412353246936663,0.00014123688743
-1.011555393675612,-4.412352128588274,0.00014076109801
-1.006301804027528,-4.412358490748003,0.00014167268819
-1.0009761184511368,-4.412351010239884,0.00014101337001
-0.9957157080676456,-4.412354241024121,0.00014563978766
-0.9904275617047542,-4.412351730953289,0.00014418910723
-0.9849720933899075,-4.412355769433586,0.00014323520008
-0.979694278805187,-4.412357012042911,0.00014294228458
-0.9744243420440162,-4.412355757007495,0.00014354882296
-0.9691147644774415,-4.412354986589713,0.00014351167192
-0.9638828451363108,-4.412355123276739,0.00014189837384
-0.9585139196210731,-4.4123529984148,0.00014263333287
-0.9530685188123608,-4.412354129189281,0.00014323774667
-0.9478331261816141,-4.412350736865835,0.00014322609059
-0.9425920328255191,-4.4123533960497845,0.0001443267538
-0.9373608182098175,-4.412353756406487,0.00014416508202
-0.9321739635430228,-4.412352911432146,0.00014352319704
-0.9268397080020342,-4.41235176823157,0.00014428122086
-0.9215526816492015,-4.412353992502259,0.00014445929264
-0.9163808401509276,-4.412353184806199,0.00014443459804
-0.9111917202952526,-4.412353333919317,0.00014468980953
-0.9060428452953486,-4.412351159353001,0.00014544099395
-0.9009224613378066,-4.41234918360418,0.00014416883641
-0.8952771953635585,-4.41235608008592,0.00014100232511
-0.8900037978971549,-4.412353060545264,0.00014138700499
-0.8848895802871203,-4.412351221483469,0.00013939270866
-0.8797230242295669,-4.412354104337095,0.00014007552818
-0.8860083444906988,-4.419447800600096,0.00014002654643
-0.8917231265948063,-4.419445029581307,0.00013931031572
-0.897635898791431,-4.419445675738154,0.00014020003437
-0.9034037240684828,-4.419444942598657,0.00014321236813
-0.9088104782380215,-4.41944356330231,0.00014364435629
-0.9142686773639074,-4.419443613006682,0.00014515405928
-0.9196445368739956,-4.419445824851275,0.00014515327348
-0.9250489251795939,-4.419440767431334,0.00014291910338
-0.9305929623796578,-4.419446707103893,0.00014414307952
-0.9359187234623447,-4.419441674536138,0.00014555439702
-0.9412314345402049,-4.419445849703461,0.000144657286
-0.9465669485194586,-4.419443600580587,0.00014227526844
-0.9518417806054884,-4.419443314780444,0.00014189376088
-0.9572501833291555,-4.419442817736714,0.00014142889995
-0.9626758014883146,-4.4194431283890445,0.00014274823479
-0.9678959921847977,-4.4194409289705465,0.00014207565982
-0.9731567045934715,-4.419442718327969,0.00014106501476
-0.9783940981410635,-4.419442705901874,0.00014117771934
-0.98361567311964,-4.419441152640223,0.0001410793775
-0.9890056019695517,-4.419440966248824,0.0001420151093
-0.9943215346493746,-4.419439661509036,0.00014262506738
-0.9995333819001491,-4.419443265076071,0.00014443509281
-1.0048119137946818,-4.419441140214132,0.0001416724117
-1.0100500372364676,-4.419441972762377,0.00014181861479
-1.0152898469855294,-4.419440034291833,0.00014375975297
-1.0207146219910497,-4.41944345146747,0.00014552158245
-1.0259737110143596,-4.419442295840799,0.0001438336476
-1.031197161065955,-4.419440208257138,0.00014582929725
-1.036478423771527,-4.419440717726961,0.00014596425171
-1.04171332561135,-4.419439798196062,0.00014678756997
-1.0469997479138158,-4.419441624831766,0.00014681986067
-1.0524432358963616,-4.419439288726242,0.00014436083438
-1.0576890358115747,-4.41943945026545,0.00014440450468
-1.0629412034244192,-4.419442134301586,0.00014492624905
-1.0682318918326088,-4.41943945026545,0.00014384453243
-1.0734786481609044,-4.419439537248104,0.00014232967806
-1.0788488195300274,-4.419439885178716,0.00014524978178
-1.0842855622834637,-4.419439313578428,0.00014691053366
-1.0895062563552536,-4.419439127187029,0.00014572431974
-1.0947627655801175,-4.419439214169679,0.00014516891679
-1.1000289521952527,-4.419438804108604,0.0001402455091
-1.1052726127654122,-4.419439152039216,0.00014580652351
-1.1106321125780323,-4.419436169776841,0.0001460047788
-1.1159827781540201,-4.4194402455354185,0.00014310111874
-1.1212205366487074,-4.419439972161366,0.00014425147674
-1.1264882963116767,-4.419439189317493,0.0001311146334
-1.131739872458534,-4.419437673334123,0.00014629213547
-1.1369694385201055,-4.419439499969823,0.00014442868996
-1.1424176330617712,-4.41944121477069,0.00014400559303
-1.147758231131623,-4.419437524221002,0.00014401235967
-1.1529438651132988,-4.419437660908028,0.00012441791478
-1.1581854115071712,-4.419439425413264,0.00014561055286
-1.1634026952112575,-4.419437163864299,0.00014521699632
-1.1686107168097006,-4.419437698186309,0.00014492410992
-1.1740061827879862,-4.419437300551325,0.00013282724831
-1.1792950842138377,-4.419439176891402,0.00012697816419
-1.184491603686522,-4.419438070969103,0.00014573450608
-1.1897577147953613,-4.4194368407858775,0.00014611812367
-1.1949820331693604,-4.4194378100211456,0.00014519397519
-1.2001430898516876,-4.420605862783894,3.8363148769e-10
-1.2055355985000453,-4.4206093917943665,0.00014367423137
-1.2107714693373324,-4.420608509541749,0.00014560535783
-1.2159021976574282,-4.420604645026759,0.0001439423213
-1.221104933815151,-4.420609192976876,0.00014430060401
-1.2262687842304296,-4.420608534393935,2.3401766974e-14
-1.2314112411951714,-4.4206065089407405,0.00014255453425
-1.2367499390232417,-4.420605788227335,0.00014694761194
-1.2419740182939687,-4.420609528481393,0.00014646899945
-1.2470980768912505,-4.420607751550062,0.00013694213703
-1.252284264585766,-4.4206043095222425,8.3557904873e-05
-1.2574322209257336,-4.420605564557655,0.00014522748825
-1.2625683982835245,-4.420605663966404,0.00014529272448
-1.2678625725657133,-4.42060484384425,0.00014375937462
-1.2730705438266272,-4.420606658053859,9.8122669442e-05
-1.2781908522778735,-4.4206073166368,0.00010295073298
-1.283344484174425,-4.420607913089274,0.00014498425298
-1.2884895586907623,-4.420604707157223,0.00014498792007
-1.2936081808347308,-4.420605800653426,0.0001459801133
-1.298872593051911,-4.420605514853283,3.8362937826e-10
-1.304102121360333,-4.420601700042666,0.00012427862384
-1.3092106382450193,-4.420604558044106,0.00014222896425
-1.3143508426052657,-4.420603824904605,0.00014534547518
-1.3194932995700075,-4.420603352713062,0.00014470545284
-1.3246216368573964,-4.42060546514891,3.8354028287e-10
-1.329895122414479,-4.420601376964241,0.00014025499695
-1.3351847537345258,-4.420603650939301,0.00014329480473
-1.3402888283321306,-4.420603812478514,0.00014472103794
-1.3454084446423291,-4.420605291183606,0.00014558607654
-1.350550108790963,-4.420604508339733,3.8362824029e-10
-1.355657203640408,-4.420605601835936,0.00014667256619
-1.3608543019946966,-4.420601202998937,0.00014605445904
-1.366124779884322,-4.420600879920512,0.0001434021251
-1.3712134260287743,-4.420602172234209,0.00014100664703
-1.3763033054427307,-4.420603601234928,1.9689420619e-15
-1.3814335807250493,-4.420603551530556,0.00014247112267
-1.3755102754001314,-4.427584418867109,0.0001440999331
-1.3699369040040665,-4.427582467970474,0.0001438298641
-1.3644234971914164,-4.427584406441018,0.00014247272338
-1.3587958241841387,-4.427583350223093,0.00014310020197
-1.3533748999997146,-4.42758178453535,0.00014262320474
-1.3479809693161156,-4.427580889856637,0.00014206048218
-1.3425582581493531,-4.427580430091189,0.00014267828374
-1.3372195603212849,-4.427581598143951,0.00014367973199
-1.3317880526710382,-4.427582070335494,0.00014350817946
-1.3262121769828228,-4.4275794111515445,0.00014703049965
-1.3208865165751962,-4.427584170345247,0.00014289600949
-1.3155469881778719,-4.42758033068244,0.00014310423285
-1.3101800132419468,-4.427582592231409,0.00014525635925
-1.3048663205822395,-4.427579498134195,0.00014644993644
-1.299456520992094,-4.4275805294999335,0.00014363181253
-1.2939710892621148,-4.427584095788688,0.00014494550123
-1.2886513309299605,-4.427582641935782,0.00014467386063
-1.2833178933738463,-4.427582455544383,0.00014429750445
-1.277964119455341,-4.4275816975526965,0.00014294579159
-1.2726531576066729,-4.42758136204818,0.00014699219901
-1.2672264571906047,-4.427581908796281,0.00014704302885
-1.2617609591227714,-4.42758178453535,0.00014537470997
-1.2564444601457294,-4.427579846064806,0.00014379982895
-1.2511230532594453,-4.427581536013483,0.00014369505516
-1.2457942090030056,-4.427578205820501,0.00014324315998
-1.240498486841747,-4.427581647848323,0.00014455716882
-1.2350785442391734,-4.427581536013483,0.00014173763338
-1.2296644407901562,-4.427582430692197,0.00014141971769
-1.2243799187294722,-4.4275829028837395,0.00014502248087
-1.2190656220193978,-4.427579150203586,0.00014407395793
-1.2137609775308285,-4.427580678613052,0.00014256515715
-1.2084861580291817,-4.427581498735206,0.00014223819016
-1.203004375770176,-4.427582194596425,0.00014430111332
-1.1975993834142107,-4.4275781561161285,0.00014296786685
-1.1923159436104374,-4.427578715290322,0.00014350349375
-1.187001999263077,-4.427579112925305,0.0001468333794
-1.1817168479832594,-4.427578951386093,0.00014813455346
-1.1764611064057386,-4.427578827125162,0.00014749572438
-1.1710009818693048,-4.427581237787248,0.00014511829067
-1.1656655685651114,-4.427579100499214,0.00014446610294
-1.1604106198036985,-4.42757665255885,0.00014363626542
-1.1551026404537228,-4.427582107613771,0.00014816423936
-1.1498516431884682,-4.42757962239513,0.00014618637215
-1.1445724191528877,-4.427582443118288,0.00014817890769
-1.1390205041292722,-4.427579672099502,0.00014716430451
-1.1336925785327672,-4.427579883343087,0.00014660164015
-1.1284270588899117,-4.427578305229246,0.00014053184714
-1.123118890774197,-4.427578243098779,0.00014435588673
-1.1178823403802436,-4.427578317655341,0.00014537031529
-1.1125951126772868,-4.42757878984688,0.00014518352691
-1.1071600688155099,-4.427578678012043,0.00014696479775
-1.1019193655752781,-4.427576155515121,0.00012952543329
-1.0966793544760922,-4.427576913506804,0.00014558853582
-1.091398079186137,-4.427578330081432,0.00014538722462
-1.086190762313123,-4.427580939561009,0.00014402519446
-1.0808616915377964,-4.427579423577636,0.00014102045679
-1.0754145289155088,-4.4275809271349145,0.00010927695985
-1.0701873916397937,-4.427580889856637,0.00014081754489
-1.0649428501628473,-4.427578466768459,0.00014323175128
-1.059692758973144,-4.427578367359714,0.00014162046136
-1.0544815283571196,-4.42757901351656,0.00013025749649
-1.0491498903677283,-4.42757881469907,0.00011997152615
-1.0438076311593634,-4.427576702263222,0.00014380028006
-1.0385879564225684,-4.427580156717136,0.00014332316641
-1.0333446482151243,-4.4275805294999335,0.00014253483096
-1.0281076573677785,-4.427581834239723,8.9595705504e-05
-1.022896653270643,-4.42757951056029,0.0001412176498
-1.017504736088271,-4.4275775845158405,0.00014440111408
-1.0121705308848132,-4.427581312343807,0.00014202935563
-1.006945772057422,-4.42757642888917,0.00014113640646
-1.0016648994677115,-4.427578007003011,7.6725914511e-10
-0.9964312560661569,-4.427582132465957,0.00014110360644
-0.9912003308912565,-4.427579522986381,0.0001417654712
-0.985776361286229,-4.427577572089746,0.00014429456496
-0.9804972630944754,-4.427577969724729,0.00014126971655
-0.975269962221784,-4.427579088073119,1.9686364948e-15
-0.9699903229015774,-4.4275787277164165,0.00014239887241
-0.9647784378976552,-4.427578678012043,0.0001434328442
-0.9594928839175929,-4.427581573291764,0.00014261181059
-0.9540270334870444,-4.427579796360433,0.00011021160026
-0.9488247629514807,-4.427581262639435,9.782545385e-05
-0.9436221023000537,-4.427580790447892,0.00014334234584
-0.9384142065454373,-4.427580231273695,0.00014409862342
-0.9332576550721058,-4.427582033057212,0.00014516414376
-0.9279991575147812,-4.427583648449331,1.9687442797e-15
-0.9226958469707742,-4.427582505248755,0.00013448133541
-0.9175657604541948,-4.427580591630398,0.00014057588123
-0.9124201448094029,-4.427579846064806,0.00014216646377
-0.9072809849529194,-4.427579858490898,0.00014065646974
-0.9021823845617745,-4.427579970325738,1.968661694e-15
-0.8966923469477389,-4.427581796961441,0.00014209368965
-0.8913074266821298,-4.427582803474991,0.00014293756976
-0.886206120648712,-4.427580082160578,0.00014328048564
-0.8810799227063765,-4.42758298986639,0.0001398131717
-0.8759868720279902,-4.427581386900366,1.9775972563e-15
-0.8822472626270564,-4.434602576909422,0.00014279657626
-0.887965417345718,-4.434601818917735,0.00014443193504
-0.8934979650044063,-4.434600389917016,0.00014296540758
-0.8994827827918072,-4.434601992883043,0.00014386620023
-0.9050112908636585,-4.434598563281312,0.0001438268373
-0.9103788320968045,-4.434598190498514,0.00014211528469
-0.9157752922413203,-4.434600936665118,0.00013924691302
-0.9210901552486155,-4.434601110630421,0.0001393770217
-0.9265027359873292,-4.434600899386836,0.00013951717119
-0.93195765058934,-4.43460006683859,0.00013860814215
-0.9372264799248353,-4.43459750706339,0.00013933627633
-0.9425141858343324,-4.434600862108558,0.0001397706219
-0.9477988463232265,-4.434598799377083,0.00014127795293
-0.9530356987423623,-4.434597867420092,0.00013962858065
-0.9584587622718382,-4.434602303535373,0.00013946133549
-0.9637819183873128,-4.434600091690777,0.000142364981
-0.9689592844295756,-4.43459855085522,0.00014075830404
-0.9742046564757794,-4.434601197613075,0.00014130808995
-0.979405228119682,-4.434599805890633,0.00014481214748
-0.9846032577182883,-4.43460047689967,0.00014403751993
-0.9899974275051574,-4.434602154422252,0.00014359723718
-0.9952423465135838,-4.434601234891356,0.00014371561701
-1.0004299436589572,-4.434600750273718,0.00014415552141
-1.0056829292566742,-4.434600215951711,0.00014493828348
-1.010885476648656,-4.434601172760889,0.00014695496066
-1.0161264064077782,-4.434603185787991,0.00014637048298
-1.021521935307976,-4.434603707683907,0.0001448540861
-1.0267248854002042,-4.434601110630421,0.00014514928625
-1.0319222731952922,-4.434601557969778,0.00014599299175
-1.03717568666202,-4.434602763300822,0.00014469469897
-1.0423783221446807,-4.434600141395153,0.0001415949082
-1.0476621772330836,-4.434598749672711,0.00014353448933
-1.0530586122088348,-4.434601384004474,0.00014381553046
-1.0582743480338532,-4.434598637837871,0.00014294465655
-1.0635094260550322,-4.434600228377803,0.00014304224169
-1.068765696176626,-4.434602365665837,0.00014184406609
-1.0739908073667328,-4.434598861507551,0.00014459279191
-1.0793590784940725,-4.434603757388279,0.00014473647752
-1.0847512851172458,-4.434603247918456,0.00014429421572
-1.0899471502020321,-4.434599047898949,0.0001441543136
-1.0951862678100481,-4.434601172760889,0.00014351368009
-1.1004275625162672,-4.434600439621388,0.00014138572442
-1.105638189081923,-4.434600004708127,0.00014282933262
-1.1109847269803932,-4.434600924239026,0.0001440509368
-1.1163007099977469,-4.434599370977371,0.00014359591296
-1.1215077374299598,-4.43459944553393,0.00014286271471
-1.1267510708061705,-4.434598501150848,0.00014345308591
-1.1319790638199076,-4.434600141395153,0.00014241908502
-1.137180617045659,-4.4345986254117795,0.00014315883163
-1.1426131062777547,-4.4346003402126435,0.00014277891023
-1.1479182918947788,-4.434602166848347,0.0001429823169
-1.1530831364762877,-4.434601284595729,0.00014288940292
-1.1583079708099748,-4.4345996816297015,0.00014210277004
-1.1635076741314758,-4.434595444331914,0.00014353172446
-1.1686881862694054,-4.43460067571716,0.00014427637507
-1.174067305134606,-4.434599731334074,0.00014453029144
-1.1793323339865363,-4.434599495238302,0.00014444548287
-1.1845055220137541,-4.434596960315288,0.00014560620184
-1.18974412366208,-4.434594089887754,0.00014254779671
-1.194935647134847,-4.434595767410336,0.00014436048514
-1.2001184747991878,-4.43459843902038,0.00014275698049
-1.205543186882794,-4.434595208236143,0.00014333685976
-1.2108009922990726,-4.434597569193854,0.00014483883569
-1.215943776457765,-4.434596997593566,0.00014399261272
-1.2211649109829474,-4.434597345524177,0.00014366942924
-1.2263420379219416,-4.43459574255815,0.00014442068641
-1.2315049948460488,-4.4345991970120675,0.00014425143308
-1.2368574222356103,-4.434599594647051,0.00014377562911
-1.242089064720321,-4.4345949100099045,0.00014424414258
-1.2472251288186686,-4.434594673914133,0.00014347113029
-1.252426392603619,-4.434597668602599,0.00014368102711
-1.257589638968529,-4.434597382802455,0.000143003228
-1.2627379602555955,-4.434599234290345,0.00014301447663
-1.2680552142955974,-4.434597345524177,0.00014194834512
-1.273266268730264,-4.434596724219516,0.0001432151621
-1.2783923785819207,-4.4345996319253285,0.00014645181363
-1.2835577894606491,-4.4345984265942855,0.00014467818255
-1.2887054689441988,-4.434596935463102,0.00014514174836
-1.2938293639445062,-4.434597842567906,0.00014505337458
-1.2991126904888362,-4.434596985167475,0.0001445375965
-1.3043377765101765,-4.434597308245896,0.00014628848294
-1.309453453908602,-4.434595618297219,0.00014502000704
-1.3146028952057254,-4.43459855085522,0.00014410774747
-1.3197515814398886,-4.434602676318168,0.00014628350618
-1.3248884509387253,-4.434601011221676,0.00014366518008
-1.330178107427537,-4.434600489325761,0.00014300573093
-1.3354635103950079,-4.434601110630421,0.00014514134091
-1.340572392226791,-4.434600737847627,0.00014645031479
-1.3457085192470508,-4.434598849081456,0.00014684670896
-1.3508542229825216,-4.434604552658244,0.00014629033103
-1.3559804838467713,-4.4346003402126435,0.00014822547382
-1.3612008003870812,-4.434601048499958,0.00014951228513
-1.3664699191633778,-4.434598526003034,0.00014812714653
-1.3715682049449551,-4.4346009118129315,0.00014864902187
-1.3766697500816432,-4.434598414168194,0.00014885107521
-1.3707950330582082,-4.441401923876209,0.00014725307119
-1.3651962412091525,-4.441399326822728,0.00014508898312
-1.3595189479810155,-4.441398991318211,0.00014400358486
-1.3540448044422875,-4.441399761735989,0.00014315047883
-1.3486226218195982,-4.441397164682507,0.00014044126146
-1.3431692550966572,-4.441403154059439,0.00014434030163
-1.3377981273144517,-4.4413985936832265,0.00014346739044
-1.3323694008127753,-4.441398307883083,0.00014452372852
-1.326767123089722,-4.441396990717203,0.00014000595547
-1.321407673614633,-4.441400258779718,0.0001446979295
-1.3160608085222119,-4.4413993143966355,0.00014404530521
-1.3106689039242212,-4.441398891909466,0.00014447874855
-1.3053498125643481,-4.441401936302304,0.00014397395717
-1.299946896631524,-4.441401302571549,0.0001397512242
-1.2944298277635171,-4.441398804926812,0.00014557378017
-1.2891047210687283,-4.441402159971981,0.00014318437024
-1.2837690183237338,-4.441399214987888,0.0001449866395
-1.2783996020175725,-4.441400830380006,0.0001462957589
-1.2730759047736435,-4.44139848184839,0.0001449589472
-1.267656012508599,-4.441402420919938,0.00014514531358
-1.2621637600432125,-4.441399090726956,0.00014416863269
-1.2568327890261026,-4.441400370614558,0.00014279466996
-1.2514980301098073,-4.44140207298933,0.00014376342006
-1.246157507546251,-4.441399500788031,0.00014511037443
-1.2408526491231777,-4.4414021351197945,0.00014511775225
-1.235436028797627,-4.441401066475778,0.00014516223746
-1.2299992734598075,-4.4414010291974995,0.00014617407578
-1.2246984672079508,-4.44139886705728,0.00014510827896
-1.2193769344778418,-4.441398432144014,0.00014577370894
-1.2140594790877157,-4.441399413805381,0.00014314081636
-1.2087724527348829,-4.441400246353626,0.00014195565018
-1.2032935397151243,-4.4414004575972115,0.00014243797341
-1.1978581057374842,-4.44140071854517,0.00014536593517
-1.1925662721504713,-4.441398618535413,0.00014533134527
-1.187245758755357,-4.441398034509033,0.00014398532221
-1.1819475826394792,-4.4413993143966355,0.0001425135124
-1.1766766517120781,-4.441398780074626,0.00014469426242
-1.1712201766466181,-4.441396468821288,0.00014298052702
-1.1658664027281127,-4.441400470023303,0.00014582974836
-1.160608546974303,-4.441400047536133,0.00014598258713
-1.1552838429797607,-4.441400296057999,0.00014417034981
-1.1500192797499893,-4.441398183622152,0.00014531266061
-1.1447455802584012,-4.441398891909466,0.00014461693354
-1.1391855357235827,-4.441400569432048,0.0001441671775
-1.133837840061904,-4.441396443969102,0.00014272530098
-1.1285667832906763,-4.441398208474338,0.00014513089263
-1.123246836192783,-4.441398606109321,0.0001439597836
-1.1180008349274475,-4.441399003744306,0.00014469076996
-1.1127034012901467,-4.441399140431328,0.00014405185357
-1.1072647331261625,-4.441399861144737,0.00014448689763
-1.1020091803143808,-4.441401041623591,0.0001434587175
-1.0967601210440572,-4.441400693692983,0.00014076833031
-1.0914719495123995,-4.4413993641010086,0.00013994943583
-1.0862569184128101,-4.441396704917059,0.00014012638712
-1.0809227887156498,-4.441398730370253,0.00014166337496
-1.0754663262345712,-4.441396543377847,0.00014409182768
-1.0702287565056232,-4.44139620787333,0.00014280487085
-1.064973040096867,-4.441396481247379,0.0001432387653
-1.059700234096449,-4.441400345762371,0.00014477438526
-1.0544756388660321,-4.441397413204373,0.00014791099238
-1.0491346506803172,-4.441395313194617,0.00014531445049
-1.0437799077643461,-4.441396183021143,0.0001421191846
-1.0385475479698214,-4.44139763687405,0.00014250390814
-1.033290371772676,-4.441396108464585,0.00014444231056
-1.028042369590497,-4.441398717944158,0.00014435424237
-1.0228197123550096,-4.4413974753348375,0.00014410827134
-1.0174101392837545,-4.441396617934405,0.00014152053336
-1.0120727628158652,-4.441395884794905,0.0001411865087
-1.0068413971875725,-4.441400420318931,0.00014113172074
-1.0015455995200182,-4.441399562918499,0.00014357353211
-0.9963026814284355,-4.441400258779718,0.00014359473425
-0.9910538990145299,-4.441398854631185,0.00014372156875
-0.9856136578027114,-4.441399761735989,0.00014354284212
-0.9803369254749016,-4.441397773561076,0.00014343879593
-0.9750938689551091,-4.441399227413982,0.00014341688075
-0.9698105172420146,-4.441400668840797,0.00014412471501
-0.9645897602483106,-4.441399625048966,0.00014397336054
-0.959281642470125,-4.4413993143966355,0.00014573649969
-0.9538170756466097,-4.441397984804661,0.00014569141786
-0.9486056059273152,-4.4413987427963475,0.00014580052812
-0.9433872022131702,-4.441398891909466,0.00014609259961
-0.938175505974987,-4.441399190135701,0.00014319746697
-0.9330061939376317,-4.441400929788754,0.00014263264893
-0.9277257743856987,-4.4414005073015845,0.00014018600632
-0.9224231056452082,-4.441399239840074,0.00013981891971
-0.9172740670483296,-4.441396419116915,0.00014090182958
-0.9121092979731161,-4.4413981090655925,0.00013925395615
-0.9069624490588238,-4.441397785987167,0.0001394150604
-0.9018541335242599,-4.441398307883083,0.00013962340017
-0.8963194213517517,-4.441398717944158,0.00014038982044
-0.8909590406323449,-4.44139848184839,0.00013938519987
-0.8858550037878881,-4.441399948127388,0.00014185343753
-0.8807012208787453,-4.441395586568669,0.00014156542602
-0.8756085980693683,-4.441397723856704,0.00013972683519
-0.8705206063128138,-4.441397885395912,0.00013879057951
-0.8767488563985459,-4.448055686734825,1.968699387e-15
-0.8824793563966051,-4.448057761892395,0.00014127473696
-0.8880369343924212,-4.448056792657122,0.00014322494098
-0.8935171184348278,-4.448057314553038,0.00014475239732
-0.8994752950841188,-4.448054332290663,7.6613985584e-05
-0.9049898722443585,-4.448055823421851,0.00012111147953
-0.9103471068680983,-4.448054729925648,0.00014180784638
-0.9157344810883268,-4.44805825893612,0.00014261514298
-0.921042070322441,-4.4480555003434255,0.00014228707005
-0.926452964753877,-4.448056370169953,1.9686489885e-15
-0.9319072249679878,-4.448054742351739,0.00014323418145
-0.9371790871397067,-4.448056705674469,0.00014418642968
-0.9424734376032532,-4.448056916918055,0.00014209137589
-0.9477550400871573,-4.448057202718198,0.00014101574197
-0.9529914898060484,-4.448055264247654,8.4292965767e-05
-0.9584190962976681,-4.448057227570384,0.00014410376025
-0.96375068394953,-4.448055400934681,0.00014559277042
-0.96893510983047,-4.448055102708445,0.00014398247004
-0.9741854527078267,-4.44805589797841,6.7811343563e-13
-0.9793888306690659,-4.448054618090808,0.00011426304263
-0.9845876153306306,-4.448056158926367,0.00014144017769
-0.9899854723416229,-4.448055711587011,0.00014232182002
-0.9952365576975566,-4.448057463666156,0.00014504748106
-1.0004390169988613,-4.44805763763146,1.9685918138e-15
-1.0056941545260132,-4.4480544689776895,0.00013746041805
-1.0109028934342685,-4.448057053605081,0.00014467204164
-1.016153085299034,-4.448057476092247,0.00014578683476
-1.0215634889395464,-4.448054034064429,0.00014244813065
-1.0267665019536871,-4.448057264848666,1.9708565682e-15
-1.0319767384034813,-4.44805466779518,0.00014474286581
-1.0372460836986663,-4.44805806011863,0.00014274379646
-1.0424533124810016,-4.448054220455823,0.00014244105841
-1.0477466939470825,-4.448057351831316,0.0001359625021
-1.0531368996534123,-4.448058308640497,8.2101738371e-05
-1.0583641627729556,-4.448056171352462,0.00014358134649
-1.0636065271517008,-4.448060085571824,0.00013971791486
-1.0688612242254603,-4.4480569541963355,0.00013956190378
-1.0740913943373989,-4.448061079659283,1.9686743995e-15
-1.0794664232782314,-4.448056258335113,0.00011407275451
-1.084858176863629,-4.448055574899985,0.00013985310216
-1.0900588240138291,-4.448058706275477,0.00014018503134
-1.0953039569567609,-4.4480574388139695,0.00014048833691
-1.1005405702726265,-4.448059924032615,2.0149317158e-15
-1.1057574009389373,-4.448058283788306,0.00014018654474
-1.1111171524392105,-4.448060880841792,0.00014150467177
-1.116429272051085,-4.448057824022858,0.00014169172209
-1.1216401125512463,-4.448060706876484,0.00014068295422
-1.126892242410941,-4.448060582615553,1.9792894164e-15
-1.132117353601048,-4.448057563074901,0.0001418885804
-1.1373215117940119,-4.448060557763367,0.00014219296281
-1.142769819595121,-4.4480634157648105,0.00014297086454
-1.1480727400232649,-4.4480580104142575,0.000129991633
-1.1532371063982318,-4.448059277875765,8.6534309958e-05
-1.1584712909282429,-4.448058768405945,0.00014434473997
-1.1636683137762338,-4.44805825893612,0.00014467410801
-1.1688537212390226,-4.448059663084657,0.00014288203965
-1.17424561325263,-4.448060992676632,1.9688628644e-15
-1.1795125297619606,-4.448064322869614,0.00012137781596
-1.1846913681769975,-4.448060756580861,0.0001450656564
-1.1899311401729114,-4.448060197406664,0.00014319548791
-1.1951291194339866,-4.448064037069471,0.00014278866001
-1.2003201017782972,-4.44806091812007,1.8017557576e-15
-1.205748803111209,-4.448060184980573,0.0001442234643
-1.2109912807493974,-4.448061725816129,0.00014387727424
-1.216138947648564,-4.448062570790469,0.00014301550982
-1.2213575904659792,-4.4480645341131995,0.00014145571913
-1.2265391848608198,-4.448062906294986,2.81975425e-13
-1.2317018900972754,-4.448061154215841,0.00014240697783
-1.2370690412145582,-4.4480650435830205,0.00014340566122
-1.2422868660470991,-4.4480610423810045,0.00014364857634
-1.2474212312537856,-4.44806002344136,0.00013864169887
-1.2526223440261446,-4.448060793859138,1.9686168013e-15
-1.257782217776499,-4.448062955999359,0.00014610878134
-1.2629318604237463,-4.448061663685666,0.00014243490295
-1.2682667074307188,-4.448058308640497,0.00014265073696
-1.27348070661093,-4.448063167242944,0.00011494677892
-1.278611623696765,-4.448062856590614,0.00010167140135
-1.283792853144507,-4.448063216947316,0.0001461613283
-1.2889457425624817,-4.448058519884078,0.00014478724916
-1.294078975174728,-4.448059936458707,0.00014716926671
-1.299374118454384,-4.448062844164519,1.9686784229e-15
-1.3045972413120288,-4.448061775520502,0.00013577539357
-1.3097132962419342,-4.448060756580861,0.00014652617392
-1.3148767313725835,-4.448063540025742,0.00014581193682
-1.3200194400249787,-4.448061937059714,0.00014692384866
-1.3251573414431954,-4.448064347721801,1.9674485311e-15
-1.3304673217100165,-4.448060508058995,0.00014746973466
-1.335740769513951,-4.448059588528095,0.00014582948643
-1.3408557170181812,-4.4480615021464525,0.00014788174303
-1.3459937316958412,-4.4480619619119,0.00014578756236
-1.3511345401064547,-4.448061626407384,9.6975374618e-05
-1.3562514004368496,-4.448063030555917,0.00014520414697
-1.3614749008259759,-4.448061812798783,0.00014573805674
-1.3667259232599953,-4.448061825224878,0.00014492086484
-1.3718220948652857,-4.448061241198495,0.00014690861281
-1.3659724962696538,-4.4550579269517225,0.00014598474081
-1.3601934708920276,-4.455056249429136,0.00014696056314
-1.354654605873239,-4.455057628725483,0.00014779360208
-1.3492195116739312,-4.455056932864264,0.00014748719695
-1.3437553475506605,-4.455054447645619,0.00014818240015
-1.3383652173506264,-4.455057405055807,0.0001479859784
-1.3329532784154292,-4.455057529316738,0.00014612190716
-1.3273420028587675,-4.455055565994008,0.00014683586778
-1.3219524892934837,-4.455055963628992,0.00014654709958
-1.316595317591658,-4.4550529316622445,0.00014624459436
-1.3112080692152546,-4.455055677828848,0.00014575771638
-1.3058837301678106,-4.455054721019671,0.00014532916248
-1.3004978031515864,-4.45505642339444,0.00014620792354
-1.29497106947769,-4.455053055923179,0.00014475277567
-1.2896368391054676,-4.455054609184831,0.00014423046377
-1.284304483806264,-4.455057989082186,0.00014355313033
-1.2789243707748335,-4.455053167758017,0.00014355086023
-1.2736101244022886,-4.4550524967489835,0.00014292035485
-1.2682140166204863,-4.455055727533221,0.00014309030666
-1.2627056435609036,-4.455055603272289,0.00014416851627
-1.257379391687293,-4.455056522803188,0.00014272477711
-1.2520457401966734,-4.455057740560323,0.00014452941832
-1.246705532242683,-4.455057566595019,0.00014226010535
-1.2413974144644975,-4.455057081977381,0.0001447085815
-1.2359976572117233,-4.455055044098093,0.00014426185226
-1.230543044634897,-4.455056908012078,0.00014390349679
-1.22524454132507,-4.455056435820535,0.0001424265356
-1.2199190696831845,-4.455056125168205,0.00014244322665
-1.2145972349278908,-4.455057032273009,0.00014206305787
-1.2093121717387523,-4.455056684342398,0.0001433492871
-1.2038547150914451,-4.455058958317458,0.00014226006169
-1.1983977492350597,-4.455054820428416,0.00014096367522
-1.193101825723679,-4.455055193211214,0.0001413840655
-1.1877815010943056,-4.455055081376374,0.00014460572856
-1.1824775613311669,-4.45505345355816,0.00014644008479
-1.1772081405296841,-4.455057479612366,0.0001454262383
-1.1717790742496754,-4.455054447645619,0.00014602948795
-1.1664108408754834,-4.455056808603333,0.00014652317623
-1.1611398973636993,-4.455057479612366,0.00014654535335
-1.1558417967541188,-4.455052857105686,0.00014642045426
-1.150572187186897,-4.455055242915586,0.00014548847685
-1.1453237948888546,-4.455054708593576,0.00014599447604
-1.139769841195246,-4.455055242915586,0.0001452336146
-1.1343993174634093,-4.45505468374139,0.0001433333091
-1.1291316584755018,-4.455055652976662,0.00014313119755
-1.1238114219368056,-4.455057019846918,0.00014484900748
-1.1185552147371258,-4.455057032273009,0.00014505232684
-1.113285101794599,-4.4550578151168825,0.00014362791262
-1.1078493783761578,-4.455055255341678,0.00014447740978
-1.1025734011113064,-4.4550549571154425,0.00014275364811
-1.0973302061633057,-4.455056274281322,0.00014360361092
-1.0920404867525817,-4.455057864821255,0.0001431358105
-1.0868224731542981,-4.455057839969069,0.00014279736206
-1.081512455134331,-4.455056510377093,0.00014054098574
-1.0760208570568426,-4.455052732844755,0.00014104357979
-1.070787968718248,-4.455055565994008,0.00014332760475
-1.065536241558798,-4.4550573553514345,0.00014395872131
-1.0602589177650008,-4.455056199724764,0.00014284487406
-1.0550354677134055,-4.455056398542253,0.00014277815353
-1.0497072526760993,-4.455053627523467,0.00014294918219
-1.0443298201181783,-4.455056510377093,0.00014284106146
-1.0390935969181743,-4.455055205637305,0.00014304999786
-1.0338361186958462,-4.4550573553514345,0.00014451093739
-1.0285807043122746,-4.455053950601889,0.00014364044182
-1.0233516290416265,-4.455055056524188,0.00014306174126
-1.0179649469624439,-4.455055342324331,0.00014222088794
-1.0126022003790967,-4.455055615698381,0.0001421005727
-1.007362252201823,-4.455058324586703,0.00014176286641
-1.0020793031889734,-4.455057429907993,0.00014157508849
-0.9968224541857789,-4.455054584332645,0.00014199633733
-0.9915959712979601,-4.455058175473585,0.00014286440273
-0.9861635324033956,-4.455055578420103,0.00014397797349
-0.9808697859902179,-4.45505858553466,0.00014348611876
-0.9756305928759045,-4.455060610987858,0.00014054951316
-0.970344560689302,-4.455057641151578,0.00014017886133
-0.9651145919274857,-4.4550584736998236,0.00013948476408
-0.9598238028442341,-4.455058200325771,0.00013942043006
-0.9543361310941391,-4.455063133484781,0.00014025883866
-0.9491029155615939,-4.455060113944128,0.00014170889335
-0.94388442375677,-4.455059840570076,0.00014287502563
-0.9386518626121245,-4.455060325187714,0.00014468871814
-0.933480461567245,-4.455057864821255,0.00014409938012
-0.9282128529168685,-4.455060486726923,0.00014435818593
-0.9228844742825877,-4.455062959519477,0.00014153405209
-0.9177320253180056,-4.455060561283485,0.00014207967615
-0.9125717866205543,-4.45505796423,0.00014359531633
-0.9074075209206476,-4.455060362465992,0.00014080763503
-0.9022906228371032,-4.45506197785811,0.000141579716
-0.8967963065329605,-4.455059915126635,0.00014128665498
-0.8913953034263011,-4.45505769085595,0.0001398572349
-0.8862712322446377,-4.45506093406628,0.00014047761215
-0.8811254404184881,-4.455060598561763,0.0001406770607
-0.8760119023651161,-4.455056174872577,0.00013779809524
-0.870921859354187,-4.455057902099536,0.00013915513409
-0.8656450892732277,-4.455058747073873,0.00014037609799
-0.8720549445852439,-4.462105410574034,0.00014131910575
-0.8777567647752018,-4.462104751991093,0.00014149864728
-0.8833428841509092,-4.462104329503922,0.00014282867778
-0.8888370116893127,-4.462110989889891,0.0001416518644
-0.894351148396158,-4.462109859115406,0.00014011806343
-0.9003072360379265,-4.46210215493761,0.00014140291023
-0.9057256936833464,-4.462107349044574,0.00014203987666
-0.91108455169245,-4.462106640757264,0.00014123054279
-0.9164484937921515,-4.462105485130593,0.00014267722145
-0.9217609657667415,-4.462106963835685,0.00014212833776
-0.9271857533566432,-4.462105721226364,0.00014351258869
-0.9326091944175993,-4.462104963234678,0.00014545342128
-0.937870523461025,-4.462106852000849,0.00014510058099
-0.9431696559899851,-4.462107721827372,0.00014492843184
-0.9484383972348034,-4.462108641358271,0.00014508489403
-0.9536746833567182,-4.462107535435973,0.00014360863133
-0.9591357643062361,-4.462109150828092,0.00014205185289
-0.9644338145782874,-4.462105050217331,0.00014183970052
-0.9696202287916896,-4.46210789579268,0.00014258603915
-0.9748841124647967,-4.462107311766297,0.00014351059508
-0.9800881448139339,-4.462106740166009,0.00014177132107
-0.9853267842154095,-4.462109970950246,0.00014181420556
-0.9907297253170001,-4.462109287515118,0.00014309196558
-0.9959610783609099,-4.4621053608696615,0.0001429723925
-1.0011789912841296,-4.462107274488016,0.00014090574405
-1.0064370987255926,-4.46211137509878,0.00014267249207
-1.0116408793870764,-4.46211003308071,0.00014248883235
-1.0169247973973918,-4.462108044905797,0.00014256537543
-1.022317092111244,-4.462106876853035,0.00014272355475
-1.027511396732579,-4.462108380410314,0.00014239968732
-1.0327343937463989,-4.462108728340925,0.00014236215793
-1.037992752875515,-4.462109362071677,0.00014407545677
-1.0432065255368377,-4.462108467392968,0.0001427277748
-1.048537521722714,-4.462106516496329,0.00014421727974
-1.0539069506132586,-4.462108976862788,0.00014240603196
-1.059132187647192,-4.462105174478262,0.00014258509327
-1.0643901818292099,-4.462108069757983,0.00014223536709
-1.0696446020465513,-4.462109871541501,0.00014324279618
-1.0748748980023166,-4.462112468594983,0.00014329816622
-1.0802878311037458,-4.462108964436693,0.00014296711015
-1.0856355267654227,-4.462112841377781,0.00014266584185
-1.0908355321121062,-4.462111524211897,0.00014140528219
-1.09608165922127,-4.462115898196711,0.00013928358385
-1.101313578562399,-4.462108541949526,0.00013970783039
-1.1065304218130927,-4.462108591653899,0.00014113546058
-1.1119192558217121,-4.462113065047458,0.00014264549827
-1.1172031486632612,-4.4621124810210775,0.00014301178453
-1.1224047018890144,-4.462109846689315,0.00014207672211
-1.1276714422169871,-4.462110120063364,0.00014145536989
-1.1328936967522283,-4.4621134751085325,0.0001422228961
-1.1381076078417607,-4.46211179758595,0.00014032547188
-1.1435885469471274,-4.4621105301244395,0.00014086181181
-1.148844842237486,-4.462111462081434,0.00014148087939
-1.1540139151715711,-4.462109250236841,0.00014281086624
-1.1592507675907069,-4.462110182193832,0.00014092876518
-1.164444845693155,-4.462112978064804,0.00014036464563
-1.1696527792009193,-4.4621124810210775,0.00014025911514
-1.1750589544888557,-4.462107547862068,0.00014330616978
-1.1802861924396328,-4.462111586342365,0.00014266297512
-1.185470152698414,-4.46210983426322,0.00014287578233
-1.190718117127447,-4.462111114150822,0.0001432072022
-1.1959134033306291,-4.462111039594263,0.00014254960115
-1.2011359347222899,-4.462112282203584,0.00014179405116
-1.20656831069494,-4.462113910021798,0.0001436536113
-1.211774960595673,-4.462116482223093,0.00014413354802
-1.2169390123610742,-4.462116034883737,0.00014296466543
-1.222160411158293,-4.462113201734484,0.00014161816216
-1.227336569099822,-4.46211496623972,0.00014260194439
-1.2325250974895112,-4.462114121265383,0.00014220594312
-1.237881967166154,-4.462113127177925,0.00014262906916
-1.2430747616615692,-4.462113152030111,0.00014505512081
-1.2482210065254944,-4.462113810613049,0.000144226884
-1.2534203952374277,-4.462112965638712,0.00014360364003
-1.2585810240507422,-4.462113785760863,0.00014283080236
-1.2637534947681477,-4.462113313569324,0.00014357162581
-1.2690825277903284,-4.462111698177205,0.00014533611829
-1.2742642731977603,-4.462112866229967,0.00014574309171
-1.2793932774574306,-4.4621148171266025,0.00014429382281
-1.2845806732526814,-4.462115214761586,0.0001461289794
-1.2897207014315686,-4.462113910021798,0.00014403897512
-1.2948528014493748,-4.462113276291042,0.00014481674589
-1.300180739630263,-4.462111698177205,0.00014588232443
-1.3053747296420324,-4.462115985179365,0.00014588731574
-1.3104827431514119,-4.462113897595703,0.00014450110029
-1.3156633937175515,-4.462111325394407,0.00014330694103
-1.3208024654833561,-4.462112605282009,0.00014444348926
-1.3259479678687045,-4.462110318880858,0.00014567257313
-1.3312858728806651,-4.4621134751085325,0.00014666738571
-1.336521668211658,-4.462114382213341,0.00014527385065
-1.3416390193329766,-4.462112915934339,0.00014571331849
-1.3467849244185697,-4.462113661499932,0.00014587593614
-1.3519180563557558,-4.4621130526213655,0.00014700813335
-1.3570419513560632,-4.462112853803872,0.00014798813208
-1.362290545004228,-4.462113065047458,0.00014778833429
-1.3675125100986678,-4.462114394639432,0.00014691532124
-1.3615024606240187,-4.469248935470849,0.00014490165631
-1.355836317158925,-4.469243467989832,0.0001446212118
-1.350355919182011,-4.469240659692765,3.8122352497e-10
-1.3448842170135227,-4.469242250232697,0.00014741419
-1.3394702771614801,-4.469240162649036,0.0001474564051
-1.3340892454701165,-4.469239528918281,0.00014709051175
-1.3284756418026604,-4.469243381007178,9.6635441878e-05
-1.3230286553617323,-4.4692429460939165,0.00013039182522
-1.3176768823600706,-4.469242585737214,0.00014647499484
-1.3122802963717282,-4.469240361466526,0.00014476545039
-1.3069392075109512,-4.469239926553264,0.00014640580048
-1.3015885293505818,-4.469242598163305,3.8363201504e-10
-1.2960519295206734,-4.469241107032121,0.00014683591144
-1.290678083511812,-4.469244946694925,0.00014609996288
-1.2853456401219296,-4.469243306450619,0.00014548652689
-1.2799571081384946,-4.469242660293773,0.00012786865409
-1.2746291322044585,-4.469244586338221,4.1413216606e-11
-1.269271394205412,-4.469243020650476,3.83629295e-10
-1.2637396267784484,-4.46924415142496,0.00014713544806
-1.2583824676610043,-4.469241753188968,0.00014428530994
-1.2530521258630276,-4.469243430711551,2.71009485e-05
-1.2476858178993837,-4.4692429460939165,0.00013883355132
-1.2423800659851387,-4.469245754390984,0.00014578655828
-1.2370067359359673,-4.469243965033561,0.00014522498532
-1.2315040006798186,-4.469243654381231,0.00014336846652
-1.2261968015615676,-4.4692423744936285,1.9685107104e-15
-1.220873356005292,-4.4692454313125625,0.00014569654013
-1.21551931781475,-4.469243554972486,0.00014426909911
-1.2102312092050065,-4.469243467989832,0.0001425750379
-1.204806849484116,-4.46924319461578,0.00011639502191
-1.1992967775328722,-4.469245021251483,9.0982677648e-05
-1.1939891253768455,-4.4692469721481185,0.00014261802426
-1.1886655665611245,-4.469245145512418,0.00014446892601
-1.183341844148431,-4.469246325991271,0.0001441311033
-1.1780558119618285,-4.469245182790696,5.24584699e-15
-1.172646591253287,-4.4692487490794495,0.00014265404025
-1.1672360491845648,-4.469243554972486,0.0001423235226
-1.1619563595268254,-4.469248239609629,0.00014390012075
-1.1566510354815933,-4.469244014737934,0.00014153467782
-1.1513593403227884,-4.469243977459652,3.8363082155e-10
-1.146100653999723,-4.469246785756723,0.00014178006677
-1.140587146512011,-4.469242747276427,0.00014060421381
-1.1351657315366632,-4.469246686347975,0.00013992137974
-1.1298829209520234,-4.469249879853934,0.0001253632654
-1.1245648866802949,-4.469244474503382,0.00011866712885
-1.1192892240250112,-4.469245605277866,0.00014156637189
-1.1140321736716925,-4.469246959722027,0.00014218247088
-1.1085870371350166,-4.4692483141661885,0.00014228682267
-1.103278000696895,-4.469246239008622,0.00010717370606
-1.0980373226254276,-4.469245232495068,0.00014006569108
-1.0927447843129858,-4.469245481016935,0.00014139617269
-1.0875101593295824,-4.469246375695644,0.00014124919835
-1.0822247563621115,-4.4692483762966555,0.00014030197053
-1.076733170869008,-4.469245518295213,0.00011830188305
-1.071462416122963,-4.469245866225824,0.00014050972823
-1.0662106637947482,-4.46924384077263,0.00014017312787
-1.0609126638602278,-4.469245878651916,0.00014044613636
-1.0556958961158296,-4.4692465496609515,0.0001389055833
-1.050396323133477,-4.469244312964173,0.00013242078421
-1.044993407200651,-4.469248525409773,0.00014096595987
-1.039766798469007,-4.469246437826111,0.00014342223585
-1.0345178650425102,-4.469244946694925,0.00014363360242
-1.0292559571174804,-4.469242759702518,0.00013768700592
-1.0240337529197705,-4.469243592250764,0.00013905898959
-1.0186775376310273,-4.46924372893779,0.00013928275439
-1.0132883638440757,-4.46924361710295,0.00013859037426
-1.0080491958985287,-4.469244946694925,0.00013981905067
-1.0027729040241116,-4.469245592851771,0.00013814972772
-0.9975102032829739,-4.469243144911407,0.00014258426381
-0.992278988667274,-4.469243008224384,0.00014386529801
-0.9868808296310972,-4.469242859111263,0.00014201343583
-0.9815625814248632,-4.469243443137646,0.00014179578284
-0.9763303474741667,-4.4692425111806555,0.00013990147272
-0.9710454227132379,-4.4692440023118385,0.00014068398741
-0.9658128363998277,-4.469245120660232,0.00013978689094
-0.9605664701873937,-4.469245766817079,0.00014105720038
-0.955091080794784,-4.46924292124173,0.00014245690545
-0.9498282919629675,-4.469246276286899,0.00014149054186
-0.944618848329283,-4.469244499355568,0.00014555834059
-0.9393813666910139,-4.469244996399297,0.00014318194008
-0.9342132250012465,-4.469243679233418,0.00014295503206
-0.9289782979926571,-4.469240696971043,0.00014313546126
-0.9236192512178144,-4.469246425400017,0.00014205585467
-0.918473799169997,-4.46924681060891,0.00014330119302
-0.9133221807746724,-4.469246263860808,0.00014441728126
-0.9081497855635625,-4.469245207642882,0.00014370244753
-0.903034951318776,-4.469246537234857,0.00014387068222
-0.8976103776633798,-4.469245505869121,0.00014149722119
-0.8921248955958694,-4.4692482893140015,0.00014092338097
-0.8870027246559876,-4.469247817122459,0.00014039379312
-0.8818545292127479,-4.469246773330628,0.00014052478946
-0.8767222404292025,-4.469248189905257,0.00014389390708
-0.8716257542143464,-4.469253147916449,0.000141629891
-0.866379337664383,-4.469251097611069,0.00014138041297
-0.8612095096673378,-4.46925153252433,0.0001413176069
-0.8675688260985568,-4.476325173072875,0.00014352661674
-0.8733861331682614,-4.47632411685495,0.00012903602328
-0.8789169819352904,-4.476323744072156,9.7656142316e-05
-0.8844662794073119,-4.476325570707855,0.00014287170779
-0.8899131400044135,-4.476328764213815,0.00014414291945
-0.8955074518132381,-4.476328267170087,0.00014501735859
-0.9013801679198293,-4.476327186099974,1.9686295068e-15
-0.9067176450627805,-4.476324054724485,0.00013809461962
-0.9120666620846367,-4.476328080778687,0.00014100951375
-0.9174027801142591,-4.4763235576807565,0.00014065213327
-0.9227013589303834,-4.476324713307424,0.00013919649064
-0.9281460675980482,-4.476324377802907,1.9687607969e-15
-0.9335233239746131,-4.476327919239475,0.00013899817714
-0.9387614348320157,-4.476324415081188,0.00014056281361
-0.9440686717034144,-4.476323085489214,0.00014091090998
-0.9493137794775817,-4.476323768924342,0.00010412574193
-0.954562964591732,-4.4763276458654255,0.00010554519395
-0.9600418021051947,-4.476326403256105,0.00014042404655
-0.9652842042370858,-4.4763253346120875,0.00014085559815
-0.9704796540372442,-4.476325931064562,0.00013998489885
-0.975729241851641,-4.476325521003483,3.8362801824e-10
-0.9809213567903916,-4.476325918638467,0.0001350051607
-0.9861879838589209,-4.476324191411509,0.00014024117263
-0.9915853752477545,-4.476326067751585,0.00013942395162
-0.9967822596675356,-4.4763265275170365,0.0001399924513
-1.0020046274622219,-4.476323694367779,1.9686502591e-15
-1.0072424866319711,-4.476328627526789,0.00014019307855
-1.0124500803614032,-4.476327210952165,0.00014041224495
-1.0177615330009964,-4.47632619201252,0.00014025604469
-1.0231167163703616,-4.476325819229722,0.00014201937302
-1.0283106057070688,-4.476328838770375,2.6980700568e-05
-1.0335448531589921,-4.476326751186713,0.00014408012794
-1.038783303794727,-4.4763259062123755,0.00014313451538
-1.0439922818062524,-4.47632844113539,0.00014513541828
-1.049355846374474,-4.476326763612808,0.00012893600797
-1.0546935500363124,-4.476327732848076,0.00012063927716
-1.0599179313322253,-4.47632569496879,0.00014154217206
-1.0651835013126103,-4.476328379004927,0.00014189767535
-1.0704363610664989,-4.47632813048306,0.000140634118
-1.0756652098182582,-4.476323768924342,0.00011588374036
-1.0811167140525653,-4.476327757700266,0.00014121811546
-1.0864283806266644,-4.4763281553352465,0.00014239190205
-1.091624358970894,-4.4763264778126635,0.00014532190107
-1.096896082714403,-4.476329721022992,0.00014527779422
-1.1021280775618294,-4.476325110942407,0.0001220870472
-1.1073612805099913,-4.476328416283204,0.00014227667998
-1.1127756608154264,-4.476328888474747,0.00014296214795
-1.1180384748160077,-4.476325732247068,0.00014235400886
-1.1232536569281883,-4.4763281553352465,0.00014222419122
-1.1285245878555912,-4.476326614499686,0.00013586631394
-1.1337464271062043,-4.476330864223568,0.00014337923494
-1.1390206173887159,-4.476326602073595,0.00014238893345
-1.144499517824091,-4.476327297934814,0.00014111871133
-1.1497119187877034,-4.476327322787001,0.00014201880549
-1.1548974017567877,-4.476328689657256,0.000142165547
-1.1601440699944046,-4.476326204438611,0.00014296727022
-1.16534252746202,-4.476326689056249,0.00014303148782
-1.1705963310446112,-4.476331336415111,0.0001443419751
-1.1759941503024542,-4.4763270121346705,0.00014386961993
-1.1812014923442347,-4.4763293606662895,0.00014407052367
-1.186405021318065,-4.476327173673883,0.00014428605209
-1.1916566729712197,-4.476328627526789,0.00014466786524
-1.1968496562323738,-4.476328602674603,0.00014475751959
-1.2021355751595328,-4.476331497954324,0.00014340865891
-1.2075783961697992,-4.476326800891085,0.00014500308316
-1.2127446502021664,-4.476329112144427,0.00014507751621
-1.2179321592568608,-4.476329422796757,0.0001439845073
-1.2231591329356015,-4.476329136996613,0.00014426288544
-1.2283366499904573,-4.476330727536546,0.00014498260862
-1.233577214802481,-4.47632955948378,0.00014685782662
-1.238941886796378,-4.47632793166557,0.00014712534903
-1.2441076500378216,-4.476328490839763,0.00014738675964
-1.2492722051785297,-4.476331796180562,0.0001472759468
-1.2544876641471299,-4.476328540544135,0.00014609436039
-1.2596408304215225,-4.47633121215418,0.00014652041136
-1.2648670238685384,-4.476329124570518,0.00014506994921
-1.2702039221298855,-4.476328205039619,0.00014499473036
-1.275353803880403,-4.476326428108291,0.00014658925647
-1.280505296431901,-4.476330367179839,0.00014629206271
-1.2857032505242099,-4.476327024560765,0.00014700250176
-1.2908461856954938,-4.4763270494129515,0.00014713648125
-1.2960339464378416,-4.476329223979263,0.00014544551959
-1.3013644014952634,-4.4763265275170365,0.00014392941375
-1.3065242500768532,-4.47632681331718,0.00014352159633
-1.3116532920896713,-4.476329385518476,0.00014349230332
-1.3168411786758458,-4.476329261257544,0.00014346232638
-1.3219816095549775,-4.4763293606662895,0.0001460663043
-1.3271543067912717,-4.4763281553352465,0.0001466688409
-1.3325261267145232,-4.4763311375976205,0.00014470389578
-1.3377123647465694,-4.476327832256825,0.00014375896717
-1.3428238767143295,-4.4763263286995425,0.00014417352213
-1.3480002360059806,-4.476325583133951,0.00014431680029
-1.3531293031875633,-4.476327061839043,0.00014541295241
-1.35825555146743,-4.476327285508723,0.00014749051479
-1.3635576287419349,-4.476331125171526,0.00014816170733
-1.3575350074690011,-4.483419130283831,0.00014790458954
-1.3519429105115257,-4.4834146320380865,0.00014705437934
-1.3464326623789242,-4.483416185299738,0.00014631905651
-1.3409612874043848,-4.48341746518734,0.00014533064677
-1.3355550366101527,-4.483415812516943,0.00014532168279
-1.3299872652643758,-4.483417204239382,0.00014469168673
-1.32444983486521,-4.483415601273358,0.00014573526278
-1.3190772976321465,-4.483417539743899,0.00014466582797
-1.3136844492054565,-4.4834182728834,0.0001448054536
-1.3083064125971668,-4.4834180367876275,0.00014644984913
-1.3029609317868391,-4.483418583535729,0.00014560979616
-1.297448632399863,-4.48341688116096,0.0001467095135
-1.2920124307748815,-4.483418136196373,0.00014438324433
-1.2866736196873678,-4.483419875849426,0.00014664168702
-1.2812927390085938,-4.483417974657164,0.00014463538537
-1.2759428284955676,-4.483417676430925,0.00014325024677
-1.2706176211257185,-4.483417278795941,0.00014252663823
-1.2650848469481415,-4.483417092404546,0.00014433475735
-1.2596779795191593,-4.483415700682103,0.00014692063269
-1.2543512746077714,-4.483416222578019,0.00014666921925
-1.2489762960044697,-4.483415576421172,0.00014587027545
-1.2436566005942298,-4.483420683545486,0.00014469046437
-1.2383220681968232,-4.483416694769562,0.00014465680579
-1.232819219681231,-4.483418074065909,0.00014470922179
-1.227463621027238,-4.48341541488196,0.00014414808538
-1.2221528605286924,-4.483418508979171,0.00014419382205
-1.216790063607814,-4.483413476411416,0.00014414073667
-1.211489534212377,-4.483415936777875,0.00014480415848
-1.2061290150647603,-4.483418571109638,0.00014597749396
-1.2005694990740132,-4.4834180367876275,0.00014595323591
-1.1952489856789008,-4.4834127432719155,0.00014430543524
-1.1899320336640813,-4.483420186501757,0.00014370770077
-1.1845822741636467,-4.483415800090849,0.00014328196994
-1.1793059319516983,-4.483418310161681,0.00014304149954
-1.1739391961190435,-4.483415961630062,0.00014371951693
-1.1684776243786037,-4.483414843281672,0.00014142223517
-1.1631966133606852,-4.483419440936162,0.00014123156143
-1.1579006395117732,-4.4834205841367405,0.00014208162611
-1.1525875383180517,-4.483417502465621,0.00014127873874
-1.1473276816473983,-4.483418446848707,0.00014070067846
-1.1418807455439994,-4.483420782954231,0.00014076980005
-1.1363891474665127,-4.483418658092289,0.00014280687901
-1.1310956527409866,-4.483419403657884,0.00014114842634
-1.1257942550231461,-4.4834192669708575,0.00014019920491
-1.1204944806906691,-4.483417079978451,0.0001431254932
-1.1152397836169097,-4.483416172873646,0.00014190326328
-1.1098352568831034,-4.4834188072054095,0.00014154161909
-1.1044787395691757,-4.483421677632944,0.00014204696345
-1.0992259553215828,-4.483420907215162,0.00014269776875
-1.0939464921827322,-4.483422249233232,0.00014287672821
-1.088694991542169,-4.483421193015307,0.00014262911282
-1.0834612726343187,-4.483420770528136,0.00014118627587
-1.0779693347784982,-4.483418508979171,0.00014040035603
-1.072642201998101,-4.483417937378883,0.00014291149273
-1.067405538344706,-4.483420795380322,0.0001425317605
-1.0621096651708561,-4.483416719621748,0.00014217589342
-1.0568721331950561,-4.483418074065909,0.00014359204215
-1.051612100343045,-4.483421627928568,0.00014081307745
-1.0461815491058808,-4.483420932067348,0.00014043394185
-1.04092821114545,-4.483421267571865,0.0001418197935
-1.0356833550589362,-4.483423777642697,0.00014255499991
-1.0303917731595766,-4.483423491842553,0.00014268893574
-1.0251747411431436,-4.483424237408145,0.00014264071069
-1.0198635401912035,-4.483428014940484,0.0001431681012
-1.0144265960876433,-4.483426424400552,0.00014239938173
-1.0091839296837157,-4.483423429712086,0.00014327238023
-1.003918183521973,-4.483424150425495,0.00014195243421
-0.9986368075569577,-4.4834217770416895,0.00013881035557
-0.9934008612133733,-4.483425243921698,0.0001387141383
-0.9880385550834185,-4.483424510782197,0.00013886726811
-0.9826701832810169,-4.483424709599688,0.00013978814241
-0.9774294171188709,-4.483421801893876,0.00014266175276
-0.9721545724484595,-4.483422882963984,0.00014209427172
-0.9669084956768284,-4.483427443340196,0.00014075575746
-0.9616834599930173,-4.483424349242985,0.00014129144256
-0.956226217280214,-4.483424771730156,0.00013962441881
-0.9509055277037437,-4.483429431515113,0.00014216499403
-0.9457002620851043,-4.48342362852958,0.00014341714268
-0.9404549529608147,-4.483421304850147,0.00014112767531
-0.9352712569740702,-4.483425641556678,0.00014300002658
-0.9300679922722744,-4.48342618830478,0.00014141344582
-0.9246926990594071,-4.483422733850866,0.00014201669546
-0.9195088143069199,-4.4834239516080014,0.00014164947788
-0.9143458070452817,-4.483425977061199,0.00014134016237
-0.9091471608119253,-4.483425243921698,0.00014189587091
-0.9040213781542177,-4.483424920843273,0.0001432770805
-0.8986896143209997,-4.483425467591375,0.0001422239875
-0.8930946984618062,-4.483425467591375,0.00014221781748
-0.8879606352803042,-4.4834282137579775,0.00014392627054
-0.8828117351116355,-4.483426585939764,0.00014377743355
-0.8776489669532657,-4.4834227214247715,0.00014148978516
-0.8725341704616286,-4.483424013738468,0.00014103511057
-0.8673091347778175,-4.4834244983561025,0.00014334234584
-0.8620864775423318,-4.483423156338037,0.00014219686273
-0.8569947608085062,-4.483423429712086,0.00014243558689
-0.8632227843753514,-4.4906159879727525,0.00014086430019
-0.8691206063253659,-4.490615478502928,0.00014153416851
-0.8747297173682077,-4.490613664293319,0.00014212557289
-0.8802299483322059,-4.490615515781209,0.00014107291645
-0.8857461614621923,-4.490617416973472,0.0001405239309
-0.8911670856466148,-4.490612670205861,0.00014206623018
-0.8968702271967537,-4.490615503355114,0.00014067438315
-0.902613173149271,-4.490615006311385,0.00014274932619
-0.9079399913201024,-4.490615801581353,0.00014148192713
-0.9133035307195576,-4.490614683232963,0.00014154228847
-0.9186248243463966,-4.490615441224651,0.00014149359777
-0.9239258445327587,-4.490615764303072,0.00014208018547
-0.9294258112247187,-4.490615254833251,0.00014164535969
-0.9347427254863903,-4.490613303936616,0.00014034470951
-0.9399989075173053,-4.490617218155978,0.00014398507483
-0.9453065974264797,-4.490615925842285,0.00014380132779
-0.950548030560907,-4.490615590337768,0.00014447275316
-0.9558606283793218,-4.490616323477268,0.00014142872533
-0.9613336267392265,-4.49061633590336,0.00013824613416
-0.9665220167007077,-4.49061760336487,0.00013853389828
-0.9717449507926131,-4.49061778975627,0.00014073796046
-0.9769875039370972,-4.490616385607733,0.00013991544256
-0.98219339877487,-4.490616211642429,0.00014034761989
-0.9875154348802859,-4.490618311652185,0.00014049679157
-0.9928644519021437,-4.490618199817345,0.00014225050109
-0.998071542256269,-4.490617441825658,0.00014244696649
-1.0033157942924142,-4.490618920530751,0.00014139570703
-1.0085510107418032,-4.490618597452329,0.00014121839195
-1.013765651725531,-4.490617752477989,0.00014117220417
-1.0191384154774834,-4.490616012824939,0.00014253323025
-1.0244487858601659,-4.490620312253193,0.0001427737734
-1.0296533467533762,-4.490617578512684,0.00014219534933
-1.0349126497111918,-4.490618237095623,0.00014188287605
-1.0401455632185526,-4.4906181376868775,0.0001426984818
-1.0453639040107834,-4.490617839460642,0.00014287505473
-1.050798180225217,-4.490618348930463,0.00014272390399
-1.0560962179128868,-4.490617317564727,0.00014272007684
-1.0613208886495993,-4.490620809296922,0.00014369488053
-1.0666146728159267,-4.490620088583513,0.00014335177548
-1.0718636817487193,-4.490618460765303,0.00014164703316
-1.0771430064593617,-4.490620560775056,0.00013952105655
-1.0826273181792825,-4.490619032365591,0.00013980695803
-1.087874414285912,-4.4906193057396395,0.00014023805852
-1.0931009852644078,-4.490617541234403,0.00014019099763
-1.0983812915568973,-4.490616000398844,0.00014208393986
-1.103601683603503,-4.490618808695911,0.00014040013775
-1.108894939225757,-4.490620560775056,0.00014015068882
-1.1143050156723207,-4.490620983262226,0.00014140454005
-1.1195297619153304,-4.49061714359942,0.00014174594253
-1.1247703896492667,-4.490618038278132,0.00014070826001
-1.1300312279017688,-4.4906198773399275,0.00014166631445
-1.1352503489257242,-4.490616087381497,0.0001414015569
-1.1406064887081717,-4.490618634730606,0.00014073502098
-1.1460481142020837,-4.490617864312829,0.00014238110452
-1.1512363153978258,-4.490616919929743,0.00014276927686
-1.1564520638072273,-4.490615689746513,0.00014410051517
-1.1616884506042042,-4.490612782040701,0.00014244933845
-1.1668922438500713,-4.490615229981065,0.00014269708481
-1.1722165451443674,-4.490617777330175,0.00014196203847
-1.177569488493617,-4.490616037677125,0.00014528722386
-1.1827699342936946,-4.49061285659726,0.0001452244469
-1.187993988395657,-4.490615341815902,0.00014598346024
-1.193220936905633,-4.490615229981065,0.00014485971769
-1.1984285558038315,-4.490615727024794,0.00014445948182
-1.203796109621359,-4.490617665495335,0.0001469427807
-1.2091573586631692,-4.490618212243437,0.00014614019892
-1.2143402870025723,-4.490616584425227,0.00014444225235
-1.2195466978000349,-4.4906164477382005,0.00014463959087
-1.2247609738366643,-4.4906165347208535,0.00014215297415
-1.2299538438383748,-4.4906164725903865,0.0001453608711
-1.2352643148961193,-4.490622598654345,0.00014644523617
-1.2405735400999804,-4.49061698206021,0.00014420581283
-1.2457371514119873,-4.490620163140072,0.00014412179007
-1.250928523872161,-4.490620212844448,0.00014558441762
-1.2561197956572727,-4.49061972822681,0.00014628893405
-1.261292178284001,-4.490619144200431,0.0001440019405
-1.2665778077703589,-4.490620635331615,0.00014643331815
-1.2718646076043048,-4.490618597452329,0.00014664804621
-1.277014048901428,-4.490623393924309,0.00014436448691
-1.2821822409287265,-4.490618833548097,0.00014674309932
-1.2873623000288805,-4.490620374383656,0.00014719934552
-1.2925038760868373,-4.490618572600139,0.00014768024266
-1.2977524193974708,-4.490623157828541,0.00014489902242
-1.3030451338912723,-4.4906217039756315,0.00014362795628
-1.3081723637529858,-4.490619815209464,0.00014545625891
-1.3133228118007225,-4.4906215797147,0.00014620675938
-1.318496402528185,-4.490621877940939,0.0001473800512
-1.323644509880746,-4.490621082670971,0.00014590800856
-1.3289032087881945,-4.490620945983944,0.00014540934353
-1.3342609090340913,-4.4906215797147,0.00014799195924
-1.3393853074097055,-4.49062057320115,0.00014822834055
-1.3445238506314388,-4.49062126906237,0.00014843257668
-1.3496981964218613,-4.490619007513405,0.00014236966672
-1.3548139619109656,-4.490620361957565,0.00014483237464
-1.3599913782907596,-4.490619057217777,0.00014533380454
-1.3540897181040303,-4.497788316553651,0.00011399833602
-1.3484956453984775,-4.497787260335729,0.00014232553076
-1.3429617637952251,-4.497784253221168,0.00014505421859
-1.3375356548451425,-4.497784501743034,0.00014538169489
-1.3320437295737069,-4.4977848745258315,0.00014501156693
-1.3263971170705129,-4.497785483404397,1.968648565e-15
-1.321013518165083,-4.497785992874221,0.00014758601901
-1.3156266850733092,-4.497785073343322,0.0001487572008
-1.3102157277199589,-4.497784588725687,0.00014841396478
-1.304866333166621,-4.497785458552211,0.0001237582037
-1.2994250096978934,-4.497784054403677,0.00011823559907
-1.293907575882788,-4.497787409448846,0.00014443395776
-1.288558948976795,-4.497788478092863,0.00014421466039
-1.2832004055772575,-4.497785123047694,0.00014422072854
-1.2778188201730545,-4.497788092883974,1.968622307e-15
-1.2724822616900395,-4.497789459754229,0.00014307632227
-1.2670226908664417,-4.497784998786763,0.00014734356955
-1.2615389202749756,-4.497785595239237,0.00014679084416
-1.2561934017115002,-4.497786986961676,0.00014241840108
-1.2508402947652744,-4.497790689937456,6.9865494683e-13
-1.245486092977758,-4.497786365657015,0.00014520144032
-1.2401660829579522,-4.497789844963119,0.00014392450976
-1.2347031395197987,-4.497788776319102,0.00014452883624
-1.2292770683228655,-4.497786726013722,9.4248462119e-05
-1.2239550951393623,-4.4977913112421195,0.00012102642359
-1.2186002012107982,-4.497789733128279,0.00014357321197
-1.213276541720017,-4.49779066508527,0.00014530704357
-1.207968688213868,-4.497786812996372,0.00014495768119
-1.202427495084285,-4.497787608266339,2.1406153116e-15
-1.197015103111312,-4.497792230773015,0.00014461485262
-1.1917073628646067,-4.497792143790366,0.00014711290714
-1.1863498136312993,-4.497784750264897,0.00014633385581
-1.1810419601251503,-4.49779108757244,0.00013659635442
-1.1757353650572682,-4.497787198205261,5.1179817762e-13
-1.1702400797556582,-4.497791062720253,2.0722249871e-12
-1.1649077496252194,-4.497787906492575,0.00014115928207
-1.1596198297812148,-4.497786527196228,0.0001418984757
-1.1542810816156153,-4.497790056206704,9.1626803624e-05
-1.1490077848242721,-4.497787583414153,0.0001241866994
-1.143653180336511,-4.497787086370424,0.000143809375
-1.1380691751370908,-4.497790814198391,0.0001428850228
-1.1327614600591518,-4.497787881640389,0.0001409407414
-1.127457180517679,-4.497789807684837,3.8361455679e-10
-1.122127467938834,-4.497789646145625,0.00014226725034
-1.1168647797820812,-4.497789285788922,0.00014146869944
-1.1115057455916202,-4.49779128638993,0.0001399282919
-1.1060845193820132,-4.497790068632796,0.00013361823221
-1.100818559285765,-4.497786676309346,3.8364761368e-10
-1.0955427078647404,-4.497788913006128,3.2612571498e-12
-1.0902663278996445,-4.497786576900601,0.00013970324653
-1.0850204524781355,-4.497789571589066,0.00014007202117
-1.0796035301274005,-4.497788304127559,0.00010095198377
-1.0741897790410988,-4.497789646145625,0.00010687454051
-1.0689378253627597,-4.497784775117083,0.00014125424786
-1.0636538821836798,-4.497788415962399,0.00013925490202
-1.058388702319158,-4.4977848496736454,0.00013983840472
-1.0531507298899654,-4.497786601752787,1.9686496238e-15
-1.0477464925969602,-4.497786974535584,0.00014192760864
-1.0424303837357798,-4.497785881039381,0.00014196288248
-1.0371941353670109,-4.497786713587627,0.00014217186254
-1.0318989039966777,-4.497788975136592,0.0001422992791
-1.0266599751544025,-4.497787782231644,1.5137224156e-13
-1.0214053410025556,-4.497786465065764,0.00014129716146
-1.0159467517608065,-4.497787943770856,0.00014169806673
-1.0106520992720758,-4.497791013015881,0.00014542572899
-1.0053993401932475,-4.497784402334289,0.00011935953808
-1.000089536107784,-4.49778811773616,1.9644733279e-15
-0.9948505191748284,-4.497786986961676,0.00014143547742
-0.9895423762278782,-4.497786850274653,0.00014214866678
-0.9841131841040428,-4.497789571589066,0.00014206106425
-0.9788749222340472,-4.497789161527991,8.4640239947e-05
-0.9736105729387813,-4.497787819509925,0.000135768365
-0.9683362442280599,-4.497787421874941,0.00014013858163
-0.9631074206450652,-4.49778780708383,0.00013933009177
-0.9577211286817457,-4.497788192292719,0.00014027481666
-0.9523252977563633,-4.497787744953363,6.7089502085e-14
-0.9471014953420527,-4.497790379285125,0.00014377864136
-0.9418696263384547,-4.497787856788203,0.00014429814473
-0.9366635301505597,-4.497790727215737,0.0001434013393
-0.9314871079369944,-4.497791360946493,0.00013527451665
-0.9261327803056514,-4.497790602954805,1.9685577207e-15
-0.9208848536297678,-4.497788130162255,3.9174875366e-13
-0.9157413269924984,-4.497790366859034,0.00014045741409
-0.9105408182705083,-4.497788378684118,0.00014343291696
-0.9053938560967707,-4.497790342006848,0.00010940989887
-0.9002000926038901,-4.497790602954805,9.6787880466e-05
-0.8945488616322571,-4.497789223658458,0.0001419326145
-0.8893336417669286,-4.497792367460042,0.00014086066221
-0.8841917636837893,-4.497790130763263,0.00013973121531
-0.8790067337524805,-4.4977901059110765,3.8363368038e-10
-0.8738962662884798,-4.49779050354606,0.00013484881492
-0.868720347450223,-4.497791460355238,0.00014152527729
-0.8634388078882314,-4.497789211232363,0.00014338587062
-0.8583471918294696,-4.4977911372768125,0.0001425116061
-0.8532387756198436,-4.497790329580753,3.8362871213e-10
-0.8594747776852988,-4.504874507456346,0.00014217388525
-0.865222342106257,-4.50487448260416,0.00014203252795
-0.8709765888344108,-4.504876893266247,0.00014088847092
-0.876453891053187,-4.504874134673549,0.00014311759151
-0.8819369695036074,-4.504873911003872,0.00014340721827
-0.8874010077830514,-4.50487582462223,0.00014311200357
-0.8928158662950287,-4.504875476691619,0.0001419983746
-0.898656076941189,-4.504877887353702,0.00014081134577
-0.9042037258590787,-4.504875774917854,0.00013990505249
-0.9095198347202592,-4.504878359545245,0.00014257889416
-0.9148935548852939,-4.504875439413338,0.00014249533706
-0.9201881318677292,-4.504878918719442,0.00014315939916
-0.9255489907936763,-4.504874432899788,0.00014243929763
-0.9310330130727975,-4.5048758991787885,0.00014201551676
-0.9362898369072291,-4.504875650656922,0.00014144692977
-0.9415573071293957,-4.5048792915022355,0.00014125854068
-0.9468473914872183,-4.504874147099644,0.00013826326176
-0.9520822807426582,-4.5048765204834496,0.00013863960339
-0.9574754437789157,-4.504877079657643,0.00013950870198
-0.962861119107485,-4.504876992674992,0.00014008551079
-0.9680489679405115,-4.504875700361295,0.00014228299551
-0.9732900990497544,-4.504876048291907,0.000142989491
-0.9785153612524525,-4.504874358343229,0.00014290184481
-0.9837186511230129,-4.50487363762982,0.00014434958575
-0.9890920818472464,-4.504876073144093,0.00014393818856
-0.994381511817171,-4.504876769005312,0.00014349355479
-0.9995854434912462,-4.504875675509109,0.00014406058472
-1.0048568652095726,-4.504877787944957,0.00014148619084
-1.0100804285206113,-4.5048757500656675,0.00014120111882
-1.0153170166677106,-4.5048738612995,0.00014180832659
-1.0207316109076512,-4.5048780737451,0.00014340931375
-1.025981387487787,-4.504874519882442,0.00014379288768
-1.0311961165621937,-4.504875563674273,0.00014371705765
-1.036472093827045,-4.504876284387678,0.00014302456111
-1.041695657138084,-4.504879887954713,0.0001417571184
-1.0469745539797137,-4.5048787820324145,0.00014241004828
-1.0524098495291438,-4.504877353031695,0.00014225764608
-1.0576484260087053,-4.5048777258144925,0.00014078282402
-1.0629001531681554,-4.504874942369608,0.00014107400784
-1.0681835174656331,-4.50487374946466,0.00014182721497
-1.0734230881114248,-4.5048786950497615,0.00014279740572
-1.0787802346444857,-4.504875737639576,0.00014075406943
-1.0842159580629271,-4.504876147700652,0.00014237916912
-1.089429177011412,-4.504875986161439,0.00014232953254
-1.0946775315563064,-4.5048763216659555,0.00014004520199
-1.0999396785846063,-4.504873886151686,0.00014036225912
-1.1051775125855892,-4.5048773406056,0.00014218618162
-1.1105304181816908,-4.504876508057355,0.00014137393737
-1.1158874892084563,-4.504876955396711,0.0001415774168
-1.1211203146251383,-4.504875799770044,0.0001413304999
-1.1263792778046215,-4.504874731126026,0.00014144356828
-1.1316306526013582,-4.504877129362015,0.00014224059123
-1.1368567705420785,-4.5048752654480335,0.00014221321908
-1.1422985973861128,-4.504875004500076,0.00014233391266
-1.1476464692291473,-4.50487837197134,0.00014262345212
-1.1528382947270968,-4.504876085570188,0.00014274660498
-1.158073863539201,-4.504874681421651,0.00014262578043
-1.1632958663867887,-4.504881677312135,0.00014125261805
-1.1685049324889931,-4.504876085570188,0.00014082499547
-1.173899064522716,-4.504875762491762,0.00014286706573
-1.179190986200408,-4.504879366058797,0.00014389891294
-1.1843888018645068,-4.504877365457786,0.00014379345521
-1.1896484697694194,-4.504876284387678,0.00014407699928
-1.1948720582492245,-4.504875029352262,0.00014205243497
-1.2000798155756311,-4.504879042980373,0.00014268523955
-1.205530174631115,-4.504876122848465,0.0001421096822
-1.2108070705559009,-4.504876035865812,0.00014253325935
-1.2159761686587525,-4.504879080258654,0.0001455599122
-1.2212155757075696,-4.504878533510552,0.00014523272694
-1.226420803573061,-4.5048776636840255,0.00014597529662
-1.231601743580002,-4.50487714178811,0.00014579310664
-1.2369832534779093,-4.504877390309972,0.00014576544345
-1.242227379670228,-4.504881341807619,0.00014561743592
-1.2473831760805976,-4.504876184978933,0.0001458410261
-1.2526066890541052,-4.504876744153126,0.00014578759146
-1.2577895796403604,-4.50487910511084,0.00014404977264
-1.262956236372974,-4.504876806283593,0.00014401588123
-1.268306889364577,-4.504878645345388,0.00014431087766
-1.2735331709022735,-4.5048729790468816,0.00014405635011
-1.2786777546276857,-4.504878198006032,0.00014477592777
-1.2838787541406012,-4.504879763693778,0.00014434779587
-1.2890429443342104,-4.504877713388398,0.00014508042659
-1.2941848853392641,-4.504879067832559,0.00014598364942
-1.2995004782407547,-4.504874445325879,0.00014706593356
-1.3047315544282463,-4.504876930544524,0.00014609999198
-1.3098707268691112,-4.504879552450193,0.00014630010992
-1.3150484830272389,-4.5048776388318394,0.00014824580285
-1.3202158822384296,-4.504877241196855,0.00014873842883
-1.3253748499132325,-4.504876955396711,0.00014663972252
-1.330712377393713,-4.504879067832559,0.00014605151955
-1.3359840759684574,-4.504880260737507,0.00014553901565
-1.3411108024548641,-4.504879055406468,0.00014517294767
-1.346265201998759,-4.504877203918578,0.00014667375945
-1.3514173866913046,-4.504879428189262,0.00014719631872
-1.3565475738829442,-4.50487714178811,0.00014737779566
