y_mm,z_mm,r,n_y,n_z,start_x_mm,start_y_mm,start_z_mm
-1.1963598091370171,-2.5465028187408136,0.00014273973648,57,55,4.592390108055994,-1.1000093960645865,-2.4500053575036222
-1.1926895865162368,-2.5465063726034765,0.00014301335614,57,55,4.592390108055994,-1.1000093960645865,-2.4500053575036222
-1.1890455268270244,-2.546503812828272,0.00014282387565,57,55,4.592390108055994,-1.1000093960645865,-2.4500053575036222
-1.1854096218177814,-2.546504210463256,0.0001406926167,57,55,4.592390108055994,-1.1000093960645865,-2.4500053575036222
-1.1818312526060952,-2.5465059873945872,0.00013365210907,57,55,4.592390108055994,-1.1000093960645865,-2.4500053575036222
-1.1782607989711085,-2.546503527028128,0.00012824090663,57,55,4.592390108055994,-1.1000093960645865,-2.4500053575036222
-1.17463557810275,-2.54650634775129,0.00013892161951,57,55,4.592390108055994,-1.1000093960645865,-2.4500053575036222
-1.1709385885000367,-2.5465055524813223,0.00013786891941,57,55,4.592390108055994,-1.1000093960645865,-2.4500053575036222
-1.167316123611482,-2.546503626436873,0.00013766536722,57,55,4.592390108055994,-1.1000093960645865,-2.4500053575036222
-1.1637633384497612,-2.5465075655084246,0.00013925771054,57,55,4.592390108055994,-1.1000093960645865,-2.4500053575036222
-1.160221338103987,-2.5465062856208225,0.00014167613699,57,55,4.592390108055994,-1.1000093960645865,-2.4500053575036222
-1.156653741123866,-2.546508348352298,0.000121302357,57,55,4.592390108055994,-1.1000093960645865,-2.4500053575036222
-1.1530978602040092,-2.5465077891781047,0.00012074327242,57,55,4.592390108055994,-1.1000093960645865,-2.4500053575036222
-1.1495716910116318,-2.546504309872001,0.00014015741181,57,55,4.592390108055994,-1.1000093960645865,-2.4500053575036222
-1.146048781174365,-2.5465078388824773,0.00014031404862,57,55,4.592390108055994,-1.1000093960645865,-2.4500053575036222
-1.1423812390270947,-2.5465098767617627,0.00014095574443,57,55,4.592390108055994,-1.1000093960645865,-2.4500053575036222
-1.138666882976298,-2.5465078637346634,0.00014085744624,57,55,4.592390108055994,-1.1000093960645865,-2.4500053575036222
-1.1351087620363256,-2.5465052542550866,0.00014005537378,57,55,4.592390108055994,-1.1000093960645865,-2.4500053575036222
-1.1315940698009408,-2.5465074536735846,0.0001191630945,57,55,4.592390108055994,-1.1000093960645865,-2.4500053575036222
-1.1280883628147826,-2.546506521716594,0.00010785355698,57,55,4.592390108055994,-1.1000093960645865,-2.4500053575036222
-1.1245540766955837,-2.5465078637346634,0.00014213047689,57,55,4.592390108055994,-1.1000093960645865,-2.4500053575036222
-1.121052082102312,-2.5465052418289917,0.00013953454618,57,55,4.592390108055994,-1.1000093960645865,-2.4500053575036222
-1.1175761497655459,-2.546507801604196,0.00013957054762,57,55,4.592390108055994,-1.1000093960645865,-2.4500053575036222
-1.1141013500232197,-2.5465071057429767,0.0001373210398,57,55,4.592390108055994,-1.1000093960645865,-2.4500053575036222
-1.1105054381820942,-2.5465083110740165,0.00014001273667,57,55,4.592390108055994,-1.1000093960645865,-2.4500053575036222
-1.1069108602855329,-2.546508547169788,0.00011770577839,57,55,4.592390108055994,-1.1000093960645865,-2.4500053575036222
-1.1034505199988935,-2.5465059998206785,8.046298899e-05,57,55,4.592390108055994,-1.1000093960645865,-2.4500053575036222
-1.0999929231076746,-2.546506211064264,0.00013994221808,57,55,4.592390108055994,-1.1000093960645865,-2.4500053575036222
-1.096531903264369,-2.546506558994875,0.00014069986355,57,55,4.592390108055994,-1.1000093960645865,-2.4500053575036222
-1.0930522459503336,-2.546507876160755,0.00014091705089,57,55,4.592390108055994,-1.1000093960645865,-2.4500053575036222
-1.0896030554267375,-2.54650623591645,0.00013929094712,57,55,4.592390108055994,-1.1000093960645865,-2.4500053575036222
-1.0861668645704374,-2.546506596273153,0.00013851105177,57,55,4.592390108055994,-1.1000093960645865,-2.4500053575036222
-1.0827080218253349,-2.546509081491798,0.00012597946625,57,55,4.592390108055994,-1.1000093960645865,-2.4500053575036222
-1.0791066483621312,-2.546508634152442,1.9681263692e-15,57,55,4.592390108055994,-1.1000093960645865,-2.4500053575036222
-1.0755316014274714,-2.5465076897693564,0.00013773997489,57,55,4.592390108055994,-1.1000093960645865,-2.4500053575036222
-1.0720995508330684,-2.5465122998499408,0.00014220764569,57,55,4.592390108055994,-1.1000093960645865,-2.4500053575036222
-1.0686609563596798,-2.54650592526412,0.00014071847545,57,55,4.592390108055994,-1.1000093960645865,-2.4500053575036222
-1.0652117029141694,-2.54650634775129,0.00013996679627,57,55,4.592390108055994,-1.1000093960645865,-2.4500053575036222
-1.0617460268492769,-2.5465092803092886,0.00013905571541,57,55,4.592390108055994,-1.1000093960645865,-2.4500053575036222
-1.0583203565368884,-2.546505751298816,0.00013551888696,57,55,4.592390108055994,-1.1000093960645865,-2.4500053575036222
-1.0548931760985778,-2.54650612408161,1.9686972694e-15,57,55,4.592390108055994,-1.1000093960645865,-2.4500053575036222
-1.0514256249606682,-2.5465059998206785,0.00012291854364,57,55,4.592390108055994,-1.1000093960645865,-2.4500053575036222
-1.0478607084540552,-2.546508373204484,0.0001377176377,57,55,4.592390108055994,-1.1000093960645865,-2.4500053575036222
-1.0443423541633152,-2.546511231205924,0.00013848306844,57,55,4.592390108055994,-1.1000093960645865,-2.4500053575036222
-1.0409095107528041,-2.5465071430212545,0.00013958620548,57,55,4.592390108055994,-1.1000093960645865,-2.4500053575036222
-1.0374770952113044,-2.54650746609968,0.00014168696362,57,55,4.592390108055994,-1.1000093960645865,-2.4500053575036222
-1.0340133948944925,-2.546508907526494,0.00013825882343,57,55,4.592390108055994,-1.1000093960645865,-2.4500053575036222
-1.0305372989607517,-2.5465073294126532,1.9687123042e-15,57,55,4.592390108055994,-1.1000093960645865,-2.4500053575036222
-1.02710794142424,-2.5465085347436967,8.9255940111e-05,57,55,4.592390108055994,-1.1000093960645865,-2.4500053575036222
-1.0236692588601708,-2.5465104359359594,0.0001386210497,57,55,4.592390108055994,-1.1000093960645865,-2.4500053575036222
-1.0201561648413848,-2.546510808718757,0.00013883854263,57,55,4.592390108055994,-1.1000093960645865,-2.4500053575036222
-1.016559636365511,-2.546511305762486,0.00014180867583,57,55,4.592390108055994,-1.1000093960645865,-2.4500053575036222
-1.0130296163520374,-2.5465093548658473,0.00014095872757,57,55,4.592390108055994,-1.1000093960645865,-2.4500053575036222
-1.0095622791486334,-2.546509951318325,0.00013898924226,57,55,4.592390108055994,-1.1000093960645865,-2.4500053575036222
-1.0060977105094162,-2.5465092803092886,1.9683353746e-15,57,55,4.592390108055994,-1.1000093960645865,-2.4500053575036222
-1.0025969240168802,-2.5465100631531614,1.2770376933e-13,57,55,4.592390108055994,-1.1000093960645865,-2.4500053575036222
-0.9991109619271275,-2.5465111690754596,3.7951608522e-10,57,55,4.592390108055994,-1.1000093960645865,-2.4500053575036222
-1.0029321971399239,-2.542997977017448,1.9687154806e-15,57,55,4.592390108055994,-1.1000093960645865,-2.4500053575036222
-1.0067055991141993,-2.5429985486177356,0.00011145623284,57,55,4.592390108055994,-1.1000093960645865,-2.4500053575036222
-1.0103629856646583,-2.542997865182608,0.0001393914863,57,55,4.592390108055994,-1.1000093960645865,-2.4500053575036222
-1.0139954677218164,-2.542998610748203,0.0001384033967,57,55,4.592390108055994,-1.1000093960645865,-2.4500053575036222
-1.0177075334149681,-2.5429937645718437,0.00013822619803,57,55,4.592390108055994,-1.1000093960645865,-2.4500053575036222
-1.0214420370624164,-2.5429964858862606,0.00013928080443,57,55,4.592390108055994,-1.1000093960645865,-2.4500053575036222
-1.0250369421529268,-2.54299597641644,0.00013283663429,57,55,4.592390108055994,-1.1000093960645865,-2.4500053575036222
-1.0286023494504632,-2.5429952184247533,3.8362946153e-10,57,55,4.592390108055994,-1.1000093960645865,-2.4500053575036222
-1.0321797874178318,-2.5429959142859726,0.00012360249821,57,55,4.592390108055994,-1.1000093960645865,-2.4500053575036222
-1.0357865469968146,-2.5429969829299894,0.00013922926155,57,55,4.592390108055994,-1.1000093960645865,-2.4500053575036222
-1.0393565350096425,-2.542998573469922,0.00013728538761,57,55,4.592390108055994,-1.1000093960645865,-2.4500053575036222
-1.0429245850275408,-2.5429977284955814,0.00013760676666,57,55,4.592390108055994,-1.1000093960645865,-2.4500053575036222
-1.0465204716998984,-2.5429955166509886,0.00013855866564,57,55,4.592390108055994,-1.1000093960645865,-2.4500053575036222
-1.0502163916300873,-2.542996262216584,0.00012517152936,57,55,4.592390108055994,-1.1000093960645865,-2.4500053575036222
-1.0538539451934603,-2.542998312521964,1.9633023048e-15,57,55,4.592390108055994,-1.1000093960645865,-2.4500053575036222
-1.0574056103451226,-2.5430013693408977,0.00012791578774,57,55,4.592390108055994,-1.1000093960645865,-2.4500053575036222
-1.060940148151975,-2.5429979397391667,0.00013686456077,57,55,4.592390108055994,-1.1000093960645865,-2.4500053575036222
-1.0645234126885184,-2.5429989089744387,0.00013680593111,57,55,4.592390108055994,-1.1000093960645865,-2.4500053575036222
-1.0680943948675765,-2.5429999900445504,0.00014015611669,57,55,4.592390108055994,-1.1000093960645865,-2.4500053575036222
-1.071632229782687,-2.542996833816872,0.00013920286437,57,55,4.592390108055994,-1.1000093960645865,-2.4500053575036222
-1.0751696368287884,-2.5429991077919287,0.00011855381308,57,55,4.592390108055994,-1.1000093960645865,-2.4500053575036222
-1.078827224729368,-2.5429995178530076,1.9686343772e-15,57,55,4.592390108055994,-1.1000093960645865,-2.4500053575036222
-1.0825230565688782,-2.542999816079243,0.00013203611888,57,55,4.592390108055994,-1.1000093960645865,-2.4500053575036222
-1.0860841600075413,-2.543001394193084,0.00014008081052,57,55,4.592390108055994,-1.1000093960645865,-2.4500053575036222
-1.0895984117895319,-2.5430006237753022,0.00013902169303,57,55,4.592390108055994,-1.1000093960645865,-2.4500053575036222
-1.093118037102922,-2.543001605436669,0.00013718375703,57,55,4.592390108055994,-1.1000093960645865,-2.4500053575036222
-1.0966691862948958,-2.5430012947843355,0.00013933923037,57,55,4.592390108055994,-1.1000093960645865,-2.4500053575036222
-1.1001873769886632,-2.543001356914803,0.00011917917436,57,55,4.592390108055994,-1.1000093960645865,-2.4500053575036222
-1.1036935621813633,-2.543003519055023,1.6657508013e-06,57,55,4.592390108055994,-1.1000093960645865,-2.4500053575036222
-1.1072006912027643,-2.542999927914083,0.0001281961886,57,55,4.592390108055994,-1.1000093960645865,-2.4500053575036222
-1.1108277368066088,-2.542999927914083,0.00013777139247,57,55,4.592390108055994,-1.1000093960645865,-2.4500053575036222
-1.1144357296550937,-2.5429968835212446,0.00013761581795,57,55,4.592390108055994,-1.1000093960645865,-2.4500053575036222
-1.1179154876441912,-2.5430002385664134,0.00013606196444,57,55,4.592390108055994,-1.1000093960645865,-2.4500053575036222
-1.1213944528171809,-2.542997107190921,0.00013895277516,57,55,4.592390108055994,-1.1000093960645865,-2.4500053575036222
-1.1248896644281952,-2.5430009468537276,0.00012431504729,57,55,4.592390108055994,-1.1000093960645865,-2.4500053575036222
-1.1283974478374943,-2.542998933826625,1.3632691413e-15,57,55,4.592390108055994,-1.1000093960645865,-2.4500053575036222
-1.131871857463957,-2.5429979894435393,0.00012353406055,57,55,4.592390108055994,-1.1000093960645865,-2.4500053575036222
-1.1353330031510893,-2.5430022764457023,0.0001385571959,57,55,4.592390108055994,-1.1000093960645865,-2.4500053575036222
-1.1388414912858174,-2.542999281757236,0.00013796544226,57,55,4.592390108055994,-1.1000093960645865,-2.4500053575036222
-1.1424843806274418,-2.543001456323548,0.00013793542166,57,55,4.592390108055994,-1.1000093960645865,-2.4500053575036222
-1.146067771007812,-2.542998971104906,0.00014054380881,57,55,4.592390108055994,-1.1000093960645865,-2.4500053575036222
-1.1495041883829993,-2.5429996669661254,0.00013664664584,57,55,4.592390108055994,-1.1000093960645865,-2.4500053575036222
-1.152932413325071,-2.5430000521750142,1.9686212482e-15,57,55,4.592390108055994,-1.1000093960645865,-2.4500053575036222
-1.1563835292592168,-2.5430017918280647,0.00011375771282,57,55,4.592390108055994,-1.1000093960645865,-2.4500053575036222
-1.1598466003568952,-2.542997032634362,0.00013753763051,57,55,4.592390108055994,-1.1000093960645865,-2.4500053575036222
-1.1632666454502327,-2.5429983870785233,0.00013927592954,57,55,4.592390108055994,-1.1000093960645865,-2.4500053575036222
-1.16669508432681,-2.5429966598515645,0.0001372708939,57,55,4.592390108055994,-1.1000093960645865,-2.4500053575036222
-1.1701564313640629,-2.543001381766989,0.00013914830924,57,55,4.592390108055994,-1.1000093960645865,-2.4500053575036222
-1.1737093927071414,-2.54299782790433,0.00013797804422,57,55,4.592390108055994,-1.1000093960645865,-2.4500053575036222
-1.177216169365827,-2.5429993438877,1.967992538e-15,57,55,4.592390108055994,-1.1000093960645865,-2.4500053575036222
-1.1806343393861458,-2.54299718174748,9.7630152595e-05,57,55,4.592390108055994,-1.1000093960645865,-2.4500053575036222
-1.1840535539102275,-2.5429989089744387,0.00013682244753,57,55,4.592390108055994,-1.1000093960645865,-2.4500053575036222
-1.187494438741263,-2.542996709555937,0.00013841032342,57,55,4.592390108055994,-1.1000093960645865,-2.4500053575036222
-1.1909520733856296,-2.5429985486177356,0.00013847539958,57,55,4.592390108055994,-1.1000093960645865,-2.4500053575036222
-1.1943692744084844,-2.5429985858960134,0.00013939682685,57,55,4.592390108055994,-1.1000093960645865,-2.4500053575036222
-1.1977931577385348,-2.542998362226337,0.00013846761431,57,55,4.592390108055994,-1.1000093960645865,-2.4500053575036222
-1.2012549703979465,-2.543001493601829,1.9686574589e-15,57,55,4.592390108055994,-1.1000093960645865,-2.4500053575036222
-1.1974558333611145,-2.539457857615425,0.00013771707017,57,55,4.592390108055994,-1.1000093960645865,-2.4500053575036222
-1.1937829806043572,-2.5394552729880346,0.00013670200133,57,55,4.592390108055994,-1.1000093960645865,-2.4500053575036222
-1.1901274565425355,-2.5394532848131215,0.00013815128477,57,55,4.592390108055994,-1.1000093960645865,-2.4500053575036222
-1.1864712277552814,-2.5394524274126895,0.00013868467067,57,55,4.592390108055994,-1.1000093960645865,-2.4500053575036222
-1.1828660538085143,-2.539451880664588,0.00013957856572,57,55,4.592390108055994,-1.1000093960645865,-2.4500053575036222
-1.1792802472266728,-2.5394519924994245,0.00011287553207,57,55,4.592390108055994,-1.1000093960645865,-2.4500053575036222
-1.1756841592041913,-2.5394522161691047,0.00013513560407,57,55,4.592390108055994,-1.1000093960645865,-2.4500053575036222
-1.171972357783076,-2.5394517812558393,0.0001399674511,57,55,4.592390108055994,-1.1000093960645865,-2.4500053575036222
-1.1683002726736602,-2.539450004324512,0.00013701738499,57,55,4.592390108055994,-1.1000093960645865,-2.4500053575036222
-1.1647417238646787,-2.53945251439534,0.00013756149565,57,55,4.592390108055994,-1.1000093960645865,-2.4500053575036222
-1.1611907886072101,-2.5394518185341206,0.00013788972865,57,55,4.592390108055994,-1.1000093960645865,-2.4500053575036222
-1.1576285651584886,-2.5394490847936124,0.00013675091031,57,55,4.592390108055994,-1.1000093960645865,-2.4500053575036222
-1.1540603515436172,-2.539451917942866,0.00012175054871,57,55,4.592390108055994,-1.1000093960645865,-2.4500053575036222
-1.1505333014444514,-2.53945088657713,0.00013588955335,57,55,4.592390108055994,-1.1000093960645865,-2.4500053575036222
-1.1470113731890335,-2.5394493954459425,0.00013908503752,57,55,4.592390108055994,-1.1000093960645865,-2.4500053575036222
-1.1433941308192868,-2.5394508244466625,0.00013832947297,57,55,4.592390108055994,-1.1000093960645865,-2.4500053575036222
-1.1396807311815724,-2.539452365282222,0.00013947057596,57,55,4.592390108055994,-1.1000093960645865,-2.4500053575036222
-1.136066886595146,-2.539450029176698,0.00013956917974,57,55,4.592390108055994,-1.1000093960645865,-2.4500053575036222
-1.1325561206871546,-2.5394515451600714,0.00013875067816,57,55,4.592390108055994,-1.1000093960645865,-2.4500053575036222
-1.1290524397866049,-2.5394515824383492,0.00013154155749,57,55,4.592390108055994,-1.1000093960645865,-2.4500053575036222
-1.1255227092139326,-2.539450600776986,0.00013733840024,57,55,4.592390108055994,-1.1000093960645865,-2.4500053575036222
-1.1220089230541008,-2.539450687759636,0.00013883842621,57,55,4.592390108055994,-1.1000093960645865,-2.4500053575036222
-1.118528309326983,-2.539450613203077,0.00013868992392,57,55,4.592390108055994,-1.1000093960645865,-2.4500053575036222
-1.1150484632472066,-2.539452365282222,0.00013966059487,57,55,4.592390108055994,-1.1000093960645865,-2.4500053575036222
-1.1114870955365053,-2.5394501534376293,0.00013833549747,57,55,4.592390108055994,-1.1000093960645865,-2.4500053575036222
-1.1078832051967697,-2.53945220374301,0.00013958071941,57,55,4.592390108055994,-1.1000093960645865,-2.4500053575036222
-1.1043829346639236,-2.5394491966284525,0.00013416096044,57,55,4.592390108055994,-1.1000093960645865,-2.4500053575036222
-1.1009150815008295,-2.539450128585443,0.00013848871458,57,55,4.592390108055994,-1.1000093960645865,-2.4500053575036222
-1.0974523879346312,-2.5394503895334006,0.00013713174849,57,55,4.592390108055994,-1.1000093960645865,-2.4500053575036222
-1.09395845993065,-2.5394520049255194,0.00013629550813,57,55,4.592390108055994,-1.1000093960645865,-2.4500053575036222
-1.090484264238691,-2.5394510108380612,0.0001385697833,57,55,4.592390108055994,-1.1000093960645865,-2.4500053575036222
-1.0870343815740473,-2.5394525640997125,0.00013809981465,57,55,4.592390108055994,-1.1000093960645865,-2.4500053575036222
-1.0835927165112873,-2.539450227994188,0.0001402284106,57,55,4.592390108055994,-1.1000093960645865,-2.4500053575036222
-1.0799866994108798,-2.539449942194044,0.00013900925114,57,55,4.592390108055994,-1.1000093960645865,-2.4500053575036222
-1.0763723136959988,-2.5394505013682407,0.00013970701548,57,55,4.592390108055994,-1.1000093960645865,-2.4500053575036222
-1.0729109666587442,-2.5394495694112464,0.00013882639178,57,55,4.592390108055994,-1.1000093960645865,-2.4500053575036222
-1.0694618893945917,-2.5394525640997125,0.0001364992786,57,55,4.592390108055994,-1.1000093960645865,-2.4500053575036222
-1.0660006807855487,-2.539451632142722,0.00013698167459,57,55,4.592390108055994,-1.1000093960645865,-2.4500053575036222
-1.062516266574864,-2.539450327402933,0.00013766002667,57,55,4.592390108055994,-1.1000093960645865,-2.4500053575036222
-1.0590609474569068,-2.539448736863001,0.0001393926068,57,55,4.592390108055994,-1.1000093960645865,-2.4500053575036222
-1.055610485910661,-2.539451942795052,0.00014013743203,57,55,4.592390108055994,-1.1000093960645865,-2.4500053575036222
-1.052153555991725,-2.5394480037235003,0.00014060517424,57,55,4.592390108055994,-1.1000093960645865,-2.4500053575036222
-1.048573223616343,-2.5394511226729013,0.00014104555885,57,55,4.592390108055994,-1.1000093960645865,-2.4500053575036222
-1.0450036508881428,-2.5394521291864507,0.00013957325427,57,55,4.592390108055994,-1.1000093960645865,-2.4500053575036222
-1.0415543471051034,-2.539450737464012,0.00013958605996,57,55,4.592390108055994,-1.1000093960645865,-2.4500053575036222
-1.0380983484304818,-2.5394518682384932,0.00013858459715,57,55,4.592390108055994,-1.1000093960645865,-2.4500053575036222
-1.034628355922336,-2.539450314976842,0.00013942409714,57,55,4.592390108055994,-1.1000093960645865,-2.4500053575036222
-1.0311381654800074,-2.5394508120205708,0.0001390989928,57,55,4.592390108055994,-1.1000093960645865,-2.4500053575036222
-1.0276868985332703,-2.5394526883606474,0.00014000241936,57,55,4.592390108055994,-1.1000093960645865,-2.4500053575036222
-1.0242383120600413,-2.5394505634987046,0.00013989869331,57,55,4.592390108055994,-1.1000093960645865,-2.4500053575036222
-1.0207391992903998,-2.539452924456419,0.00014020415256,57,55,4.592390108055994,-1.1000093960645865,-2.4500053575036222
-1.0171296963159948,-2.53945251439534,0.00013830717944,57,55,4.592390108055994,-1.1000093960645865,-2.4500053575036222
-1.0135775152046427,-2.5394524149865947,0.000138987627,57,55,4.592390108055994,-1.1000093960645865,-2.4500053575036222
-1.0101057105453906,-2.539450899003221,0.00013594329357,57,55,4.592390108055994,-1.1000093960645865,-2.4500053575036222
-1.0066409153872864,-2.53945066290745,0.00013732144726,57,55,4.592390108055994,-1.1000093960645865,-2.4500053575036222
-1.0031364165018624,-2.5394517812558393,0.00013999424118,57,55,4.592390108055994,-1.1000093960645865,-2.4500053575036222
-0.9996333774048294,-2.539450488942146,0.00013993456378,57,55,4.592390108055994,-1.1000093960645865,-2.4500053575036222
-1.00348028475827,-2.535919403309897,0.00013912793656,57,55,4.592390108055994,-1.1000093960645865,-2.4500053575036222
-1.0072484264605897,-2.53591791217871,0.00013843186025,57,55,4.592390108055994,-1.1000093960645865,-2.4500053575036222
-1.0109203983105601,-2.535917787917778,0.00013650227629,57,55,4.592390108055994,-1.1000093960645865,-2.4500053575036222
-1.0145540758840725,-2.5359136873070143,0.00013654569921,57,55,4.592390108055994,-1.1000093960645865,-2.4500053575036222
-1.0182992762567886,-2.5359141470724653,0.00013908697292,57,55,4.592390108055994,-1.1000093960645865,-2.4500053575036222
-1.0220371399344095,-2.5359141346463705,0.0001390632824,57,55,4.592390108055994,-1.1000093960645865,-2.4500053575036222
-1.025611519896788,-2.5359175269698206,0.0001395886502,57,55,4.592390108055994,-1.1000093960645865,-2.4500053575036222
-1.029182363647638,-2.5359181234222947,0.00013757357374,57,55,4.592390108055994,-1.1000093960645865,-2.4500053575036222
-1.0327705486778034,-2.5359189559705406,0.00013604927517,57,55,4.592390108055994,-1.1000093960645865,-2.4500053575036222
-1.0363818638033147,-2.535918819283514,0.00013778140419,57,55,4.592390108055994,-1.1000093960645865,-2.4500053575036222
-1.0399483911109082,-2.5359161600995646,0.00013693634537,57,55,4.592390108055994,-1.1000093960645865,-2.4500053575036222
-1.0435155728064014,-2.5359135381938964,0.000134925358,57,55,4.592390108055994,-1.1000093960645865,-2.4500053575036222
-1.047139107367482,-2.5359176760829385,0.00013632836635,57,55,4.592390108055994,-1.1000093960645865,-2.4500053575036222
-1.0508362479827882,-2.5359183843702526,0.00013730683713,57,55,4.592390108055994,-1.1000093960645865,-2.4500053575036222
-1.0544572279141875,-2.5359132399676576,0.00013800496527,57,55,4.592390108055994,-1.1000093960645865,-2.4500053575036222
-1.05800482831025,-2.535920583788754,0.00013741408475,57,55,4.592390108055994,-1.1000093960645865,-2.4500053575036222
-1.0615478857441667,-2.535920944145457,0.00013602351828,57,55,4.592390108055994,-1.1000093960645865,-2.4500053575036222
-1.065131993434349,-2.535918048865736,0.00013668896281,57,55,4.592390108055994,-1.1000093960645865,-2.4500053575036222
-1.068693436651346,-2.5359181731266673,0.00013706681784,57,55,4.592390108055994,-1.1000093960645865,-2.4500053575036222
-1.0722328949518203,-2.535915936429888,0.00013990167645,57,55,4.592390108055994,-1.1000093960645865,-2.4500053575036222
-1.075772894380751,-2.535915190864296,0.00013987417333,57,55,4.592390108055994,-1.1000093960645865,-2.4500053575036222
-1.0794609868249179,-2.5359148802119624,0.00013958339696,57,55,4.592390108055994,-1.1000093960645865,-2.4500053575036222
-1.0831556860699878,-2.5359185956138375,0.00013717803813,57,55,4.592390108055994,-1.1000093960645865,-2.4500053575036222
-1.0866880719474035,-2.535918247683226,0.00013571413001,57,55,4.592390108055994,-1.1000093960645865,-2.4500053575036222
-1.0902033556487722,-2.535915650629744,0.00013569297153,57,55,4.592390108055994,-1.1000093960645865,-2.4500053575036222
-1.0937386736873493,-2.5359190305270993,0.0001378525194,57,55,4.592390108055994,-1.1000093960645865,-2.4500053575036222
-1.097290099735743,-2.535915600925372,0.000137614712,57,55,4.592390108055994,-1.1000093960645865,-2.4500053575036222
-1.1008048926461882,-2.5359183470919713,0.00013591999596,57,55,4.592390108055994,-1.1000093960645865,-2.4500053575036222
-1.1043195848815714,-2.5359185210572788,0.00013579500956,57,55,4.592390108055994,-1.1000093960645865,-2.4500053575036222
-1.1078567024868715,-2.5359179991613634,0.00013587580179,57,55,4.592390108055994,-1.1000093960645865,-2.4500053575036222
-1.1114887440906354,-2.535915513942718,0.00013921962818,57,55,4.592390108055994,-1.1000093960645865,-2.4500053575036222
-1.115072864365199,-2.5359204968061,0.00013793814287,57,55,4.592390108055994,-1.1000093960645865,-2.4500053575036222
-1.118567723613498,-2.5359177133612194,0.00013791843958,57,55,4.592390108055994,-1.1000093960645865,-2.4500053575036222
-1.1220506654514104,-2.5359142837594884,0.00013880463666,57,55,4.592390108055994,-1.1000093960645865,-2.4500053575036222
-1.1255592165080528,-2.535917750639497,0.00013864222274,57,55,4.592390108055994,-1.1000093960645865,-2.4500053575036222
-1.1290741730154743,-2.535918794431328,0.00013719056733,57,55,4.592390108055994,-1.1000093960645865,-2.4500053575036222
-1.1325495642237857,-2.535917166613118,0.00013660432887,57,55,4.592390108055994,-1.1000093960645865,-2.4500053575036222
-1.1360172160367559,-2.535916768978134,0.00013859420142,57,55,4.592390108055994,-1.1000093960645865,-2.4500053575036222
-1.1395694349012557,-2.535916222230032,0.00013831953402,57,55,4.592390108055994,-1.1000093960645865,-2.4500053575036222
-1.1432186038498326,-2.5359137991418543,0.00013642385602,57,55,4.592390108055994,-1.1000093960645865,-2.4500053575036222
-1.146770180910816,-2.5359151411599203,0.00013668347674,57,55,4.592390108055994,-1.1000093960645865,-2.4500053575036222
-1.1502119466486378,-2.5359186701703966,0.00013961036166,57,55,4.592390108055994,-1.1000093960645865,-2.4500053575036222
-1.1536398695655252,-2.535913165411099,0.00013759617286,57,55,4.592390108055994,-1.1000093960645865,-2.4500053575036222
-1.157112655806626,-2.5359160606908198,0.00013949043932,57,55,4.592390108055994,-1.1000093960645865,-2.4500053575036222
-1.1605798168286725,-2.5359139606810666,0.00014186663611,57,55,4.592390108055994,-1.1000093960645865,-2.4500053575036222
-1.1640050844408163,-2.535912631089092,0.00014199246652,57,55,4.592390108055994,-1.1000093960645865,-2.4500053575036222
-1.1674324913980139,-2.535912444697693,0.00013890248374,57,55,4.592390108055994,-1.1000093960645865,-2.4500053575036222
-1.170924305225708,-2.5359125192542518,0.00014074788487,57,55,4.592390108055994,-1.1000093960645865,-2.4500053575036222
-1.1744827156064814,-2.5359152405686687,0.00013881688938,57,55,4.592390108055994,-1.1000093960645865,-2.4500053575036222
-1.1779690300589476,-2.535913028724076,0.00014038068184,57,55,4.592390108055994,-1.1000093960645865,-2.4500053575036222
-1.1813850733185978,-2.53591474352494,0.00013885801309,57,55,4.592390108055994,-1.1000093960645865,-2.4500053575036222
-1.1847976055354807,-2.5359122955845756,0.00013729208149,57,55,4.592390108055994,-1.1000093960645865,-2.4500053575036222
-1.1882553031017615,-2.5359171293348366,0.00013773622049,57,55,4.592390108055994,-1.1000093960645865,-2.4500053575036222
-1.1917157314790798,-2.535916334064872,0.00013795637642,57,55,4.592390108055994,-1.1000093960645865,-2.4500053575036222
-1.195130830910029,-2.5359180612918273,0.00013947638217,57,55,4.592390108055994,-1.1000093960645865,-2.4500053575036222
-1.1985509640940437,-2.5359151038816425,0.00013988732826,57,55,4.592390108055994,-1.1000093960645865,-2.4500053575036222
-1.2020496364102926,-2.5359126559412783,0.00014049280435,57,55,4.592390108055994,-1.1000093960645865,-2.4500053575036222
-1.1982208757366601,-2.5325392201537187,0.00013517327898,57,55,4.592390108055994,-1.1000093960645865,-2.4500053575036222
-1.1945239616402408,-2.5325383627532867,0.0001374091953,57,55,4.592390108055994,-1.1000093960645865,-2.4500053575036222
-1.1908778255278873,-2.5325360142216673,0.00013805186609,57,55,4.592390108055994,-1.1000093960645865,-2.4500053575036222
-1.1872193818892856,-2.532537281683178,0.00013811675308,57,55,4.592390108055994,-1.1000093960645865,-2.4500053575036222
-1.1836087463204388,-2.5325336656900483,0.0001393283892,57,55,4.592390108055994,-1.1000093960645865,-2.4500053575036222
-1.1800212282625546,-2.5325371574222433,0.00013911035785,57,55,4.592390108055994,-1.1000093960645865,-2.4500053575036222
-1.1764497804613374,-2.5325349082993727,0.00013838957238,57,55,4.592390108055994,-1.1000093960645865,-2.4500053575036222
-1.1727417921081704,-2.532532882846175,0.00013785663759,57,55,4.592390108055994,-1.1000093960645865,-2.4500053575036222
-1.1690413418002228,-2.5325359272390173,0.0001388212695,57,55,4.592390108055994,-1.1000093960645865,-2.4500053575036222
-1.1654870842657297,-2.532534411255644,0.00013725472672,57,55,4.592390108055994,-1.1000093960645865,-2.4500053575036222
-1.1619352806858576,-2.532535989369481,0.00013651723566,57,55,4.592390108055994,-1.1000093960645865,-2.4500053575036222
-1.1583836532873415,-2.532538487014218,0.00013666985615,57,55,4.592390108055994,-1.1000093960645865,-2.4500053575036222
-1.154818245989805,-2.5325365485436775,0.0001361509494,57,55,4.592390108055994,-1.1000093960645865,-2.4500053575036222
-1.151286451578375,-2.532535566882311,0.00013681888231,57,55,4.592390108055994,-1.1000093960645865,-2.4500053575036222
-1.1477660586176417,-2.532537816005185,0.00013632740593,57,55,4.592390108055994,-1.1000093960645865,-2.4500053575036222
-1.1441929622622946,-2.5325364242827426,0.0001367040968,57,55,4.592390108055994,-1.1000093960645865,-2.4500053575036222
-1.1404816768008692,-2.5325360514999486,0.00013867623056,57,55,4.592390108055994,-1.1000093960645865,-2.4500053575036222
-1.1368334265122286,-2.5325354426213793,0.00013916719763,57,55,4.592390108055994,-1.1000093960645865,-2.4500053575036222
-1.1333210120501072,-2.532532982254924,0.0001366281067,57,55,4.592390108055994,-1.1000093960645865,-2.4500053575036222
-1.129829676428955,-2.532537058013498,0.00013868279348,57,55,4.592390108055994,-1.1000093960645865,-2.4500053575036222
-1.1263004995691206,-2.5325362130391613,0.00013623427367,57,55,4.592390108055994,-1.1000093960645865,-2.4500053575036222
-1.1227760921903167,-2.532537256830992,0.00013800780289,57,55,4.592390108055994,-1.1000093960645865,-2.4500053575036222
-1.1193016448107045,-2.5325354426213793,0.00013665019651,57,55,4.592390108055994,-1.1000093960645865,-2.4500053575036222
-1.1158279902472017,-2.532535703569337,0.00013582389511,57,55,4.592390108055994,-1.1000093960645865,-2.4500053575036222
-1.1122917283799236,-2.5325331313680413,0.00013809117081,57,55,4.592390108055994,-1.1000093960645865,-2.4500053575036222
-1.1086943567504108,-2.532535144395144,0.00013896315068,57,55,4.592390108055994,-1.1000093960645865,-2.4500053575036222
-1.105165997875449,-2.5325335290030253,0.00013710871281,57,55,4.592390108055994,-1.1000093960645865,-2.4500053575036222
-1.1017001959667296,-2.532533292907254,0.00013478954497,57,55,4.592390108055994,-1.1000093960645865,-2.4500053575036222
-1.098243983357604,-2.532533106515855,0.0001387080556,57,55,4.592390108055994,-1.1000093960645865,-2.4500053575036222
-1.0947544095500257,-2.532535181673422,0.0001365908247,57,55,4.592390108055994,-1.1000093960645865,-2.4500053575036222
-1.0912670883469442,-2.532535206525608,0.00013858996681,57,55,4.592390108055994,-1.1000093960645865,-2.4500053575036222
-1.0878212452691376,-2.532533280481159,0.00013783034228,57,55,4.592390108055994,-1.1000093960645865,-2.4500053575036222
-1.0843761950074404,-2.532533715394421,0.00013568975555,57,55,4.592390108055994,-1.1000093960645865,-2.4500053575036222
-1.0808156452816136,-2.532535119542958,0.00013926059182,57,55,4.592390108055994,-1.1000093960645865,-2.4500053575036222
-1.0772026690175907,-2.5325327585852437,0.00013639921963,57,55,4.592390108055994,-1.1000093960645865,-2.4500053575036222
-1.0736993530641379,-2.532534286994709,0.00013677704555,57,55,4.592390108055994,-1.1000093960645865,-2.4500053575036222
-1.0702492187118426,-2.5325333177594405,0.00013817205036,57,55,4.592390108055994,-1.1000093960645865,-2.4500053575036222
-1.0667985558154724,-2.532534137881591,0.00013679421681,57,55,4.592390108055994,-1.1000093960645865,-2.4500053575036222
-1.0633101901086315,-2.5325348461689052,0.00013767594646,57,55,4.592390108055994,-1.1000093960645865,-2.4500053575036222
-1.059842223686094,-2.532535405343102,0.00013590198068,57,55,4.592390108055994,-1.1000093960645865,-2.4500053575036222
-1.056397538371492,-2.5325322739676097,0.00013380036398,57,55,4.592390108055994,-1.1000093960645865,-2.4500053575036222
-1.0529519469813386,-2.532533392315999,0.00013669507462,57,55,4.592390108055994,-1.1000093960645865,-2.4500053575036222
-1.0493887041976204,-2.5325305591667457,0.00013762508752,57,55,4.592390108055994,-1.1000093960645865,-2.4500053575036222
-1.0458017146838077,-2.5325347964645326,0.00013784971088,57,55,4.592390108055994,-1.1000093960645865,-2.4500053575036222
-1.0423370202007656,-2.5325376917442535,0.0001358211739,57,55,4.592390108055994,-1.1000093960645865,-2.4500053575036222
-1.0388817136671915,-2.532532572193845,0.00013711878273,57,55,4.592390108055994,-1.1000093960645865,-2.4500053575036222
-1.0354225688969048,-2.5325314662715503,0.00013758700516,57,55,4.592390108055994,-1.1000093960645865,-2.4500053575036222
-1.031933498464633,-2.532532857993989,0.00013797770953,57,55,4.592390108055994,-1.1000093960645865,-2.4500053575036222
-1.028469647135228,-2.532532149706678,0.00013712994405,57,55,4.592390108055994,-1.1000093960645865,-2.4500053575036222
-1.0250243703546404,-2.5325305964450235,0.00013665111328,57,55,4.592390108055994,-1.1000093960645865,-2.4500053575036222
-1.0215602044156697,-2.5325296023575654,0.00013877074525,57,55,4.592390108055994,-1.1000093960645865,-2.4500053575036222
-1.0179588938743802,-2.5325340633250324,0.00013572743046,57,55,4.592390108055994,-1.1000093960645865,-2.4500053575036222
-1.0143745974184586,-2.5325327461591525,0.00013724681048,57,55,4.592390108055994,-1.1000093960645865,-2.4500053575036222
-1.010901735671064,-2.5325377538747174,0.0001340394665,57,55,4.592390108055994,-1.1000093960645865,-2.4500053575036222
-1.007431554397177,-2.5325301615317617,0.0001364555792,57,55,4.592390108055994,-1.1000093960645865,-2.4500053575036222
-1.0039504247103692,-2.5325348710210918,0.00013683129509,57,55,4.592390108055994,-1.1000093960645865,-2.4500053575036222
-1.0004535142076938,-2.532532721306966,0.00013664831931,57,55,4.592390108055994,-1.1000093960645865,-2.4500053575036222
-1.0043010130271202,-2.529152090811431,0.00013753844541,57,55,4.592390108055994,-1.1000093960645865,-2.4500053575036222
-1.008059074638924,-2.5291534825338733,0.00013804264017,57,55,4.592390108055994,-1.1000093960645865,-2.4500053575036222
-1.0117347714661638,-2.529150127488701,0.00013529845455,57,55,4.592390108055994,-1.1000093960645865,-2.4500053575036222
-1.0153875395481835,-2.5291472570611697,0.00013596187637,57,55,4.592390108055994,-1.1000093960645865,-2.4500053575036222
-1.019147186792203,-2.5291497422798117,0.0001355237473,57,55,4.592390108055994,-1.1000093960645865,-2.4500053575036222
-1.0228464415837981,-2.529151419802398,0.00013614282943,57,55,4.592390108055994,-1.1000093960645865,-2.4500053575036222
-1.026425716871034,-2.5291522150723624,0.00013665514416,57,55,4.592390108055994,-1.1000093960645865,-2.4500053575036222
-1.0299819249848414,-2.529151805011287,0.00013511943689,57,55,4.592390108055994,-1.1000093960645865,-2.4500053575036222
-1.0335951277677513,-2.5291523393332973,0.0001349934173,57,55,4.592390108055994,-1.1000093960645865,-2.4500053575036222
-1.0372011700369235,-2.5291545760300767,0.00013468934048,57,55,4.592390108055994,-1.1000093960645865,-2.4500053575036222
-1.0407561574656103,-2.5291519044200323,0.0001355996792,57,55,4.592390108055994,-1.1000093960645865,-2.4500053575036222
-1.0443252268185037,-2.529153445255592,0.00013665230654,57,55,4.592390108055994,-1.1000093960645865,-2.4500053575036222
-1.0479785989508903,-2.5291515067850483,0.00013909608242,57,55,4.592390108055994,-1.1000093960645865,-2.4500053575036222
-1.0516747831531141,-2.529150823349924,0.00013834946731,57,55,4.592390108055994,-1.1000093960645865,-2.4500053575036222
-1.05525862657126,-2.5291491458273376,0.0001363560441,57,55,4.592390108055994,-1.1000093960645865,-2.4500053575036222
-1.0588081523778703,-2.5291521777940846,0.00013715399837,57,55,4.592390108055994,-1.1000093960645865,-2.4500053575036222
-1.062356042214732,-2.529149779558093,0.00013790902449,57,55,4.592390108055994,-1.1000093960645865,-2.4500053575036222
-1.065937859547268,-2.529150947610855,0.00013760564616,57,55,4.592390108055994,-1.1000093960645865,-2.4500053575036222
-1.0694868442254237,-2.5291516186198884,0.00013871701958,57,55,4.592390108055994,-1.1000093960645865,-2.4500053575036222
-1.0730304427877968,-2.5291511837066265,0.00013922934886,57,55,4.592390108055994,-1.1000093960645865,-2.4500053575036222
-1.0765819946800155,-2.529150823349924,0.00013821294124,57,55,4.592390108055994,-1.1000093960645865,-2.4500053575036222
-1.080283049038332,-2.5291488724532885,0.00013979338109,57,55,4.592390108055994,-1.1000093960645865,-2.4500053575036222
-1.0839470675584555,-2.5291495186101356,0.00014011736494,57,55,4.592390108055994,-1.1000093960645865,-2.4500053575036222
-1.0874635090230307,-2.5291494067752955,0.00014076393563,57,55,4.592390108055994,-1.1000093960645865,-2.4500053575036222
-1.0909798120593979,-2.5291498789668383,0.00014015211491,57,55,4.592390108055994,-1.1000093960645865,-2.4500053575036222
-1.0945232596091778,-2.5291481765920656,0.00013879298058,57,55,4.592390108055994,-1.1000093960645865,-2.4500053575036222
-1.0980733391286241,-2.5291488724532885,0.00013652368216,57,55,4.592390108055994,-1.1000093960645865,-2.4500053575036222
-1.1015819027696498,-2.529151705602542,0.00013581526582,57,55,4.592390108055994,-1.1000093960645865,-2.4500053575036222
-1.1050946947632514,-2.5291488476011024,0.00013554799079,57,55,4.592390108055994,-1.1000093960645865,-2.4500053575036222
-1.1086613982522024,-2.5291512458370904,0.00013649942412,57,55,4.592390108055994,-1.1000093960645865,-2.4500053575036222
-1.1122889598157368,-2.529150525123685,0.00013740979193,57,55,4.592390108055994,-1.1000093960645865,-2.4500053575036222
-1.11584434994467,-2.52914908369687,0.00013911265705,57,55,4.592390108055994,-1.1000093960645865,-2.4500053575036222
-1.1193356981502052,-2.529148362983465,0.00014139609993,57,55,4.592390108055994,-1.1000093960645865,-2.4500053575036222
-1.1228161608647318,-2.5291487357662623,0.00013737085101,57,55,4.592390108055994,-1.1000093960645865,-2.4500053575036222
-1.1263385799110732,-2.529148599079236,0.00014010145969,57,55,4.592390108055994,-1.1000093960645865,-2.4500053575036222
-1.12984705546142,-2.5291468345739996,0.00014043990814,57,55,4.592390108055994,-1.1000093960645865,-2.4500053575036222
-1.1333161796471622,-2.529146772443532,0.00014089781325,57,55,4.592390108055994,-1.1000093960645865,-2.4500053575036222
-1.1367861595709265,-2.5291497671319982,0.00013995994232,57,55,4.592390108055994,-1.1000093960645865,-2.4500053575036222
-1.1403781199158942,-2.529149468905763,0.00014045143325,57,55,4.592390108055994,-1.1000093960645865,-2.4500053575036222
-1.1440266344765697,-2.529145430425466,0.00013887968089,57,55,4.592390108055994,-1.1000093960645865,-2.4500053575036222
-1.1475353113770386,-2.5291468967044635,0.00013833894627,57,55,4.592390108055994,-1.1000093960645865,-2.4500053575036222
-1.1509748119259804,-2.5291489097315663,0.00013883075735,57,55,4.592390108055994,-1.1000093960645865,-2.4500053575036222
-1.1544075169082832,-2.5291488351750075,0.00013726882753,57,55,4.592390108055994,-1.1000093960645865,-2.4500053575036222
-1.1578803409025302,-2.5291494440535764,0.00013858424791,57,55,4.592390108055994,-1.1000093960645865,-2.4500053575036222
-1.1613286882724874,-2.52914908369687,0.00013920718629,57,55,4.592390108055994,-1.1000093960645865,-2.4500053575036222
-1.1647660243076108,-2.5291496552971617,0.00013766015763,57,55,4.592390108055994,-1.1000093960645865,-2.4500053575036222
-1.1681896811187724,-2.529149928671211,0.00013811113604,57,55,4.592390108055994,-1.1000093960645865,-2.4500053575036222
-1.1717086142911166,-2.529147207356794,0.00013610377209,57,55,4.592390108055994,-1.1000093960645865,-2.4500053575036222
-1.1752621041782665,-2.5291463251041755,0.00013798565487,57,55,4.592390108055994,-1.1000093960645865,-2.4500053575036222
-1.178718178359182,-2.529149369497014,0.00013854043209,57,55,4.592390108055994,-1.1000093960645865,-2.4500053575036222
-1.1821386261527642,-2.529146884278372,0.00013920124911,57,55,4.592390108055994,-1.1000093960645865,-2.4500053575036222
-1.1855547197499439,-2.5291485493748636,0.0001355821878,57,55,4.592390108055994,-1.1000093960645865,-2.4500053575036222
-1.1890114231499944,-2.529148499670491,0.00013897227473,57,55,4.592390108055994,-1.1000093960645865,-2.4500053575036222
-1.1924545857542914,-2.5291495061840403,0.00013913253497,57,55,4.592390108055994,-1.1000093960645865,-2.4500053575036222
-1.1958767450239178,-2.529151196132718,0.00013787846547,57,55,4.592390108055994,-1.1000093960645865,-2.4500053575036222
-1.1992981743993487,-2.529146958834931,0.00013869236864,57,55,4.592390108055994,-1.1000093960645865,-2.4500053575036222
-1.2028227453751272,-2.5291491458273376,0.00013794224651,57,55,4.592390108055994,-1.1000093960645865,-2.4500053575036222
-1.1989605102435963,-2.5258090989522635,0.0001376071159,57,55,4.592390108055994,-1.1000093960645865,-2.4500053575036222
-1.1952643889632866,-2.5258044515933977,0.00013443460921,57,55,4.592390108055994,-1.1000093960645865,-2.4500053575036222
-1.1916286601353996,-2.5258033083928217,0.00013763613242,57,55,4.592390108055994,-1.1000093960645865,-2.4500053575036222
-1.1879686434489636,-2.525805470533042,0.00013726079487,57,55,4.592390108055994,-1.1000093960645865,-2.4500053575036222
-1.1843397479408668,-2.5258064770465953,0.000134082773,57,55,4.592390108055994,-1.1000093960645865,-2.4500053575036222
-1.180762486154856,-2.5258084155171354,0.0001358846057,57,55,4.592390108055994,-1.1000093960645865,-2.4500053575036222
-1.1771888109179067,-2.5258078563429422,0.00013545881666,57,55,4.592390108055994,-1.1000093960645865,-2.4500053575036222
-1.1735192552694076,-2.52580800545606,0.00013711645443,57,55,4.592390108055994,-1.1000093960645865,-2.4500053575036222
-1.1698207555407725,-2.525808266404018,0.00013641537225,57,55,4.592390108055994,-1.1000093960645865,-2.4500053575036222
-1.16624097687823,-2.52580831610839,0.00013501392095,57,55,4.592390108055994,-1.1000093960645865,-2.4500053575036222
-1.162687424069166,-2.525808291256204,0.00013395250426,57,55,4.592390108055994,-1.1000093960645865,-2.4500053575036222
-1.1591479028467775,-2.5258059178723986,0.00013538885105,57,55,4.592390108055994,-1.1000093960645865,-2.4500053575036222
-1.1555863589547202,-2.5258079184734066,0.00013584677072,57,55,4.592390108055994,-1.1000093960645865,-2.4500053575036222
-1.1520442579338857,-2.5258061788203565,0.00013384388876,57,55,4.592390108055994,-1.1000093960645865,-2.4500053575036222
-1.148527174665794,-2.525807620247171,0.0001355735003,57,55,4.592390108055994,-1.1000093960645865,-2.4500053575036222
-1.1450040886471693,-2.5258060048550526,0.0001339269802,57,55,4.592390108055994,-1.1000093960645865,-2.4500053575036222
-1.1412996113367677,-2.525805296567738,0.0001335318957,57,55,4.592390108055994,-1.1000093960645865,-2.4500053575036222
-1.1376069633460741,-2.52580780663857,0.0001348224614,57,55,4.592390108055994,-1.1000093960645865,-2.4500053575036222
-1.134097997004804,-2.5258074959862395,0.00013643185957,57,55,4.592390108055994,-1.1000093960645865,-2.4500053575036222
-1.130591572708832,-2.5258040291062307,0.00013588735601,57,55,4.592390108055994,-1.1000093960645865,-2.4500053575036222
-1.1270859663977344,-2.5258083285344854,0.00013543076057,57,55,4.592390108055994,-1.1000093960645865,-2.4500053575036222
-1.123562062394237,-2.5258103664137708,0.00013719973504,57,55,4.592390108055994,-1.1000093960645865,-2.4500053575036222
-1.1200822163144608,-2.5258077445081026,0.00013593806943,57,55,4.592390108055994,-1.1000093960645865,-2.4500053575036222
-1.1166106004209495,-2.525809260491476,0.00013618943922,57,55,4.592390108055994,-1.1000093960645865,-2.4500053575036222
-1.1131021877925171,-2.5258060918377025,0.00013814114209,57,55,4.592390108055994,-1.1000093960645865,-2.4500053575036222
-1.1095065528078114,-2.5258059675767712,0.00013809473603,57,55,4.592390108055994,-1.1000093960645865,-2.4500053575036222
-1.1059555168752826,-2.5258058930202125,0.00013793763355,57,55,4.592390108055994,-1.1000093960645865,-2.4500053575036222
-1.1024894381101453,-2.5258058930202125,0.00013769466022,57,55,4.592390108055994,-1.1000093960645865,-2.4500053575036222
-1.099031627284421,-2.525807620247171,0.00013677537208,57,55,4.592390108055994,-1.1000093960645865,-2.4500053575036222
-1.0955543484187091,-2.5258099812048815,0.00013602842228,57,55,4.592390108055994,-1.1000093960645865,-2.4500053575036222
-1.0920599422081858,-2.525808763447747,0.00013532517187,57,55,4.592390108055994,-1.1000093960645865,-2.4500053575036222
-1.0886170816290717,-2.5258054332547646,0.00013604780543,57,55,4.592390108055994,-1.1000093960645865,-2.4500053575036222
-1.0851706219165147,-2.5258050728980614,0.00013435095025,57,55,4.592390108055994,-1.1000093960645865,-2.4500053575036222
-1.081654910346133,-2.525806290655196,0.00013762532035,57,55,4.592390108055994,-1.1000093960645865,-2.4500053575036222
-1.078037454041881,-2.5258085397780667,0.00013364526967,57,55,4.592390108055994,-1.1000093960645865,-2.4500053575036222
-1.0745038474793462,-2.5258066510118993,0.00013673047943,57,55,4.592390108055994,-1.1000093960645865,-2.4500053575036222
-1.0710554120187104,-2.5258069989425107,0.00013879603648,57,55,4.592390108055994,-1.1000093960645865,-2.4500053575036222
-1.067610336588247,-2.525805868168026,0.00013471861894,57,55,4.592390108055994,-1.1000093960645865,-2.4500053575036222
-1.0641262495715114,-2.525806700716272,0.00013635131472,57,55,4.592390108055994,-1.1000093960645865,-2.4500053575036222
-1.0606403126505233,-2.5258081172909,0.00013503174705,57,55,4.592390108055994,-1.1000093960645865,-2.4500053575036222
-1.0572028759403396,-2.525805669350536,0.00013574214245,57,55,4.592390108055994,-1.1000093960645865,-2.4500053575036222
-1.0537614248120835,-2.5258075084123313,0.00013798638247,57,55,4.592390108055994,-1.1000093960645865,-2.4500053575036222
-1.0502317949144733,-2.5258076450993574,0.00013331470836,57,55,4.592390108055994,-1.1000093960645865,-2.4500053575036222
-1.0466462526046665,-2.52580789362122,0.00013426694204,57,55,4.592390108055994,-1.1000093960645865,-2.4500053575036222
-1.0431534571951253,-2.5258073468731186,0.00013647238666,57,55,4.592390108055994,-1.1000093960645865,-2.4500053575036222
-1.0397006423693202,-2.5258058184636534,0.0001349603117,57,55,4.592390108055994,-1.1000093960645865,-2.4500053575036222
-1.0362466823646936,-2.525807011368602,0.0001341830648,57,55,4.592390108055994,-1.1000093960645865,-2.4500053575036222
-1.0327604560029044,-2.5258065143248727,0.00013612344628,57,55,4.592390108055994,-1.1000093960645865,-2.4500053575036222
-1.0292900230413644,-2.525807409003586,0.00013647218293,57,55,4.592390108055994,-1.1000093960645865,-2.4500053575036222
-1.0258416001651098,-2.5258079184734066,0.00013675753144,57,55,4.592390108055994,-1.1000093960645865,-2.4500053575036222
-1.0223946999991587,-2.525806439768314,0.00013569166185,57,55,4.592390108055994,-1.1000093960645865,-2.4500053575036222
-1.0188150597648242,-2.5258061788203565,0.00013570293959,57,55,4.592390108055994,-1.1000093960645865,-2.4500053575036222
-1.0152117734754575,-2.525807719655916,0.00013643564307,57,55,4.592390108055994,-1.1000093960645865,-2.4500053575036222
-1.011733940896908,-2.525805694202722,0.00013678547111,57,55,4.592390108055994,-1.1000093960645865,-2.4500053575036222
-1.0082646908673392,-2.5258083285344854,0.0001350803941,57,55,4.592390108055994,-1.1000093960645865,-2.4500053575036222
-1.004786455588543,-2.5258064273422227,0.00013305839093,57,55,4.592390108055994,-1.1000093960645865,-2.4500053575036222
-1.0012952206424532,-2.525806303081288,0.00013181898976,57,55,4.592390108055994,-1.1000093960645865,-2.4500053575036222
-1.0051484453559925,-2.5224302329619683,0.00011573325173,57,55,4.592390108055994,-1.1000093960645865,-2.4500053575036222
-1.0088991451039346,-2.522427685612859,0.00013455642329,57,55,4.592390108055994,-1.1000093960645865,-2.4500053575036222
-1.0125787934273327,-2.522428344195797,0.00013436446898,57,55,4.592390108055994,-1.1000093960645865,-2.4500053575036222
-1.0162623932468886,-2.522428033543467,0.0001370007376,57,55,4.592390108055994,-1.1000093960645865,-2.4500053575036222
-1.0200187433826498,-2.522427785021604,0.00013677735114,57,55,4.592390108055994,-1.1000093960645865,-2.4500053575036222
-1.0236819565022839,-2.5224256974379426,0.00012434016389,57,55,4.592390108055994,-1.1000093960645865,-2.4500053575036222
-1.0272613828021127,-2.5224273625344336,1.9686356478e-15,57,55,4.592390108055994,-1.1000093960645865,-2.4500053575036222
-1.0308305654144496,-2.522426529986188,0.00012654848979,57,55,4.592390108055994,-1.1000093960645865,-2.4500053575036222
-1.0344431263938427,-2.5224275116475514,0.00013589291484,57,55,4.592390108055994,-1.1000093960645865,-2.4500053575036222
-1.038032016149439,-2.522427312830061,0.00013599831436,57,55,4.592390108055994,-1.1000093960645865,-2.4500053575036222
-1.0415952211800095,-2.5224288660917122,0.00013339346333,57,55,4.592390108055994,-1.1000093960645865,-2.4500053575036222
-1.0451562994499077,-2.522429201596229,0.00013297387341,57,55,4.592390108055994,-1.1000093960645865,-2.4500053575036222
-1.048843196377722,-2.5224279092825355,0.00011370287393,57,55,4.592390108055994,-1.1000093960645865,-2.4500053575036222
-1.0525351396429867,-2.522427673186764,1.9686168013e-15,57,55,4.592390108055994,-1.1000093960645865,-2.4500053575036222
-1.0560884785175453,-2.5224279465608164,0.00013062356447,57,55,4.592390108055994,-1.1000093960645865,-2.4500053575036222
-1.0596323539363364,-2.522427884430349,0.00013356904674,57,55,4.592390108055994,-1.1000093960645865,-2.4500053575036222
-1.0631850006698473,-2.522427213421316,0.00013605474669,57,55,4.592390108055994,-1.1000093960645865,-2.4500053575036222
-1.0667661258613372,-2.522426219333858,0.00013741201838,57,55,4.592390108055994,-1.1000093960645865,-2.4500053575036222
-1.0703086421668013,-2.522427424664901,0.00013533027959,57,55,4.592390108055994,-1.1000093960645865,-2.4500053575036222
-1.0738453444874718,-2.5224298353269843,0.00011346596148,57,55,4.592390108055994,-1.1000093960645865,-2.4500053575036222
-1.077435920550344,-2.5224258838293414,1.9686432711e-15,57,55,4.592390108055994,-1.1000093960645865,-2.4500053575036222
-1.0811351501731747,-2.5224272258474074,0.0001355985296,57,55,4.592390108055994,-1.1000093960645865,-2.4500053575036222
-1.084757023595742,-2.52242685306461,0.0001358701993,57,55,4.592390108055994,-1.1000093960645865,-2.4500053575036222
-1.0882747109142028,-2.522429984440102,0.00013834188576,57,55,4.592390108055994,-1.1000093960645865,-2.4500053575036222
-1.09178465883732,-2.522428456030637,0.00013482307259,57,55,4.592390108055994,-1.1000093960645865,-2.4500053575036222
-1.0953411438075453,-2.522427250699594,0.00013807977666,57,55,4.592390108055994,-1.1000093960645865,-2.4500053575036222
-1.0988851199013987,-2.522427126438662,0.00012074132974,57,55,4.592390108055994,-1.1000093960645865,-2.4500053575036222
-1.1023888008019482,-2.5224257968466874,3.8409744829e-10,57,55,4.592390108055994,-1.1000093960645865,-2.4500053575036222
-1.1058999190726535,-2.522425100985468,0.00013180049427,57,55,4.592390108055994,-1.1000093960645865,-2.4500053575036222
-1.1094893247879396,-2.5224271140125674,0.00013544941612,57,55,4.592390108055994,-1.1000093960645865,-2.4500053575036222
-1.1131209259383108,-2.522428667274222,0.00013662519632,57,55,4.592390108055994,-1.1000093960645865,-2.4500053575036222
-1.1166471958057484,-2.5224245542373667,0.00013648804452,57,55,4.592390108055994,-1.1000093960645865,-2.4500053575036222
-1.1201390599709735,-2.5224245169590853,0.0001366482611,57,55,4.592390108055994,-1.1000093960645865,-2.4500053575036222
-1.1236335542721756,-2.522425399211704,0.00012542550394,57,55,4.592390108055994,-1.1000093960645865,-2.4500053575036222
-1.1271500209055156,-2.5224253370812395,4.9115500588e-05,57,55,4.592390108055994,-1.1000093960645865,-2.4500053575036222
-1.1306455345417126,-2.522426927621172,0.00012966619397,57,55,4.592390108055994,-1.1000093960645865,-2.4500053575036222
-1.1341237068985943,-2.5224247157765793,0.00013509839482,57,55,4.592390108055994,-1.1000093960645865,-2.4500053575036222
-1.1375904022984817,-2.5224244672547127,0.00013480751659,57,55,4.592390108055994,-1.1000093960645865,-2.4500053575036222
-1.1412268987737104,-2.5224251506898407,0.00013411587861,57,55,4.592390108055994,-1.1000093960645865,-2.4500053575036222
-1.1448764326693843,-2.5224241814545687,0.00013251500786,57,55,4.592390108055994,-1.1000093960645865,-2.4500053575036222
-1.1483346587797365,-2.5224277228911367,0.00013049659901,57,55,4.592390108055994,-1.1000093960645865,-2.4500053575036222
-1.1517756191170674,-2.5224242932894088,4.3525302317e-05,57,55,4.592390108055994,-1.1000093960645865,-2.4500053575036222
-1.1552187313838367,-2.5224244175503405,0.00012666129624,57,55,4.592390108055994,-1.1000093960645865,-2.4500053575036222
-1.1586888623201923,-2.522427138864757,0.0001334357803,57,55,4.592390108055994,-1.1000093960645865,-2.4500053575036222
-1.1621309174988155,-2.5224242932894088,0.00013601571845,57,55,4.592390108055994,-1.1000093960645865,-2.4500053575036222
-1.1655634588841421,-2.5224253122290534,0.0001347415091,57,55,4.592390108055994,-1.1000093960645865,-2.4500053575036222
-1.1689851902847574,-2.5224252128203046,0.0001351008832,57,55,4.592390108055994,-1.1000093960645865,-2.4500053575036222
-1.1725395610786942,-2.5224238335239577,0.00013526354451,57,55,4.592390108055994,-1.1000093960645865,-2.4500053575036222
-1.1760898419482628,-2.522424964298442,0.00010614678467,57,55,4.592390108055994,-1.1000093960645865,-2.4500053575036222
-1.1795143041599172,-2.522424666072203,0.00012266436534,57,55,4.592390108055994,-1.1000093960645865,-2.4500053575036222
-1.1829299824724688,-2.522423087958366,0.00013512649457,57,55,4.592390108055994,-1.1000093960645865,-2.4500053575036222
-1.1863623225076714,-2.5224245790895528,0.00013546063565,57,55,4.592390108055994,-1.1000093960645865,-2.4500053575036222
-1.1898141179984816,-2.5224246412200166,0.00013572859461,57,55,4.592390108055994,-1.1000093960645865,-2.4500053575036222
-1.193248484119294,-2.5224244672547127,0.00013639315148,57,55,4.592390108055994,-1.1000093960645865,-2.4500053575036222
-1.1966718011521253,-2.5224271637169435,0.00013716857939,57,55,4.592390108055994,-1.1000093960645865,-2.4500053575036222
-1.2000833140340135,-2.522429164317951,0.00012034225801,57,55,4.592390108055994,-1.1000093960645865,-2.4500053575036222
-1.2036546611601684,-2.5224245169590853,0.00012293300824,57,55,4.592390108055994,-1.1000093960645865,-2.4500053575036222
-1.1997538423113783,-2.519087539329036,2.083411365e-15,57,55,4.592390108055994,-1.1000093960645865,-2.4500053575036222
-1.1960563241645918,-2.519086831041722,1.4538941882e-12,57,55,4.592390108055994,-1.1000093960645865,-2.4500053575036222
-1.1924118869438993,-2.5190848180146226,0.00013533882156,57,55,4.592390108055994,-1.1000093960645865,-2.4500053575036222
-1.1887772907104526,-2.519084171857776,0.00013648123422,57,55,4.592390108055994,-1.1000093960645865,-2.4500053575036222
-1.1851328660741431,-2.519084917423368,0.00013659094111,57,55,4.592390108055994,-1.1000093960645865,-2.4500053575036222
-1.1815541067465956,-2.519084619197129,0.00013453740394,57,55,4.592390108055994,-1.1000093960645865,-2.4500053575036222
-1.1779871641543724,-2.519086756485163,1.9659268364e-15,57,55,4.592390108055994,-1.1000093960645865,-2.4500053575036222
-1.1743445894223155,-2.5190851659452305,1.9686055781e-15,57,55,4.592390108055994,-1.1000093960645865,-2.4500053575036222
-1.170650443890083,-2.519087961816206,2.5787553516e-12,57,55,4.592390108055994,-1.1000093960645865,-2.4500053575036222
-1.167038914830068,-2.519086694354699,0.0001367831137,57,55,4.592390108055994,-1.1000093960645865,-2.4500053575036222
-1.1634924973659768,-2.5190852405017896,0.00013667196617,57,55,4.592390108055994,-1.1000093960645865,-2.4500053575036222
-1.1599581231561007,-2.5190852653539793,0.00013393579866,57,55,4.592390108055994,-1.1000093960645865,-2.4500053575036222
-1.1563927284429458,-2.519086880746098,0.00013160142407,57,55,4.592390108055994,-1.1000093960645865,-2.4500053575036222
-1.1528483874019957,-2.519085041684299,1.9686741878e-15,57,55,4.592390108055994,-1.1000093960645865,-2.4500053575036222
-1.1493346767484596,-2.519085054110394,4.9740603572e-05,57,55,4.592390108055994,-1.1000093960645865,-2.4500053575036222
-1.1458183485433295,-2.5190866446503266,3.054980097e-12,57,55,4.592390108055994,-1.1000093960645865,-2.4500053575036222
-1.1421473960283555,-2.519084867718995,0.00013391858374,57,55,4.592390108055994,-1.1000093960645865,-2.4500053575036222
-1.138442616692768,-2.5190866322242313,0.00013670265616,57,55,4.592390108055994,-1.1000093960645865,-2.4500053575036222
-1.1349050334653106,-2.519088508564308,0.00013555629994,57,55,4.592390108055994,-1.1000093960645865,-2.4500053575036222
-1.1314057445143133,-2.519086768911258,0.00013459009642,57,55,4.592390108055994,-1.1000093960645865,-2.4500053575036222
-1.1279029445205504,-2.519087452346386,1.0853526966e-08,57,55,4.592390108055994,-1.1000093960645865,-2.4500053575036222
-1.1243828661693829,-2.5190874150681046,1.9686974812e-15,57,55,4.592390108055994,-1.1000093960645865,-2.4500053575036222
-1.1208905112132361,-2.5190871292679606,3.1966306772e-12,57,55,4.592390108055994,-1.1000093960645865,-2.4500053575036222
-1.117419562292006,-2.519084333396985,0.00013544915419,57,55,4.592390108055994,-1.1000093960645865,-2.4500053575036222
-1.1139471661667701,-2.519086371276274,0.0001349701779,57,55,4.592390108055994,-1.1000093960645865,-2.4500053575036222
-1.1103516570258911,-2.519086296719715,0.00013504440722,57,55,4.592390108055994,-1.1000093960645865,-2.4500053575036222
-1.1067577838547589,-2.5190849795538353,0.00013511892757,57,55,4.592390108055994,-1.1000093960645865,-2.4500053575036222
-1.103306202298454,-2.5190851783713253,8.7603068096e-05,57,55,4.592390108055994,-1.1000093960645865,-2.4500053575036222
-1.0998391797046176,-2.519087054711402,1.9686951518e-15,57,55,4.592390108055994,-1.1000093960645865,-2.4500053575036222
-1.0963757562442236,-2.5190852902061653,7.0662468932e-12,57,55,4.592390108055994,-1.1000093960645865,-2.4500053575036222
-1.0928846974794897,-2.5190865203893917,0.00013593686162,57,55,4.592390108055994,-1.1000093960645865,-2.4500053575036222
-1.0894315554597356,-2.5190852777800705,0.00013711352949,57,55,4.592390108055994,-1.1000093960645865,-2.4500053575036222
-1.0859815091981175,-2.5190835381270205,0.00013542745728,57,55,4.592390108055994,-1.1000093960645865,-2.4500053575036222
-1.0825098555514585,-2.5190853771888158,0.00013288464106,57,55,4.592390108055994,-1.1000093960645865,-2.4500053575036222
-1.0788973449095944,-2.5190851038147666,0.00010271219071,57,55,4.592390108055994,-1.1000093960645865,-2.4500053575036222
-1.075319541995131,-2.519081848178343,1.4378413824e-12,57,55,4.592390108055994,-1.1000093960645865,-2.4500053575036222
-1.071868325385925,-2.5190876884421574,4.3720179387e-12,57,55,4.592390108055994,-1.1000093960645865,-2.4500053575036222
-1.06841574966339,-2.519083277179063,0.00013299222337,57,55,4.592390108055994,-1.1000093960645865,-2.4500053575036222
-1.0649514452962094,-2.5190872411028007,0.0001335527777,57,55,4.592390108055994,-1.1000093960645865,-2.4500053575036222
-1.0614607514785739,-2.5190875641812225,0.00013446217054,57,55,4.592390108055994,-1.1000093960645865,-2.4500053575036222
-1.0580189857407503,-2.5190850913886718,0.00013455400767,57,55,4.592390108055994,-1.1000093960645865,-2.4500053575036222
-1.0545742752573837,-2.5190851410930444,0.0001089563375,57,55,4.592390108055994,-1.1000093960645865,-2.4500053575036222
-1.05107849734915,-2.519082842265801,1.4904715916e-12,57,55,4.592390108055994,-1.1000093960645865,-2.4500053575036222
-1.0474983914926568,-2.519085054110394,0.00013362889877,57,55,4.592390108055994,-1.1000093960645865,-2.4500053575036222
-1.0439766394185965,-2.5190862345892477,0.0001359609596,57,55,4.592390108055994,-1.1000093960645865,-2.4500053575036222
-1.0405240007741492,-2.519084445231825,0.00013447750825,57,55,4.592390108055994,-1.1000093960645865,-2.4500053575036222
-1.0370760686888199,-2.5190838860576283,0.00013572150783,57,55,4.592390108055994,-1.1000093960645865,-2.4500053575036222
-1.0335907735713485,-2.5190849547016456,0.00013683560246,57,55,4.592390108055994,-1.1000093960645865,-2.4500053575036222
-1.0301050380004828,-2.5190836872401383,0.00011506221927,57,55,4.592390108055994,-1.1000093960645865,-2.4500053575036222
-1.0266696777134383,-2.51908762631169,1.9686551295e-15,57,55,4.592390108055994,-1.1000093960645865,-2.4500053575036222
-1.0232238346356317,-2.519084470084011,0.00012988365779,57,55,4.592390108055994,-1.1000093960645865,-2.4500053575036222
-1.0196855592671286,-2.5190836872401383,0.00013671795023,57,55,4.592390108055994,-1.1000093960645865,-2.4500053575036222
-1.016086589421015,-2.519084333396985,0.00013680588745,57,55,4.592390108055994,-1.1000093960645865,-2.4500053575036222
-1.0125769938606113,-2.5190836499618605,0.00013548773131,57,55,4.592390108055994,-1.1000093960645865,-2.4500053575036222
-1.0091076179872156,-2.519083898483723,0.0001336469868,57,55,4.592390108055994,-1.1000093960645865,-2.4500053575036222
-1.0056428731666407,-2.5190846937536877,0.00012266416161,57,55,4.592390108055994,-1.1000093960645865,-2.4500053575036222
-1.0021539537469621,-2.519085041684299,1.9687029869e-15,57,55,4.592390108055994,-1.1000093960645865,-2.4500053575036222
-1.006009707921418,-2.5157779736606316,0.00013683302677,57,55,4.592390108055994,-1.1000093960645865,-2.4500053575036222
-1.0097662971604477,-2.515775749389947,0.00013755874534,57,55,4.592390108055994,-1.1000093960645865,-2.4500053575036222
-1.0134225385320834,-2.5157746683198354,0.00013534560276,57,55,4.592390108055994,-1.1000093960645865,-2.4500053575036222
-1.0171429728397103,-2.5157769919992683,0.00013657691306,57,55,4.592390108055994,-1.1000093960645865,-2.4500053575036222
-1.0208957364264086,-2.515775873650879,0.00013495060557,57,55,4.592390108055994,-1.1000093960645865,-2.4500053575036222
-1.0245254373349981,-2.5157754635898035,0.00013325162581,57,55,4.592390108055994,-1.1000093960645865,-2.4500053575036222
-1.0280996285316375,-2.5157746683198354,0.00013664338621,57,55,4.592390108055994,-1.1000093960645865,-2.4500053575036222
-1.0316758206451206,-2.515777153538481,0.00013567543647,57,55,4.592390108055994,-1.1000093960645865,-2.4500053575036222
-1.0352889353373516,-2.515777749990955,0.00013561575906,57,55,4.592390108055994,-1.1000093960645865,-2.4500053575036222
-1.0388620694458464,-2.515775786668225,0.00013449868129,57,55,4.592390108055994,-1.1000093960645865,-2.4500053575036222
-1.042428231806343,-2.515776855312242,0.00013493928418,57,55,4.592390108055994,-1.1000093960645865,-2.4500053575036222
-1.0460099862169663,-2.5157753517549635,0.00013210978068,57,55,4.592390108055994,-1.1000093960645865,-2.4500053575036222
-1.0497036661270398,-2.515777078981922,0.00013132537424,57,55,4.592390108055994,-1.1000093960645865,-2.4500053575036222
-1.0533581456851002,-2.515775140511378,0.00013438763563,57,55,4.592390108055994,-1.1000093960645865,-2.4500053575036222
-1.0569051671995602,-2.515777364782066,0.00013579450024,57,55,4.592390108055994,-1.1000093960645865,-2.4500053575036222
-1.0604414542356029,-2.515777240521131,0.00013624242274,57,55,4.592390108055994,-1.1000093960645865,-2.4500053575036222
-1.0640094916691163,-2.515775140511378,0.00013619643869,57,55,4.592390108055994,-1.1000093960645865,-2.4500053575036222
-1.0675835192687813,-2.515775314476682,0.00013485185627,57,55,4.592390108055994,-1.1000093960645865,-2.4500053575036222
-1.0711156786273082,-2.5157777996953277,0.00013419261086,57,55,4.592390108055994,-1.1000093960645865,-2.4500053575036222
-1.0746468941571359,-2.5157758363725975,0.00013195900829,57,55,4.592390108055994,-1.1000093960645865,-2.4500053575036222
-1.0782742040330167,-2.51577240677087,0.0001321373129,57,55,4.592390108055994,-1.1000093960645865,-2.4500053575036222
-1.0819661976358124,-2.5157749913982603,0.00013565224071,57,55,4.592390108055994,-1.1000093960645865,-2.4500053575036222
-1.0855466810237857,-2.515777315077693,0.00013586894784,57,55,4.592390108055994,-1.1000093960645865,-2.4500053575036222
-1.089063223163423,-2.515774357667505,0.0001357338333,57,55,4.592390108055994,-1.1000093960645865,-2.4500053575036222
-1.092576921232576,-2.515777439338625,0.0001352308027,57,55,4.592390108055994,-1.1000093960645865,-2.4500053575036222
-1.0961329028274946,-2.515772618014455,0.00013431537081,57,55,4.592390108055994,-1.1000093960645865,-2.4500053575036222
-1.099657788412839,-2.5157749541199794,0.00012975647405,57,55,4.592390108055994,-1.1000093960645865,-2.4500053575036222
-1.1031692842150258,-2.5157741091456423,0.00012813958165,57,55,4.592390108055994,-1.1000093960645865,-2.4500053575036222
-1.1066729902843402,-2.5157739227542435,0.00013568422582,57,55,4.592390108055994,-1.1000093960645865,-2.4500053575036222
-1.110293441671668,-2.515777613303929,0.00013652125199,57,55,4.592390108055994,-1.1000093960645865,-2.4500053575036222
-1.1139193420966909,-2.5157724689013374,0.00013571159798,57,55,4.592390108055994,-1.1000093960645865,-2.4500053575036222
-1.1174176872189892,-2.515776668920843,0.00013324698375,57,55,4.592390108055994,-1.1000093960645865,-2.4500053575036222
-1.120906241691571,-2.5157754511637083,0.00013473992294,57,55,4.592390108055994,-1.1000093960645865,-2.4500053575036222
-1.1244042847886846,-2.515776320990235,0.00012759082892,57,55,4.592390108055994,-1.1000093960645865,-2.4500053575036222
-1.1279235954925089,-2.5157721706750986,0.00012318354857,57,55,4.592390108055994,-1.1000093960645865,-2.4500053575036222
-1.1314040456226522,-2.5157740594412696,0.00013763044262,57,55,4.592390108055994,-1.1000093960645865,-2.4500053575036222
-1.1348827213548407,-2.5157745316328093,0.00013788191427,57,55,4.592390108055994,-1.1000093960645865,-2.4500053575036222
-1.1383697908702688,-2.515775140511378,0.00013675790979,57,55,4.592390108055994,-1.1000093960645865,-2.4500053575036222
-1.1420195387004464,-2.515773972458616,0.00013613127521,57,55,4.592390108055994,-1.1000093960645865,-2.4500053575036222
-1.1456402166066613,-2.515774432224064,0.00013381562894,57,55,4.592390108055994,-1.1000093960645865,-2.4500053575036222
-1.1490811266064629,-2.5157745937632767,0.00012549843814,57,55,4.592390108055994,-1.1000093960645865,-2.4500053575036222
-1.152515429805363,-2.5157751032331004,0.00010344990733,57,55,4.592390108055994,-1.1000093960645865,-2.4500053575036222
-1.155968106202958,-2.515779651183218,0.00013656873489,57,55,4.592390108055994,-1.1000093960645865,-2.4500053575036222
-1.1594373814012935,-2.5157754635898035,0.00013639617828,57,55,4.592390108055994,-1.1000093960645865,-2.4500053575036222
-1.162872779441486,-2.515775898503065,0.00013743426825,57,55,4.592390108055994,-1.1000093960645865,-2.4500053575036222
-1.1662989782979476,-2.5157747925807667,0.00013560673688,57,55,4.592390108055994,-1.1000093960645865,-2.4500053575036222
-1.169751201657767,-2.5157756375551075,0.00013658995158,57,55,4.592390108055994,-1.1000093960645865,-2.4500053575036222
-1.1733021998371478,-2.5157768428861504,0.00013056227181,57,55,4.592390108055994,-1.1000093960645865,-2.4500053575036222
-1.1768233101076935,-2.515777215668945,9.2566719104e-05,57,55,4.592390108055994,-1.1000093960645865,-2.4500053575036222
-1.1802422351909723,-2.515773438136606,0.00013087911066,57,55,4.592390108055994,-1.1000093960645865,-2.4500053575036222
-1.183658379125683,-2.515778010938913,0.00013652806228,57,55,4.592390108055994,-1.1000093960645865,-2.4500053575036222
-1.1870928207527929,-2.5157773026515984,0.000135230468,57,55,4.592390108055994,-1.1000093960645865,-2.4500053575036222
-1.1905439492713201,-2.5157768056078695,0.00013628120359,57,55,4.592390108055994,-1.1000093960645865,-2.4500053575036222
-1.1939685499111827,-2.5157752771984043,0.0001370418322,57,55,4.592390108055994,-1.1000093960645865,-2.4500053575036222
-1.197390595921364,-2.5157781973303117,0.00013485606178,57,55,4.592390108055994,-1.1000093960645865,-2.4500053575036222
-1.2008265728431586,-2.515775289624496,1.7471707906e-05,57,55,4.592390108055994,-1.1000093960645865,-2.4500053575036222
-1.2043965482716035,-2.515775761816039,0.0001135801067,57,55,4.592390108055994,-1.1000093960645865,-2.4500053575036222
-1.2004626702495445,-2.5125185969827464,0.00013464900258,57,55,4.592390108055994,-1.1000093960645865,-2.4500053575036222
-1.19678186416294,-2.512515627146467,0.00013536473853,57,55,4.592390108055994,-1.1000093960645865,-2.4500053575036222
-1.19313965437798,-2.5125120360055266,0.00013229659817,57,55,4.592390108055994,-1.1000093960645865,-2.4500053575036222
-1.1895098024568007,-2.512513514710619,0.00013237752137,57,55,4.592390108055994,-1.1000093960645865,-2.4500053575036222
-1.185875118132675,-2.5125133531714097,0.00013596539793,57,55,4.592390108055994,-1.1000093960645865,-2.4500053575036222
-1.1822916270772446,-2.5125118247619413,0.00013561325613,57,55,4.592390108055994,-1.1000093960645865,-2.4500053575036222
-1.1787243572910726,-2.5125093395432994,0.00013641845726,57,55,4.592390108055994,-1.1000093960645865,-2.4500053575036222
-1.1751187932284424,-2.512511688074915,0.00013289964409,57,55,4.592390108055994,-1.1000093960645865,-2.4500053575036222
-1.1714252894997266,-2.5125106442830845,0.00013292187941,57,55,4.592390108055994,-1.1000093960645865,-2.4500053575036222
-1.167791649679362,-2.5125126200319094,0.00013482024951,57,55,4.592390108055994,-1.1000093960645865,-2.4500053575036222
-1.1642501023713652,-2.5125103460568488,0.00013597565703,57,55,4.592390108055994,-1.1000093960645865,-2.4500053575036222
-1.1607277336625528,-2.512511837188036,0.00013561507512,57,55,4.592390108055994,-1.1000093960645865,-2.4500053575036222
-1.157168417206228,-2.512511054344163,0.00013439217582,57,55,4.592390108055994,-1.1000093960645865,-2.4500053575036222
-1.1536096292939744,-2.5125091780040867,0.00013325327018,57,55,4.592390108055994,-1.1000093960645865,-2.4500053575036222
-1.1501057847964502,-2.5125117502053826,0.00013399653835,57,55,4.592390108055994,-1.1000093960645865,-2.4500053575036222
-1.146595358666791,-2.5125102590741952,0.00013554787438,57,55,4.592390108055994,-1.1000093960645865,-2.4500053575036222
-1.1429696595918903,-2.5125130176668895,0.00013672889327,57,55,4.592390108055994,-1.1000093960645865,-2.4500053575036222
-1.139270631319184,-2.512511240735562,0.00013648613822,57,55,4.592390108055994,-1.1000093960645865,-2.4500053575036222
-1.1356917083946618,-2.512509190430178,0.00013667397434,57,55,4.592390108055994,-1.1000093960645865,-2.4500053575036222
-1.132192532703108,-2.5125086188298904,0.0001347004436,57,55,4.592390108055994,-1.1000093960645865,-2.4500053575036222
-1.1287036636209584,-2.512509264986737,0.00013356788259,57,55,4.592390108055994,-1.1000093960645865,-2.4500053575036222
-1.1251791052295617,-2.5125086436820765,0.00013374320406,57,55,4.592390108055994,-1.1000093960645865,-2.4500053575036222
-1.1216837300215727,-2.5125083578819325,0.00013670315093,57,55,4.592390108055994,-1.1000093960645865,-2.4500053575036222
-1.1182154112363216,-2.512510246648104,0.00013510456483,57,55,4.592390108055994,-1.1000093960645865,-2.4500053575036222
-1.1147429270204068,-2.5125076744468045,0.00013704573212,57,55,4.592390108055994,-1.1000093960645865,-2.4500053575036222
-1.1111785013047173,-2.512505661419705,0.00013612469775,57,55,4.592390108055994,-1.1000093960645865,-2.4500053575036222
-1.1075888439017796,-2.512509563212976,0.00013557533384,57,55,4.592390108055994,-1.1000093960645865,-2.4500053575036222
-1.1041048323913398,-2.512507910542576,0.00013643299462,57,55,4.592390108055994,-1.1000093960645865,-2.4500053575036222
-1.1006428813037181,-2.512509103447528,0.0001367124496,57,55,4.592390108055994,-1.1000093960645865,-2.4500053575036222
-1.097183484845778,-2.512510905231042,0.00013528276759,57,55,4.592390108055994,-1.1000093960645865,-2.4500053575036222
-1.0936986679348486,-2.5125077738555532,0.00013302962179,57,55,4.592390108055994,-1.1000093960645865,-2.4500053575036222
-1.0902320606256382,-2.5125077490033667,0.00013368933287,57,55,4.592390108055994,-1.1000093960645865,-2.4500053575036222
-1.0867866580012258,-2.512505711124078,0.00013401264732,57,55,4.592390108055994,-1.1000093960645865,-2.4500053575036222
-1.083351335467329,-2.5125103212046627,0.00013365630002,57,55,4.592390108055994,-1.1000093960645865,-2.4500053575036222
-1.0797400077574362,-2.5125053383412803,0.00013472685532,57,55,4.592390108055994,-1.1000093960645865,-2.4500053575036222
-1.0761291205009376,-2.512510172091545,0.00013356904674,57,55,4.592390108055994,-1.1000093960645865,-2.4500053575036222
-1.072676884556735,-2.512505524732679,0.00013412065164,57,55,4.592390108055994,-1.1000093960645865,-2.4500053575036222
-1.0692308527131873,-2.512508134212256,0.00013528758427,57,55,4.592390108055994,-1.1000093960645865,-2.4500053575036222
-1.065769669272909,-2.512507164976984,0.00013244770525,57,55,4.592390108055994,-1.1000093960645865,-2.4500053575036222
-1.062286828110057,-2.5125098987174925,0.00013138368377,57,55,4.592390108055994,-1.1000093960645865,-2.4500053575036222
-1.0588313705638934,-2.5125077614294584,0.00013267363829,57,55,4.592390108055994,-1.1000093960645865,-2.4500053575036222
-1.055387704584288,-2.512507140124798,0.00013308960479,57,55,4.592390108055994,-1.1000093960645865,-2.4500053575036222
-1.051923186282602,-2.512508096933975,0.00013379368465,57,55,4.592390108055994,-1.1000093960645865,-2.4500053575036222
-1.0483471074285624,-2.5125059720720357,0.00013464054791,57,55,4.592390108055994,-1.1000093960645865,-2.4500053575036222
-1.0447932777630804,-2.5125079850991385,0.00013477072935,57,55,4.592390108055994,-1.1000093960645865,-2.4500053575036222
-1.0413447793805302,-2.5125052513586263,0.00013610416499,57,55,4.592390108055994,-1.1000093960645865,-2.4500053575036222
-1.0378897874565238,-2.5125076744468045,0.00013570167357,57,55,4.592390108055994,-1.1000093960645865,-2.4500053575036222
-1.034426552761869,-2.5125068294724677,0.00013428732927,57,55,4.592390108055994,-1.1000093960645865,-2.4500053575036222
-1.0309410688786584,-2.5125051892281625,0.00013194678468,57,55,4.592390108055994,-1.1000093960645865,-2.4500053575036222
-1.027497063120721,-2.512505524732679,0.00013420186588,57,55,4.592390108055994,-1.1000093960645865,-2.4500053575036222
-1.0240526672469201,-2.512502641879053,0.00013420530013,57,55,4.592390108055994,-1.1000093960645865,-2.4500053575036222
-1.0205534034646875,-2.512505276210813,0.00013607833534,57,55,4.592390108055994,-1.1000093960645865,-2.4500053575036222
-1.0169592660215203,-2.512504070879773,0.00013235343795,57,55,4.592390108055994,-1.1000093960645865,-2.4500053575036222
-1.013419983902402,-2.5125078981164846,0.0001340595627,57,55,4.592390108055994,-1.1000093960645865,-2.4500053575036222
-1.0099537918778212,-2.5125052637847216,0.00013462443894,57,55,4.592390108055994,-1.1000093960645865,-2.4500053575036222
-1.0065009518832515,-2.512502604600772,0.00013359991135,57,55,4.592390108055994,-1.1000093960645865,-2.4500053575036222
-1.003011516503881,-2.512505499880493,0.00013493494771,57,55,4.592390108055994,-1.1000093960645865,-2.4500053575036222
-1.006862287262801,-2.509235163388385,0.00013557667262,57,55,4.592390108055994,-1.1000093960645865,-2.4500053575036222
-1.0106038507489268,-2.509236617241294,0.00013574698824,57,55,4.592390108055994,-1.1000093960645865,-2.4500053575036222
-1.0142796734199933,-2.5092356355799277,0.00013464380754,57,55,4.592390108055994,-1.1000093960645865,-2.4500053575036222
-1.0180346896111903,-2.509235300075411,0.000134158734,57,55,4.592390108055994,-1.1000093960645865,-2.4500053575036222
-1.0217871889258556,-2.5092351012579206,0.00013522061636,57,55,4.592390108055994,-1.1000093960645865,-2.4500053575036222
-1.0253799420869292,-2.5092361450497513,0.00013513349404,57,55,4.592390108055994,-1.1000093960645865,-2.4500053575036222
-1.0289529125984496,-2.5092368160587846,0.00013335578842,57,55,4.592390108055994,-1.1000093960645865,-2.4500053575036222
-1.0325437025958273,-2.5092355485972773,0.00013353503891,57,55,4.592390108055994,-1.1000093960645865,-2.4500053575036222
-1.036156112562631,-2.5092375243460987,0.00013506962568,57,55,4.592390108055994,-1.1000093960645865,-2.4500053575036222
-1.0397208025503553,-2.5092361077714704,0.00013445841614,57,55,4.592390108055994,-1.1000093960645865,-2.4500053575036222
-1.0432824093643267,-2.50923722611986,0.00013644303544,57,55,4.592390108055994,-1.1000093960645865,-2.4500053575036222
-1.0468953227064353,-2.5092399847125546,0.00013647985179,57,55,4.592390108055994,-1.1000093960645865,-2.4500053575036222
-1.0505844722387465,-2.50923702730237,0.0001355468994,57,55,4.592390108055994,-1.1000093960645865,-2.4500053575036222
-1.0542074656713727,-2.509236443275987,0.00013552965538,57,55,4.592390108055994,-1.1000093960645865,-2.4500053575036222
-1.057757041815514,-2.50923961192976,0.00013377277355,57,55,4.592390108055994,-1.1000093960645865,-2.4500053575036222
-1.0612904973654556,-2.5092359462322578,0.00013425337966,57,55,4.592390108055994,-1.1000093960645865,-2.4500053575036222
-1.064867142516716,-2.5092387793815147,0.00013657154341,57,55,4.592390108055994,-1.1000093960645865,-2.4500053575036222
-1.0684196004844861,-2.5092345669359104,0.00013746514742,57,55,4.592390108055994,-1.1000093960645865,-2.4500053575036222
-1.0719601536262544,-2.5092379219810828,0.00013737250993,57,55,4.592390108055994,-1.1000093960645865,-2.4500053575036222
-1.0754847371864158,-2.5092381705029454,0.00013589537411,57,55,4.592390108055994,-1.1000093960645865,-2.4500053575036222
-1.079153260915535,-2.5092368533370655,0.0001358926238,57,55,4.592390108055994,-1.1000093960645865,-2.4500053575036222
-1.0828421713445762,-2.509235585875555,0.00013608102745,57,55,4.592390108055994,-1.1000093960645865,-2.4500053575036222
-1.0863803208692544,-2.509237822572334,0.00013600780221,57,55,4.592390108055994,-1.1000093960645865,-2.4500053575036222
-1.0898914768931092,-2.5092356480060225,0.00013555881742,57,55,4.592390108055994,-1.1000093960645865,-2.4500053575036222
-1.0934187283423955,-2.509238369320436,0.00013587545254,57,55,4.592390108055994,-1.1000093960645865,-2.4500053575036222
-1.0969656869349413,-2.509237362806886,0.00013276613026,57,55,4.592390108055994,-1.1000093960645865,-2.4500053575036222
-1.1004824178403179,-2.509232814856769,0.0001344060729,57,55,4.592390108055994,-1.1000093960645865,-2.4500053575036222
-1.1039916610380058,-2.509236592389108,0.00013305293396,57,55,4.592390108055994,-1.1000093960645865,-2.4500053575036222
-1.1075134382808327,-2.509235523745091,0.00013386794308,57,55,4.592390108055994,-1.1000093960645865,-2.4500053575036222
-1.1111449387561418,-2.509234840309963,0.00013499504712,57,55,4.592390108055994,-1.1000093960645865,-2.4500053575036222
-1.1147402843000465,-2.5092329142655143,0.00013233959908,57,55,4.592390108055994,-1.1000093960645865,-2.4500053575036222
-1.1182316954274942,-2.5092345793620052,0.00013325577311,57,55,4.592390108055994,-1.1000093960645865,-2.4500053575036222
-1.1217203757439027,-2.509235436762437,0.00013276052778,57,55,4.592390108055994,-1.1000093960645865,-2.4500053575036222
-1.1252231757376656,-2.5092359213800717,0.00013413607667,57,55,4.592390108055994,-1.1000093960645865,-2.4500053575036222
-1.1287414293533453,-2.5092328024306743,0.0001350504026,57,55,4.592390108055994,-1.1000093960645865,-2.4500053575036222
-1.1322156753828336,-2.509232901839419,0.00013333621609,57,55,4.592390108055994,-1.1000093960645865,-2.4500053575036222
-1.1356859699161657,-2.509234840309963,0.00013346940977,57,55,4.592390108055994,-1.1000093960645865,-2.4500053575036222
-1.1392225967305387,-2.5092369900240885,0.00013279206178,57,55,4.592390108055994,-1.1000093960645865,-2.4500053575036222
-1.1428707589285023,-2.5092330385264456,0.00013275218953,57,55,4.592390108055994,-1.1000093960645865,-2.4500053575036222
-1.146438431414919,-2.509238729677142,0.00013387165382,57,55,4.592390108055994,-1.1000093960645865,-2.4500053575036222
-1.149877239822815,-2.509234629066378,0.00013543532987,57,55,4.592390108055994,-1.1000093960645865,-2.4500053575036222
-1.1533021047347123,-2.5092351136840123,0.00013500396744,57,55,4.592390108055994,-1.1000093960645865,-2.4500053575036222
-1.1567726383713146,-2.509236629667386,0.00013617936929,57,55,4.592390108055994,-1.1000093960645865,-2.4500053575036222
-1.160237081166705,-2.5092346042141918,0.00013568597205,57,55,4.592390108055994,-1.1000093960645865,-2.4500053575036222
-1.1636641609299534,-2.5092335231440797,0.00013420195319,57,55,4.592390108055994,-1.1000093960645865,-2.4500053575036222
-1.1670910519274627,-2.509238232633413,0.00013430342369,57,55,4.592390108055994,-1.1000093960645865,-2.4500053575036222
-1.170570004516069,-2.509236741502226,0.00013393619156,57,55,4.592390108055994,-1.1000093960645865,-2.4500053575036222
-1.1741167995116402,-2.5092368284848794,0.0001338525326,57,55,4.592390108055994,-1.1000093960645865,-2.4500053575036222
-1.1776128920294398,-2.5092356604321138,0.00013776984997,57,55,4.592390108055994,-1.1000093960645865,-2.4500053575036222
-1.1810271231379836,-2.5092354616146237,0.00013679542462,57,55,4.592390108055994,-1.1000093960645865,-2.4500053575036222
-1.1844276498538027,-2.5092372385459547,0.00013850755931,57,55,4.592390108055994,-1.1000093960645865,-2.4500053575036222
-1.1878798102917099,-2.5092357846930486,0.00013729320199,57,55,4.592390108055994,-1.1000093960645865,-2.4500053575036222
-1.1913312156666551,-2.509237362806886,0.00013797833526,57,55,4.592390108055994,-1.1000093960645865,-2.4500053575036222
-1.194745975319272,-2.50923548646681,0.00013233718346,57,55,4.592390108055994,-1.1000093960645865,-2.4500053575036222
-1.1981632392640396,-2.5092370148762746,0.00013532942103,57,55,4.592390108055994,-1.1000093960645865,-2.4500053575036222
-1.2016352326890307,-2.5092376734592166,0.00013765529729,57,55,4.592390108055994,-1.1000093960645865,-2.4500053575036222
-1.2052012062837865,-2.509239375833989,0.00013483742077,57,55,4.592390108055994,-1.1000093960645865,-2.4500053575036222
-1.2012779117275516,-2.5059496546364564,0.0001355806744,57,55,4.592390108055994,-1.1000093960645865,-2.4500053575036222
-1.1975391797275272,-2.5059467717828308,0.00013814246631,57,55,4.592390108055994,-1.1000093960645865,-2.4500053575036222
-1.193893760924986,-2.5059491575927275,0.0001360776223,57,55,4.592390108055994,-1.1000093960645865,-2.4500053575036222
-1.1902733472908058,-2.5059496297842703,0.00013485006639,57,55,4.592390108055994,-1.1000093960645865,-2.4500053575036222
-1.1866407519742044,-2.5059488842186783,0.00013288097398,57,55,4.592390108055994,-1.1000093960645865,-2.4500053575036222
-1.1830473695939974,-2.505947765870289,0.00013253804354,57,55,4.592390108055994,-1.1000093960645865,-2.4500053575036222
-1.1794777842814141,-2.505947007878602,0.00013177380606,57,55,4.592390108055994,-1.1000093960645865,-2.4500053575036222
-1.1759022339714476,-2.5059503753498658,0.00013362907339,57,55,4.592390108055994,-1.1000093960645865,-2.4500053575036222
-1.1722109576784625,-2.5059497540452016,0.00013503272203,57,55,4.592390108055994,-1.1000093960645865,-2.4500053575036222
-1.1685444600349533,-2.50594777829638,0.00013499439228,57,55,4.592390108055994,-1.1000093960645865,-2.4500053575036222
-1.1650023338453526,-2.5059473433831183,0.00013489418779,57,55,4.592390108055994,-1.1000093960645865,-2.4500053575036222
-1.1614673933382553,-2.5059497540452016,0.00013451509585,57,55,4.592390108055994,-1.1000093960645865,-2.4500053575036222
-1.1579274694156223,-2.5059477285920075,0.00013453813153,57,55,4.592390108055994,-1.1000093960645865,-2.4500053575036222
-1.1543711228736067,-2.5059477037398215,0.00013545353431,57,55,4.592390108055994,-1.1000093960645865,-2.4500053575036222
-1.1508608100033908,-2.5059498410278556,0.00013405295613,57,55,4.592390108055994,-1.1000093960645865,-2.4500053575036222
-1.1473507614052116,-2.5059522144116606,0.00013433495769,57,55,4.592390108055994,-1.1000093960645865,-2.4500053575036222
-1.1437721279214905,-2.5059488345143057,0.0001349789527,57,55,4.592390108055994,-1.1000093960645865,-2.4500053575036222
-1.1400696011904017,-2.505947480070145,0.00013676242088,57,55,4.592390108055994,-1.1000093960645865,-2.4500053575036222
-1.1364499803723296,-2.50594735580921,0.00013359644799,57,55,4.592390108055994,-1.1000093960645865,-2.4500053575036222
-1.1329499489427537,-2.5059482007835503,0.00013434825814,57,55,4.592390108055994,-1.1000093960645865,-2.4500053575036222
-1.129465308213182,-2.505950611445637,0.00013237695384,57,55,4.592390108055994,-1.1000093960645865,-2.4500053575036222
-1.1259460226781242,-2.5059470203046934,0.0001329430379,57,55,4.592390108055994,-1.1000093960645865,-2.4500053575036222
-1.1224331300094605,-2.505950325645493,0.00013490623678,57,55,4.592390108055994,-1.1000093960645865,-2.4500053575036222
-1.1189713551031968,-2.5059504250542384,0.00013419834431,57,55,4.592390108055994,-1.1000093960645865,-2.4500053575036222
-1.1155010983230143,-2.5059446841991693,0.00013200919784,57,55,4.592390108055994,-1.1000093960645865,-2.4500053575036222
-1.1119625083449436,-2.5059489090708644,0.00013230968034,57,55,4.592390108055994,-1.1000093960645865,-2.4500053575036222
-1.1083753678185377,-2.505949418540685,0.00013123928511,57,55,4.592390108055994,-1.1000093960645865,-2.4500053575036222
-1.1048668293462787,-2.5059495676538064,0.00013506812684,57,55,4.592390108055994,-1.1000093960645865,-2.4500053575036222
-1.1014069672661795,-2.5059473806613997,0.00013392000983,57,55,4.592390108055994,-1.1000093960645865,-2.4500053575036222
-1.0979571223546838,-2.505951568254814,0.00013371884415,57,55,4.592390108055994,-1.1000093960645865,-2.4500053575036222
-1.0944715252120298,-2.505950686002196,0.00013441049668,57,55,4.592390108055994,-1.1000093960645865,-2.4500053575036222
-1.0910003120187632,-2.5059498037495778,0.00013378237782,57,55,4.592390108055994,-1.1000093960645865,-2.4500053575036222
-1.087554267590834,-2.505949667062551,0.00013390659296,57,55,4.592390108055994,-1.1000093960645865,-2.4500053575036222
-1.0841161387396028,-2.505947542200609,0.00013399230374,57,55,4.592390108055994,-1.1000093960645865,-2.4500053575036222
-1.0805481893967663,-2.5059521895594745,0.00013341657177,57,55,4.592390108055994,-1.1000093960645865,-2.4500053575036222
-1.0769394918228523,-2.5059470327307882,0.00013524650421,57,55,4.592390108055994,-1.1000093960645865,-2.4500053575036222
-1.0734532906298277,-2.5059502013845583,0.00013379969459,57,55,4.592390108055994,-1.1000093960645865,-2.4500053575036222
-1.0700074349676396,-2.5059478031485662,0.00013310943905,57,55,4.592390108055994,-1.1000093960645865,-2.4500053575036222
-1.0665586471442883,-2.5059489960535184,0.00013538866187,57,55,4.592390108055994,-1.1000093960645865,-2.4500053575036222
-1.0630743713618118,-2.5059490209057045,0.00013595855853,57,55,4.592390108055994,-1.1000093960645865,-2.4500053575036222
-1.0596190522438562,-2.5059488966447696,0.00013499747729,57,55,4.592390108055994,-1.1000093960645865,-2.4500053575036222
-1.0561747192919697,-2.505944336268558,0.00013296086399,57,55,4.592390108055994,-1.1000093960645865,-2.4500053575036222
-1.0527334191763067,-2.5059448208861954,0.00013148100697,57,55,4.592390108055994,-1.1000093960645865,-2.4500053575036222
-1.0491650923019902,-2.505947504922331,0.00013202051923,57,55,4.592390108055994,-1.1000093960645865,-2.4500053575036222
-1.0455897685109123,-2.5059470203046934,0.00013190876052,57,55,4.592390108055994,-1.1000093960645865,-2.4500053575036222
-1.0421384638110276,-2.5059454049125747,0.00013122157543,57,55,4.592390108055994,-1.1000093960645865,-2.4500053575036222
-1.0386859887635547,-2.505945827399745,0.00012825973681,57,55,4.592390108055994,-1.1000093960645865,-2.4500053575036222
-1.0352305186330062,-2.5059442492859074,0.00012836416136,57,55,4.592390108055994,-1.1000093960645865,-2.4500053575036222
-1.0317518806539656,-2.505943702537806,0.00012867675105,57,55,4.592390108055994,-1.1000093960645865,-2.4500053575036222
-1.0282963098483568,-2.50594472147745,0.00012749209418,57,55,4.592390108055994,-1.1000093960645865,-2.4500053575036222
-1.0248589360600853,-2.505946920895948,0.00012700246589,57,55,4.592390108055994,-1.1000093960645865,-2.4500053575036222
-1.0213935997735266,-2.505946063495516,0.00012863874144,57,55,4.592390108055994,-1.1000093960645865,-2.4500053575036222
-1.017801677181707,-2.5059457155649048,0.00012628006516,57,55,4.592390108055994,-1.1000093960645865,-2.4500053575036222
-1.0142283794762377,-2.505945765269281,0.00012626772514,57,55,4.592390108055994,-1.1000093960645865,-2.4500053575036222
-1.0107702540409473,-2.5059471445656283,0.00012730683375,57,55,4.592390108055994,-1.1000093960645865,-2.4500053575036222
-1.0073096494822713,-2.5059464114261276,0.00012503471226,57,55,4.592390108055994,-1.1000093960645865,-2.4500053575036222
-1.0038423752007797,-2.505946312017383,0.00012525524653,57,55,4.592390108055994,-1.1000093960645865,-2.4500053575036222
-1.00768107753672,-2.5026149509814672,7.4384894106e-05,57,55,4.592390108055994,-1.1000093960645865,-2.4500053575036222
-1.0114279642167139,-2.5026152989120787,7.3652925494e-05,57,55,4.592390108055994,-1.1000093960645865,-2.4500053575036222
-1.0151085437844296,-2.502618094783051,7.4142866652e-05,57,55,4.592390108055994,-1.1000093960645865,-2.4500053575036222
-1.018890641567129,-2.5026154604512914,7.2895127232e-05,57,55,4.592390108055994,-1.1000093960645865,-2.4500053575036222
-1.0226133914011653,-2.5026153486164513,7.3125986091e-05,57,55,4.592390108055994,-1.1000093960645865,-2.4500053575036222
-1.02619921056739,-2.5026136089634012,7.4434836279e-05,57,55,4.592390108055994,-1.1000093960645865,-2.4500053575036222
-1.0297697900462037,-2.502614814294441,7.5665033364e-05,57,55,4.592390108055994,-1.1000093960645865,-2.4500053575036222
-1.033372925322979,-2.5026176598697893,7.3853909271e-05,57,55,4.592390108055994,-1.1000093960645865,-2.4500053575036222
-1.036980502886838,-2.5026170634173153,7.2895018093e-05,57,55,4.592390108055994,-1.1000093960645865,-2.4500053575036222
-1.0405415559879716,-2.5026167527649847,7.3217772297e-05,57,55,4.592390108055994,-1.1000093960645865,-2.4500053575036222
-1.0441033012301513,-2.5026152367816112,7.4505303928e-05,57,55,4.592390108055994,-1.1000093960645865,-2.4500053575036222
-1.0477467820377613,-2.5026132734588846,7.2945134889e-05,57,55,4.592390108055994,-1.1000093960645865,-2.4500053575036222
-1.0514385239529036,-2.502615323764265,7.3594099376e-05,57,55,4.592390108055994,-1.1000093960645865,-2.4500053575036222
-1.0550242927815974,-2.502617535608858,6.988801033e-05,57,55,4.592390108055994,-1.1000093960645865,-2.4500053575036222
-1.058569300794829,-2.5026175480349493,9.9733901152e-05,57,55,4.592390108055994,-1.1000093960645865,-2.4500053575036222
-1.062111389231282,-2.502618020226492,0.00013374270929,57,55,4.592390108055994,-1.1000093960645865,-2.4500053575036222
-1.0656854797528592,-2.5026142054158753,0.00013420755567,57,55,4.592390108055994,-1.1000093960645865,-2.4500053575036222
-1.0692333192521917,-2.502618778218179,0.00013658546959,57,55,4.592390108055994,-1.1000093960645865,-2.4500053575036222
-1.0727686498751503,-2.502620455740765,0.00013567443239,57,55,4.592390108055994,-1.1000093960645865,-2.4500053575036222
-1.0763045342109483,-2.5026187409399014,0.00013738397683,57,55,4.592390108055994,-1.1000093960645865,-2.4500053575036222
-1.0799953700505391,-2.502616367556096,0.00013452529674,57,55,4.592390108055994,-1.1000093960645865,-2.4500053575036222
-1.0836674803287178,-2.502617958096028,0.00013599588419,57,55,4.592390108055994,-1.1000093960645865,-2.4500053575036222
-1.0871823990829896,-2.5026186291050614,0.0001347866928,57,55,4.592390108055994,-1.1000093960645865,-2.4500053575036222
-1.0906945492730764,-2.5026187285138066,0.00013429297542,57,55,4.592390108055994,-1.1000093960645865,-2.4500053575036222
-1.0942275643696235,-2.5026186663833423,9.1093141236e-05,57,55,4.592390108055994,-1.1000093960645865,-2.4500053575036222
-1.0977726604735356,-2.5026163427039094,6.3457140641e-05,57,55,4.592390108055994,-1.1000093960645865,-2.4500053575036222
-1.101281677152335,-2.5026157711036214,6.9199944846e-05,57,55,4.592390108055994,-1.1000093960645865,-2.4500053575036222
-1.104789649327375,-2.502618678809434,7.0312875323e-05,57,55,4.592390108055994,-1.1000093960645865,-2.4500053575036222
-1.1083357647662817,-2.5026167776171713,6.9646710472e-05,57,55,4.592390108055994,-1.1000093960645865,-2.4500053575036222
-1.111965994218941,-2.502615957495017,7.0779031375e-05,57,55,4.592390108055994,-1.1000093960645865,-2.4500053575036222
-1.1155331759144342,-2.5026180450786786,7.097915659e-05,57,55,4.592390108055994,-1.1000093960645865,-2.4500053575036222
-1.1190243479386117,-2.502615783529713,7.1801187005e-05,57,55,4.592390108055994,-1.1000093960645865,-2.4500053575036222
-1.1224975998018698,-2.5026154728773826,7.153324259e-05,57,55,4.592390108055994,-1.1000093960645865,-2.4500053575036222
-1.126021239533332,-2.5026160569037654,7.2329050454e-05,57,55,4.592390108055994,-1.1000093960645865,-2.4500053575036222
-1.1295290481113958,-2.502615671694873,7.445825031e-05,57,55,4.592390108055994,-1.1000093960645865,-2.4500053575036222
-1.1330009534457082,-2.502616069329857,7.3499890277e-05,57,55,4.592390108055994,-1.1000093960645865,-2.4500053575036222
-1.1364670699639934,-2.502618977035673,7.6494769019e-05,57,55,4.592390108055994,-1.1000093960645865,-2.4500053575036222
-1.140039864294156,-2.502616255721256,7.7720338595e-05,57,55,4.592390108055994,-1.1000093960645865,-2.4500053575036222
-1.1436883914392164,-2.50261881549646,7.3574425187e-05,57,55,4.592390108055994,-1.1000093960645865,-2.4500053575036222
-1.1472103071102513,-2.5026138823374504,7.6238909969e-05,57,55,4.592390108055994,-1.1000093960645865,-2.4500053575036222
-1.1506479955080904,-2.5026189149052054,7.8350523836e-05,57,55,4.592390108055994,-1.1000093960645865,-2.4500053575036222
-1.1540810654374882,-2.502619076444418,7.6654447184e-05,57,55,4.592390108055994,-1.1000093960645865,-2.4500053575036222
-1.1575496736635424,-2.5026159326428306,7.7170450822e-05,57,55,4.592390108055994,-1.1000093960645865,-2.4500053575036222
-1.1610074970736481,-2.50261674033889,7.9599129094e-05,57,55,4.592390108055994,-1.1000093960645865,-2.4500053575036222
-1.164434086045973,-2.502620430888579,8.2914681116e-05,57,55,4.592390108055994,-1.1000093960645865,-2.4500053575036222
-1.167853011129252,-2.502621288289011,8.2831131294e-05,57,55,4.592390108055994,-1.1000093960645865,-2.4500053575036222
-1.1713603037476275,-2.5026188652008328,8.5374987975e-05,57,55,4.592390108055994,-1.1000093960645865,-2.4500053575036222
-1.1749066079522752,-2.502619672896892,8.8888984465e-05,57,55,4.592390108055994,-1.1000093960645865,-2.4500053575036222
-1.1783710381632826,-2.5026194865054934,9.1219815658e-05,57,55,4.592390108055994,-1.1000093960645865,-2.4500053575036222
-1.1817872953574367,-2.50261971017517,9.1523164883e-05,57,55,4.592390108055994,-1.1000093960645865,-2.4500053575036222
-1.1851922391915708,-2.5026194368011208,9.2797847174e-05,57,55,4.592390108055994,-1.1000093960645865,-2.4500053575036222
-1.1886450414329928,-2.5026182563222634,9.2827540357e-05,57,55,4.592390108055994,-1.1000093960645865,-2.4500053575036222
-1.192089638656916,-2.5026218350371123,9.4080220151e-05,57,55,4.592390108055994,-1.1000093960645865,-2.4500053575036222
-1.1955046499971862,-2.502616814895452,9.4481983979e-05,57,55,4.592390108055994,-1.1000093960645865,-2.4500053575036222
-1.1989176100830803,-2.5026213255672882,9.6104609838e-05,57,55,4.592390108055994,-1.1000093960645865,-2.4500053575036222
-1.202420120636042,-2.502620716688723,9.6017371106e-05,57,55,4.592390108055994,-1.1000093960645865,-2.4500053575036222
-1.205980154402179,-2.5026182314700773,9.687468264e-05,57,55,4.592390108055994,-1.1000093960645865,-2.4500053575036222
-1.2020634288936964,-2.499324074157268,6.6771492129e-05,57,55,4.592390108055994,-1.1000093960645865,-2.4500053575036222
-1.1982894732065832,-2.499321675921276,6.6775479354e-05,57,55,4.592390108055994,-1.1000093960645865,-2.4500053575036222
-1.1946473892654499,-2.499323254035114,6.6333806899e-05,57,55,4.592390108055994,-1.1000093960645865,-2.4500053575036222
-1.1910334565883445,-2.4993213279906645,6.4601044869e-05,57,55,4.592390108055994,-1.1000093960645865,-2.4500053575036222
-1.1873978661886675,-2.4993224587651492,6.3597071858e-05,57,55,4.592390108055994,-1.1000093960645865,-2.4500053575036222
-1.1837968702569455,-2.4993260871843703,6.6897206125e-05,57,55,4.592390108055994,-1.1000093960645865,-2.4500053575036222
-1.1802276624758423,-2.4993211167470797,6.5942484071e-05,57,55,4.592390108055994,-1.1000093960645865,-2.4500053575036222
-1.1766698938985853,-2.4993236268179113,6.7445544119e-05,57,55,4.592390108055994,-1.1000093960645865,-2.4500053575036222
-1.1729937440335698,-2.4993212658602006,6.6953638452e-05,57,55,4.592390108055994,-1.1000093960645865,-2.4500053575036222
-1.1693033989849042,-2.4993228936784107,6.7618020694e-05,57,55,4.592390108055994,-1.1000093960645865,-2.4500053575036222
-1.1657593599691367,-2.4993226948609206,6.648022827e-05,57,55,4.592390108055994,-1.1000093960645865,-2.4500053575036222
-1.1622220032605681,-2.4993211415992693,6.9519126555e-05,57,55,4.592390108055994,-1.1000093960645865,-2.4500053575036222
-1.158690536043087,-2.4993218995909525,6.746177678e-05,57,55,4.592390108055994,-1.1000093960645865,-2.4500053575036222
-1.1551362407554462,-2.4993192031287257,6.6217195126e-05,57,55,4.592390108055994,-1.1000093960645865,-2.4500053575036222
-1.1516157471196524,-2.4993241859921076,6.7073735408e-05,57,55,4.592390108055994,-1.1000093960645865,-2.4500053575036222
-1.1481096122644818,-2.4993240493050815,6.703058898e-05,57,55,4.592390108055994,-1.1000093960645865,-2.4500053575036222
-1.1445750241201,-2.499320905503498,6.888867938e-05,57,55,4.592390108055994,-1.1000093960645865,-2.4500053575036222
-1.1408765369758482,-2.4993219865736065,6.8041335908e-05,57,55,4.592390108055994,-1.1000093960645865,-2.4500053575036222
-1.1372186722188489,-2.4993201226596247,6.8949048e-05,57,55,4.592390108055994,-1.1000093960645865,-2.4500053575036222
-1.133718452023532,-2.499321290712387,6.65203479e-05,57,55,4.592390108055994,-1.1000093960645865,-2.4500053575036222
-1.1302223595057308,-2.4993230924959047,6.9683919719e-05,57,55,4.592390108055994,-1.1000093960645865,-2.4500053575036222
-1.1267195343432033,-2.4993209427817757,6.7155247962e-05,57,55,4.592390108055994,-1.1000093960645865,-2.4500053575036222
-1.1232018470247445,-2.499318718511091,6.7918830609e-05,57,55,4.592390108055994,-1.1000093960645865,-2.4500053575036222
-1.11973276059215,-2.4993223220781227,7.1329290222e-05,57,55,4.592390108055994,-1.1000093960645865,-2.4500053575036222
-1.1162677514995385,-2.499318904902487,7.1001602919e-05,57,55,4.592390108055994,-1.1000093960645865,-2.4500053575036222
-1.112759011677157,-2.4993210421905205,7.1648188168e-05,57,55,4.592390108055994,-1.1000093960645865,-2.4500053575036222
-1.1091697192213164,-2.499322632730453,7.2198046837e-05,57,55,4.592390108055994,-1.1000093960645865,-2.4500053575036222
-1.1056367922154462,-2.4993187433632778,7.1892965934e-05,57,55,4.592390108055994,-1.1000093960645865,-2.4500053575036222
-1.1021797112839171,-2.499320818520844,7.1968650445e-05,57,55,4.592390108055994,-1.1000093960645865,-2.4500053575036222
-1.098732760780435,-2.4993201599379025,6.6380453063e-05,57,55,4.592390108055994,-1.1000093960645865,-2.4500053575036222
-1.0952466728468557,-2.4993174510495804,5.7213237596e-05,57,55,4.592390108055994,-1.1000093960645865,-2.4500053575036222
-1.0917565201576749,-2.499318494841411,3.8096692467e-10,57,55,4.592390108055994,-1.1000093960645865,-2.4500053575036222
-1.0883217387522328,-2.499320905503498,0.00013461605704,57,55,4.592390108055994,-1.1000093960645865,-2.4500053575036222
-1.084880778414902,-2.499317985371591,0.00013541198859,57,55,4.592390108055994,-1.1000093960645865,-2.4500053575036222
-1.081351576386301,-2.499317724423633,0.00013390409003,57,55,4.592390108055994,-1.1000093960645865,-2.4500053575036222
-1.0777460878299665,-2.4993231670524634,0.00010797100549,57,55,4.592390108055994,-1.1000093960645865,-2.4500053575036222
-1.0742259843100344,-2.4993182338934536,0.00012084394257,57,55,4.592390108055994,-1.1000093960645865,-2.4500053575036222
-1.0707807326982133,-2.499320607277259,0.00013436024892,57,55,4.592390108055994,-1.1000093960645865,-2.4500053575036222
-1.0673374442500878,-2.499319638041987,0.00013421996846,57,55,4.592390108055994,-1.1000093960645865,-2.4500053575036222
-1.063853684427303,-2.499318159336895,0.00013611710165,57,55,4.592390108055994,-1.1000093960645865,-2.4500053575036222
-1.0603837800098344,-2.4993220238518874,0.00012954635895,57,55,4.592390108055994,-1.1000093960645865,-2.4500053575036222
-1.056944757667433,-2.4993176622931657,3.8264874602e-10,57,55,4.592390108055994,-1.1000093960645865,-2.4500053575036222
-1.0535032813704122,-2.4993211167470797,6.2929269916e-05,57,55,4.592390108055994,-1.1000093960645865,-2.4500053575036222
-1.0499666545560373,-2.499318867624209,6.6448439611e-05,57,55,4.592390108055994,-1.1000093960645865,-2.4500053575036222
-1.0463921613342153,-2.4993208557991218,6.6188607889e-05,57,55,4.592390108055994,-1.1000093960645865,-2.4500053575036222
-1.0429134856020268,-2.4993200481030624,6.7753528128e-05,57,55,4.592390108055994,-1.1000093960645865,-2.4500053575036222
-1.0394660065544732,-2.4993210421905205,6.7494933319e-05,57,55,4.592390108055994,-1.1000093960645865,-2.4500053575036222
-1.0360160232147693,-2.4993218374604886,6.7278931965e-05,57,55,4.592390108055994,-1.1000093960645865,-2.4500053575036222
-1.0325394113213389,-2.4993218623126747,6.5805164922e-05,57,55,4.592390108055994,-1.1000093960645865,-2.4500053575036222
-1.0290781020372322,-2.4993199859725985,6.209185085e-05,57,55,4.592390108055994,-1.1000093960645865,-2.4500053575036222
-1.0256373304656403,-2.4993173516408356,6.3703773776e-05,57,55,4.592390108055994,-1.1000093960645865,-2.4500053575036222
-1.0222005984808855,-2.4993216262169033,6.3452265749e-05,57,55,4.592390108055994,-1.1000093960645865,-2.4500053575036222
-1.0186191083422989,-2.499321489529877,6.0435486375e-05,57,55,4.592390108055994,-1.1000093960645865,-2.4500053575036222
-1.015027198334864,-2.499320184790089,6.059738007e-05,57,55,4.592390108055994,-1.1000093960645865,-2.4500053575036222
-1.0115639636402094,-2.499321365268946,6.1853759689e-05,57,55,4.592390108055994,-1.1000093960645865,-2.4500053575036222
-1.0081035478472726,-2.4993227197131067,6.0441023379e-05,57,55,4.592390108055994,-1.1000093960645865,-2.4500053575036222
-1.0046450322961191,-2.4993198120072946,6.1702048697e-05,57,55,4.592390108055994,-1.1000093960645865,-2.4500053575036222
-1.0084764482744952,-2.4961209255512062,0.00013266448514,57,55,4.592390108055994,-1.1000093960645865,-2.4500053575036222
-1.012226619478366,-2.4961211616469776,0.00013346118794,57,55,4.592390108055994,-1.1000093960645865,-2.4500053575036222
-1.0159416173326792,-2.4961192107503423,0.00013294543896,57,55,4.592390108055994,-1.1000093960645865,-2.4500053575036222
-1.0197207577854508,-2.496118813115358,0.00013427628437,57,55,4.592390108055994,-1.1000093960645865,-2.4500053575036222
-1.023408069997893,-2.496118987080662,0.00013416270667,57,55,4.592390108055994,-1.1000093960645865,-2.4500053575036222
-1.0269965948063922,-2.496119682941885,0.00013473711442,57,55,4.592390108055994,-1.1000093960645865,-2.4500053575036222
-1.0305673504665616,-2.4961163776010853,0.00013381821918,57,55,4.592390108055994,-1.1000093960645865,-2.4500053575036222
-1.0341843285642736,-2.4961183160716294,0.00012981293548,57,55,4.592390108055994,-1.1000093960645865,-2.4500053575036222
-1.0377731931511032,-2.4961168746448146,0.00013122547534,57,55,4.592390108055994,-1.1000093960645865,-2.4500053575036222
-1.041341671038011,-2.496118539741306,0.00013241107808,57,55,4.592390108055994,-1.1000093960645865,-2.4500053575036222
-1.0449036931366105,-2.4961190864894074,0.00013035372831,57,55,4.592390108055994,-1.1000093960645865,-2.4500053575036222
-1.0485819445935316,-2.4961195959592315,0.00013139177463,57,55,4.592390108055994,-1.1000093960645865,-2.4500053575036222
-1.0522715345792373,-2.496118713706613,0.00012360583059,57,55,4.592390108055994,-1.1000093960645865,-2.4500053575036222
-1.0558285606779172,-2.4961190616372213,6.9452513097e-15,57,55,4.592390108055994,-1.1000093960645865,-2.4500053575036222
-1.0593717817088104,-2.4961194716983,0.00011788755364,57,55,4.592390108055994,-1.1000093960645865,-2.4500053575036222
-1.0629205524524608,-2.496116949201377,0.0001325904741,57,55,4.592390108055994,-1.1000093960645865,-2.4500053575036222
-1.066495674893416,-2.4961190119328487,0.00013353681425,57,55,4.592390108055994,-1.1000093960645865,-2.4500053575036222
-1.0700338244180942,-2.496118999506757,0.00013442912314,57,55,4.592390108055994,-1.1000093960645865,-2.4500053575036222
-1.073566436814397,-2.496116352748899,1.9788470535e-15,57,55,4.592390108055994,-1.1000093960645865,-2.4500053575036222
-1.0771377839405536,-2.496119173472061,7.8166100138e-05,57,55,4.592390108055994,-1.1000093960645865,-2.4500053575036222
-1.0808317532914284,-2.4961194841243914,0.00013182201656,57,55,4.592390108055994,-1.1000093960645865,-2.4500053575036222
-1.0844667773938845,-2.49611882554145,0.00013379284064,57,55,4.592390108055994,-1.1000093960645865,-2.4500053575036222
-1.0879780844303306,-2.496118415480374,0.00013312915689,57,55,4.592390108055994,-1.1000093960645865,-2.4500053575036222
-1.0914792862074947,-2.4961180551236715,0.00013045246305,57,55,4.592390108055994,-1.1000093960645865,-2.4500053575036222
-1.0950315679939087,-2.4961192107503423,1.9686597882e-15,57,55,4.592390108055994,-1.1000093960645865,-2.4500053575036222
-1.0985763243194866,-2.4961203415248234,9.5341187262e-05,57,55,4.592390108055994,-1.1000093960645865,-2.4500053575036222
-1.102075525179807,-2.496116837366537,0.00012304149277,57,55,4.592390108055994,-1.1000093960645865,-2.4500053575036222
-1.1055811440752876,-2.4961191237676887,0.00012382706336,57,55,4.592390108055994,-1.1000093960645865,-2.4500053575036222
-1.1091624832012814,-2.496120689455435,0.00012147374218,57,55,4.592390108055994,-1.1000093960645865,-2.4500053575036222
-1.1127908501653068,-2.496118987080662,0.00011978473776,57,55,4.592390108055994,-1.1000093960645865,-2.4500053575036222
-1.1163237897555602,-2.496119745072349,0.00011818290659,57,55,4.592390108055994,-1.1000093960645865,-2.4500053575036222
-1.1198152638049221,-2.4961183409238155,0.00011699274182,57,55,4.592390108055994,-1.1000093960645865,-2.4500053575036222
-1.123297815526971,-2.4961166136968567,0.00011596974218,57,55,4.592390108055994,-1.1000093960645865,-2.4500053575036222
-1.1268154273391344,-2.496116551566393,0.00011502143025,57,55,4.592390108055994,-1.1000093960645865,-2.4500053575036222
-1.1303121994135998,-2.4961204906379444,0.00011334791634,57,55,4.592390108055994,-1.1000093960645865,-2.4500053575036222
-1.1337859546521647,-2.496118278793348,0.0001125769486,57,55,4.592390108055994,-1.1000093960645865,-2.4500053575036222
-1.1372568909890115,-2.496119720220163,0.00010770768858,57,55,4.592390108055994,-1.1000093960645865,-2.4500053575036222
-1.1408717171572849,-2.4961177817496223,0.00010797446885,57,55,4.592390108055994,-1.1000093960645865,-2.4500053575036222
-1.1445124419850912,-2.4961209504033923,0.00010378841398,57,55,4.592390108055994,-1.1000093960645865,-2.4500053575036222
-1.147989481747533,-2.4961212983340038,0.00010152377217,57,55,4.592390108055994,-1.1000093960645865,-2.4500053575036222
-1.1514281391428356,-2.4961200681507743,0.00010165839194,57,55,4.592390108055994,-1.1000093960645865,-2.4500053575036222
-1.154864380336667,-2.4961206521771535,9.8678021459e-05,57,55,4.592390108055994,-1.1000093960645865,-2.4500053575036222
-1.1583335548599403,-2.496118676428332,9.7910669865e-05,57,55,4.592390108055994,-1.1000093960645865,-2.4500053575036222
-1.1617741124970264,-2.496120577620595,9.4942639407e-05,57,55,4.592390108055994,-1.1000093960645865,-2.4500053575036222
-1.1652077109704975,-2.4961213231861903,9.436642722e-05,57,55,4.592390108055994,-1.1000093960645865,-2.4500053575036222
-1.1686252391872998,-2.496119285306901,9.5238348877e-05,57,55,4.592390108055994,-1.1000093960645865,-2.4500053575036222
-1.1721583801276754,-2.4961210373860463,9.1870300821e-05,57,55,4.592390108055994,-1.1000093960645865,-2.4500053575036222
-1.1757084596471234,-2.4961206148988757,8.5405896243e-05,57,55,4.592390108055994,-1.1000093960645865,-2.4500053575036222
-1.1791438451029326,-2.4961214474471216,8.544731827e-05,57,55,4.592390108055994,-1.1000093960645865,-2.4500053575036222
-1.1825529417833474,-2.496118577019587,8.2479229604e-05,57,55,4.592390108055994,-1.1000093960645865,-2.4500053575036222
-1.1859726345139714,-2.4961160296704774,7.9962803284e-05,57,55,4.592390108055994,-1.1000093960645865,-2.4500053575036222
-1.1894227311131187,-2.4961209131251114,7.8768251115e-05,57,55,4.592390108055994,-1.1000093960645865,-2.4500053575036222
-1.192853145737775,-2.496118465184747,7.3784874985e-05,57,55,4.592390108055994,-1.1000093960645865,-2.4500053575036222
-1.1962725112744481,-2.4961193350112736,7.0299458457e-05,57,55,4.592390108055994,-1.1000093960645865,-2.4500053575036222
-1.1996843639346684,-2.4961184279064694,7.2379058111e-05,57,55,4.592390108055994,-1.1000093960645865,-2.4500053575036222
-1.2032239229102046,-2.496120863420739,6.9166460889e-05,57,55,4.592390108055994,-1.1000093960645865,-2.4500053575036222
-1.2067840321826375,-2.496118962228476,7.0112298999e-05,57,55,4.592390108055994,-1.1000093960645865,-2.4500053575036222
-1.2028606872888716,-2.4929410137394665,0.00010442518396,57,55,4.592390108055994,-1.1000093960645865,-2.4500053575036222
-1.199051835108619,-2.492941523209287,0.00010406986985,57,55,4.592390108055994,-1.1000093960645865,-2.4500053575036222
-1.1954115759029715,-2.4929403054521524,0.00010346529598,57,55,4.592390108055994,-1.1000093960645865,-2.4500053575036222
-1.191807735900767,-2.492942020253016,0.00010158422083,57,55,4.592390108055994,-1.1000093960645865,-2.4500053575036222
-1.1881741212491688,-2.4929413119657053,9.0628003818e-05,57,55,4.592390108055994,-1.1000093960645865,-2.4500053575036222
-1.1845552806628232,-2.4929387397644063,9.7053809441e-05,57,55,4.592390108055994,-1.1000093960645865,-2.4500053575036222
-1.1809992990679044,-2.492941237409143,9.5953604614e-05,57,55,4.592390108055994,-1.1000093960645865,-2.4500053575036222
-1.1774386109138693,-2.4929384042598897,8.6345586169e-05,57,55,4.592390108055994,-1.1000093960645865,-2.4500053575036222
-1.1737941988619414,-2.4929423184792547,8.6590087449e-05,57,55,4.592390108055994,-1.1000093960645865,-2.4500053575036222
-1.1701092147602918,-2.492941001313375,8.0752972281e-05,57,55,4.592390108055994,-1.1000093960645865,-2.4500053575036222
-1.1665335134377324,-2.4929414983571005,7.9059536802e-05,57,55,4.592390108055994,-1.1000093960645865,-2.4500053575036222
-1.1629999823814952,-2.4929401439129397,8.5481471615e-05,57,55,4.592390108055994,-1.1000093960645865,-2.4500053575036222
-1.1594739012797968,-2.4929392865125077,8.239071758e-05,57,55,4.592390108055994,-1.1000093960645865,-2.4500053575036222
-1.155923985357323,-2.4929381681641183,7.3440962296e-05,57,55,4.592390108055994,-1.1000093960645865,-2.4500053575036222
-1.1523940911876764,-2.49293924923423,8.0129051639e-05,57,55,4.592390108055994,-1.1000093960645865,-2.4500053575036222
-1.1488925873853282,-2.4929413243917966,7.0139925811e-05,57,55,4.592390108055994,-1.1000093960645865,-2.4500053575036222
-1.145393852147167,-2.49294045456527,7.5882737292e-05,57,55,4.592390108055994,-1.1000093960645865,-2.4500053575036222
-1.1417016949473966,-2.492941361670078,7.3440482083e-05,57,55,4.592390108055994,-1.1000093960645865,-2.4500053575036222
-1.1380078011028194,-2.49294045456527,7.2573493526e-05,57,55,4.592390108055994,-1.1000093960645865,-2.4500053575036222
-1.1345024968169062,-2.4929431386014054,7.273205847e-05,57,55,4.592390108055994,-1.1000093960645865,-2.4500053575036222
-1.1310102677045841,-2.4929436356451347,6.7361645051e-05,57,55,4.592390108055994,-1.1000093960645865,-2.4500053575036222
-1.1275112681943862,-2.4929415977658493,6.5338928835e-05,57,55,4.592390108055994,-1.1000093960645865,-2.4500053575036222
-1.1239973939438757,-2.492940317878247,6.5538399213e-05,57,55,4.592390108055994,-1.1000093960645865,-2.4500053575036222
-1.1205205303627916,-2.4929415480614767,6.5984895627e-05,57,55,4.592390108055994,-1.1000093960645865,-2.4500053575036222
-1.1170569181366587,-2.4929384415381706,6.2099832576e-05,57,55,4.592390108055994,-1.1000093960645865,-2.4500053575036222
-1.1135794882583538,-2.4929429397839153,6.5534914029e-05,57,55,4.592390108055994,-1.1000093960645865,-2.4500053575036222
-1.1099907746841153,-2.4929417593050585,6.4654486778e-05,57,55,4.592390108055994,-1.1000093960645865,-2.4500053575036222
-1.1064259588525645,-2.4929408024958812,5.6598957599e-05,57,55,4.592390108055994,-1.1000093960645865,-2.4500053575036222
-1.1029715583945436,-2.4929433498449907,2.152072574e-12,57,55,4.592390108055994,-1.1000093960645865,-2.4500053575036222
-1.099517774571273,-2.4929408646263487,0.00011711707339,57,55,4.592390108055994,-1.1000093960645865,-2.4500053575036222
-1.0960503492771916,-2.492941075869934,6.9016925409e-05,57,55,4.592390108055994,-1.1000093960645865,-2.4500053575036222
-1.0925634181899735,-2.4929436480712295,0.00010922475485,57,55,4.592390108055994,-1.1000093960645865,-2.4500053575036222
-1.0891191229912347,-2.492943312566713,0.00013655882503,57,55,4.592390108055994,-1.1000093960645865,-2.4500053575036222
-1.0856769042156353,-2.4929432007318733,0.00013913246221,57,55,4.592390108055994,-1.1000093960645865,-2.4500053575036222
-1.0821898095314426,-2.4929411255743066,0.00013610694441,57,55,4.592390108055994,-1.1000093960645865,-2.4500053575036222
-1.078583087705606,-2.492942803096889,9.9274562672e-05,57,55,4.592390108055994,-1.1000093960645865,-2.4500053575036222
-1.075026627904147,-2.4929434368276446,3.6625260691e-05,57,55,4.592390108055994,-1.1000093960645865,-2.4500053575036222
-1.0715832136121948,-2.492943498958112,0.00013669487089,57,55,4.592390108055994,-1.1000093960645865,-2.4500053575036222
-1.0681388806603083,-2.4929433374188994,0.00013780368317,57,55,4.592390108055994,-1.1000093960645865,-2.4500053575036222
-1.064669001411606,-2.492941958122552,0.00013690811465,57,55,4.592390108055994,-1.1000093960645865,-2.4500053575036222
-1.0611891427474465,-2.4929415977658493,0.0001347202342,57,55,4.592390108055994,-1.1000093960645865,-2.4500053575036222
-1.0577515801934358,-2.4929443687846353,3.3861884731e-05,57,55,4.592390108055994,-1.1000093960645865,-2.4500053575036222
-1.0543128850449852,-2.492941063443839,1.9686367066e-15,57,55,4.592390108055994,-1.1000093960645865,-2.4500053575036222
-1.050814439247625,-2.49294384688872,4.2806010472e-12,57,55,4.592390108055994,-1.1000093960645865,-2.4500053575036222
-1.047239002197102,-2.4929429149317293,7.5720396126e-05,57,55,4.592390108055994,-1.1000093960645865,-2.4500053575036222
-1.0437347172461835,-2.492943424401553,6.7368928285e-05,57,55,4.592390108055994,-1.1000093960645865,-2.4500053575036222
-1.040293303871077,-2.4929418959920846,7.1087830293e-05,57,55,4.592390108055994,-1.1000093960645865,-2.4500053575036222
-1.0368548478258965,-2.492942989488288,6.9850757427e-05,57,55,4.592390108055994,-1.1000093960645865,-2.4500053575036222
-1.0333771788443216,-2.4929427782447027,6.7233500886e-05,57,55,4.592390108055994,-1.1000093960645865,-2.4500053575036222
-1.0298999880692887,-2.4929458723419176,6.8889959948e-05,57,55,4.592390108055994,-1.1000093960645865,-2.4500053575036222
-1.0264712597519103,-2.492942803096889,7.0551228418e-05,57,55,4.592390108055994,-1.1000093960645865,-2.4500053575036222
-1.0230367929560356,-2.4929412249830514,7.1508955443e-05,57,55,4.592390108055994,-1.1000093960645865,-2.4500053575036222
-1.0194983665749395,-2.492943088897033,7.1946589742e-05,57,55,4.592390108055994,-1.1000093960645865,-2.4500053575036222
-1.0159063307236764,-2.4929435113842033,7.3436742241e-05,57,55,4.592390108055994,-1.1000093960645865,-2.4500053575036222
-1.0124158634249296,-2.492944667010874,6.9323221396e-05,57,55,4.592390108055994,-1.1000093960645865,-2.4500053575036222
-1.008961223863637,-2.492943710201697,7.2272479883e-05,57,55,4.592390108055994,-1.1000093960645865,-2.4500053575036222
-1.0055080692594995,-2.492943101323128,6.9642628659e-05,57,55,4.592390108055994,-1.1000093960645865,-2.4500053575036222
-1.0093313179735248,-2.4897769079183054,6.9911591709e-05,57,55,4.592390108055994,-1.1000093960645865,-2.4500053575036222
-1.0130819547995527,-2.4897730061250316,7.0610978582e-05,57,55,4.592390108055994,-1.1000093960645865,-2.4500053575036222
-1.0168288037263988,-2.489772583637865,7.32639528e-05,57,55,4.592390108055994,-1.1000093960645865,-2.4500053575036222
-1.0206095172270047,-2.4897718504983644,7.1699869295e-05,57,55,4.592390108055994,-1.1000093960645865,-2.4500053575036222
-1.0242663374802428,-2.489775354656651,7.4629511801e-05,57,55,4.592390108055994,-1.1000093960645865,-2.4500053575036222
-1.027850860455053,-2.4897729439945677,7.6747448475e-05,57,55,4.592390108055994,-1.1000093960645865,-2.4500053575036222
-1.031434049485299,-2.489772931568473,7.4192532338e-05,57,55,4.592390108055994,-1.1000093960645865,-2.4500053575036222
-1.0350495552102386,-2.4897721487245996,7.194202044e-05,57,55,4.592390108055994,-1.1000093960645865,-2.4500053575036222
-1.0386347703260947,-2.489772248133345,7.1335583925e-05,57,55,4.592390108055994,-1.1000093960645865,-2.4500053575036222
-1.042204582157565,-2.4897719374810148,6.6042513936e-05,57,55,4.592390108055994,-1.1000093960645865,-2.4500053575036222
-1.0457741674701482,-2.489771651680871,6.6308923124e-05,57,55,4.592390108055994,-1.1000093960645865,-2.4500053575036222
-1.0494714465136643,-2.4897744226996603,0.00011038901721,57,55,4.592390108055994,-1.1000093960645865,-2.4500053575036222
-1.0531386111294547,-2.4897723972464663,7.813841512e-05,57,55,4.592390108055994,-1.1000093960645865,-2.4500053575036222
-1.0566848524121881,-2.4897741368995163,6.5996755438e-05,57,55,4.592390108055994,-1.1000093960645865,-2.4500053575036222
-1.060228249624439,-2.489773180090339,9.6386444056e-05,57,55,4.592390108055994,-1.1000093960645865,-2.4500053575036222
-1.0637870375366925,-2.489775603178517,0.00013189423771,57,55,4.592390108055994,-1.1000093960645865,-2.4500053575036222
-1.067359957710682,-2.4897712664719815,0.00013369621593,57,55,4.592390108055994,-1.1000093960645865,-2.4500053575036222
-1.0708918779659387,-2.4897726581944237,0.00013262892026,57,55,4.592390108055994,-1.1000093960645865,-2.4500053575036222
-1.0744224013547188,-2.4897734534643883,0.00013413649867,57,55,4.592390108055994,-1.1000093960645865,-2.4500053575036222
-1.0780366486413915,-2.4897763984484818,0.0001353858097,57,55,4.592390108055994,-1.1000093960645865,-2.4500053575036222
-1.081729384722764,-2.4897743108648203,0.00013356845011,57,55,4.592390108055994,-1.1000093960645865,-2.4500053575036222
-1.0853167014305258,-2.4897745469605916,0.00013445377408,57,55,4.592390108055994,-1.1000093960645865,-2.4500053575036222
-1.088828675439253,-2.4897721114463223,0.00013544374087,57,55,4.592390108055994,-1.1000093960645865,-2.4500053575036222
-1.0923392274127393,-2.489774323290915,0.00011091960914,57,55,4.592390108055994,-1.1000093960645865,-2.4500053575036222
-1.0958883756878695,-2.489775106134788,1.9685884257e-15,57,55,4.592390108055994,-1.1000093960645865,-2.4500053575036222
-1.0994146329709256,-2.4897740250646763,0.00012046779011,57,55,4.592390108055994,-1.1000093960645865,-2.4500053575036222
-1.1029251094381158,-2.4897729067162864,8.599285502e-05,57,55,4.592390108055994,-1.1000093960645865,-2.4500053575036222
-1.1064328676786503,-2.489770011436566,6.5053245635e-05,57,55,4.592390108055994,-1.1000093960645865,-2.4500053575036222
-1.1100397908546094,-2.489773726838441,6.7823566496e-05,57,55,4.592390108055994,-1.1000093960645865,-2.4500053575036222
-1.113666899380368,-2.4897711297849554,6.9381807407e-05,57,55,4.592390108055994,-1.1000093960645865,-2.4500053575036222
-1.11716762295099,-2.489772745177074,7.0434209192e-05,57,55,4.592390108055994,-1.1000093960645865,-2.4500053575036222
-1.1206551329198104,-2.489774919743389,6.9839392381e-05,57,55,4.592390108055994,-1.1000093960645865,-2.4500053575036222
-1.1241516155534748,-2.4897720244636683,6.7491622758e-05,57,55,4.592390108055994,-1.1000093960645865,-2.4500053575036222
-1.1276693909626125,-2.489773329203457,6.7970708187e-05,57,55,4.592390108055994,-1.1000093960645865,-2.4500053575036222
-1.1311544847299597,-2.489771390732913,6.7676788603e-05,57,55,4.592390108055994,-1.1000093960645865,-2.4500053575036222
-1.1346317132581423,-2.4897679487050906,6.5337742853e-05,57,55,4.592390108055994,-1.1000093960645865,-2.4500053575036222
-1.138106638844295,-2.489769837471262,6.5635613282e-05,57,55,4.592390108055994,-1.1000093960645865,-2.4500053575036222
-1.1417552666644157,-2.489771104932769,6.6664375481e-05,57,55,4.592390108055994,-1.1000093960645865,-2.4500053575036222
-1.1453919644897665,-2.489775454065396,6.554605352e-05,57,55,4.592390108055994,-1.1000093960645865,-2.4500053575036222
-1.1488258775728053,-2.489774696073709,6.6966604209e-05,57,55,4.592390108055994,-1.1000093960645865,-2.4500053575036222
-1.1522609232502823,-2.489770632741226,6.4015410317e-05,57,55,4.592390108055994,-1.1000093960645865,-2.4500053575036222
-1.1557089434262904,-2.4897748824651083,6.4551764808e-05,57,55,4.592390108055994,-1.1000093960645865,-2.4500053575036222
-1.159176167370251,-2.48977388837765,6.7932087404e-05,57,55,4.592390108055994,-1.1000093960645865,-2.4500053575036222
-1.1626091240402054,-2.4897728321597277,6.5493317379e-05,57,55,4.592390108055994,-1.1000093960645865,-2.4500053575036222
-1.1660338631082778,-2.489771962333201,6.6809348937e-05,57,55,4.592390108055994,-1.1000093960645865,-2.4500053575036222
-1.1694685312542747,-2.4897749445955757,6.5814296249e-05,57,55,4.592390108055994,-1.1000093960645865,-2.4500053575036222
-1.1730199950558147,-2.4897726830466103,6.5838910814e-05,57,55,4.592390108055994,-1.1000093960645865,-2.4500053575036222
-1.1765553382631582,-2.48977029723671,6.754072092e-05,57,55,4.592390108055994,-1.1000093960645865,-2.4500053575036222
-1.1799660834977028,-2.489772782455355,6.6136846726e-05,57,55,4.592390108055994,-1.1000093960645865,-2.4500053575036222
-1.1833751801781194,-2.4897724842291162,6.5944026574e-05,57,55,4.592390108055994,-1.1000093960645865,-2.4500053575036222
-1.1868038581579667,-2.4897702723845234,6.6826374677e-05,57,55,4.592390108055994,-1.1000093960645865,-2.4500053575036222
-1.190251463049347,-2.489773528020947,6.6517146479e-05,57,55,4.592390108055994,-1.1000093960645865,-2.4500053575036222
-1.1936756735733463,-2.4897735652992283,6.6249791416e-05,57,55,4.592390108055994,-1.1000093960645865,-2.4500053575036222
-1.197089527150412,-2.489774410273565,6.7242734076e-05,57,55,4.592390108055994,-1.1000093960645865,-2.4500053575036222
-1.200514052283979,-2.4897723475420936,6.7479479185e-05,57,55,4.592390108055994,-1.1000093960645865,-2.4500053575036222
-1.2040806173447203,-2.4897699990104742,6.9550937042e-05,57,55,4.592390108055994,-1.1000093960645865,-2.4500053575036222
-1.2076308101236117,-2.489772583637865,6.8873669079e-05,57,55,4.592390108055994,-1.1000093960645865,-2.4500053575036222
-1.203707603658054,-2.4866002517429897,6.5602995164e-05,57,55,4.592390108055994,-1.1000093960645865,-2.4500053575036222
-1.1998840529188464,-2.4865943990530806,6.6889202571e-05,57,55,4.592390108055994,-1.1000093960645865,-2.4500053575036222
-1.19624535417665,-2.4865939641398187,6.8125402322e-05,57,55,4.592390108055994,-1.1000093960645865,-2.4500053575036222
-1.192636971212302,-2.486592299043328,7.1154347097e-05,57,55,4.592390108055994,-1.1000093960645865,-2.4500053575036222
-1.1890218933563734,-2.4865947221315055,6.8499924964e-05,57,55,4.592390108055994,-1.1000093960645865,-2.4500053575036222
-1.1854066519034705,-2.4865926221217527,7.1861191827e-05,57,55,4.592390108055994,-1.1000093960645865,-2.4500053575036222
-1.181839646389335,-2.4865953807144474,7.396042929e-05,57,55,4.592390108055994,-1.1000093960645865,-2.4500053575036222
-1.1782867353837874,-2.4865948712446233,7.5301235483e-05,57,55,4.592390108055994,-1.1000093960645865,-2.4500053575036222
-1.1746758858804367,-2.4865943866269893,7.7847624198e-05,57,55,4.592390108055994,-1.1000093960645865,-2.4500053575036222
-1.1709979490330813,-2.486592709104403,8.1452075392e-05,57,55,4.592390108055994,-1.1000093960645865,-2.4500053575036222
-1.1673916424918742,-2.4865924730086317,8.3122096839e-05,57,55,4.592390108055994,-1.1000093960645865,-2.4500053575036222
-1.1638599487555044,-2.486594162957309,8.3249375166e-05,57,55,4.592390108055994,-1.1000093960645865,-2.4500053575036222
-1.1603464268677093,-2.4865966108976734,8.3581828221e-05,57,55,4.592390108055994,-1.1000093960645865,-2.4500053575036222
-1.1568002736756546,-2.4865932185742268,8.7217747932e-05,57,55,4.592390108055994,-1.1000093960645865,-2.4500053575036222
-1.153259431093085,-2.486594945801182,8.8788692665e-05,57,55,4.592390108055994,-1.1000093960645865,-2.4500053575036222
-1.1497633134065193,-2.48659223691286,8.8587134087e-05,57,55,4.592390108055994,-1.1000093960645865,-2.4500053575036222
-1.146263835689781,-2.4865935540787434,9.4315408205e-05,57,55,4.592390108055994,-1.1000093960645865,-2.4500053575036222
-1.1426338579247752,-2.486591864130066,9.3575879873e-05,57,55,4.592390108055994,-1.1000093960645865,-2.4500053575036222
-1.1389413986998207,-2.486592249338955,9.8643045931e-05,57,55,4.592390108055994,-1.1000093960645865,-2.4500053575036222
-1.1353874809436597,-2.486594026270286,9.6353054687e-05,57,55,4.592390108055994,-1.1000093960645865,-2.4500053575036222
-1.1318968878010847,-2.4865938150267013,9.8845885077e-05,57,55,4.592390108055994,-1.1000093960645865,-2.4500053575036222
-1.1284115045929344,-2.486592249338955,0.00010227493476,57,55,4.592390108055994,-1.1000093960645865,-2.4500053575036222
-1.1248997948562438,-2.4865942250877766,0.00010436572484,57,55,4.592390108055994,-1.1000093960645865,-2.4500053575036222
-1.121409830932802,-2.4865940138441913,0.00010604356794,57,55,4.592390108055994,-1.1000093960645865,-2.4500053575036222
-1.1179478798451805,-2.486593914435446,0.00010642620327,57,55,4.592390108055994,-1.1000093960645865,-2.4500053575036222
-1.1144881687776726,-2.486592733956589,0.00010990675946,57,55,4.592390108055994,-1.1000093960645865,-2.4500053575036222
-1.1109140908404769,-2.4865966108976734,0.00010507440311,57,55,4.592390108055994,-1.1000093960645865,-2.4500053575036222
-1.107328850555856,-2.486594759409787,7.5401163485e-05,57,55,4.592390108055994,-1.1000093960645865,-2.4500053575036222
-1.1038660814833603,-2.486594920948996,1.9687283979e-15,57,55,4.592390108055994,-1.1000093960645865,-2.4500053575036222
-1.1004120459724362,-2.486596673028141,2.0625998739e-12,57,55,4.592390108055994,-1.1000093960645865,-2.4500053575036222
-1.0969562612323218,-2.4865924730086317,6.8638415541e-05,57,55,4.592390108055994,-1.1000093960645865,-2.4500053575036222
-1.0934732313037308,-2.4865943617748028,4.3737654778e-05,57,55,4.592390108055994,-1.1000093960645865,-2.4500053575036222
-1.0900179625233062,-2.4865943990530806,6.0431387672e-10,57,55,4.592390108055994,-1.1000093960645865,-2.4500053575036222
-1.0865801105284927,-2.486598052324488,0.0001349504164,57,55,4.592390108055994,-1.1000093960645865,-2.4500053575036222
-1.0831371996118475,-2.4865919511127164,0.00013544857211,57,55,4.592390108055994,-1.1000093960645865,-2.4500053575036222
-1.0795326674685972,-2.4865942250877766,0.00013857198064,57,55,4.592390108055994,-1.1000093960645865,-2.4500053575036222
-1.0759322252497112,-2.48659388958326,0.00013476226013,57,55,4.592390108055994,-1.1000093960645865,-2.4500053575036222
-1.0724925485194117,-2.486594858818532,0.00013484165538,57,55,4.592390108055994,-1.1000093960645865,-2.4500053575036222
-1.0690481148924649,-2.4865934422439033,0.00013401731849,57,55,4.592390108055994,-1.1000093960645865,-2.4500053575036222
-1.0655892721473608,-2.4865967475846995,0.00013519957429,57,55,4.592390108055994,-1.1000093960645865,-2.4500053575036222
-1.0621126099164009,-2.4865924854347266,0.00013144958939,57,55,4.592390108055994,-1.1000093960645865,-2.4500053575036222
-1.0586682769645144,-2.4865929824784554,0.00010551477317,57,55,4.592390108055994,-1.1000093960645865,-2.4500053575036222
-1.0552290406876073,-2.4865938398788874,1.9687207746e-15,57,55,4.592390108055994,-1.1000093960645865,-2.4500053575036222
-1.051767479715849,-2.4865935416526486,0.00013204720744,57,55,4.592390108055994,-1.1000093960645865,-2.4500053575036222
-1.0481963339398146,-2.486595641662405,9.2189402494e-05,57,55,4.592390108055994,-1.1000093960645865,-2.4500053575036222
-1.0446582976745815,-2.4865894658940744,1.9686458122e-15,57,55,4.592390108055994,-1.1000093960645865,-2.4500053575036222
-1.0412167458712651,-2.4865898386768683,1.1264570006e-12,57,55,4.592390108055994,-1.1000093960645865,-2.4500053575036222
-1.0377733315793132,-2.48659223691286,0.0001289784559,57,55,4.592390108055994,-1.1000093960645865,-2.4500053575036222
-1.0343117957763195,-2.4865940759746588,0.00012909309589,57,55,4.592390108055994,-1.1000093960645865,-2.4500053575036222
-1.0308354859080733,-2.486590708503395,0.00013104075333,57,55,4.592390108055994,-1.1000093960645865,-2.4500053575036222
-1.027403372391756,-2.4865932434264133,0.00013133508037,57,55,4.592390108055994,-1.1000093960645865,-2.4500053575036222
-1.0239736499081473,-2.4865922866172325,0.00013092791778,57,55,4.592390108055994,-1.1000093960645865,-2.4500053575036222
-1.020477834246766,-2.4865944114791754,0.00013002364722,57,55,4.592390108055994,-1.1000093960645865,-2.4500053575036222
-1.016886175926983,-2.4865940511224727,0.00013016919547,57,55,4.592390108055994,-1.1000093960645865,-2.4500053575036222
-1.013357867389552,-2.4865925475651904,0.00013141692034,57,55,4.592390108055994,-1.1000093960645865,-2.4500053575036222
-1.0099085258533647,-2.4865919759649024,0.00012999647879,57,55,4.592390108055994,-1.1000093960645865,-2.4500053575036222
-1.006465212236473,-2.4865938523049786,0.00013223632413,57,55,4.592390108055994,-1.1000093960645865,-2.4500053575036222
-1.0102829489908889,-2.483407578333513,0.00013518735068,57,55,4.592390108055994,-1.1000093960645865,-2.4500053575036222
-1.014030276124277,-2.483406944602758,0.00013649462198,57,55,4.592390108055994,-1.1000093960645865,-2.4500053575036222
-1.0178229070352696,-2.4834077025944445,0.00013592976029,57,55,4.592390108055994,-1.1000093960645865,-2.4500053575036222
-1.0215986748734855,-2.4834056895673418,0.00013692605717,57,55,4.592390108055994,-1.1000093960645865,-2.4500053575036222
-1.0252151495958908,-2.4834046333494197,0.00013744308671,57,55,4.592390108055994,-1.1000093960645865,-2.4500053575036222
-1.0288002640366847,-2.483406497263401,0.00013553771714,57,55,4.592390108055994,-1.1000093960645865,-2.4500053575036222
-1.0323989696107618,-2.483405515602038,0.00013546762057,57,55,4.592390108055994,-1.1000093960645865,-2.4500053575036222
-1.036015482086313,-2.483409815030292,0.00013549219875,57,55,4.592390108055994,-1.1000093960645865,-2.4500053575036222
-1.039586879550001,-2.483405329210639,0.00013499746274,57,55,4.592390108055994,-1.1000093960645865,-2.4500053575036222
-1.0431527776384608,-2.4834056647151557,3.8358732857e-10,57,55,4.592390108055994,-1.1000093960645865,-2.4500053575036222
-1.046765678396188,-2.483407143420248,6.9754220021e-05,57,55,4.592390108055994,-1.1000093960645865,-2.4500053575036222
-1.0504602643818128,-2.4834083238991047,0.00013015388686,57,55,4.592390108055994,-1.1000093960645865,-2.4500053575036222
-1.0540928974515622,-2.4834093552648406,1.9686642351e-15,57,55,4.592390108055994,-1.1000093960645865,-2.4500053575036222
-1.0576365841046143,-2.4834074416464866,8.4637365944e-05,57,55,4.592390108055994,-1.1000093960645865,-2.4500053575036222
-1.061172543946708,-2.483409429821403,4.5791820856e-12,57,55,4.592390108055994,-1.1000093960645865,-2.4500053575036222
-1.0647479306596999,-2.4834085848470626,0.0001352957479,57,55,4.592390108055994,-1.1000093960645865,-2.4500053575036222
-1.0683081280228115,-2.4834085724209713,0.00013474015577,57,55,4.592390108055994,-1.1000093960645865,-2.4500053575036222
-1.0718439116835474,-2.4834069197505713,0.0001344182383,57,55,4.592390108055994,-1.1000093960645865,-2.4500053575036222
-1.0753749510320174,-2.483410361778394,0.00013509238488,57,55,4.592390108055994,-1.1000093960645865,-2.4500053575036222
-1.0790346405245046,-2.4834084357339448,0.00013383314945,57,55,4.592390108055994,-1.1000093960645865,-2.4500053575036222
-1.0827248974824912,-2.4834080132467746,0.00013404991478,57,55,4.592390108055994,-1.1000093960645865,-2.4500053575036222
-1.08627011943023,-2.483409777752011,0.00013432672131,57,55,4.592390108055994,-1.1000093960645865,-2.4500053575036222
-1.0897825464767328,-2.48340884579502,0.00013509795826,57,55,4.592390108055994,-1.1000093960645865,-2.4500053575036222
-1.0933085646565188,-2.483408932777674,1.9687148453e-15,57,55,4.592390108055994,-1.1000093960645865,-2.4500053575036222
-1.0968546297578947,-2.4834099392912234,7.0437527029e-05,57,55,4.592390108055994,-1.1000093960645865,-2.4500053575036222
-1.1003721408949958,-2.48340853514269,3.7085381337e-05,57,55,4.592390108055994,-1.1000093960645865,-2.4500053575036222
-1.1038816861178684,-2.4834097653259195,1.753075636e-11,57,55,4.592390108055994,-1.1000093960645865,-2.4500053575036222
-1.1073993860207105,-2.483411554683342,9.0333487606e-05,57,55,4.592390108055994,-1.1000093960645865,-2.4500053575036222
-1.1110308739116381,-2.4834100386999687,3.6317001923e-12,57,55,4.592390108055994,-1.1000093960645865,-2.4500053575036222
-1.114633833007056,-2.4834084605861313,0.00013813337137,57,55,4.592390108055994,-1.1000093960645865,-2.4500053575036222
-1.1181257475098103,-2.4834097653259195,0.00013611937175,57,55,4.592390108055994,-1.1000093960645865,-2.4500053575036222
-1.121609570254511,-2.483408671829716,0.00013520407083,57,55,4.592390108055994,-1.1000093960645865,-2.4500053575036222
-1.1251155037595577,-2.483410573021979,0.00013605046843,57,55,4.592390108055994,-1.1000093960645865,-2.4500053575036222
-1.12863292680598,-2.483407715020536,0.00013609154848,57,55,4.592390108055994,-1.1000093960645865,-2.4500053575036222
-1.1321120555759443,-2.4834108961004007,0.00013594656775,57,55,4.592390108055994,-1.1000093960645865,-2.4500053575036222
-1.1355850809203136,-2.483407951116307,0.00013471637794,57,55,4.592390108055994,-1.1000093960645865,-2.4500053575036222
-1.1391115395534939,-2.4834079138380294,0.0001353876869,57,55,4.592390108055994,-1.1000093960645865,-2.4500053575036222
-1.1427593493887402,-2.483407541055232,0.00013378821313,57,55,4.592390108055994,-1.1000093960645865,-2.4500053575036222
-1.1463369257843186,-2.483407665316163,0.00013390331878,57,55,4.592390108055994,-1.1000093960645865,-2.4500053575036222
-1.1497794214163342,-2.483409690769361,0.00013492937433,57,55,4.592390108055994,-1.1000093960645865,-2.4500053575036222
-1.1532062872450788,-2.483408386029572,0.00013318839774,57,55,4.592390108055994,-1.1000093960645865,-2.4500053575036222
-1.1566714725190461,-2.4834073422377414,0.00013557821512,57,55,4.592390108055994,-1.1000093960645865,-2.4500053575036222
-1.1601402191733086,-2.4834100386999687,0.00013533118181,57,55,4.592390108055994,-1.1000093960645865,-2.4500053575036222
-1.163564064750211,-2.4834073173855553,0.00013587559806,57,55,4.592390108055994,-1.1000093960645865,-2.4500053575036222
-1.166991371032348,-2.483407578333513,0.00013619630772,57,55,4.592390108055994,-1.1000093960645865,-2.4500053575036222
-1.1704604574649426,-2.48340648483731,0.00013611147006,57,55,4.592390108055994,-1.1000093960645865,-2.4500053575036222
-1.1740125001480866,-2.4834069943071304,0.00013750200742,57,55,4.592390108055994,-1.1000093960645865,-2.4500053575036222
-1.1775084919908256,-2.483409566508426,0.00013240143016,57,55,4.592390108055994,-1.1000093960645865,-2.4500053575036222
-1.1809241451346109,-2.4834105233176063,0.00013585532724,57,55,4.592390108055994,-1.1000093960645865,-2.4500053575036222
-1.1843286107622049,-2.483407739872722,0.00013453434804,57,55,4.592390108055994,-1.1000093960645865,-2.4500053575036222
-1.1877789968021553,-2.4834080878033333,0.00013461757044,57,55,4.592390108055994,-1.1000093960645865,-2.4500053575036222
-1.1912243868421861,-2.483413095518902,0.00013586596469,57,55,4.592390108055994,-1.1000093960645865,-2.4500053575036222
-1.1946397127920223,-2.4834076156117906,0.00013718938862,57,55,4.592390108055994,-1.1000093960645865,-2.4500053575036222
-1.198055806389202,-2.483408137507706,0.0001354332926,57,55,4.592390108055994,-1.1000093960645865,-2.4500053575036222
-1.2015183237740428,-2.4834106227263515,0.00013655140356,57,55,4.592390108055994,-1.1000093960645865,-2.4500053575036222
-1.2050873176206405,-2.4834115049789696,0.00013924831001,57,55,4.592390108055994,-1.1000093960645865,-2.4500053575036222
-1.208589589070332,-2.483410212665276,0.00013609963935,57,55,4.592390108055994,-1.1000093960645865,-2.4500053575036222
-1.2047108432287414,-2.4802763146767326,0.00013424971257,57,55,4.592390108055994,-1.1000093960645865,-2.4500053575036222
-1.200869624016266,-2.480276078580961,0.00013510680583,57,55,4.592390108055994,-1.1000093960645865,-2.4500053575036222
-1.1972016414156013,-2.4802724377356484,0.00013692988432,57,55,4.592390108055994,-1.1000093960645865,-2.4500053575036222
-1.1935873437913993,-2.480270325299801,0.00013711706561,57,55,4.592390108055994,-1.1000093960645865,-2.4500053575036222
-1.189983604464255,-2.480269778551699,0.0001348812948,57,55,4.592390108055994,-1.1000093960645865,-2.4500053575036222
-1.1863626245328558,-2.4802707105086896,0.00013336069242,57,55,4.592390108055994,-1.1000093960645865,-2.4500053575036222
-1.182787854454614,-2.480272263770341,0.00013373259571,57,55,4.592390108055994,-1.1000093960645865,-2.4500053575036222
-1.1792312813937098,-2.4802703874302647,0.00013261374261,57,55,4.592390108055994,-1.1000093960645865,-2.4500053575036222
-1.1756617841718071,-2.480269753699513,0.00013420898176,57,55,4.592390108055994,-1.1000093960645865,-2.4500053575036222
-1.1719808396569946,-2.4802697288473228,0.00013419816969,57,55,4.592390108055994,-1.1000093960645865,-2.4500053575036222
-1.1683330424061296,-2.4802707477869674,0.00013407383813,57,55,4.592390108055994,-1.1000093960645865,-2.4500053575036222
-1.164806722201159,-2.4802698034038855,0.00013431135449,57,55,4.592390108055994,-1.1000093960645865,-2.4500053575036222
-1.1612811822279152,-2.4802725868487663,0.0001336139394,57,55,4.592390108055994,-1.1000093960645865,-2.4500053575036222
-1.1577484943253151,-2.4802719034136382,0.00013232376659,57,55,4.592390108055994,-1.1000093960645865,-2.4500053575036222
-1.1542015483171526,-2.480272064952851,0.00013266997121,57,55,4.592390108055994,-1.1000093960645865,-2.4500053575036222
-1.1507030647666445,-2.4802694057689014,0.00013159611262,57,55,4.592390108055994,-1.1000093960645865,-2.4500053575036222
-1.1472046441380508,-2.480266734158857,0.00013260134438,57,55,4.592390108055994,-1.1000093960645865,-2.4500053575036222
-1.143623720296685,-2.4802688714468912,0.00013669437612,57,55,4.592390108055994,-1.1000093960645865,-2.4500053575036222
-1.139931097474756,-2.4802720401006644,0.00013409892563,57,55,4.592390108055994,-1.1000093960645865,-2.4500053575036222
-1.1363278111853874,-2.480273630640597,0.00013358518481,57,55,4.592390108055994,-1.1000093960645865,-2.4500053575036222
-1.132832876430793,-2.4802677530985013,0.00013599103841,57,55,4.592390108055994,-1.1000093960645865,-2.4500053575036222
-1.1293559876809443,-2.480270524117291,0.00013396394206,57,55,4.592390108055994,-1.1000093960645865,-2.4500053575036222
-1.1258419624178406,-2.480272077378942,0.00013393856352,57,55,4.592390108055994,-1.1000093960645865,-2.4500053575036222
-1.1223329960765704,-2.4802722513442497,0.00013255861995,57,55,4.592390108055994,-1.1000093960645865,-2.4500053575036222
-1.118878859890586,-2.4802727359618837,0.0001247151813,57,55,4.592390108055994,-1.1000093960645865,-2.4500053575036222
-1.1154238302134318,-2.480270126482307,0.00012019027054,57,55,4.592390108055994,-1.1000093960645865,-2.4500053575036222
-1.1118872914897358,-2.4802672933330534,0.00013144160039,57,55,4.592390108055994,-1.1000093960645865,-2.4500053575036222
-1.1083036871748602,-2.4802689832817313,0.00010156865028,57,55,4.592390108055994,-1.1000093960645865,-2.4500053575036222
-1.1048035047326927,-2.4802699773691894,3.7968184152e-10,57,55,4.592390108055994,-1.1000093960645865,-2.4500053575036222
-1.10135305577083,-2.480271555483027,0.00013047936955,57,55,4.592390108055994,-1.1000093960645865,-2.4500053575036222
-1.0979057529046325,-2.480269741273418,8.8777960627e-05,57,55,4.592390108055994,-1.1000093960645865,-2.4500053575036222
-1.0944214267846266,-2.4802721022311283,1.968661694e-15,57,55,4.592390108055994,-1.1000093960645865,-2.4500053575036222
-1.090955096331836,-2.4802696045863915,3.7680739605e-12,57,55,4.592390108055994,-1.1000093960645865,-2.4500053575036222
-1.0875173575964676,-2.480271766726612,0.00013541137741,57,55,4.592390108055994,-1.1000093960645865,-2.4500053575036222
-1.0840860872337912,-2.4802726738314163,0.00013586340356,57,55,4.592390108055994,-1.1000093960645865,-2.4500053575036222
-1.0805214853367457,-2.48026805132474,0.00013038498582,57,55,4.592390108055994,-1.1000093960645865,-2.4500053575036222
-1.0769149145235004,-2.480271406369909,0.00010941771325,57,55,4.592390108055994,-1.1000093960645865,-2.4500053575036222
-1.0734398127559899,-2.480272934779374,0.00012243809761,57,55,4.592390108055994,-1.1000093960645865,-2.4500053575036222
-1.0699971409426166,-2.480271940691919,0.00013463445066,57,55,4.592390108055994,-1.1000093960645865,-2.4500053575036222
-1.0665521787715966,-2.4802692193775027,0.00013533250603,57,55,4.592390108055994,-1.1000093960645865,-2.4500053575036222
-1.0630704198656553,-2.4802724253095536,0.00013208082237,57,55,4.592390108055994,-1.1000093960645865,-2.4500053575036222
-1.059618108415157,-2.480269877960444,0.00012504901679,57,55,4.592390108055994,-1.1000093960645865,-2.4500053575036222
-1.0561809611457744,-2.4802703128737056,1.9687044692e-15,57,55,4.592390108055994,-1.1000093960645865,-2.4500053575036222
-1.052748709201249,-2.4802701389084016,9.8807118775e-05,57,55,4.592390108055994,-1.1000093960645865,-2.4500053575036222
-1.0491847113545707,-2.4802699773691894,0.00011275162979,57,55,4.592390108055994,-1.1000093960645865,-2.4500053575036222
-1.0456158811049474,-2.4802706856565035,6.6435641202e-05,57,55,4.592390108055994,-1.1000093960645865,-2.4500053575036222
-1.0421718501782453,-2.480269269081875,0.00011899804667,57,55,4.592390108055994,-1.1000093960645865,-2.4500053575036222
-1.0387294048837588,-2.480268772038146,0.00010615865904,57,55,4.592390108055994,-1.1000093960645865,-2.4500053575036222
-1.035278150521405,-2.4802724998661123,7.7555094322e-05,57,55,4.592390108055994,-1.1000093960645865,-2.4500053575036222
-1.0318086865573304,-2.4802683619770707,0.00013103922538,57,55,4.592390108055994,-1.1000093960645865,-2.4500053575036222
-1.0283627302200802,-2.480267454872266,0.00013204368588,57,55,4.592390108055994,-1.1000093960645865,-2.4500053575036222
-1.0249285906181547,-2.480267454872266,0.00013360958837,57,55,4.592390108055994,-1.1000093960645865,-2.4500053575036222
-1.0214740265631577,-2.480270511691196,0.00013177738583,57,55,4.592390108055994,-1.1000093960645865,-2.4500053575036222
-1.0178899314573602,-2.480272238918155,0.00013280102576,57,55,4.592390108055994,-1.1000093960645865,-2.4500053575036222
-1.014325656754262,-2.480272064952851,0.00013235755614,57,55,4.592390108055994,-1.1000093960645865,-2.4500053575036222
-1.0108758747646804,-2.480270337725892,0.00013115111506,57,55,4.592390108055994,-1.1000093960645865,-2.4500053575036222
-1.0074279426793513,-2.4802728229445377,0.00013199193927,57,55,4.592390108055994,-1.1000093960645865,-2.4500053575036222
-1.0112545514235471,-2.477152680641189,0.00013159659284,57,55,4.592390108055994,-1.1000093960645865,-2.4500053575036222
-1.015007453438457,-2.477151201936097,0.00013267363829,57,55,4.592390108055994,-1.1000093960645865,-2.4500053575036222
-1.0188279965102076,-2.477150518500969,0.00013201085676,57,55,4.592390108055994,-1.1000093960645865,-2.4500053575036222
-1.0225859574469494,-2.4771487788479187,0.00013155596389,57,55,4.592390108055994,-1.1000093960645865,-2.4500053575036222
-1.0261857326935524,-2.477147871743114,0.0001323352335,57,55,4.592390108055994,-1.1000093960645865,-2.4500053575036222
-1.0297674871041755,-2.477147909021392,0.00013285683235,57,55,4.592390108055994,-1.1000093960645865,-2.4500053575036222
-1.0333832319323852,-2.477151649275453,1.9687565617e-15,57,55,4.592390108055994,-1.1000093960645865,-2.4500053575036222
-1.03700164464972,-2.4771522333018323,7.6060983702e-05,57,55,4.592390108055994,-1.1000093960645865,-2.4500053575036222
-1.0405665234031851,-2.4771520593365284,9.9209391919e-05,57,55,4.592390108055994,-1.1000093960645865,-2.4500053575036222
-1.0441326228417673,-2.477150344535665,1.96867927e-15,57,55,4.592390108055994,-1.1000093960645865,-2.4500053575036222
-1.0477863850900173,-2.4771507048923675,9.5457296993e-05,57,55,4.592390108055994,-1.1000093960645865,-2.4500053575036222
-1.0514796371310797,-2.4771502948312922,0.00012998610327,57,55,4.592390108055994,-1.1000093960645865,-2.4500053575036222
-1.0550725916422774,-2.4771497480831908,6.4973755798e-05,57,55,4.592390108055994,-1.1000093960645865,-2.4500053575036222
-1.0586180149401367,-2.4771525936585355,0.00010907245451,57,55,4.592390108055994,-1.1000093960645865,-2.4500053575036222
-1.0621689627819884,-2.4771494498569515,0.00013297387341,57,55,4.592390108055994,-1.1000093960645865,-2.4500053575036222
-1.0657460358022581,-2.477147722629993,0.00013367096835,57,55,4.592390108055994,-1.1000093960645865,-2.4500053575036222
-1.0692965809438633,-2.4771511398056294,0.00013337883865,57,55,4.592390108055994,-1.1000093960645865,-2.4500053575036222
-1.0728328931486724,-2.4771508540054854,4.2204621417e-13,57,55,4.592390108055994,-1.1000093960645865,-2.4500053575036222
-1.0763767685674637,-2.477150369387851,7.1436719736e-05,57,55,4.592390108055994,-1.1000093960645865,-2.4500053575036222
-1.080073594573204,-2.4771494622830468,0.0001263541053,57,55,4.592390108055994,-1.1000093960645865,-2.4500053575036222
-1.0837427349370734,-2.4771524196932315,0.00013415983994,57,55,4.592390108055994,-1.1000093960645865,-2.4500053575036222
-1.0872610011371364,-2.4771498847702134,0.0001365084463,57,55,4.592390108055994,-1.1000093960645865,-2.4500053575036222
-1.0907738057151193,-2.4771499096223994,0.0001354374981,57,55,4.592390108055994,-1.1000093960645865,-2.4500053575036222
-1.0943066572146938,-2.477152668215094,1.9686714349e-15,57,55,4.592390108055994,-1.1000093960645865,-2.4500053575036222
-1.09785649763087,-2.477152369988859,9.4266142696e-05,57,55,4.592390108055994,-1.1000093960645865,-2.4500053575036222
-1.1013664329696058,-2.4771508912837663,0.00013033948198,57,55,4.592390108055994,-1.1000093960645865,-2.4500053575036222
-1.1048740905350782,-2.477149897196308,6.2152750615e-05,57,55,4.592390108055994,-1.1000093960645865,-2.4500053575036222
-1.1084310914649917,-2.477153649876461,0.00010872272833,57,55,4.592390108055994,-1.1000093960645865,-2.4500053575036222
-1.1120616355272204,-2.477148617308706,0.0001029822015,57,55,4.592390108055994,-1.1000093960645865,-2.4500053575036222
-1.1156246392076667,-2.477149872344122,6.9332512794e-05,57,55,4.592390108055994,-1.1000093960645865,-2.4500053575036222
-1.1191155092066598,-2.4771496983788146,0.00011599252321,57,55,4.592390108055994,-1.1000093960645865,-2.4500053575036222
-1.122596890581121,-2.477148182395444,0.0001347384823,57,55,4.592390108055994,-1.1000093960645865,-2.4500053575036222
-1.1261194354712911,-2.4771510279707893,0.00013700993441,57,55,4.592390108055994,-1.1000093960645865,-2.4500053575036222
-1.1296310319485383,-2.4771482693780946,0.0001371249964,57,55,4.592390108055994,-1.1000093960645865,-2.4500053575036222
-1.133101250975573,-2.4771504936487823,0.00013604898413,57,55,4.592390108055994,-1.1000093960645865,-2.4500053575036222
-1.136570803030326,-2.477148182395444,0.00013715957175,57,55,4.592390108055994,-1.1000093960645865,-2.4500053575036222
-1.1401515129371882,-2.477147772334366,0.00013472803403,57,55,4.592390108055994,-1.1000093960645865,-2.4500053575036222
-1.1438003295230499,-2.477148517899961,0.00013568927534,57,55,4.592390108055994,-1.1000093960645865,-2.4500053575036222
-1.1473205337180423,-2.477150071161612,0.00013332406525,57,55,4.592390108055994,-1.1000093960645865,-2.4500053575036222
-1.1507597448261828,-2.4771504066661287,0.00013524491806,57,55,4.592390108055994,-1.1000093960645865,-2.4500053575036222
-1.1541905118135527,-2.4771476729256205,0.00013775464322,57,55,4.592390108055994,-1.1000093960645865,-2.4500053575036222
-1.1576630463669986,-2.4771498226397495,0.00013379934535,57,55,4.592390108055994,-1.1000093960645865,-2.4500053575036222
-1.1611168931121834,-2.4771502078486387,0.00013640180987,57,55,4.592390108055994,-1.1000093960645865,-2.4500053575036222
-1.1645486920189314,-2.4771484060651208,0.00013760087313,57,55,4.592390108055994,-1.1000093960645865,-2.4500053575036222
-1.167973066139907,-2.477150804301113,0.00013655579824,57,55,4.592390108055994,-1.1000093960645865,-2.4500053575036222
-1.1714814158464253,-2.477151239214374,0.00013678199321,57,55,4.592390108055994,-1.1000093960645865,-2.4500053575036222
-1.1750312814313677,-2.4771495741178833,0.00013415148715,57,55,4.592390108055994,-1.1000093960645865,-2.4500053575036222
-1.1784901115920872,-2.4771519475016888,0.00013671773195,57,55,4.592390108055994,-1.1000093960645865,-2.4500053575036222
-1.1819026563933548,-2.4771506054836223,0.0001344718039,57,55,4.592390108055994,-1.1000093960645865,-2.4500053575036222
-1.185313980509502,-2.477150543353155,0.00013588005095,57,55,4.592390108055994,-1.1000093960645865,-2.4500053575036222
-1.1887663800506791,-2.4771506676140866,0.00013521550864,57,55,4.592390108055994,-1.1000093960645865,-2.4500053575036222
-1.192204571823825,-2.47714870429136,0.00013671173656,57,55,4.592390108055994,-1.1000093960645865,-2.4500053575036222
-1.1956211184587802,-2.4771538859722324,0.0001353170228,57,55,4.592390108055994,-1.1000093960645865,-2.4500053575036222
-1.1990361801365799,-2.4771521463191823,0.00013848058006,57,55,4.592390108055994,-1.1000093960645865,-2.4500053575036222
-1.2025499285432637,-2.477150182996452,0.00013715345995,57,55,4.592390108055994,-1.1000093960645865,-2.4500053575036222
-1.2061107299567442,-2.47714870429136,0.00013902958017,57,55,4.592390108055994,-1.1000093960645865,-2.4500053575036222
-1.2095592409236775,-2.4771485551782386,0.00013531300647,57,55,4.592390108055994,-1.1000093960645865,-2.4500053575036222
-1.205738785942604,-2.474056731941343,0.00013377648429,57,55,4.592390108055994,-1.1000093960645865,-2.4500053575036222
-1.2018749148413281,-2.4740580242550365,0.00013109353313,57,55,4.592390108055994,-1.1000093960645865,-2.4500053575036222
-1.1981599547401627,-2.4740557005756036,0.0001322094904,57,55,4.592390108055994,-1.1000093960645865,-2.4500053575036222
-1.1945485515239742,-2.4740558993930977,0.00013493532606,57,55,4.592390108055994,-1.1000093960645865,-2.4500053575036222
-1.1909502864032913,-2.4740567443674344,0.00013496202882,57,55,4.592390108055994,-1.1000093960645865,-2.4500053575036222
-1.1873323267237323,-2.474057775733174,0.00013572968601,57,55,4.592390108055994,-1.1000093960645865,-2.4500053575036222
-1.1837449722628228,-2.474055278088437,0.00013527472038,57,55,4.592390108055994,-1.1000093960645865,-2.4500053575036222
-1.1801882607737086,-2.474053488731011,0.00013243696594,57,55,4.592390108055994,-1.1000093960645865,-2.4500053575036222
-1.1766383700200014,-2.474057750880988,0.00012279434304,57,55,4.592390108055994,-1.1000093960645865,-2.4500053575036222
-1.1729724890112425,-2.474057949698478,0.00012961540779,57,55,4.592390108055994,-1.1000093960645865,-2.4500053575036222
-1.1692997998514598,-2.474055737853885,0.00013410742395,57,55,4.592390108055994,-1.1000093960645865,-2.4500053575036222
-1.1657628206743713,-2.474053737252877,0.0001363963238,57,55,4.592390108055994,-1.1000093960645865,-2.4500053575036222
-1.162238677567604,-2.4740549301578256,0.00013698761177,57,55,4.592390108055994,-1.1000093960645865,-2.4500053575036222
-1.158712382531398,-2.4740556135929537,0.00013506652613,57,55,4.592390108055994,-1.1000093960645865,-2.4500053575036222
-1.1551686958783478,-2.474053526009292,0.000136438146,57,55,4.592390108055994,-1.1000093960645865,-2.4500053575036222
-1.151659981224731,-2.474057465080844,0.00011466794967,57,55,4.592390108055994,-1.1000093960645865,-2.4500053575036222
-1.1481581628128168,-2.474057986976759,0.00013101617515,57,55,4.592390108055994,-1.1000093960645865,-2.4500053575036222
-1.1446311001292695,-2.474057763307079,0.00013826599752,57,55,4.592390108055994,-1.1000093960645865,-2.4500053575036222
-1.1409427685818307,-2.474056222471519,0.00013959790522,57,55,4.592390108055994,-1.1000093960645865,-2.4500053575036222
-1.137286577547726,-2.4740569307588336,0.00013660530385,57,55,4.592390108055994,-1.1000093960645865,-2.4500053575036222
-1.1337914540273906,-2.474058521298766,0.0001376481523,57,55,4.592390108055994,-1.1000093960645865,-2.4500053575036222
-1.1303032015799914,-2.474056794071807,0.00013834700803,57,55,4.592390108055994,-1.1000093960645865,-2.4500053575036222
-1.1268104187548336,-2.4740590059164,0.00013214397768,57,55,4.592390108055994,-1.1000093960645865,-2.4500053575036222
-1.1233005966755412,-2.474058831951096,9.9782329926e-05,57,55,4.592390108055994,-1.1000093960645865,-2.4500053575036222
-1.1198359021924973,-2.4740591053251486,8.1624399172e-05,57,55,4.592390108055994,-1.1000093960645865,-2.4500053575036222
-1.1163765183189405,-2.4740565579760356,7.4875009886e-05,57,55,4.592390108055994,-1.1000093960645865,-2.4500053575036222
-1.1128806523200279,-2.4740615656916045,7.8138145909e-05,57,55,4.592390108055994,-1.1000093960645865,-2.4500053575036222
-1.1093009491637793,-2.4740561230627742,7.8576507804e-05,57,55,4.592390108055994,-1.1000093960645865,-2.4500053575036222
-1.105765857644091,-2.4740571171502324,6.6837972554e-05,57,55,4.592390108055994,-1.1000093960645865,-2.4500053575036222
-1.102314930475686,-2.4740582976290892,0.00010746326734,57,55,4.592390108055994,-1.1000093960645865,-2.4500053575036222
-1.0988785131004972,-2.4740609568130387,0.00011196777632,57,55,4.592390108055994,-1.1000093960645865,-2.4500053575036222
-1.0954026814387932,-2.4740579994028504,6.6123269789e-05,57,55,4.592390108055994,-1.1000093960645865,-2.4500053575036222
-1.0919185818376742,-2.4740598633168354,6.8349392677e-05,57,55,4.592390108055994,-1.1000093960645865,-2.4500053575036222
-1.0884879029409833,-2.47405922958608,7.834808639e-05,57,55,4.592390108055994,-1.1000093960645865,-2.4500053575036222
-1.0850526936665301,-2.474060198821352,7.6651245763e-05,57,55,4.592390108055994,-1.1000093960645865,-2.4500053575036222
-1.0815410342673704,-2.4740575147852164,7.0106812927e-05,57,55,4.592390108055994,-1.1000093960645865,-2.4500053575036222
-1.077938742144232,-2.474056421289013,7.2730355896e-05,57,55,4.592390108055994,-1.1000093960645865,-2.4500053575036222
-1.0744223510171877,-2.4740588568032824,1.9686544943e-15,57,55,4.592390108055994,-1.1000093960645865,-2.4500053575036222
-1.070980610448132,-2.474057676324425,7.1352034865e-05,57,55,4.592390108055994,-1.1000093960645865,-2.4500053575036222
-1.0675468735464513,-2.474059192307799,6.9575144153e-05,57,55,4.592390108055994,-1.1000093960645865,-2.4500053575036222
-1.0640742634867097,-2.474056334306359,6.8161047238e-05,57,55,4.592390108055994,-1.1000093960645865,-2.4500053575036222
-1.0605983563187082,-2.474057465080844,6.4409156039e-05,57,55,4.592390108055994,-1.1000093960645865,-2.4500053575036222
-1.0571785629130241,-2.474056508271663,7.2231981903e-05,57,55,4.592390108055994,-1.1000093960645865,-2.4500053575036222
-1.0537442471297425,-2.4740566822369705,1.9685939314e-15,57,55,4.592390108055994,-1.1000093960645865,-2.4500053575036222
-1.0502279944309065,-2.4740584840204844,3.7367565639e-12,57,55,4.592390108055994,-1.1000093960645865,-2.4500053575036222
-1.0466620711736818,-2.4740555017581136,7.1257760283e-05,57,55,4.592390108055994,-1.1000093960645865,-2.4500053575036222
-1.0431826529629147,-2.4740579621245726,4.681387145e-05,57,55,4.592390108055994,-1.1000093960645865,-2.4500053575036222
-1.039747582116673,-2.474053488731011,6.0968555772e-05,57,55,4.592390108055994,-1.1000093960645865,-2.4500053575036222
-1.0363079305551384,-2.4740576887505203,6.8737455877e-05,57,55,4.592390108055994,-1.1000093960645865,-2.4500053575036222
-1.032841096727041,-2.474057614193961,6.2826169597e-05,57,55,4.592390108055994,-1.1000093960645865,-2.4500053575036222
-1.029384758274089,-2.474056756793529,6.3936080551e-05,57,55,4.592390108055994,-1.1000093960645865,-2.4500053575036222
-1.0259538025209798,-2.474055278088437,8.855365013e-05,57,55,4.592390108055994,-1.1000093960645865,-2.4500053575036222
-1.0225207955134943,-2.474053737252877,6.9037796313e-12,57,55,4.592390108055994,-1.1000093960645865,-2.4500053575036222
-1.0189701748655917,-2.474055762706071,0.00013505054812,57,55,4.592390108055994,-1.1000093960645865,-2.4500053575036222
-1.0153901570997774,-2.474055203531875,0.00013398886949,57,55,4.592390108055994,-1.1000093960645865,-2.4500053575036222
-1.0119181007528737,-2.4740534017483604,0.00013685367594,57,55,4.592390108055994,-1.1000093960645865,-2.4500053575036222
-1.008473667125925,-2.4740540354791127,0.00013537508494,57,55,4.592390108055994,-1.1000093960645865,-2.4500053575036222
-1.012304239950662,-2.4709065184924004,0.0001332169486,57,55,4.592390108055994,-1.1000093960645865,-2.4500053575036222
-1.0160992996475093,-2.4709078232321886,0.0001319769508,57,55,4.592390108055994,-1.1000093960645865,-2.4500053575036222
-1.0199241339937504,-2.4709070031100344,0.0001316734124,57,55,4.592390108055994,-1.1000093960645865,-2.4500053575036222
-1.023628674226066,-2.4709053752918244,0.00013128035062,57,55,4.592390108055994,-1.1000093960645865,-2.4500053575036222
-1.0272325645658016,-2.470903511377843,2.240965253e-14,57,55,4.592390108055994,-1.1000093960645865,-2.4500053575036222
-1.0308184844070885,-2.470905039787308,6.4286214183e-05,57,55,4.592390108055994,-1.1000093960645865,-2.4500053575036222
-1.0344456055172286,-2.4709076989712573,6.5764397732e-05,57,55,4.592390108055994,-1.1000093960645865,-2.4500053575036222
-1.0380424108495223,-2.4709049403785626,6.5792366513e-05,57,55,4.592390108055994,-1.1000093960645865,-2.4500053575036222
-1.0416187162224504,-2.4709062326922564,6.5051259298e-05,57,55,4.592390108055994,-1.1000093960645865,-2.4500053575036222
-1.0451832048600525,-2.4709079847714013,6.6411223088e-05,57,55,4.592390108055994,-1.1000093960645865,-2.4500053575036222
-1.0488776272487028,-2.4709085066673167,0.00011198056745,57,55,4.592390108055994,-1.1000093960645865,-2.4500053575036222
-1.0525745665138868,-2.470908742763088,9.1459711257e-05,57,55,4.592390108055994,-1.1000093960645865,-2.4500053575036222
-1.0561208077966202,-2.4709059344660207,6.598517939e-05,57,55,4.592390108055994,-1.1000093960645865,-2.4500053575036222
-1.059667338520155,-2.4709092646590034,6.5467567765e-05,57,55,4.592390108055994,-1.1000093960645865,-2.4500053575036222
-1.0632238234903786,-2.470912010825603,6.6203421738e-05,57,55,4.592390108055994,-1.1000093960645865,-2.4500053575036222
-1.066805817004272,-2.4709088918762054,6.4409759943e-05,57,55,4.592390108055994,-1.1000093960645865,-2.4500053575036222
-1.0703434128161124,-2.47090906584151,6.4603882493e-05,57,55,4.592390108055994,-1.1000093960645865,-2.4500053575036222
-1.073881335821902,-2.4709075374320446,6.8420784373e-05,57,55,4.592390108055994,-1.1000093960645865,-2.4500053575036222
-1.077476228328031,-2.4709088297457384,6.4441526774e-05,57,55,4.592390108055994,-1.1000093960645865,-2.4500053575036222
-1.081168763059281,-2.4709117001732728,6.3897525251e-05,57,55,4.592390108055994,-1.1000093960645865,-2.4500053575036222
-1.0847926248143107,-2.470909513180866,6.3817729824e-05,57,55,4.592390108055994,-1.1000093960645865,-2.4500053575036222
-1.0883064235585258,-2.470909699572265,6.5381485911e-05,57,55,4.592390108055994,-1.1000093960645865,-2.4500053575036222
-1.0918119040257968,-2.4709109049033082,6.6438602516e-05,57,55,4.592390108055994,-1.1000093960645865,-2.4500053575036222
-1.095365280653503,-2.4709091901024447,6.7928041972e-05,57,55,4.592390108055994,-1.1000093960645865,-2.4500053575036222
-1.0989098607977235,-2.4709085563716893,1.5702093151e-05,57,55,4.592390108055994,-1.1000093960645865,-2.4500053575036222
-1.1024122077537106,-2.470909115545882,8.946206799e-05,57,55,4.592390108055994,-1.1000093960645865,-2.4500053575036222
-1.1059227219740488,-2.470910507268324,6.5875297878e-05,57,55,4.592390108055994,-1.1000093960645865,-2.4500053575036222
-1.109515047266113,-2.470910383007393,6.5391388489e-05,57,55,4.592390108055994,-1.1000093960645865,-2.4500053575036222
-1.1131436659177918,-2.4709082705715453,6.6105778387e-05,57,55,4.592390108055994,-1.1000093960645865,-2.4500053575036222
-1.116671798273865,-2.47090600902258,6.6829634306e-05,57,55,4.592390108055994,-1.1000093960645865,-2.4500053575036222
-1.120161296575148,-2.4709062575444425,6.6696156864e-05,57,55,4.592390108055994,-1.1000093960645865,-2.4500053575036222
-1.1236508326295784,-2.470908929154487,6.5600856033e-05,57,55,4.592390108055994,-1.1000093960645865,-2.4500053575036222
-1.1271698538925998,-2.4709081214584274,5.0802717068e-12,57,55,4.592390108055994,-1.1000093960645865,-2.4500053575036222
-1.1306669909141622,-2.4709071149448745,0.00013625255087,57,55,4.592390108055994,-1.1000093960645865,-2.4500053575036222
-1.1341456666463505,-2.4709088670240194,0.00013486262469,57,55,4.592390108055994,-1.1000093960645865,-2.4500053575036222
-1.1376061201924352,-2.47090609600523,0.00013622510596,57,55,4.592390108055994,-1.1000093960645865,-2.4500053575036222
-1.141248820768319,-2.4709057853528997,0.00013513641898,57,55,4.592390108055994,-1.1000093960645865,-2.4500053575036222
-1.144898128145104,-2.470909401346026,0.00013591334573,57,55,4.592390108055994,-1.1000093960645865,-2.4500053575036222
-1.148355360089226,-2.47090620784007,1.9687322095e-15,57,55,4.592390108055994,-1.1000093960645865,-2.4500053575036222
-1.1517892605878797,-2.47090600902258,7.7290533227e-05,57,55,4.592390108055994,-1.1000093960645865,-2.4500053575036222
-1.155234197590135,-2.4709104202856707,9.8220836662e-05,57,55,4.592390108055994,-1.1000093960645865,-2.4500053575036222
-1.1587072858564185,-2.470909699572265,0.00013608767767,57,55,4.592390108055994,-1.1000093960645865,-2.4500053575036222
-1.1621505491357775,-2.4709113149643835,0.00013796427811,57,55,4.592390108055994,-1.1000093960645865,-2.4500053575036222
-1.165578157443099,-2.4709091528241633,0.00013740977738,57,55,4.592390108055994,-1.1000093960645865,-2.4500053575036222
-1.1689933953022562,-2.4709100102245953,0.00013531440345,57,55,4.592390108055994,-1.1000093960645865,-2.4500053575036222
-1.172547778680576,-2.470906493640214,8.4154511569e-05,57,55,4.592390108055994,-1.1000093960645865,-2.4500053575036222
-1.176095681101821,-2.470909774128824,7.0169699029e-05,57,55,4.592390108055994,-1.1000093960645865,-2.4500053575036222
-1.1795159149608978,-2.470909314363376,0.00012972955301,57,55,4.592390108055994,-1.1000093960645865,-2.4500053575036222
-1.182928573021609,-2.4709069409795705,0.00013609252346,57,55,4.592390108055994,-1.1000093960645865,-2.4500053575036222
-1.1863524563516594,-2.470906344527096,0.00013523432426,57,55,4.592390108055994,-1.1000093960645865,-2.4500053575036222
-1.1898067183814722,-2.470912110234348,0.00013460445916,57,55,4.592390108055994,-1.1000093960645865,-2.4500053575036222
-1.1932278583161002,-2.470905052213399,0.00013543771638,57,55,4.592390108055994,-1.1000093960645865,-2.4500053575036222
-1.1966483564472137,-2.470910979459867,0.00012682429224,57,55,4.592390108055994,-1.1000093960645865,-2.4500053575036222
-1.2000532373594355,-2.4709065184924004,7.618531965e-15,57,55,4.592390108055994,-1.1000093960645865,-2.4500053575036222
-1.2036220298559108,-2.4709096125896113,0.0001201828054,57,55,4.592390108055994,-1.1000093960645865,-2.4500053575036222
-1.207178024035211,-2.470909214954631,0.00013699743431,57,55,4.592390108055994,-1.1000093960645865,-2.4500053575036222
-1.2105786010885613,-2.470909736850546,0.00013854702411,57,55,4.592390108055994,-1.1000093960645865,-2.4500053575036222
-1.2067997500765908,-2.4674996440879857,0.00013610946189,57,55,4.592390108055994,-1.1000093960645865,-2.4500053575036222
-1.2029556238717203,-2.4674948103377212,0.00010745810869,57,55,4.592390108055994,-1.1000093960645865,-2.4500053575036222
-1.199194906955173,-2.46749653756468,1.9687286096e-15,57,55,4.592390108055994,-1.1000093960645865,-2.4500053575036222
-1.195585265552558,-2.4674936174327726,0.00012396846432,57,55,4.592390108055994,-1.1000093960645865,-2.4500053575036222
-1.1919994589707166,-2.467492511510478,0.00013539112115,57,55,4.592390108055994,-1.1000093960645865,-2.4500053575036222
-1.188380958162703,-2.4674921387276805,0.00013411142572,57,55,4.592390108055994,-1.1000093960645865,-2.4500053575036222
-1.1847739594804483,-2.46749457424195,0.00013441529882,57,55,4.592390108055994,-1.1000093960645865,-2.4500053575036222
-1.1812260444748202,-2.46749336891091,0.00013408604718,57,55,4.592390108055994,-1.1000093960645865,-2.4500053575036222
-1.1776773240687008,-2.467494002641662,8.9263470727e-05,57,55,4.592390108055994,-1.1000093960645865,-2.4500053575036222
-1.1740540411952736,-2.4674947357811625,3.8362837906e-10,57,55,4.592390108055994,-1.1000093960645865,-2.4500053575036222
-1.1703838940807891,-2.467493828676358,6.7894313815e-07,57,55,4.592390108055994,-1.1000093960645865,-2.4500053575036222
-1.1668065945416324,-2.4674966245473335,0.00013271407806,57,55,4.592390108055994,-1.1000093960645865,-2.4500053575036222
-1.1632857107899754,-2.467493244649975,0.00013489474077,57,55,4.592390108055994,-1.1000093960645865,-2.4500053575036222
-1.1597753349978455,-2.4674951209900513,0.00013502840011,57,55,4.592390108055994,-1.1000093960645865,-2.4500053575036222
-1.1562346560122523,-2.4674958292773654,0.00013429849059,57,55,4.592390108055994,-1.1000093960645865,-2.4500053575036222
-1.1527124634847976,-2.4674951209900513,8.6910535174e-05,57,55,4.592390108055994,-1.1000093960645865,-2.4500053575036222
-1.1492175916521155,-2.4674951831205187,3.2562613342e-05,57,55,4.592390108055994,-1.1000093960645865,-2.4500053575036222
-1.1457257149025089,-2.4674967239560788,0.00013665769075,57,55,4.592390108055994,-1.1000093960645865,-2.4500053575036222
-1.142062174588926,-2.4674967239560788,0.00013651275367,57,55,4.592390108055994,-1.1000093960645865,-2.4500053575036222
-1.1383776938625831,-2.467493716841518,0.00013839348685,57,55,4.592390108055994,-1.1000093960645865,-2.4500053575036222
-1.1348571876424063,-2.467495096137865,0.00013760769798,57,55,4.592390108055994,-1.1000093960645865,-2.4500053575036222
-1.1313714269027761,-2.467496363599376,0.00013259693515,57,55,4.592390108055994,-1.1000093960645865,-2.4500053575036222
-1.127881072863473,-2.4674945493897633,0.00013213744387,57,55,4.592390108055994,-1.1000093960645865,-2.4500053575036222
-1.1243717289907227,-2.4674940523460345,8.5118760998e-13,57,55,4.592390108055994,-1.1000093960645865,-2.4500053575036222
-1.120898351283638,-2.467497643486978,6.6478874942e-05,57,55,4.592390108055994,-1.1000093960645865,-2.4500053575036222
-1.1174389296569314,-2.4674967239560788,6.7501656304e-05,57,55,4.592390108055994,-1.1000093960645865,-2.4500053575036222
-1.113976890478631,-2.4674953198075453,6.7756307544e-05,57,55,4.592390108055994,-1.1000093960645865,-2.4500053575036222
-1.1103963945062763,-2.46749510856396,6.7118206061e-05,57,55,4.592390108055994,-1.1000093960645865,-2.4500053575036222
-1.1068166284281151,-2.467494536963672,6.6443717515e-05,57,55,4.592390108055994,-1.1000093960645865,-2.4500053575036222
-1.1033776815920093,-2.467494723355071,1.5624030993e-06,57,55,4.592390108055994,-1.1000093960645865,-2.4500053575036222
-1.0999260622825586,-2.4674965127124935,1.6881296166e-13,57,55,4.592390108055994,-1.1000093960645865,-2.4500053575036222
-1.0964717750839812,-2.467492101449399,6.8766923505e-05,57,55,4.592390108055994,-1.1000093960645865,-2.4500053575036222
-1.0929920170948837,-2.4674965127124935,6.7963308538e-05,57,55,4.592390108055994,-1.1000093960645865,-2.4500053575036222
-1.0895461488483125,-2.467493555302305,6.8722292781e-05,57,55,4.592390108055994,-1.1000093960645865,-2.4500053575036222
-1.0861086618005975,-2.467495854129552,6.916285929e-05,57,55,4.592390108055994,-1.1000093960645865,-2.4500053575036222
-1.0826512033375868,-2.467494039919943,6.6645938205e-05,57,55,4.592390108055994,-1.1000093960645865,-2.4500053575036222
-1.079051340000305,-2.4674960280948595,6.4578067395e-05,57,55,4.592390108055994,-1.1000093960645865,-2.4500053575036222
-1.0754804962494566,-2.467496438155935,6.4815416408e-05,57,55,4.592390108055994,-1.1000093960645865,-2.4500053575036222
-1.0720437894334665,-2.4674943629983646,6.8410205131e-05,57,55,4.592390108055994,-1.1000093960645865,-2.4500053575036222
-1.0686028668492835,-2.467497307982458,6.713354378e-05,57,55,4.592390108055994,-1.1000093960645865,-2.4500053575036222
-1.0651486803257664,-2.467495456494568,6.7190056143e-05,57,55,4.592390108055994,-1.1000093960645865,-2.4500053575036222
-1.0616746608151668,-2.4674965251385848,6.6247397626e-05,57,55,4.592390108055994,-1.1000093960645865,-2.4500053575036222
-1.0582443342811894,-2.4674948973203747,6.6757820605e-05,57,55,4.592390108055994,-1.1000093960645865,-2.4500053575036222
-1.054812975827834,-2.46749479791163,5.8237284975e-05,57,55,4.592390108055994,-1.1000093960645865,-2.4500053575036222
-1.0513426687101206,-2.4674966121212387,5.2991552119e-12,57,55,4.592390108055994,-1.1000093960645865,-2.4500053575036222
-1.0477779535536298,-2.4674950340074013,9.2385715107e-05,57,55,4.592390108055994,-1.1000093960645865,-2.4500053575036222
-1.0442619399580657,-2.4674937913980766,6.5816217102e-05,57,55,4.592390108055994,-1.1000093960645865,-2.4500053575036222
-1.0408268942805887,-2.467494039919943,6.5825857746e-05,57,55,4.592390108055994,-1.1000093960645865,-2.4500053575036222
-1.0374016266684432,-2.4674945245375772,6.4455496613e-05,57,55,4.592390108055994,-1.1000093960645865,-2.4500053575036222
-1.0339365924070687,-2.467493083110766,6.4339423261e-05,57,55,4.592390108055994,-1.1000093960645865,-2.4500053575036222
-1.0304631391936885,-2.4674923375451705,6.6420841904e-05,57,55,4.592390108055994,-1.1000093960645865,-2.4500053575036222
-1.0270446042262709,-2.4674950464334926,4.3945128709e-05,57,55,4.592390108055994,-1.1000093960645865,-2.4500053575036222
-1.0236116098031687,-2.467491927484095,1.1036540855e-05,57,55,4.592390108055994,-1.1000093960645865,-2.4500053575036222
-1.0201090992502069,-2.4674936919893318,0.00011595759133,57,55,4.592390108055994,-1.1000093960645865,-2.4500053575036222
-1.0165299749755625,-2.4674919896145626,0.00013451310224,57,55,4.592390108055994,-1.1000093960645865,-2.4500053575036222
-1.0130195236771369,-2.467492685475782,0.00013535813196,57,55,4.592390108055994,-1.1000093960645865,-2.4500053575036222
-1.0095762729821594,-2.4674936174327726,0.00013616503566,57,55,4.592390108055994,-1.1000093960645865,-2.4500053575036222
-1.0134107847186713,-2.4640766530406624,0.00013536002371,57,55,4.592390108055994,-1.1000093960645865,-2.4500053575036222
-1.0172489081730092,-2.4640782063023137,0.00013307311747,57,55,4.592390108055994,-1.1000093960645865,-2.4500053575036222
-1.0210750135419,-2.464076951266901,2.2853642806e-13,57,55,4.592390108055994,-1.1000093960645865,-2.4500053575036222
-1.0247386671149266,-2.4640791134071214,6.6147345933e-05,57,55,4.592390108055994,-1.1000093960645865,-2.4500053575036222
-1.028344633877803,-2.464076305110051,6.5870553954e-05,57,55,4.592390108055994,-1.1000093960645865,-2.4500053575036222
-1.0319485242175388,-2.464074851257145,6.6661843448e-05,57,55,4.592390108055994,-1.1000093960645865,-2.4500053575036222
-1.035573732501514,-2.464076516353636,6.7346903961e-05,57,55,4.592390108055994,-1.1000093960645865,-2.4500053575036222
-1.0391663346499964,-2.4640762057013057,6.5508334956e-05,57,55,4.592390108055994,-1.1000093960645865,-2.4500053575036222
-1.042745194652606,-2.4640721299427315,6.508432125e-05,57,55,4.592390108055994,-1.1000093960645865,-2.4500053575036222
-1.0463516270376414,-2.464077609849839,6.7064887844e-05,57,55,4.592390108055994,-1.1000093960645865,-2.4500053575036222
-1.0500543551188526,-2.4640749133876123,3.85110277e-10,57,55,4.592390108055994,-1.1000093960645865,-2.4500053575036222
-1.0537062674628501,-2.464074602735282,1.9685647088e-15,57,55,4.592390108055994,-1.1000093960645865,-2.4500053575036222
-1.0572572278890833,-2.464077000971274,6.8910921982e-05,57,55,4.592390108055994,-1.1000093960645865,-2.4500053575036222
-1.0607981208091821,-2.464077274345323,6.6384141974e-05,57,55,4.592390108055994,-1.1000093960645865,-2.4500053575036222
-1.064378125990615,-2.464075124631197,6.7447741458e-05,57,55,4.592390108055994,-1.1000093960645865,-2.4500053575036222
-1.0679561050864361,-2.464076056588188,6.7016735557e-05,57,55,4.592390108055994,-1.1000093960645865,-2.4500053575036222
-1.0714877736540396,-2.4640744287699743,6.5583553805e-05,57,55,4.592390108055994,-1.1000093960645865,-2.4500053575036222
-1.0750212543727475,-2.464074403917788,6.5143707616e-05,57,55,4.592390108055994,-1.1000093960645865,-2.4500053575036222
-1.0786683594825666,-2.464073732908755,6.3297644374e-05,57,55,4.592390108055994,-1.1000093960645865,-2.4500053575036222
-1.082362869961896,-2.4640750003702623,6.5536223701e-05,57,55,4.592390108055994,-1.1000093960645865,-2.4500053575036222
-1.085926238589439,-2.4640750625007297,6.7632674472e-05,57,55,4.592390108055994,-1.1000093960645865,-2.4500053575036222
-1.0894457506433857,-2.464072353612408,6.6800326749e-05,57,55,4.592390108055994,-1.1000093960645865,-2.4500053575036222
-1.0929670874328181,-2.4640788027547877,6.629958807e-05,57,55,4.592390108055994,-1.1000093960645865,-2.4500053575036222
-1.0965212694610156,-2.464075012796357,7.1397174906e-05,57,55,4.592390108055994,-1.1000093960645865,-2.4500053575036222
-1.1000467339279638,-2.4640767897276885,3.8529751611e-10,57,55,4.592390108055994,-1.1000093960645865,-2.4500053575036222
-1.1035590351306401,-2.4640769636929925,5.2467118107e-13,57,55,4.592390108055994,-1.1000093960645865,-2.4500053575036222
-1.107067233824567,-2.4640760938664656,6.4576044679e-05,57,55,4.592390108055994,-1.1000093960645865,-2.4500053575036222
-1.1107010498262893,-2.4640771128061103,6.4716456109e-05,57,55,4.592390108055994,-1.1000093960645865,-2.4500053575036222
-1.1143273403671736,-2.464078579085111,6.5091946453e-05,57,55,4.592390108055994,-1.1000093960645865,-2.4500053575036222
-1.1178160458523485,-2.4640747767005857,6.371406198e-05,57,55,4.592390108055994,-1.1000093960645865,-2.4500053575036222
-1.1213043234685125,-2.4640745406048143,6.5787702624e-05,57,55,4.592390108055994,-1.1000093960645865,-2.4500053575036222
-1.1248064061524632,-2.4640766903189433,7.2382288636e-05,57,55,4.592390108055994,-1.1000093960645865,-2.4500053575036222
-1.1283280575514616,-2.4640769636929925,4.1189912736e-05,57,55,4.592390108055994,-1.1000093960645865,-2.4500053575036222
-1.1318116034397425,-2.4640749382397984,3.2202891612e-13,57,55,4.592390108055994,-1.1000093960645865,-2.4500053575036222
-1.1352856732878749,-2.464077584997653,0.00013815467537,57,55,4.592390108055994,-1.1000093960645865,-2.4500053575036222
-1.1388025048683117,-2.4640758080663216,0.00013541485532,57,55,4.592390108055994,-1.1000093960645865,-2.4500053575036222
-1.1424510571821367,-2.4640757459358578,0.00013666429732,57,55,4.592390108055994,-1.1000093960645865,-2.4500053575036222
-1.146047661164308,-2.4640773861801626,0.00013719848357,57,55,4.592390108055994,-1.1000093960645865,-2.4500053575036222
-1.14948867183917,-2.4640775104410944,0.00013707511243,57,55,4.592390108055994,-1.1000093960645865,-2.4500053575036222
-1.15292386852924,-2.4640737453348502,0.00013754484826,57,55,4.592390108055994,-1.1000093960645865,-2.4500053575036222
-1.1563835040904504,-2.4640762057013057,0.00013886288798,57,55,4.592390108055994,-1.1000093960645865,-2.4500053575036222
-1.1598568440443873,-2.464076740023316,0.00013804170885,57,55,4.592390108055994,-1.1000093960645865,-2.4500053575036222
-1.1632809916464741,-2.4640767648755024,0.00013929953275,57,55,4.592390108055994,-1.1000093960645865,-2.4500053575036222
-1.1667110161552672,-2.464075857770698,0.00013972067973,57,55,4.592390108055994,-1.1000093960645865,-2.4500053575036222
-1.170175005912882,-2.464074453622161,0.00013619568199,57,55,4.592390108055994,-1.1000093960645865,-2.4500053575036222
-1.1737284328781177,-2.4640748264049583,0.00013664129074,57,55,4.592390108055994,-1.1000093960645865,-2.4500053575036222
-1.1772346684083488,-2.464073708056569,0.00013501897047,57,55,4.592390108055994,-1.1000093960645865,-2.4500053575036222
-1.180648912101276,-2.4640739565784315,0.00013470223348,57,55,4.592390108055994,-1.1000093960645865,-2.4500053575036222
-1.1840593804794026,-2.4640717695860253,0.00013718791888,57,55,4.592390108055994,-1.1000093960645865,-2.4500053575036222
-1.1875027947713546,-2.4640722914819406,0.00013677516836,57,55,4.592390108055994,-1.1000093960645865,-2.4500053575036222
-1.1909568051135122,-2.4640746524396544,0.00013560724619,57,55,4.592390108055994,-1.1000093960645865,-2.4500053575036222
-1.1943711620658846,-2.46407340983033,0.00013474520529,57,55,4.592390108055994,-1.1000093960645865,-2.4500053575036222
-1.1977916350282316,-2.4640715086380673,0.00013599923113,57,55,4.592390108055994,-1.1000093960645865,-2.4500053575036222
-1.2012492319194503,-2.4640747518483996,0.00013579295774,57,55,4.592390108055994,-1.1000093960645865,-2.4500053575036222
-1.204818074753455,-2.464074602735282,0.00013689867046,57,55,4.592390108055994,-1.1000093960645865,-2.4500053575036222
-1.2083386564799292,-2.4640735092390784,0.00013652342022,57,55,4.592390108055994,-1.1000093960645865,-2.4500053575036222
-1.2117203317905112,-2.4640764790753584,0.00013771092927,57,55,4.592390108055994,-1.1000093960645865,-2.4500053575036222
-1.2079755089492734,-2.4608721251382533,0.00013741511793,57,55,4.592390108055994,-1.1000093960645865,-2.4500053575036222
-1.204155167227647,-2.4608739020695847,0.00013673276408,57,55,4.592390108055994,-1.1000093960645865,-2.4500053575036222
-1.2003449685184484,-2.460869590215235,0.00013834639685,57,55,4.592390108055994,-1.1000093960645865,-2.4500053575036222
-1.1967279904207384,-2.460869254710719,0.00013777278946,57,55,4.592390108055994,-1.1000093960645865,-2.4500053575036222
-1.1931353631034898,-2.460868123936234,0.0001370357495,57,55,4.592390108055994,-1.1000093960645865,-2.4500053575036222
-1.1895384445117525,-2.4608666328050504,0.00013442039199,57,55,4.592390108055994,-1.1000093960645865,-2.4500053575036222
-1.1859312444793755,-2.460867316240175,0.00013591858442,57,55,4.592390108055994,-1.1000093960645865,-2.4500053575036222
-1.182366969776279,-2.460867229257525,0.0001362349285,57,55,4.592390108055994,-1.1000093960645865,-2.4500053575036222
-1.1788191176925633,-2.4608688695018297,0.00013843289344,57,55,4.592390108055994,-1.1000093960645865,-2.4500053575036222
-1.1752397668990302,-2.460868210918888,0.00013963786478,57,55,4.592390108055994,-1.1000093960645865,-2.4500053575036222
-1.1715700979910877,-2.46086918015416,0.00013629050227,57,55,4.592390108055994,-1.1000093960645865,-2.4500053575036222
-1.1679507666138185,-2.4608677511534403,0.00013587861031,57,55,4.592390108055994,-1.1000093960645865,-2.4500053575036222
-1.1644280581266757,-2.4608653032130756,0.00013476492313,57,55,4.592390108055994,-1.1000093960645865,-2.4500053575036222
-1.1609227915939084,-2.460866173039599,0.00013517368643,57,55,4.592390108055994,-1.1000093960645865,-2.4500053575036222
-1.1573863032077434,-2.4608679126926525,0.00013443102944,57,55,4.592390108055994,-1.1000093960645865,-2.4500053575036222
-1.1538441140962301,-2.4608634890034633,0.0001368959056,57,55,4.592390108055994,-1.1000093960645865,-2.4500053575036222
-1.1503543515229107,-2.4608666203789555,0.0001378202287,57,55,4.592390108055994,-1.1000093960645865,-2.4500053575036222
-1.1468594922746118,-2.460863501429558,0.00013697640679,57,55,4.592390108055994,-1.1000093960645865,-2.4500053575036222
-1.1432615795166443,-2.4608659369438275,0.00013342425518,57,55,4.592390108055994,-1.1000093960645865,-2.4500053575036222
-1.1395751733797537,-2.4608663097266255,0.00013387297804,57,55,4.592390108055994,-1.1000093960645865,-2.4500053575036222
-1.1359951807827038,-2.4608628925509892,0.00013524170208,57,55,4.592390108055994,-1.1000093960645865,-2.4500053575036222
-1.1325030271766776,-2.4608633026120645,0.00012858767877,57,55,4.592390108055994,-1.1000093960645865,-2.4500053575036222
-1.1290240368349234,-2.4608634144469046,5.9322532679e-15,57,55,4.592390108055994,-1.1000093960645865,-2.4500053575036222
-1.125516102413033,-2.4608636256904894,7.9744131654e-05,57,55,4.592390108055994,-1.1000093960645865,-2.4500053575036222
-1.1220150642328435,-2.460865004986837,6.8318746344e-05,57,55,4.592390108055994,-1.1000093960645865,-2.4500053575036222
-1.1185586125204463,-2.46086466948232,6.6927706939e-05,57,55,4.592390108055994,-1.1000093960645865,-2.4500053575036222
-1.1151048790347067,-2.460863501429558,6.8631772592e-05,57,55,4.592390108055994,-1.1000093960645865,-2.4500053575036222
-1.1115597577620318,-2.4608632901859733,6.6760359914e-05,57,55,4.592390108055994,-1.1000093960645865,-2.4500053575036222
-1.107979400217885,-2.460865290786981,6.8389068474e-05,57,55,4.592390108055994,-1.1000093960645865,-2.4500053575036222
-1.1044945581381895,-2.46086466948232,6.1896098487e-05,57,55,4.592390108055994,-1.1000093960645865,-2.4500053575036222
-1.1010443860327446,-2.460867651744695,3.7782832418e-10,57,55,4.592390108055994,-1.1000093960645865,-2.4500053575036222
-1.0975999272370314,-2.4608629174031753,8.6936634034e-05,57,55,4.592390108055994,-1.1000093960645865,-2.4500053575036222
-1.0941189233940503,-2.4608657257002426,6.4363404817e-05,57,55,4.592390108055994,-1.1000093960645865,-2.4500053575036222
-1.0906609615557346,-2.4608654647522847,6.1853788793e-05,57,55,4.592390108055994,-1.1000093960645865,-2.4500053575036222
-1.0872245945180765,-2.460866148187413,5.9788562794e-05,57,55,4.592390108055994,-1.1000093960645865,-2.4500053575036222
-1.083794305737247,-2.4608656262914974,5.998760389e-05,57,55,4.592390108055994,-1.1000093960645865,-2.4500053575036222
-1.0802185540771583,-2.4608602085148537,6.0176957049e-05,57,55,4.592390108055994,-1.1000093960645865,-2.4500053575036222
-1.076617683989263,-2.46086609848304,5.881839752e-05,57,55,4.592390108055994,-1.1000093960645865,-2.4500053575036222
-1.0731604142919933,-2.4608634268729994,5.6969103753e-05,57,55,4.592390108055994,-1.1000093960645865,-2.4500053575036222
-1.0697211780150861,-2.460865328065262,5.7878223743e-05,57,55,4.592390108055994,-1.1000093960645865,-2.4500053575036222
-1.0662739129020382,-2.4608678008578124,5.6196888181e-05,57,55,4.592390108055994,-1.1000093960645865,-2.4500053575036222
-1.062801491608036,-2.460863054090202,5.7475645008e-05,57,55,4.592390108055994,-1.1000093960645865,-2.4500053575036222
-1.0593564539307203,-2.460864619777948,5.5443666497e-05,57,55,4.592390108055994,-1.1000093960645865,-2.4500053575036222
-1.0559258379559417,-2.4608628304205253,5.5719181546e-05,57,55,4.592390108055994,-1.1000093960645865,-2.4500053575036222
-1.0524969460415887,-2.460863613264398,2.8926420721e-12,57,55,4.592390108055994,-1.1000093960645865,-2.4500053575036222
-1.0489375037414372,-2.460863464151277,0.00011602209997,57,55,4.592390108055994,-1.1000093960645865,-2.4500053575036222
-1.0453722474564922,-2.4608657505524323,6.5730520873e-05,57,55,4.592390108055994,-1.1000093960645865,-2.4500053575036222
-1.0419465016378078,-2.4608656511436835,6.5995918703e-05,57,55,4.592390108055994,-1.1000093960645865,-2.4500053575036222
-1.0385112042726758,-2.460865253508703,6.6337706812e-05,57,55,4.592390108055994,-1.1000093960645865,-2.4500053575036222
-1.0350658645701758,-2.4608622712463286,6.8359338911e-05,57,55,4.592390108055994,-1.1000093960645865,-2.4500053575036222
-1.031596060827769,-2.460863948768915,6.8402121542e-05,57,55,4.592390108055994,-1.1000093960645865,-2.4500053575036222
-1.028163871805158,-2.4608654523261935,6.6542321292e-05,57,55,4.592390108055994,-1.1000093960645865,-2.4500053575036222
-1.0247387929587533,-2.4608659866482,8.702458581e-05,57,55,4.592390108055994,-1.1000093960645865,-2.4500053575036222
-1.0212905336794749,-2.4608651913782356,6.0546990426e-05,57,55,4.592390108055994,-1.1000093960645865,-2.4500053575036222
-1.0177129698682799,-2.4608628304205253,3.7701869404e-10,57,55,4.592390108055994,-1.1000093960645865,-2.4500053575036222
-1.0141618332606892,-2.46086621031788,0.00013751356164,57,55,4.592390108055994,-1.1000093960645865,-2.4500053575036222
-1.010717563230715,-2.4608650919694908,0.00013450425467,57,55,4.592390108055994,-1.1000093960645865,-2.4500053575036222
-1.0145489666247096,-2.457799102580399,0.00013618760568,57,55,4.592390108055994,-1.1000093960645865,-2.4500053575036222
-1.0184417692217402,-2.4577956978308544,0.00013764515461,57,55,4.592390108055994,-1.1000093960645865,-2.4500053575036222
-1.0222532641223514,-2.4578004321723737,0.00013797185966,57,55,4.592390108055994,-1.1000093960645865,-2.4500053575036222
-1.0258832670561238,-2.4577960209092793,1.8516974554e-15,57,55,4.592390108055994,-1.1000093960645865,-2.4500053575036222
-1.0294916500204718,-2.457795672978668,6.6603475716e-05,57,55,4.592390108055994,-1.1000093960645865,-2.4500053575036222
-1.033109345427996,-2.457795759961322,6.5484673542e-05,57,55,4.592390108055994,-1.1000093960645865,-2.4500053575036222
-1.0367408584876885,-2.457796468248636,6.6994856752e-05,57,55,4.592390108055994,-1.1000093960645865,-2.4500053575036222
-1.0403174029638869,-2.457795424456805,6.6433138272e-05,57,55,4.592390108055994,-1.1000093960645865,-2.4500053575036222
-1.0438975591579094,-2.4577960333353746,6.8249501055e-05,57,55,4.592390108055994,-1.1000093960645865,-2.4500053575036222
-1.04754848992006,-2.4577981333451273,8.9564040536e-05,57,55,4.592390108055994,-1.1000093960645865,-2.4500053575036222
-1.0512537977997172,-2.4577973007968814,0.00012496432464,57,55,4.592390108055994,-1.1000093960645865,-2.4500053575036222
-1.0548595506280882,-2.4577955238655504,0.00012543883349,57,55,4.592390108055994,-1.1000093960645865,-2.4500053575036222
-1.058416614479916,-2.4577976984318655,0.00012729864102,57,55,4.592390108055994,-1.1000093960645865,-2.4500053575036222
-1.0619676126592987,-2.4577960209092793,0.00012899968715,57,55,4.592390108055994,-1.1000093960645865,-2.4500053575036222
-1.0655517329338626,-2.4577962321528646,0.00012642613729,57,55,4.592390108055994,-1.1000093960645865,-2.4500053575036222
-1.0691073999192138,-2.4577960830397467,0.00012819131371,57,55,4.592390108055994,-1.1000093960645865,-2.4500053575036222
-1.0726489598115938,-2.457797710857957,0.00012929938384,57,55,4.592390108055994,-1.1000093960645865,-2.4500053575036222
-1.0761861529231895,-2.457798170623405,0.00013084003876,57,55,4.592390108055994,-1.1000093960645865,-2.4500053575036222
-1.0798846526518247,-2.457795573569923,0.00012840401905,57,55,4.592390108055994,-1.1000093960645865,-2.4500053575036222
-1.08357249340834,-2.4578001836505075,0.00013429007959,57,55,4.592390108055994,-1.1000093960645865,-2.4500053575036222
-1.087088771275939,-2.4577973629273457,0.00013154569024,57,55,4.592390108055994,-1.1000093960645865,-2.4500053575036222
-1.0906083714205643,-2.457798791928069,0.00013375830895,57,55,4.592390108055994,-1.1000093960645865,-2.4500053575036222
-1.0941467978016606,-2.457799363528357,0.00013433286222,57,55,4.592390108055994,-1.1000093960645865,-2.4500053575036222
-1.097695719557902,-2.4577972759446953,0.00013454406871,57,55,4.592390108055994,-1.1000093960645865,-2.4500053575036222
-1.1012124630476616,-2.4577985682583887,0.00012896503904,57,55,4.592390108055994,-1.1000093960645865,-2.4500053575036222
-1.1047260226886049,-2.4577991398586767,8.8591016034e-13,57,55,4.592390108055994,-1.1000093960645865,-2.4500053575036222
-1.1082828348527793,-2.4577978475449833,6.6775974119e-05,57,55,4.592390108055994,-1.1000093960645865,-2.4500053575036222
-1.111918689524493,-2.457800133946135,6.8644920248e-05,57,55,4.592390108055994,-1.1000093960645865,-2.4500053575036222
-1.1154898604692902,-2.4578016623556,6.9521163823e-05,57,55,4.592390108055994,-1.1000093960645865,-2.4500053575036222
-1.1189863305185714,-2.4577988789107192,6.9894631451e-05,57,55,4.592390108055994,-1.1000093960645865,-2.4500053575036222
-1.1224670449207514,-2.4577981333451273,7.1332484367e-05,57,55,4.592390108055994,-1.1000093960645865,-2.4500053575036222
-1.125992106687455,-2.45780045702456,0.0001178428065,57,55,4.592390108055994,-1.1000093960645865,-2.4500053575036222
-1.1295123234668307,-2.4577962073006785,0.00013097091869,57,55,4.592390108055994,-1.1000093960645865,-2.4500053575036222
-1.1329844427356486,-2.4578011528857795,0.0001397637825,57,55,4.592390108055994,-1.1000093960645865,-2.4500053575036222
-1.1364563103168115,-2.457799003171654,0.00013726594625,57,55,4.592390108055994,-1.1000093960645865,-2.4500053575036222
-1.14003474245041,-2.45779644339645,0.0001347320067,57,55,4.592390108055994,-1.1000093960645865,-2.4500053575036222
-1.1436844525274417,-2.457795710256949,0.00013615026546,57,55,4.592390108055994,-1.1000093960645865,-2.4500053575036222
-1.1472122199364179,-2.457797785414516,0.0001366751676,57,55,4.592390108055994,-1.1000093960645865,-2.4500053575036222
-1.1506564647976256,-2.4577988540585327,0.00013838936866,57,55,4.592390108055994,-1.1000093960645865,-2.4500053575036222
-1.1540899877647992,-2.457795672978668,0.0001374745334,57,55,4.592390108055994,-1.1000093960645865,-2.4500053575036222
-1.1575648000915084,-2.457796356413796,0.00013395886344,57,55,4.592390108055994,-1.1000093960645865,-2.4500053575036222
-1.1610181686301513,-2.457798518554016,0.00013610448514,57,55,4.592390108055994,-1.1000093960645865,-2.4500053575036222
-1.164447337400922,-2.457800705546423,0.00013377897267,57,55,4.592390108055994,-1.1000093960645865,-2.4500053575036222
-1.1678707047712844,-2.457796319135518,0.00013307677,57,55,4.592390108055994,-1.1000093960645865,-2.4500053575036222
-1.1713845916061782,-2.4577985931105752,0.00013199678506,57,55,4.592390108055994,-1.1000093960645865,-2.4500053575036222
-1.1749358918107435,-2.4577961327441193,0.00013433427375,57,55,4.592390108055994,-1.1000093960645865,-2.4500053575036222
-1.1783994914524951,-2.457795896648348,0.00013263810251,57,55,4.592390108055994,-1.1000093960645865,-2.4500053575036222
-1.181813433120238,-2.457798096066846,0.00013296229008,57,55,4.592390108055994,-1.1000093960645865,-2.4500053575036222
-1.1852237630701548,-2.457801115607498,0.00013393827248,57,55,4.592390108055994,-1.1000093960645865,-2.4500053575036222
-1.1886786920722487,-2.4577966670661264,0.00013737147674,57,55,4.592390108055994,-1.1000093960645865,-2.4500053575036222
-1.1921190231904462,-2.4577965055269138,0.00013693109213,57,55,4.592390108055994,-1.1000093960645865,-2.4500053575036222
-1.1955353936440438,-2.4578002830592527,0.00013489098637,57,55,4.592390108055994,-1.1000093960645865,-2.4500053575036222
-1.198946969447846,-2.4577964185442633,0.00013384383055,57,55,4.592390108055994,-1.1000093960645865,-2.4500053575036222
-1.202459497169411,-2.4577965428051947,0.00013403390767,57,55,4.592390108055994,-1.1000093960645865,-2.4500053575036222
-1.206025445595402,-2.457799102580399,0.00013530931028,57,55,4.592390108055994,-1.1000093960645865,-2.4500053575036222
-1.2094808528040364,-2.457798344588712,0.00013498253247,57,55,4.592390108055994,-1.1000093960645865,-2.4500053575036222
-1.2128653470163362,-2.457795958778812,0.00013592616597,57,55,4.592390108055994,-1.1000093960645865,-2.4500053575036222
-1.209127319741741,-2.4547532807406047,0.00013432717242,57,55,4.592390108055994,-1.1000093960645865,-2.4500053575036222
-1.2053380362765376,-2.45475523163724,0.00013688846957,57,55,4.592390108055994,-1.1000093960645865,-2.4500053575036222
-1.2015238105648873,-2.4547530446448333,0.00013667905296,57,55,4.592390108055994,-1.1000093960645865,-2.4500053575036222
-1.1978580805687196,-2.454752025705189,0.00013273660443,57,55,4.592390108055994,-1.1000093960645865,-2.4500053575036222
-1.1942611493925992,-2.45475306949702,0.00013820985623,57,55,4.592390108055994,-1.1000093960645865,-2.4500053575036222
-1.1906732034657042,-2.454753939323543,0.00013631416368,57,55,4.592390108055994,-1.1000093960645865,-2.4500053575036222
-1.1870636879069159,-2.4547553310459853,0.00013599621889,57,55,4.592390108055994,-1.1000093960645865,-2.4500053575036222
-1.1834884144533673,-2.4547553558981714,0.00013355932606,57,55,4.592390108055994,-1.1000093960645865,-2.4500053575036222
-1.1799378818961437,-2.4547556789765967,0.0001350705279,57,55,4.592390108055994,-1.1000093960645865,-2.4500053575036222
-1.1764020856510244,-2.4547531316274838,0.00013312323426,57,55,4.592390108055994,-1.1000093960645865,-2.4500053575036222
-1.1727297236851926,-2.4547526594359446,0.00013627298176,57,55,4.592390108055994,-1.1000093960645865,-2.4500053575036222
-1.1690612502936026,-2.454754535776017,0.00013351018424,57,55,4.592390108055994,-1.1000093960645865,-2.4500053575036222
-1.1655419647585448,-2.454753665949494,0.00013285633759,57,55,4.592390108055994,-1.1000093960645865,-2.4500053575036222
-1.1620304060344453,-2.4547501120868316,0.00013353940449,57,55,4.592390108055994,-1.1000093960645865,-2.4500053575036222
-1.1585101263331572,-2.4547553310459853,0.00013365381164,57,55,4.592390108055994,-1.1000093960645865,-2.4500053575036222
-1.154971737705209,-2.4547533180188825,0.0001356848079,57,55,4.592390108055994,-1.1000093960645865,-2.4500053575036222
-1.1514716811068664,-2.4547553186198905,0.00013685815793,57,55,4.592390108055994,-1.1000093960645865,-2.4500053575036222
-1.147976230392582,-2.454755554715662,0.00013436771405,57,55,4.592390108055994,-1.1000093960645865,-2.4500053575036222
-1.144447644998733,-2.454755517437384,0.00013502346701,57,55,4.592390108055994,-1.1000093960645865,-2.4500053575036222
-1.140758155688088,-2.4547538896191705,0.00013530041906,57,55,4.592390108055994,-1.1000093960645865,-2.4500053575036222
-1.1371173427696044,-2.454757567742764,0.00013559981016,57,55,4.592390108055994,-1.1000093960645865,-2.4500053575036222
-1.1336241949973478,-2.4547580647864935,0.00013822774054,57,55,4.592390108055994,-1.1000093960645865,-2.4500053575036222
-1.1301429520510948,-2.4547566109335874,0.00013910578855,57,55,4.592390108055994,-1.1000093960645865,-2.4500053575036222
-1.1266503454072947,-2.4547562132986034,0.00012891054212,57,55,4.592390108055994,-1.1000093960645865,-2.4500053575036222
-1.1231375408293098,-2.4547574931862055,1.9686688938e-15,57,55,4.592390108055994,-1.1000093960645865,-2.4500053575036222
-1.119682901268019,-2.454755256489426,6.5365304181e-05,57,55,4.592390108055994,-1.1000093960645865,-2.4500053575036222
-1.1162259335959335,-2.454754548202112,6.4902334998e-05,57,55,4.592390108055994,-1.1000093960645865,-2.4500053575036222
-1.1127247318187694,-2.4547549582631873,6.5818465373e-05,57,55,4.592390108055994,-1.1000093960645865,-2.4500053575036222
-1.1091452048438786,-2.4547556416983154,6.65891057e-05,57,55,4.592390108055994,-1.1000093960645865,-2.4500053575036222
-1.1056173745129898,-2.4547557286809694,6.7493027018e-05,57,55,4.592390108055994,-1.1000093960645865,-2.4500053575036222
-1.102170348503212,-2.4547534050015365,6.1174265284e-05,57,55,4.592390108055994,-1.1000093960645865,-2.4500053575036222
-1.0987330628056193,-2.4547550452458413,6.9106281444e-05,57,55,4.592390108055994,-1.1000093960645865,-2.4500053575036222
-1.0952541983076918,-2.4547541629932232,6.8132452725e-05,57,55,4.592390108055994,-1.1000093960645865,-2.4500053575036222
-1.0917767935981533,-2.4547529700882746,7.0127200161e-05,57,55,4.592390108055994,-1.1000093960645865,-2.4500053575036222
-1.0883481533714539,-2.454755492585198,7.166100113e-05,57,55,4.592390108055994,-1.1000093960645865,-2.4500053575036222
-1.084917663240502,-2.454750745817587,7.114244363e-05,57,55,4.592390108055994,-1.1000093960645865,-2.4500053575036222
-1.0813962257760075,-2.454754225123687,7.1970185672e-05,57,55,4.592390108055994,-1.1000093960645865,-2.4500053575036222
-1.077802075748457,-2.454752497896732,7.1668931923e-05,57,55,4.592390108055994,-1.1000093960645865,-2.4500053575036222
-1.0742922788379312,-2.4547503978869756,7.1366761404e-05,57,55,4.592390108055994,-1.1000093960645865,-2.4500053575036222
-1.0708509535535018,-2.454751056469917,7.2635462857e-05,57,55,4.592390108055994,-1.1000093960645865,-2.4500053575036222
-1.0674199852160078,-2.4547487079382977,7.426495722e-05,57,55,4.592390108055994,-1.1000093960645865,-2.4500053575036222
-1.063955064214077,-2.4547498262866876,7.2400500358e-05,57,55,4.592390108055994,-1.1000093960645865,-2.4500053575036222
-1.0604862168847526,-2.454752274227052,7.1784350439e-05,57,55,4.592390108055994,-1.1000093960645865,-2.4500053575036222
-1.0570643973934601,-2.4547539268974514,6.8009598181e-05,57,55,4.592390108055994,-1.1000093960645865,-2.4500053575036222
-1.053636386385894,-2.4547526470098493,6.8540830398e-05,57,55,4.592390108055994,-1.1000093960645865,-2.4500053575036222
-1.0501220339288413,-2.454750310904325,6.7400324042e-05,57,55,4.592390108055994,-1.1000093960645865,-2.4500053575036222
-1.0465627048881332,-2.454753367723255,6.4674939495e-05,57,55,4.592390108055994,-1.1000093960645865,-2.4500053575036222
-1.0430958333068878,-2.454750633982747,6.6781256464e-05,57,55,4.592390108055994,-1.1000093960645865,-2.4500053575036222
-1.039663933725078,-2.45475469731523,6.4983018092e-05,57,55,4.592390108055994,-1.1000093960645865,-2.4500053575036222
-1.036232688531166,-2.454751938722535,6.5173626353e-05,57,55,4.592390108055994,-1.1000093960645865,-2.4500053575036222
-1.0327721594787855,-2.4547517896094178,6.3914558268e-05,57,55,4.592390108055994,-1.1000093960645865,-2.4500053575036222
-1.0293241015496297,-2.454750310904325,6.4567429945e-05,57,55,4.592390108055994,-1.1000093960645865,-2.4500053575036222
-1.0259006083354407,-2.4547517523311364,3.4713695641e-05,57,55,4.592390108055994,-1.1000093960645865,-2.4500053575036222
-1.0224787007534695,-2.4547508203741457,6.2174545026e-12,57,55,4.592390108055994,-1.1000093960645865,-2.4500053575036222
-1.0189309367604327,-2.4547475523116304,0.00013324210886,57,55,4.592390108055994,-1.1000093960645865,-2.4500053575036222
-1.0153523158610949,-2.4547502984782303,0.00013470721024,57,55,4.592390108055994,-1.1000093960645865,-2.4500053575036222
-1.011897349105853,-2.4547511434525706,0.00013541016961,57,55,4.592390108055994,-1.1000093960645865,-2.4500053575036222
-1.0157554188067204,-2.4517090742929293,0.00013397884322,57,55,4.592390108055994,-1.1000093960645865,-2.4500053575036222
-1.0196414510058767,-2.451703693794563,0.00013566116104,57,55,4.592390108055994,-1.1000093960645865,-2.4500053575036222
-1.0234037913077858,-2.451705942917437,0.00013089543791,57,55,4.592390108055994,-1.1000093960645865,-2.4500053575036222
-1.0270332153599557,-2.451701742897928,1.9686426358e-15,57,55,4.592390108055994,-1.1000093960645865,-2.4500053575036222
-1.0306339344352595,-2.451701382541225,6.684625987e-05,57,55,4.592390108055994,-1.1000093960645865,-2.4500053575036222
-1.0342717145175213,-2.4517032837334876,6.7781598773e-05,57,55,4.592390108055994,-1.1000093960645865,-2.4500053575036222
-1.0378785118496536,-2.4517056446911982,6.4643405494e-05,57,55,4.592390108055994,-1.1000093960645865,-2.4500053575036222
-1.0414646959629754,-2.451701954141513,6.5749329224e-05,57,55,4.592390108055994,-1.1000093960645865,-2.4500053575036222
-1.0450376538901125,-2.4517045263428088,6.6298583988e-05,57,55,4.592390108055994,-1.1000093960645865,-2.4500053575036222
-1.0487311702032116,-2.451702736985386,6.6083011916e-05,57,55,4.592390108055994,-1.1000093960645865,-2.4500053575036222
-1.0524284492467277,-2.4517022896460294,6.521857722e-05,57,55,4.592390108055994,-1.1000093960645865,-2.4500053575036222
-1.0559942718288922,-2.4517061541610223,6.3840692746e-05,57,55,4.592390108055994,-1.1000093960645865,-2.4500053575036222
-1.0595421364969893,-2.4517044517862496,6.257116911e-05,57,55,4.592390108055994,-1.1000093960645865,-2.4500053575036222
-1.0631076067164398,-2.4517039671686156,6.4486637712e-05,57,55,4.592390108055994,-1.1000093960645865,-2.4500053575036222
-1.066688039766882,-2.451702053550258,6.5509091655e-05,57,55,4.592390108055994,-1.1000093960645865,-2.4500053575036222
-1.0702299520219776,-2.45170291095069,6.5462489147e-05,57,55,4.592390108055994,-1.1000093960645865,-2.4500053575036222
-1.073771398654914,-2.451703519829259,6.6561653512e-05,57,55,4.592390108055994,-1.1000093960645865,-2.4500053575036222
-1.0773610057203207,-2.451703494977073,6.5126521804e-05,57,55,4.592390108055994,-1.1000093960645865,-2.4500053575036222
-1.0810597571366092,-2.451701742897928,6.5263120632e-05,57,55,4.592390108055994,-1.1000093960645865,-2.4500053575036222
-1.084686362287061,-2.4517006494017246,6.4675368776e-05,57,55,4.592390108055994,-1.1000093960645865,-2.4500053575036222
-1.0882011803662728,-2.451702525741801,6.6222237365e-05,57,55,4.592390108055994,-1.1000093960645865,-2.4500053575036222
-1.0917095426571741,-2.4517010097584273,6.6361579229e-05,57,55,4.592390108055994,-1.1000093960645865,-2.4500053575036222
-1.0952636869322236,-2.4517030352116214,6.5681211709e-05,57,55,4.592390108055994,-1.1000093960645865,-2.4500053575036222
-1.0988173026632002,-2.4517019292893267,6.6217900894e-05,57,55,4.592390108055994,-1.1000093960645865,-2.4500053575036222
-1.1023205934478868,-2.4517011091671725,6.4055246185e-05,57,55,4.592390108055994,-1.1000093960645865,-2.4500053575036222
-1.1058345557890763,-2.4517002641928354,6.6123990109e-05,57,55,4.592390108055994,-1.1000093960645865,-2.4500053575036222
-1.1094242006076307,-2.4517012707063848,6.5026593802e-05,57,55,4.592390108055994,-1.1000093960645865,-2.4500053575036222
-1.1130585074002763,-2.4517018298805815,6.624202797e-05,57,55,4.592390108055994,-1.1000093960645865,-2.4500053575036222
-1.1165928941945358,-2.451700463010326,6.6786080424e-05,57,55,4.592390108055994,-1.1000093960645865,-2.4500053575036222
-1.1200822163144608,-2.4517000778014366,6.5867636295e-05,57,55,4.592390108055994,-1.1000093960645865,-2.4500053575036222
-1.1235774908473877,-2.451698661226808,6.7815235525e-05,57,55,4.592390108055994,-1.1000093960645865,-2.4500053575036222
-1.1271001112438532,-2.4517002393406493,5.6968693001e-13,57,55,4.592390108055994,-1.1000093960645865,-2.4500053575036222
-1.1305991988447284,-2.4517006121234433,0.00013252411736,57,55,4.592390108055994,-1.1000093960645865,-2.4500053575036222
-1.1340764399572922,-2.4517026872810135,0.00013379663869,57,55,4.592390108055994,-1.1000093960645865,-2.4500053575036222
-1.137546067518343,-2.4517030103594353,0.00013353962277,57,55,4.592390108055994,-1.1000093960645865,-2.4500053575036222
-1.1411832813033838,-2.451698449983223,0.00013627132284,57,55,4.592390108055994,-1.1000093960645865,-2.4500053575036222
-1.1448290398842556,-2.451699133418351,0.00013838610903,57,55,4.592390108055994,-1.1000093960645865,-2.4500053575036222
-1.1482940867300149,-2.4517003636015806,0.00013665268489,57,55,4.592390108055994,-1.1000093960645865,-2.4500053575036222
-1.1517302398331672,-2.4516984996875957,0.00013669962937,57,55,4.592390108055994,-1.1000093960645865,-2.4500053575036222
-1.1551750635759774,-2.4517020038458854,0.00013867601228,57,55,4.592390108055994,-1.1000093960645865,-2.4500053575036222
-1.158648290270471,-2.451698959453047,0.00013625691645,57,55,4.592390108055994,-1.1000093960645865,-2.4500053575036222
-1.1620942088545732,-2.451700065375342,0.00013679686526,57,55,4.592390108055994,-1.1000093960645865,-2.4500053575036222
-1.1655223582903476,-2.4516984996875957,0.00013678790128,57,55,4.592390108055994,-1.1000093960645865,-2.4500053575036222
-1.1689453984667606,-2.45170128313248,0.00013431852858,57,55,4.592390108055994,-1.1000093960645865,-2.4500053575036222
-1.1724997692606973,-2.4516991955488185,0.00013332960953,57,55,4.592390108055994,-1.1000093960645865,-2.4500053575036222
-1.1760484393292854,-2.451700525140793,0.00013796785788,57,55,4.592390108055994,-1.1000093960645865,-2.4500053575036222
-1.1794698057828024,-2.4516989346008606,0.00013792920799,57,55,4.592390108055994,-1.1000093960645865,-2.4500053575036222
-1.1828852072389342,-2.4516991085661646,0.00013514689635,57,55,4.592390108055994,-1.1000093960645865,-2.4500053575036222
-1.186312123405208,-2.4516988973225793,0.00013708071492,57,55,4.592390108055994,-1.1000093960645865,-2.4500053575036222
-1.1897631386642917,-2.451700711532192,0.00013290869538,57,55,4.592390108055994,-1.1000093960645865,-2.4500053575036222
-1.1931921815912379,-2.451698189035265,0.00013258305262,57,55,4.592390108055994,-1.1000093960645865,-2.4500053575036222
-1.1966084513697732,-2.4516997050186387,0.00013599815429,57,55,4.592390108055994,-1.1000093960645865,-2.4500053575036222
-1.2000179507504343,-2.451698102052615,0.00013720669085,57,55,4.592390108055994,-1.1000093960645865,-2.4500053575036222
-1.203581445221806,-2.4516982263135465,0.00013575228513,57,55,4.592390108055994,-1.1000093960645865,-2.4500053575036222
-1.2071415419098575,-2.451698760635553,0.00013807191863,57,55,4.592390108055994,-1.1000093960645865,-2.4500053575036222
-1.2105440317893723,-2.451696287843003,0.00013744577882,57,55,4.592390108055994,-1.1000093960645865,-2.4500053575036222
-1.2139270662132815,-2.4517005624190706,0.00013732166553,57,55,4.592390108055994,-1.1000093960645865,-2.4500053575036222
-1.2101808465055688,-2.4486477322627,0.00013621058315,57,55,4.592390108055994,-1.1000093960645865,-2.4500053575036222
-1.2064694477846998,-2.448640351163326,0.00013538470375,57,55,4.592390108055994,-1.1000093960645865,-2.4500053575036222
-1.2026591609848227,-2.4486424511730824,0.0001271316869,57,55,4.592390108055994,-1.1000093960645865,-2.4500053575036222
-1.1989458494377874,-2.448639083701819,0.00012881962175,57,55,4.592390108055994,-1.1000093960645865,-2.4500053575036222
-1.195348591067718,-2.4486418795727944,0.00013393738482,57,55,4.592390108055994,-1.1000093960645865,-2.4500053575036222
-1.1917772565259444,-2.44863777896203,0.00013206267613,57,55,4.592390108055994,-1.1000093960645865,-2.4500053575036222
-1.1881707738033795,-2.448640276606767,0.00013363806647,57,55,4.592390108055994,-1.1000093960645865,-2.4500053575036222
-1.184574207574356,-2.448637642275004,0.00013411202235,57,55,4.592390108055994,-1.1000093960645865,-2.4500053575036222
-1.1810378324476345,-2.4486404257198884,0.00013411110558,57,55,4.592390108055994,-1.1000093960645865,-2.4500053575036222
-1.177497707174879,-2.448641991407631,0.00012413904187,57,55,4.592390108055994,-1.1000093960645865,-2.4500053575036222
-1.173880213117479,-2.448640400867702,0.00012236440671,57,55,4.592390108055994,-1.1000093960645865,-2.4500053575036222
-1.1702135015394626,-2.4486405251286336,0.00013367511565,57,55,4.592390108055994,-1.1000093960645865,-2.4500053575036222
-1.1666554938589355,-2.44864240146871,0.0001327200298,57,55,4.592390108055994,-1.1000093960645865,-2.4500053575036222
-1.1631415189333627,-2.4486401523458357,0.00013543118257,57,55,4.592390108055994,-1.1000093960645865,-2.4500053575036222
-1.159614871534445,-2.448639506188989,0.00013739414862,57,55,4.592390108055994,-1.1000093960645865,-2.4500053575036222
-1.1561012363872045,-2.4486349706649633,0.0001360715105,57,55,4.592390108055994,-1.1000093960645865,-2.4500053575036222
-1.1525876767462597,-2.448639046423541,0.00011527622701,57,55,4.592390108055994,-1.1000093960645865,-2.4500053575036222
-1.1490966934878233,-2.448641394955157,0.00010810545064,57,55,4.592390108055994,-1.1000093960645865,-2.4500053575036222
-1.1456067799019125,-2.4486375304401675,0.00013297385885,57,55,4.592390108055994,-1.1000093960645865,-2.4500053575036222
-1.1419453034270874,-2.448639493762894,0.00013310663053,57,55,4.592390108055994,-1.1000093960645865,-2.4500053575036222
-1.138265831285047,-2.4486369588398795,0.0001335178531,57,55,4.592390108055994,-1.1000093960645865,-2.4500053575036222
-1.1347558581931636,-2.4486392576671228,0.00013275111269,57,55,4.592390108055994,-1.1000093960645865,-2.4500053575036222
-1.1312751186222172,-2.4486364245178693,0.0001336868736,57,55,4.592390108055994,-1.1000093960645865,-2.4500053575036222
-1.1277904023863483,-2.4486384251188773,0.00013260121341,57,55,4.592390108055994,-1.1000093960645865,-2.4500053575036222
-1.1242853372037052,-2.4486420535380984,1.9686553413e-15,57,55,4.592390108055994,-1.1000093960645865,-2.4500053575036222
-1.1208171694310451,-2.4486398292674108,6.6493077611e-05,57,55,4.592390108055994,-1.1000093960645865,-2.4500053575036222
-1.1173627186354933,-2.4486422275034023,6.4594962168e-05,57,55,4.592390108055994,-1.1000093960645865,-2.4500053575036222
-1.1139094130187648,-2.448641668329209,6.5531981818e-05,57,55,4.592390108055994,-1.1000093960645865,-2.4500053575036222
-1.1103332460740463,-2.448639394354149,6.7638946348e-05,57,55,4.592390108055994,-1.1000093960645865,-2.4500053575036222
-1.1067623394012838,-2.448639605597734,6.8275498052e-05,57,55,4.592390108055994,-1.1000093960645865,-2.4500053575036222
-1.1033203597289563,-2.4486377044054715,6.593229773e-05,57,55,4.592390108055994,-1.1000093960645865,-2.4500053575036222
-1.0998784933160723,-2.4486410097462676,6.5834938141e-05,57,55,4.592390108055994,-1.1000093960645865,-2.4500053575036222
-1.0964253009587872,-2.4486403014589535,6.8701599957e-05,57,55,4.592390108055994,-1.1000093960645865,-2.4500053575036222
-1.092953081014909,-2.4486422275034023,6.7958259024e-05,57,55,4.592390108055994,-1.1000093960645865,-2.4500053575036222
-1.0895130267531294,-2.4486390712757276,6.6312211857e-05,57,55,4.592390108055994,-1.1000093960645865,-2.4500053575036222
-1.0860833294382854,-2.4486419044249805,6.777892122e-05,57,55,4.592390108055994,-1.1000093960645865,-2.4500053575036222
-1.082630363599889,-2.4486419789815397,6.5549065766e-05,57,55,4.592390108055994,-1.1000093960645865,-2.4500053575036222
-1.0790359241315377,-2.448643209164769,6.8046996603e-05,57,55,4.592390108055994,-1.1000093960645865,-2.4500053575036222
-1.0754726813478195,-2.4486380150578015,7.0525667979e-05,57,55,4.592390108055994,-1.1000093960645865,-2.4500053575036222
-1.0720423925669897,-2.4486397422847603,7.0003370638e-05,57,55,4.592390108055994,-1.1000093960645865,-2.4500053575036222
-1.0686059248542716,-2.4486413079725065,6.8253946665e-05,57,55,4.592390108055994,-1.1000093960645865,-2.4500053575036222
-1.0651590121039372,-2.448637443457514,6.4279411163e-05,57,55,4.592390108055994,-1.1000093960645865,-2.4500053575036222
-1.061688239364065,-2.4486418547206084,6.3819970819e-05,57,55,4.592390108055994,-1.1000093960645865,-2.4500053575036222
-1.0582645825529031,-2.4486372073617426,6.3562285504e-05,57,55,4.592390108055994,-1.1000093960645865,-2.4500053575036222
-1.0548373517770617,-2.4486399535283456,6.4287036366e-05,57,55,4.592390108055994,-1.1000093960645865,-2.4500053575036222
-1.0513748343922193,-2.4486417304596766,6.7196939199e-05,57,55,4.592390108055994,-1.1000093960645865,-2.4500053575036222
-1.0478187772910048,-2.448640065363182,6.6366410465e-05,57,55,4.592390108055994,-1.1000093960645865,-2.4500053575036222
-1.0443053434938885,-2.4486384126927856,6.665593537e-05,57,55,4.592390108055994,-1.1000093960645865,-2.4500053575036222
-1.0408763257357088,-2.4486395186150802,6.5249201725e-05,57,55,4.592390108055994,-1.1000093960645865,-2.4500053575036222
-1.0374558401889789,-2.4486418919988857,6.658014172e-05,57,55,4.592390108055994,-1.1000093960645865,-2.4500053575036222
-1.0340039566074914,-2.448637182509556,6.2856903241e-05,57,55,4.592390108055994,-1.1000093960645865,-2.4500053575036222
-1.03053984100605,-2.4486398665456917,6.4849082264e-05,57,55,4.592390108055994,-1.1000093960645865,-2.4500053575036222
-1.027124150109115,-2.4486402020502083,6.0463400587e-05,57,55,4.592390108055994,-1.1000093960645865,-2.4500053575036222
-1.0237045958067028,-2.448636971265971,5.8535069153e-12,57,55,4.592390108055994,-1.1000093960645865,-2.4500053575036222
-1.020215978412207,-2.4486372694922096,0.00013323224266,57,55,4.592390108055994,-1.1000093960645865,-2.4500053575036222
-1.0166423031752574,-2.448638996719165,0.00013570397277,57,55,4.592390108055994,-1.1000093960645865,-2.4500053575036222
-1.0131401575693941,-2.4486395186150802,0.00013657212548,57,55,4.592390108055994,-1.1000093960645865,-2.4500053575036222
-1.0170479229974165,-2.4455690806846166,0.00013525475515,57,55,4.592390108055994,-1.1000093960645865,-2.4500053575036222
-1.0209548075186536,-2.4455743617742347,1.9686303538e-15,57,55,4.592390108055994,-1.1000093960645865,-2.4500053575036222
-1.0246609082144205,-2.4455744114786073,4.8536396207e-05,57,55,4.592390108055994,-1.1000093960645865,-2.4500053575036222
-1.028293969153181,-2.4455695404500646,6.6428910941e-05,57,55,4.592390108055994,-1.1000093960645865,-2.4500053575036222
-1.0319095629687975,-2.4455706463723628,6.5498759795e-05,57,55,4.592390108055994,-1.1000093960645865,-2.4500053575036222
-1.0355468522601359,-2.4455698262502086,6.5047162934e-05,57,55,4.592390108055994,-1.1000093960645865,-2.4500053575036222
-1.0391449286150778,-2.445571342233582,6.6398904892e-05,57,55,4.592390108055994,-1.1000093960645865,-2.4500053575036222
-1.042727198985391,-2.4455698262502086,6.7521257733e-05,57,55,4.592390108055994,-1.1000093960645865,-2.4500053575036222
-1.0463356197028868,-2.445570857615948,7.0161258918e-05,57,55,4.592390108055994,-1.1000093960645865,-2.4500053575036222
-1.0500377185649648,-2.44557028601566,6.9593246735e-05,57,55,4.592390108055994,-1.1000093960645865,-2.4500053575036222
-1.053695583321964,-2.4455702114591014,6.6596447141e-05,57,55,4.592390108055994,-1.1000093960645865,-2.4500053575036222
-1.057253553249345,-2.4455723487471355,6.7312408646e-05,57,55,4.592390108055994,-1.1000093960645865,-2.4500053575036222
-1.0607881413937266,-2.4455731315910083,6.3337341999e-05,57,55,4.592390108055994,-1.1000093960645865,-2.4500053575036222
-1.0643747407916762,-2.4455701244764474,6.3122490246e-05,57,55,4.592390108055994,-1.1000093960645865,-2.4500053575036222
-1.067958357690935,-2.4455703978505,6.6844069806e-05,57,55,4.592390108055994,-1.1000093960645865,-2.4500053575036222
-1.071491699981433,-2.445572423303694,6.7819855758e-05,57,55,4.592390108055994,-1.1000093960645865,-2.4500053575036222
-1.075031724579128,-2.44557367833911,6.6703672928e-05,57,55,4.592390108055994,-1.1000093960645865,-2.4500053575036222
-1.0786825546662149,-2.4455711558421833,6.458577991e-05,57,55,4.592390108055994,-1.1000093960645865,-2.4500053575036222
-1.0823841753217525,-2.445573044608355,6.5178443037e-05,57,55,4.592390108055994,-1.1000093960645865,-2.4500053575036222
-1.0859459331483152,-2.4455716901641935,6.3929401222e-05,57,55,4.592390108055994,-1.1000093960645865,-2.4500053575036222
-1.089466024083864,-2.4455730197561683,6.7001972639e-05,57,55,4.592390108055994,-1.1000093960645865,-2.4500053575036222
-1.0929893240369926,-2.4455751073398297,6.6990745836e-05,57,55,4.592390108055994,-1.1000093960645865,-2.4500053575036222
-1.0965417820047643,-2.445575032783271,6.6727901867e-05,57,55,4.592390108055994,-1.1000093960645865,-2.4500053575036222
-1.1000656608394968,-2.4455725475646255,6.3857900386e-05,57,55,4.592390108055994,-1.1000093960645865,-2.4500053575036222
-1.103582744107587,-2.445572323894949,6.4453022787e-05,57,55,4.592390108055994,-1.1000093960645865,-2.4500053575036222
-1.1070968574613693,-2.445570323293938,6.6633750976e-05,57,55,4.592390108055994,-1.1000093960645865,-2.4500053575036222
-1.1107314159416668,-2.4455748712440584,6.3090206822e-05,57,55,4.592390108055994,-1.1000093960645865,-2.4500053575036222
-1.1143552525279317,-2.4455748588179635,6.524536002e-05,57,55,4.592390108055994,-1.1000093960645865,-2.4500053575036222
-1.117848337378274,-2.4455735913564562,6.37016783e-05,57,55,4.592390108055994,-1.1000093960645865,-2.4500053575036222
-1.1213377350044966,-2.4455732682780313,6.5708736656e-05,57,55,4.592390108055994,-1.1000093960645865,-2.4500053575036222
-1.1248432406405322,-2.4455732309997535,8.8293745648e-05,57,55,4.592390108055994,-1.1000093960645865,-2.4500053575036222
-1.128362299656703,-2.4455729327735147,5.4593579989e-05,57,55,4.592390108055994,-1.1000093960645865,-2.4500053575036222
-1.1318458832981302,-2.4455729327735147,2.7149547801e-12,57,55,4.592390108055994,-1.1000093960645865,-2.4500053575036222
-1.1353224448540298,-2.4455732931302174,0.00013766447955,57,55,4.592390108055994,-1.1000093960645865,-2.4500053575036222
-1.1388408368979193,-2.4455729824778873,0.00014003491378,57,55,4.592390108055994,-1.1000093960645865,-2.4500053575036222
-1.142493504304877,-2.4455726221211846,0.00014079223911,57,55,4.592390108055994,-1.1000093960645865,-2.4500053575036222
-1.1460876165792795,-2.445572895495237,0.00013512474834,57,55,4.592390108055994,-1.1000093960645865,-2.4500053575036222
-1.1495317481810436,-2.4455709073203207,1.991040728e-15,57,55,4.592390108055994,-1.1000093960645865,-2.4500053575036222
-1.1529648181104417,-2.445573603782548,0.0001136942592,57,55,4.592390108055994,-1.1000093960645865,-2.4500053575036222
-1.156425875706895,-2.445574249939398,0.00013785489136,57,55,4.592390108055994,-1.1000093960645865,-2.4500053575036222
-1.1598989136356475,-2.445574697278751,0.0001348425576,57,55,4.592390108055994,-1.1000093960645865,-2.4500053575036222
-1.163328724209935,-2.44557171501638,0.00013476029562,57,55,4.592390108055994,-1.1000093960645865,-2.4500053575036222
-1.166757087580215,-2.4455717771468475,0.00013546853734,57,55,4.592390108055994,-1.1000093960645865,-2.4500053575036222
-1.1702264382848457,-2.445573168869286,0.00013608536392,57,55,4.592390108055994,-1.1000093960645865,-2.4500053575036222
-1.1737776755674987,-2.4455730197561683,1.9685359096e-15,57,55,4.592390108055994,-1.1000093960645865,-2.4500053575036222
-1.1772853079642063,-2.445570820337667,0.00010000613111,57,55,4.592390108055994,-1.1000093960645865,-2.4500053575036222
-1.1807005961608947,-2.445572386025413,0.00013828986266,57,55,4.592390108055994,-1.1000093960645865,-2.4500053575036222
-1.1841109890327242,-2.4455726966777434,0.00014072243357,57,55,4.592390108055994,-1.1000093960645865,-2.4500053575036222
-1.1875500113751256,-2.4455714913467035,0.00013964623213,57,55,4.592390108055994,-1.1000093960645865,-2.4500053575036222
-1.1910002212337183,-2.4455721002252693,0.00013818572916,57,55,4.592390108055994,-1.1000093960645865,-2.4500053575036222
-1.1944156604429979,-2.445572671825557,0.00013657854288,57,55,4.592390108055994,-1.1000093960645865,-2.4500053575036222
-1.1978303068361715,-2.445572000816524,1.9686921872e-15,57,55,4.592390108055994,-1.1000093960645865,-2.4500053575036222
-1.2012906471228109,-2.445572883069142,8.2994723925e-05,57,55,4.592390108055994,-1.1000093960645865,-2.4500053575036222
-1.2048570611709626,-2.4455739889914403,0.000133615511,57,55,4.592390108055994,-1.1000093960645865,-2.4500053575036222
-1.208375956590157,-2.4455748712440584,0.00013796467101,57,55,4.592390108055994,-1.1000093960645865,-2.4500053575036222
-1.2117581981979584,-2.445574386626421,0.00013858402963,57,55,4.592390108055994,-1.1000093960645865,-2.4500053575036222
-1.2151334051358487,-2.445570074772075,0.00013535673497,57,55,4.592390108055994,-1.1000093960645865,-2.4500053575036222
-1.211398435866243,-2.442560524698392,0.00013483807561,57,55,4.592390108055994,-1.1000093960645865,-2.4500053575036222
-1.2077167362884687,-2.442560872629,0.00013410222891,57,55,4.592390108055994,-1.1000093960645865,-2.4500053575036222
-1.2039145915841796,-2.4425599779502907,0.00012476547272,57,55,4.592390108055994,-1.1000093960645865,-2.4500053575036222
-1.200139251614973,-2.4425586980626885,6.5123382761e-14,57,55,4.592390108055994,-1.1000093960645865,-2.4500053575036222
-1.1965469892448228,-2.4425581513145866,0.00012386649905,57,55,4.592390108055994,-1.1000093960645865,-2.4500053575036222
-1.1929655997812965,-2.4425584992451945,0.00013856885198,57,55,4.592390108055994,-1.1000093960645865,-2.4500053575036222
-1.1893775657637224,-2.4425585738017572,0.00013515648607,57,55,4.592390108055994,-1.1000093960645865,-2.4500053575036222
-1.1857799550309394,-2.4425602637504347,0.00013765375479,57,55,4.592390108055994,-1.1000093960645865,-2.4500053575036222
-1.1822261127810743,-2.442557604566485,0.0001357182482,57,55,4.592390108055994,-1.1000093960645865,-2.4500053575036222
-1.1786863776241803,-2.4425592945151626,0.00012084387708,57,55,4.592390108055994,-1.1000093960645865,-2.4500053575036222
-1.1751120479993309,-2.442559282089068,1.1195906669e-13,57,55,4.592390108055994,-1.1000093960645865,-2.4500053575036222
-1.1714495270207446,-2.442557753679603,0.00012828080798,57,55,4.592390108055994,-1.1000093960645865,-2.4500053575036222
-1.167841748106765,-2.4425578779405344,0.0001349090453,57,55,4.592390108055994,-1.1000093960645865,-2.4500053575036222
-1.1643322028838925,-2.4425607980724413,0.00013457656314,57,55,4.592390108055994,-1.1000093960645865,-2.4500053575036222
-1.1608349777716513,-2.44256067381151,0.00013452793064,57,55,4.592390108055994,-1.1000093960645865,-2.4500053575036222
-1.1573021891939892,-2.4425626868386128,0.00013541914814,57,55,4.592390108055994,-1.1000093960645865,-2.4500053575036222
-1.1537723327774905,-2.4425584868191033,0.00012518579024,57,55,4.592390108055994,-1.1000093960645865,-2.4500053575036222
-1.1502920588287047,-2.4425569708357298,5.877835111e-13,57,55,4.592390108055994,-1.1000093960645865,-2.4500053575036222
-1.1468026989556301,-2.4425562749745104,0.00013088366541,57,55,4.592390108055994,-1.1000093960645865,-2.4500053575036222
-1.1432089516283261,-2.442559505758748,0.00013400660828,57,55,4.592390108055994,-1.1000093960645865,-2.4500053575036222
-1.1395306498338722,-2.442557666696949,0.00013802267495,57,55,4.592390108055994,-1.1000093960645865,-2.4500053575036222
-1.1359605863147486,-2.442556498644187,0.00013493675215,57,55,4.592390108055994,-1.1000093960645865,-2.4500053575036222
-1.1324731644366068,-2.442556995687916,0.00013154224143,57,55,4.592390108055994,-1.1000093960645865,-2.4500053575036222
-1.1290033355254339,-2.442554672008483,1.9688152188e-15,57,55,4.592390108055994,-1.1000093960645865,-2.4500053575036222
-1.1254997804687108,-2.4425571696532233,7.2207702033e-05,57,55,4.592390108055994,-1.1000093960645865,-2.4500053575036222
-1.1220102821674298,-2.4425548335476956,6.7333232437e-05,57,55,4.592390108055994,-1.1000093960645865,-2.4500053575036222
-1.11856353301407,-2.4425570205401024,6.6858221544e-05,57,55,4.592390108055994,-1.1000093960645865,-2.4500053575036222
-1.1151100260472189,-2.442557318766341,6.5170985181e-05,57,55,4.592390108055994,-1.1000093960645865,-2.4500053575036222
-1.1115705299935952,-2.4425590956976726,6.6655389674e-05,57,55,4.592390108055994,-1.1000093960645865,-2.4500053575036222
-1.107993117194993,-2.4425558524873403,6.738727825e-05,57,55,4.592390108055994,-1.1000093960645865,-2.4500053575036222
-1.104516530470329,-2.4425543116517803,6.5736203396e-05,57,55,4.592390108055994,-1.1000093960645865,-2.4500053575036222
-1.1010746388886803,-2.442557206931501,6.4748855948e-05,57,55,4.592390108055994,-1.1000093960645865,-2.4500053575036222
-1.097635163508503,-2.442554622304111,6.6606538894e-05,57,55,4.592390108055994,-1.1000093960645865,-2.4500053575036222
-1.0941633085117217,-2.4425574554533673,6.6565771704e-05,57,55,4.592390108055994,-1.1000093960645865,-2.4500053575036222
-1.0907088828849345,-2.4425565732007457,6.6785622039e-05,57,55,4.592390108055994,-1.1000093960645865,-2.4500053575036222
-1.0872772224063947,-2.4425582010189593,6.6902102844e-05,57,55,4.592390108055994,-1.1000093960645865,-2.4500053575036222
-1.0838551638118303,-2.4425574430272725,6.7696157203e-05,57,55,4.592390108055994,-1.1000093960645865,-2.4500053575036222
-1.0802873906503534,-2.4425558276351538,6.5823638579e-05,57,55,4.592390108055994,-1.1000093960645865,-2.4500053575036222
-1.0766963112121726,-2.4425555915393824,6.4799402026e-05,57,55,4.592390108055994,-1.1000093960645865,-2.4500053575036222
-1.073238072517437,-2.4425582631494267,6.6155713284e-05,57,55,4.592390108055994,-1.1000093960645865,-2.4500053575036222
-1.0698034672933545,-2.442559791558892,6.729249435e-05,57,55,4.592390108055994,-1.1000093960645865,-2.4500053575036222
-1.0663720207493201,-2.4425615063597554,6.5257103415e-05,57,55,4.592390108055994,-1.1000093960645865,-2.4500053575036222
-1.0629014745283347,-2.4425611211508667,6.0868671426e-05,57,55,4.592390108055994,-1.1000093960645865,-2.4500053575036222
-1.0594612063320499,-2.442558424688636,6.2681283453e-05,57,55,4.592390108055994,-1.1000093960645865,-2.4500053575036222
-1.0560385059339705,-2.4425611211508667,6.4527957875e-05,57,55,4.592390108055994,-1.1000093960645865,-2.4500053575036222
-1.052622034805311,-2.4425580146275605,6.5908505348e-05,57,55,4.592390108055994,-1.1000093960645865,-2.4500053575036222
-1.049067085129772,-2.4425565607746544,6.5538122726e-05,57,55,4.592390108055994,-1.1000093960645865,-2.4500053575036222
-1.0455093668900444,-2.44255728148806,6.6027401772e-05,57,55,4.592390108055994,-1.1000093960645865,-2.4500053575036222
-1.0420880130209107,-2.4425595554631205,6.5408697992e-05,57,55,4.592390108055994,-1.1000093960645865,-2.4500053575036222
-1.0386608955045147,-2.442561270263984,6.646062684e-05,57,55,4.592390108055994,-1.1000093960645865,-2.4500053575036222
-1.035220878995883,-2.442559816411078,6.3991341449e-05,57,55,4.592390108055994,-1.1000093960645865,-2.4500053575036222
-1.0317631436764543,-2.44255719450541,6.2241866544e-05,57,55,4.592390108055994,-1.1000093960645865,-2.4500053575036222
-1.0283352459283315,-2.442557666696949,6.5536107286e-05,57,55,4.592390108055994,-1.1000093960645865,-2.4500053575036222
-1.0249214678575633,-2.4425595554631205,4.2991468945e-06,57,55,4.592390108055994,-1.1000093960645865,-2.4500053575036222
-1.021485012729228,-2.442559108123764,6.0294350988e-05,57,55,4.592390108055994,-1.1000093960645865,-2.4500053575036222
-1.0179133887466534,-2.4425575548621126,7.3439761217e-12,57,55,4.592390108055994,-1.1000093960645865,-2.4500053575036222
-1.0143683807334203,-2.4425603010287125,0.00013626503642,57,55,4.592390108055994,-1.1000093960645865,-2.4500053575036222
-1.0183271506643987,-2.4395491355629106,0.00013734269305,57,55,4.592390108055994,-1.1000093960645865,-2.4500053575036222
-1.0222239550951184,-2.4395436929340804,0.00012941710884,57,55,4.592390108055994,-1.1000093960645865,-2.4500053575036222
-1.025891509826772,-2.439545855074301,1.968610025e-15,57,55,4.592390108055994,-1.1000093960645865,-2.4500053575036222
-1.0295181149772241,-2.439547718988286,6.6436907218e-05,57,55,4.592390108055994,-1.1000093960645865,-2.4500053575036222
-1.0331563103441137,-2.439545109508709,6.7071523517e-05,57,55,4.592390108055994,-1.1000093960645865,-2.4500053575036222
-1.036796229771427,-2.439545208917454,6.3221516029e-05,57,55,4.592390108055994,-1.1000093960645865,-2.4500053575036222
-1.0403845154766544,-2.4395481166232664,6.5474443545e-05,57,55,4.592390108055994,-1.1000093960645865,-2.4500053575036222
-1.043972901856944,-2.4395476444317237,6.6463151597e-05,57,55,4.592390108055994,-1.1000093960645865,-2.4500053575036222
-1.047629684357034,-2.43954778111875,6.599475455e-05,57,55,4.592390108055994,-1.1000093960645865,-2.4500053575036222
-1.05133559628706,-2.4395435065426816,6.5502295911e-05,57,55,4.592390108055994,-1.1000093960645865,-2.4500053575036222
-1.0549494408734865,-2.4395476692839098,6.793592911e-05,57,55,4.592390108055994,-1.1000093960645865,-2.4500053575036222
-1.058507146528831,-2.43954809177108,6.5306223405e-05,57,55,4.592390108055994,-1.1000093960645865,-2.4500053575036222
-1.0620635056552297,-2.4395479550840573,6.6805070674e-05,57,55,4.592390108055994,-1.1000093960645865,-2.4500053575036222
-1.065650180559475,-2.4395467000486413,6.7390610639e-05,57,55,4.592390108055994,-1.1000093960645865,-2.4500053575036222
-1.0692115608545576,-2.439548066918894,6.7296808993e-05,57,55,4.592390108055994,-1.1000093960645865,-2.4500053575036222
-1.0727486029535604,-2.4395454450132257,6.6548556788e-05,57,55,4.592390108055994,-1.1000093960645865,-2.4500053575036222
-1.0762953979491316,-2.4395482533102926,6.599999324e-05,57,55,4.592390108055994,-1.1000093960645865,-2.4500053575036222
-1.0799965278137438,-2.4395457308133697,6.4726467826e-05,57,55,4.592390108055994,-1.1000093960645865,-2.4500053575036222
-1.0836809456181724,-2.4395440532907835,6.7070075602e-05,57,55,4.592390108055994,-1.1000093960645865,-2.4500053575036222
-1.0871949331281283,-2.439547010700972,6.6514563514e-05,57,55,4.592390108055994,-1.1000093960645865,-2.4500053575036222
-1.0907188497160085,-2.4395449603955877,6.8774359534e-05,57,55,4.592390108055994,-1.1000093960645865,-2.4500053575036222
-1.094255929568159,-2.439543854473293,6.8571091106e-05,57,55,4.592390108055994,-1.1000093960645865,-2.4500053575036222
-1.09780970889611,-2.439545494717598,6.7291060986e-05,57,55,4.592390108055994,-1.1000093960645865,-2.4500053575036222
-1.1013259112574134,-2.439542860385835,6.8256784289e-05,57,55,4.592390108055994,-1.1000093960645865,-2.4500053575036222
-1.1048399113517509,-2.4395444633518624,6.667690468e-05,57,55,4.592390108055994,-1.1000093960645865,-2.4500053575036222
-1.108398875445362,-2.439545134360895,6.8463523348e-05,57,55,4.592390108055994,-1.1000093960645865,-2.4500053575036222
-1.1120323139156025,-2.439544314238741,6.871928781e-05,57,55,4.592390108055994,-1.1000093960645865,-2.4500053575036222
-1.1156041518326827,-2.4395433077251916,6.900356675e-05,57,55,4.592390108055994,-1.1000093960645865,-2.4500053575036222
-1.1190987216401806,-2.4395422390811743,6.7083041358e-05,57,55,4.592390108055994,-1.1000093960645865,-2.4500053575036222
-1.1225840041732686,-2.4395451840652678,6.7283675889e-05,57,55,4.592390108055994,-1.1000093960645865,-2.4500053575036222
-1.1261097329122536,-2.4395443515170223,0.00011210405501,57,55,4.592390108055994,-1.1000093960645865,-2.4500053575036222
-1.1296251802105985,-2.439543171038165,7.3058079579e-05,57,55,4.592390108055994,-1.1000093960645865,-2.4500053575036222
-1.1330981678018202,-2.4395429225163023,8.0936857557e-05,57,55,4.592390108055994,-1.1000093960645865,-2.4500053575036222
-1.1365720866373594,-2.4395440657168783,0.00013378447329,57,55,4.592390108055994,-1.1000093960645865,-2.4500053575036222
-1.1401579561411135,-2.439543705360175,0.00013572094031,57,55,4.592390108055994,-1.1000093960645865,-2.4500053575036222
-1.1438063700267305,-2.439544885839029,0.00013574336481,57,55,4.592390108055994,-1.1000093960645865,-2.4500053575036222
-1.1473245355517314,-2.439546637918174,0.00013596459758,57,55,4.592390108055994,-1.1000093960645865,-2.4500053575036222
-1.1507711462768795,-2.439542562159596,0.00013545970432,57,55,4.592390108055994,-1.1000093960645865,-2.4500053575036222
-1.1542003276320336,-2.4395419532810303,0.00013441093324,57,55,4.592390108055994,-1.1000093960645865,-2.4500053575036222
-1.1576769646942306,-2.4395445503345123,0.0001359936432,57,55,4.592390108055994,-1.1000093960645865,-2.4500053575036222
-1.161131163802129,-2.439545482291503,0.0001359108428,57,55,4.592390108055994,-1.1000093960645865,-2.4500053575036222
-1.1645563181548295,-2.439542176950707,0.00013558042701,57,55,4.592390108055994,-1.1000093960645865,-2.4500053575036222
-1.1679856882757227,-2.4395452710479217,0.00013586500427,57,55,4.592390108055994,-1.1000093960645865,-2.4500053575036222
-1.1714984173474101,-2.4395428106814623,0.00013551686425,57,55,4.592390108055994,-1.1000093960645865,-2.4500053575036222
-1.1750495287862361,-2.4395432331686324,0.00013919208141,57,55,4.592390108055994,-1.1000093960645865,-2.4500053575036222
-1.1785117063927466,-2.439543854473293,0.00013803408365,57,55,4.592390108055994,-1.1000093960645865,-2.4500053575036222
-1.1819221621864902,-2.4395434444122177,0.00013678472897,57,55,4.592390108055994,-1.1000093960645865,-2.4500053575036222
-1.1853330961867758,-2.439545966909141,0.00013720996503,57,55,4.592390108055994,-1.1000093960645865,-2.4500053575036222
-1.1887877735012164,-2.439548352719038,0.00013838727318,57,55,4.592390108055994,-1.1000093960645865,-2.4500053575036222
-1.1922281927100926,-2.439543108907701,0.00013544198009,57,55,4.592390108055994,-1.1000093960645865,-2.4500053575036222
-1.1956440849571481,-2.4395451592130817,0.00013724039309,57,55,4.592390108055994,-1.1000093960645865,-2.4500053575036222
-1.1990525901715792,-2.439543854473293,0.00013675290393,57,55,4.592390108055994,-1.1000093960645865,-2.4500053575036222
-1.2025695601802258,-2.439543891751571,0.00013670160843,57,55,4.592390108055994,-1.1000093960645865,-2.4500053575036222
-1.2061334573518439,-2.439547805970936,0.00013452935673,57,55,4.592390108055994,-1.1000093960645865,-2.4500053575036222
-1.2095920735780574,-2.4395474704664197,0.00013691594359,57,55,4.592390108055994,-1.1000093960645865,-2.4500053575036222
-1.2129727547224092,-2.439548489406064,0.00013531628065,57,55,4.592390108055994,-1.1000093960645865,-2.4500053575036222
-1.2163410024966843,-2.4395453580305717,0.00013716828835,57,55,4.592390108055994,-1.1000093960645865,-2.4500053575036222
-1.2126052907485003,-2.436558087942034,0.00013830466196,57,55,4.592390108055994,-1.1000093960645865,-2.4500053575036222
-1.20894280752306,-2.436553229339583,0.00013945564569,57,55,4.592390108055994,-1.1000093960645865,-2.4500053575036222
-1.205209688157705,-2.436551489686533,0.00013867860253,57,55,4.592390108055994,-1.1000093960645865,-2.4500053575036222
-1.201433014243936,-2.436554310409695,0.00013696245151,57,55,4.592390108055994,-1.1000093960645865,-2.4500053575036222
-1.1977909177184194,-2.4365501600945585,0.00013799252338,57,55,4.592390108055994,-1.1000093960645865,-2.4500053575036222
-1.1942097044362523,-2.4365548944360778,0.00013732843217,57,55,4.592390108055994,-1.1000093960645865,-2.4500053575036222
-1.1906366710028178,-2.4365495884942705,0.00013711355859,57,55,4.592390108055994,-1.1000093960645865,-2.4500053575036222
-1.187041476471506,-2.436552744721949,0.00013596736244,57,55,4.592390108055994,-1.1000093960645865,-2.4500053575036222
-1.1834797689824743,-2.436551141755925,0.00013952322479,57,55,4.592390108055994,-1.1000093960645865,-2.4500053575036222
-1.1799439349842074,-2.4365516387996506,0.00013628469605,57,55,4.592390108055994,-1.1000093960645865,-2.4500053575036222
-1.1764195653585514,-2.4365502097989307,0.00013530161232,57,55,4.592390108055994,-1.1000093960645865,-2.4500053575036222
-1.1727604547476667,-2.4365477245802887,0.00013468771067,57,55,4.592390108055994,-1.1000093960645865,-2.4500053575036222
-1.169109901516998,-2.4365512660168562,0.00013468250108,57,55,4.592390108055994,-1.1000093960645865,-2.4500053575036222
-1.1655976632362341,-2.436549352398499,0.00013385286729,57,55,4.592390108055994,-1.1000093960645865,-2.4500053575036222
-1.1620937432324143,-2.4365510796254575,0.00013527917326,57,55,4.592390108055994,-1.1000093960645865,-2.4500053575036222
-1.1585864883671866,-2.4365466310840853,0.0001339976734,57,55,4.592390108055994,-1.1000093960645865,-2.4500053575036222
-1.1550549330590267,-2.436551713356213,0.00013327365741,57,55,4.592390108055994,-1.1000093960645865,-2.4500053575036222
-1.1515631066469512,-2.43654981216395,0.00013336456323,57,55,4.592390108055994,-1.1000093960645865,-2.4500053575036222
-1.1480775220886787,-2.4365511914602975,0.00013210214092,57,55,4.592390108055994,-1.1000093960645865,-2.4500053575036222
-1.1445591426291721,-2.436547823989034,0.00013332908566,57,55,4.592390108055994,-1.1000093960645865,-2.4500053575036222
-1.1408824516357021,-2.4365490168939825,0.00013355663395,57,55,4.592390108055994,-1.1000093960645865,-2.4500053575036222
-1.1372407452260487,-2.43655028435549,0.0001332656102,57,55,4.592390108055994,-1.1000093960645865,-2.4500053575036222
-1.1337580299070233,-2.4365494890855253,0.00013370838133,57,55,4.592390108055994,-1.1000093960645865,-2.4500053575036222
-1.1302822611672318,-2.436549737607388,0.00013267673785,57,55,4.592390108055994,-1.1000093960645865,-2.4500053575036222
-1.1267919322966933,-2.436549066598355,0.00012915072148,57,55,4.592390108055994,-1.1000093960645865,-2.4500053575036222
-1.1232915485044035,-2.4365471902582785,1.0051140692e-12,57,55,4.592390108055994,-1.1000093960645865,-2.4500053575036222
-1.1198373745652697,-2.4365464074144056,6.622546789e-05,57,55,4.592390108055994,-1.1000093960645865,-2.4500053575036222
-1.116390172374134,-2.4365497997378553,6.690256123e-05,57,55,4.592390108055994,-1.1000093960645865,-2.4500053575036222
-1.112900850254209,-2.4365496009203653,6.7030567152e-05,57,55,4.592390108055994,-1.1000093960645865,-2.4500053575036222
-1.109329264024782,-2.4365470162929745,6.6298052843e-05,57,55,4.592390108055994,-1.1000093960645865,-2.4500053575036222
-1.1058033591044414,-2.436546531675337,6.8024732172e-05,57,55,4.592390108055994,-1.1000093960645865,-2.4500053575036222
-1.1023614046008785,-2.436548209197923,6.8397574069e-05,57,55,4.592390108055994,-1.1000093960645865,-2.4500053575036222
-1.0989279823087652,-2.436551676077932,6.7643231887e-05,57,55,4.592390108055994,-1.1000093960645865,-2.4500053575036222
-1.095465590767751,-2.4365488429286786,6.6228254582e-05,57,55,4.592390108055994,-1.1000093960645865,-2.4500053575036222
-1.09199496904047,-2.436549787311764,6.6075204813e-05,57,55,4.592390108055994,-1.1000093960645865,-2.4500053575036222
-1.0885686443401816,-2.436550234651117,6.4522166213e-05,57,55,4.592390108055994,-1.1000093960645865,-2.4500053575036222
-1.0851448239320438,-2.436550731694846,6.5349384386e-05,57,55,4.592390108055994,-1.1000093960645865,-2.4500053575036222
-1.0816456859936379,-2.4365513405734154,6.5941174398e-05,57,55,4.592390108055994,-1.1000093960645865,-2.4500053575036222
-1.0780547827368148,-2.436547152980001,6.6489679739e-05,57,55,4.592390108055994,-1.1000093960645865,-2.4500053575036222
-1.0745419278213006,-2.4365470038668797,6.390253111e-05,57,55,4.592390108055994,-1.1000093960645865,-2.4500053575036222
-1.071111915896891,-2.436551589095278,6.7040826252e-05,57,55,4.592390108055994,-1.1000093960645865,-2.4500053575036222
-1.0676933935138566,-2.4365511914602975,6.6356900788e-05,57,55,4.592390108055994,-1.1000093960645865,-2.4500053575036222
-1.0642269498016226,-2.4365499239987867,6.7160406616e-05,57,55,4.592390108055994,-1.1000093960645865,-2.4500053575036222
-1.060764445001163,-2.436548408015413,6.6718632297e-05,57,55,4.592390108055994,-1.1000093960645865,-2.4500053575036222
-1.0573530579631019,-2.43654938967678,6.5178879595e-05,57,55,4.592390108055994,-1.1000093960645865,-2.4500053575036222
-1.0539327611821108,-2.4365471032756285,6.7606837547e-05,57,55,4.592390108055994,-1.1000093960645865,-2.4500053575036222
-1.0504399531881865,-2.4365521979738474,6.5603540861e-05,57,55,4.592390108055994,-1.1000093960645865,-2.4500053575036222
-1.0468901127720105,-2.436551415129974,6.5775137045e-05,57,55,4.592390108055994,-1.1000093960645865,-2.4500053575036222
-1.0434171377651704,-2.436551116903739,6.5972955781e-05,57,55,4.592390108055994,-1.1000093960645865,-2.4500053575036222
-1.0399946135484488,-2.4365470287190663,6.6004846303e-05,57,55,4.592390108055994,-1.1000093960645865,-2.4500053575036222
-1.0365766071251028,-2.436548805650397,6.7635621235e-05,57,55,4.592390108055994,-1.1000093960645865,-2.4500053575036222
-1.0331243460121355,-2.436548221624018,6.639403e-05,57,55,4.592390108055994,-1.1000093960645865,-2.4500053575036222
-1.0296781631559966,-2.4365496257725514,6.5402535256e-05,57,55,4.592390108055994,-1.1000093960645865,-2.4500053575036222
-1.0262656309391136,-2.436548109789178,3.8138601667e-05,57,55,4.592390108055994,-1.1000093960645865,-2.4500053575036222
-1.022851601180692,-2.436549364824594,3.8021227833e-10,57,55,4.592390108055994,-1.1000093960645865,-2.4500053575036222
-1.0193305412476774,-2.43654950151162,0.00013347135973,57,55,4.592390108055994,-1.1000093960645865,-2.4500053575036222
-1.015761132116452,-2.4365512660168562,0.00013637261873,57,55,4.592390108055994,-1.1000093960645865,-2.4500053575036222
-1.0197447436188154,-2.4335273265272233,0.00013700473937,57,55,4.592390108055994,-1.1000093960645865,-2.4500053575036222
-1.023579481874216,-2.4335278235709525,0.00012989949028,57,55,4.592390108055994,-1.1000093960645865,-2.4500053575036222
-1.0272534294722655,-2.43352850700608,7.5956988366e-14,57,55,4.592390108055994,-1.1000093960645865,-2.4500053575036222
-1.0308809406982689,-2.4335268543356805,6.6881912062e-05,57,55,4.592390108055994,-1.1000093960645865,-2.4500053575036222
-1.0345384027550235,-2.433526369718046,6.7317538196e-05,57,55,4.592390108055994,-1.1000093960645865,-2.4500053575036222
-1.0381561359156954,-2.4335300602677314,6.6375534516e-05,57,55,4.592390108055994,-1.1000093960645865,-2.4500053575036222
-1.0417511416812661,-2.4335282833364005,6.9521309342e-05,57,55,4.592390108055994,-1.1000093960645865,-2.4500053575036222
-1.0453290326864102,-2.4335278111448573,6.660445797e-05,57,55,4.592390108055994,-1.1000093960645865,-2.4500053575036222
-1.0490415514173377,-2.433525735987291,6.5979227656e-05,57,55,4.592390108055994,-1.1000093960645865,-2.4500053575036222
-1.052748570773039,-2.4335302342330354,6.6829437856e-05,57,55,4.592390108055994,-1.1000093960645865,-2.4500053575036222
-1.056308591954793,-2.433528407597332,6.8450550316e-05,57,55,4.592390108055994,-1.1000093960645865,-2.4500053575036222
-1.0598631389300874,-2.4335287431018515,6.8386470957e-05,57,55,4.592390108055994,-1.1000093960645865,-2.4500053575036222
-1.0634352033660563,-2.4335275999012724,6.7682769441e-05,57,55,4.592390108055994,-1.1000093960645865,-2.4500053575036222
-1.0670204939882082,-2.433528656119198,6.4527834184e-05,57,55,4.592390108055994,-1.1000093960645865,-2.4500053575036222
-1.0705658921173027,-2.4335260342135263,6.3354775193e-05,57,55,4.592390108055994,-1.1000093960645865,-2.4500053575036222
-1.0741062942464779,-2.433525947230876,6.3576742832e-05,57,55,4.592390108055994,-1.1000093960645865,-2.4500053575036222
-1.077715948233476,-2.433525586874173,6.4668602135e-05,57,55,4.592390108055994,-1.1000093960645865,-2.4500053575036222
-1.0814200480123974,-2.4335263075875786,6.4440893766e-05,57,55,4.592390108055994,-1.1000093960645865,-2.4500053575036222
-1.0850311869565512,-2.433530793407232,6.6140280978e-05,57,55,4.592390108055994,-1.1000093960645865,-2.4500053575036222
-1.0885496419223533,-2.4335294886674435,6.6150445491e-05,57,55,4.592390108055994,-1.1000093960645865,-2.4500053575036222
-1.0920667000216786,-2.4335285318582667,6.5265921876e-05,57,55,4.592390108055994,-1.1000093960645865,-2.4500053575036222
-1.095620680699752,-2.4335298987285188,6.414019299e-05,57,55,4.592390108055994,-1.1000093960645865,-2.4500053575036222
-1.099162995655094,-2.433527500492527,6.4224448579e-05,57,55,4.592390108055994,-1.1000093960645865,-2.4500053575036222
-1.1026743656134523,-2.4335298738763327,6.5093037847e-05,57,55,4.592390108055994,-1.1000093960645865,-2.4500053575036222
-1.1061882902014941,-2.433526220604925,6.4822772401e-05,57,55,4.592390108055994,-1.1000093960645865,-2.4500053575036222
-1.109796899684731,-2.4335286064148254,6.6222986788e-05,57,55,4.592390108055994,-1.1000093960645865,-2.4500053575036222
-1.1134253547394353,-2.433530308789594,6.6797932959e-05,57,55,4.592390108055994,-1.1000093960645865,-2.4500053575036222
-1.1169469935540521,-2.433530383346157,6.6997374233e-05,57,55,4.592390108055994,-1.1000093960645865,-2.4500053575036222
-1.1204374608528005,-2.4335275626229946,6.6050612077e-05,57,55,4.592390108055994,-1.1000093960645865,-2.4500053575036222
-1.1239371399196612,-2.433527649605645,7.8401062638e-05,57,55,4.592390108055994,-1.1000093960645865,-2.4500053575036222
-1.1274622771926603,-2.433528059666724,4.2462379099e-12,57,55,4.592390108055994,-1.1000093960645865,-2.4500053575036222
-1.1309535498918981,-2.4335301845286628,0.00013735242828,57,55,4.592390108055994,-1.1000093960645865,-2.4500053575036222
-1.1344343901379048,-2.4335289916237146,0.00013709822088,57,55,4.592390108055994,-1.1000093960645865,-2.4500053575036222
-1.13790404286772,-2.4335307561289508,0.00013822894834,57,55,4.592390108055994,-1.1000093960645865,-2.4500053575036222
-1.1415584469194866,-2.4335292028672995,0.000136030867,57,55,4.592390108055994,-1.1000093960645865,-2.4500053575036222
-1.1452036140343729,-2.433528680971384,0.00013770954683,57,55,4.592390108055994,-1.1000093960645865,-2.4500053575036222
-1.148645920900651,-2.4335309425203495,0.00013709372433,57,55,4.592390108055994,-1.1000093960645865,-2.4500053575036222
-1.1520875607946464,-2.433529426536976,0.000136892093,57,55,4.592390108055994,-1.1000093960645865,-2.4500053575036222
-1.155536398955527,-2.433528109371096,0.00013619026868,57,55,4.592390108055994,-1.1000093960645865,-2.4500053575036222
-1.1590035725619567,-2.4335276247534585,0.00013782079623,57,55,4.592390108055994,-1.1000093960645865,-2.4500053575036222
-1.1624438407582416,-2.4335306567202055,0.00013747424236,57,55,4.592390108055994,-1.1000093960645865,-2.4500053575036222
-1.1658758661838784,-2.433532533060282,0.0001360426395,57,55,4.592390108055994,-1.1000093960645865,-2.4500053575036222
-1.1693054754080434,-2.4335288673627833,0.0001349287777,57,55,4.592390108055994,-1.1000093960645865,-2.4500053575036222
-1.1728598965395112,-2.433531178616121,0.00013716514513,57,55,4.592390108055994,-1.1000093960645865,-2.4500053575036222
-1.1764086798675428,-2.4335288797888746,0.00013838494488,57,55,4.592390108055994,-1.1000093960645865,-2.4500053575036222
-1.1798188588048684,-2.43353114133784,0.00013751184451,57,55,4.592390108055994,-1.1000093960645865,-2.4500053575036222
-1.18323199507212,-2.4335314022857975,0.00013595932978,57,55,4.592390108055994,-1.1000093960645865,-2.4500053575036222
-1.1866602074298103,-2.433528109371096,0.00013657157251,57,55,4.592390108055994,-1.1000093960645865,-2.4500053575036222
-1.1901087435655064,-2.433530681572392,0.0001389451354,57,55,4.592390108055994,-1.1000093960645865,-2.4500053575036222
-1.1935348417469078,-2.4335300726938263,0.00013844981731,57,55,4.592390108055994,-1.1000093960645865,-2.4500053575036222
-1.1969494378025487,-2.433530259085222,0.0001394017163,57,55,4.592390108055994,-1.1000093960645865,-2.4500053575036222
-1.200366412306515,-2.4335313277292387,0.00013876003504,57,55,4.592390108055994,-1.1000093960645865,-2.4500053575036222
-1.2039336317551559,-2.4335320484426477,0.00013823482732,57,55,4.592390108055994,-1.1000093960645865,-2.4500053575036222
-1.2074979064582523,-2.4335335271477403,0.00013803176989,57,55,4.592390108055994,-1.1000093960645865,-2.4500053575036222
-1.2108885921868258,-2.4335334401650863,0.00013869690883,57,55,4.592390108055994,-1.1000093960645865,-2.4500053575036222
-1.2142634467620008,-2.4335331916432237,0.00013971906446,57,55,4.592390108055994,-1.1000093960645865,-2.4500053575036222
-1.217656183744949,-2.4335317129381315,0.00013750691141,57,55,4.592390108055994,-1.1000093960645865,-2.4500053575036222
-1.2139082903143417,-2.4304747821709967,0.00013641137048,57,55,4.592390108055994,-1.1000093960645865,-2.4500053575036222
-1.2102285287314984,-2.4304734277268354,0.00013631983893,57,55,4.592390108055994,-1.1000093960645865,-2.4500053575036222
-1.2065510700906852,-2.4304717502042497,0.00013732937805,57,55,4.592390108055994,-1.1000093960645865,-2.4500053575036222
-1.2027812672498523,-2.4304707809689776,0.00013624463463,57,55,4.592390108055994,-1.1000093960645865,-2.4500053575036222
-1.1990733040654518,-2.4304691407246724,0.00013781370944,57,55,4.592390108055994,-1.1000093960645865,-2.4500053575036222
-1.1954955011509867,-2.4304710046386577,0.00013635127107,57,55,4.592390108055994,-1.1000093960645865,-2.4500053575036222
-1.19192933879049,-2.4304727194395213,0.0001359981834,57,55,4.592390108055994,-1.1000093960645865,-2.4500053575036222
-1.1883369002389823,-2.4304724336393773,0.00013634726929,57,55,4.592390108055994,-1.1000093960645865,-2.4500053575036222
-1.1847509174757829,-2.430471427125828,0.00013692381617,57,55,4.592390108055994,-1.1000093960645865,-2.4500053575036222
-1.1812188462079332,-2.430475229510353,0.00013723378652,57,55,4.592390108055994,-1.1000093960645865,-2.4500053575036222
-1.1776896819324818,-2.4304725454742173,0.00013491431309,57,55,4.592390108055994,-1.1000093960645865,-2.4500053575036222
-1.174085300801821,-2.4304732040571557,0.00013700866839,57,55,4.592390108055994,-1.1000093960645865,-2.4500053575036222
-1.1704286818987053,-2.4304725579003086,0.00013748543279,57,55,4.592390108055994,-1.1000093960645865,-2.4500053575036222
-1.1668687236388637,-2.430475440753938,0.00013696543465,57,55,4.592390108055994,-1.1000093960645865,-2.4500053575036222
-1.1633668800581851,-2.4304704951688336,0.00013556014164,57,55,4.592390108055994,-1.1000093960645865,-2.4500053575036222
-1.1598714545126652,-2.4304748691536466,0.00013667275198,57,55,4.592390108055994,-1.1000093960645865,-2.4500053575036222
-1.1563454363328791,-2.430474918858023,0.00013715212117,57,55,4.592390108055994,-1.1000093960645865,-2.4500053575036222
-1.1528361176288953,-2.430470954934285,0.00013734339154,57,55,4.592390108055994,-1.1000093960645865,-2.4500053575036222
-1.1493539056851767,-2.430472769143894,0.0001364073687,57,55,4.592390108055994,-1.1000093960645865,-2.4500053575036222
-1.1458702842906,-2.430475005840673,0.00013745436445,57,55,4.592390108055994,-1.1000093960645865,-2.4500053575036222
-1.1422292700219943,-2.430474819449274,0.000136837014,57,55,4.592390108055994,-1.1000093960645865,-2.4500053575036222
-1.1385555992803627,-2.430471228308334,0.00013742710871,57,55,4.592390108055994,-1.1000093960645865,-2.4500053575036222
-1.135040693110474,-2.4304754531800294,0.00013618973026,57,55,4.592390108055994,-1.1000093960645865,-2.4500053575036222
-1.131559928370763,-2.4304746082056927,0.00013605362619,57,55,4.592390108055994,-1.1000093960645865,-2.4500053575036222
-1.1280871295452806,-2.430470296351343,0.00013324720203,57,55,4.592390108055994,-1.1000093960645865,-2.4500053575036222
-1.1245872868814455,-2.4304725081959364,9.2148809927e-05,57,55,4.592390108055994,-1.1000093960645865,-2.4500053575036222
-1.1211145887310252,-2.4304732910398092,4.0035254642e-05,57,55,4.592390108055994,-1.1000093960645865,-2.4500053575036222
-1.1176683303685888,-2.4304725206220312,6.5210006142e-05,57,55,4.592390108055994,-1.1000093960645865,-2.4500053575036222
-1.114227558796999,-2.4304736389704207,6.4921478042e-05,57,55,4.592390108055994,-1.1000093960645865,-2.4500053575036222
-1.1106584013534266,-2.4304742602750813,6.6059517849e-05,57,55,4.592390108055994,-1.1000093960645865,-2.4500053575036222
-1.1070855818544976,-2.4304704951688336,6.4500258304e-05,57,55,4.592390108055994,-1.1000093960645865,-2.4500053575036222
-1.1036451374768566,-2.4304737880835385,6.5397405706e-05,57,55,4.592390108055994,-1.1000093960645865,-2.4500053575036222
-1.100203422076564,-2.4304726821612403,6.5563792305e-05,57,55,4.592390108055994,-1.1000093960645865,-2.4500053575036222
-1.0967631412958974,-2.430470408186183,6.2637940573e-05,57,55,4.592390108055994,-1.1000093960645865,-2.4500053575036222
-1.0932939290194745,-2.430470731264605,6.2970582803e-05,57,55,4.592390108055994,-1.1000093960645865,-2.4500053575036222
-1.0898524023849245,-2.4304705075949284,6.3236613641e-05,57,55,4.592390108055994,-1.1000093960645865,-2.4500053575036222
-1.0864293999616592,-2.4304701099599444,6.3539118855e-05,57,55,4.592390108055994,-1.1000093960645865,-2.4500053575036222
-1.0829999543344702,-2.4304698987163595,6.3875973865e-05,57,55,4.592390108055994,-1.1000093960645865,-2.4500053575036222
-1.0794096047904849,-2.4304705697253923,6.2970990257e-05,57,55,4.592390108055994,-1.1000093960645865,-2.4500053575036222
-1.0758318773823154,-2.4304704951688336,6.3360930653e-05,57,55,4.592390108055994,-1.1000093960645865,-2.4500053575036222
-1.0724078304552904,-2.4304712158822426,6.229448627e-05,57,55,4.592390108055994,-1.1000093960645865,-2.4500053575036222
-1.068982197896048,-2.4304700851077583,6.4652580477e-05,57,55,4.592390108055994,-1.1000093960645865,-2.4500053575036222
-1.0655453652362312,-2.4304729306831065,6.4132698753e-05,57,55,4.592390108055994,-1.1000093960645865,-2.4500053575036222
-1.0620809476096071,-2.430469588064029,6.5327294578e-05,57,55,4.592390108055994,-1.1000093960645865,-2.4500053575036222
-1.0586531253677818,-2.430470768542886,6.6917513323e-05,57,55,4.592390108055994,-1.1000093960645865,-2.4500053575036222
-1.0552356600728903,-2.4304684324373618,6.7534900154e-05,57,55,4.592390108055994,-1.1000093960645865,-2.4500053575036222
-1.0517960085113571,-2.4304708928038177,6.6888380388e-05,57,55,4.592390108055994,-1.1000093960645865,-2.4500053575036222
-1.048244884488148,-2.430470445464461,6.5838568844e-05,57,55,4.592390108055994,-1.1000093960645865,-2.4500053575036222
-1.0447265679505557,-2.4304715016823866,6.5812579123e-05,57,55,4.592390108055994,-1.1000093960645865,-2.4500053575036222
-1.041306346675862,-2.430469550785751,6.5103224188e-05,57,55,4.592390108055994,-1.1000093960645865,-2.4500053575036222
-1.0378838602122866,-2.4304714892562918,6.5006010118e-05,57,55,4.592390108055994,-1.1000093960645865,-2.4500053575036222
-1.0344512684894291,-2.430469190429045,6.4746534918e-05,57,55,4.592390108055994,-1.1000093960645865,-2.4500053575036222
-1.0309939232858636,-2.4304697496032417,6.2770122895e-05,57,55,4.592390108055994,-1.1000093960645865,-2.4500053575036222
-1.0275840212049576,-2.4304692028551402,6.7135850259e-05,57,55,4.592390108055994,-1.1000093960645865,-2.4500053575036222
-1.0241754278998478,-2.4304690413159276,0.00011230616656,57,55,4.592390108055994,-1.1000093960645865,-2.4500053575036222
-1.0207113248827897,-2.4304700478294805,0.00013236429368,57,55,4.592390108055994,-1.1000093960645865,-2.4500053575036222
-1.0171514295448623,-2.4304694389509116,0.0001318306895,57,55,4.592390108055994,-1.1000093960645865,-2.4500053575036222
-1.021132234729891,-2.4274006164125663,5.8224468376e-05,57,55,4.592390108055994,-1.1000093960645865,-2.4500053575036222
-1.0248938954751374,-2.427399908125252,4.6422614105e-05,57,55,4.592390108055994,-1.1000093960645865,-2.4500053575036222
-1.0285632623578955,-2.4273997093077586,6.8828143412e-05,57,55,4.592390108055994,-1.1000093960645865,-2.4500053575036222
-1.0322087566667324,-2.427397447758793,6.7714710895e-05,57,55,4.592390108055994,-1.1000093960645865,-2.4500053575036222
-1.035863525665596,-2.427399025872634,6.4345571445e-05,57,55,4.592390108055994,-1.1000093960645865,-2.4500053575036222
-1.0394697189473612,-2.4274004300211676,6.8231551268e-05,57,55,4.592390108055994,-1.1000093960645865,-2.4500053575036222
-1.0430583821840687,-2.4274001442210236,6.535204011e-05,57,55,4.592390108055994,-1.1000093960645865,-2.4500053575036222
-1.0466828983269962,-2.4273982554548525,6.7037399276e-05,57,55,4.592390108055994,-1.1000093960645865,-2.4500053575036222
-1.0503981856221107,-2.4273997093077586,6.8629713496e-05,57,55,4.592390108055994,-1.1000093960645865,-2.4500053575036222
-1.0540450893818059,-2.427397497463166,6.7781271355e-05,57,55,4.592390108055994,-1.1000093960645865,-2.4500053575036222
-1.0576024175056702,-2.4273982803070386,6.6797874752e-05,57,55,4.592390108055994,-1.1000093960645865,-2.4500053575036222
-1.0611503954332124,-2.427395819940583,6.6514854552e-05,57,55,4.592390108055994,-1.1000093960645865,-2.4500053575036222
-1.0647420915061416,-2.4274001442210236,6.6824082751e-05,57,55,4.592390108055994,-1.1000093960645865,-2.4500053575036222
-1.0683097891613247,-2.4274001069427427,6.5290165367e-05,57,55,4.592390108055994,-1.1000093960645865,-2.4500053575036222
-1.071852821426477,-2.4273987897768627,6.5805696067e-05,57,55,4.592390108055994,-1.1000093960645865,-2.4500053575036222
-1.075393299061948,-2.4274005045777267,6.7380773544e-05,57,55,4.592390108055994,-1.1000093960645865,-2.4500053575036222
-1.0790623261663739,-2.42740190872626,6.7523316829e-05,57,55,4.592390108055994,-1.1000093960645865,-2.4500053575036222
-1.08275998274137,-2.427396602784456,6.5021165938e-05,57,55,4.592390108055994,-1.1000093960645865,-2.4500053575036222
-1.0863051669359591,-2.4274015732217435,6.3744802901e-05,57,55,4.592390108055994,-1.1000093960645865,-2.4500053575036222
-1.0898279257606347,-2.4274018838740736,6.2614955823e-05,57,55,4.592390108055994,-1.1000093960645865,-2.4500053575036222
-1.0933542082124554,-2.427400082090556,6.0087670136e-05,57,55,4.592390108055994,-1.1000093960645865,-2.4500053575036222
-1.0969055965076997,-2.4273990755770067,6.5426807851e-05,57,55,4.592390108055994,-1.1000093960645865,-2.4500053575036222
-1.1004300416396513,-2.4274001317949288,6.6507243901e-05,57,55,4.592390108055994,-1.1000093960645865,-2.4500053575036222
-1.1039430475677583,-2.4273997217338534,6.5887223172e-05,57,55,4.592390108055994,-1.1000093960645865,-2.4500053575036222
-1.1074702864326633,-2.4274014489608122,6.4156869485e-05,57,55,4.592390108055994,-1.1000093960645865,-2.4500053575036222
-1.111105474132094,-2.4273994732119872,6.6448286816e-05,57,55,4.592390108055994,-1.1000093960645865,-2.4500053575036222
-1.1147109626884286,-2.427404518205837,6.6345142841e-05,57,55,4.592390108055994,-1.1000093960645865,-2.4500053575036222
-1.1182064008183317,-2.4273999951079026,6.7264300014e-05,57,55,4.592390108055994,-1.1000093960645865,-2.4500053575036222
-1.1216934199962287,-2.4274014241086257,6.7155662691e-05,57,55,4.592390108055994,-1.1000093960645865,-2.4500053575036222
-1.1252054569268686,-2.4274005791342854,0.00011563153384,57,55,4.592390108055994,-1.1000093960645865,-2.4500053575036222
-1.1287253716810615,-2.427401585647835,0.00011868399451,57,55,4.592390108055994,-1.1000093960645865,-2.4500053575036222
-1.1322017193024554,-2.427399311672778,0.0001384477946,57,55,4.592390108055994,-1.1000093960645865,-2.4500053575036222
-1.1356767203949039,-2.4274018963001653,0.00013469510304,57,55,4.592390108055994,-1.1000093960645865,-2.4500053575036222
-1.1392136240656967,-2.4274023436395216,0.00013590710296,57,55,4.592390108055994,-1.1000093960645865,-2.4500053575036222
-1.1428607165911326,-2.427399970255716,0.00013752043014,57,55,4.592390108055994,-1.1000093960645865,-2.4500053575036222
-1.1464320511329062,-2.4274005791342854,0.00013665044389,57,55,4.592390108055994,-1.1000093960645865,-2.4500053575036222
-1.149875691943747,-2.427398802202954,0.00013657021918,57,55,4.592390108055994,-1.1000093960645865,-2.4500053575036222
-1.1532991977423173,-2.427398230602666,0.00013856703299,57,55,4.592390108055994,-1.1000093960645865,-2.4500053575036222
-1.1567734941093366,-2.427396304558217,0.00013745675096,57,55,4.592390108055994,-1.1000093960645865,-2.4500053575036222
-1.1602415989600823,-2.427400827656148,0.000135332637,57,55,4.592390108055994,-1.1000093960645865,-2.4500053575036222
-1.163666778481549,-2.4273992495423107,0.00013698407565,57,55,4.592390108055994,-1.1000093960645865,-2.4500053575036222
-1.1670966897308968,-2.427399311672778,0.00013642480189,57,55,4.592390108055994,-1.1000093960645865,-2.4500053575036222
-1.170574283206176,-2.427400355464609,0.00013884727377,57,55,4.592390108055994,-1.1000093960645865,-2.4500053575036222
-1.1741264769019113,-2.4273993986554285,0.00013783093891,57,55,4.592390108055994,-1.1000093960645865,-2.4500053575036222
-1.1776191590520089,-2.427398379715784,0.00013548694551,57,55,4.592390108055994,-1.1000093960645865,-2.4500053575036222
-1.1810350512990662,-2.427398590959369,0.00013579515507,57,55,4.592390108055994,-1.1000093960645865,-2.4500053575036222
-1.1844373398284571,-2.427400454873354,0.00013621334801,57,55,4.592390108055994,-1.1000093960645865,-2.4500053575036222
-1.1878859766392171,-2.4273986530898366,0.00013619777746,57,55,4.592390108055994,-1.1000093960645865,-2.4500053575036222
-1.1913372939234834,-2.4274015607956487,0.00013747571211,57,55,4.592390108055994,-1.1000093960645865,-2.4500053575036222
-1.1947481524174735,-2.4273995229163634,0.00013644572755,57,55,4.592390108055994,-1.1000093960645865,-2.4500053575036222
-1.1981670523319876,-2.4274007282474033,0.00013713880617,57,55,4.592390108055994,-1.1000093960645865,-2.4500053575036222
-1.2016377621499474,-2.427401411682531,0.00014052061306,57,55,4.592390108055994,-1.1000093960645865,-2.4500053575036222
-1.2052040251855043,-2.4273972613673944,0.00013980356744,57,55,4.592390108055994,-1.1000093960645865,-2.4500053575036222
-1.208705038196929,-2.427397348350048,0.00014116302191,57,55,4.592390108055994,-1.1000093960645865,-2.4500053575036222
-1.2120917598449614,-2.427400193925396,0.00013601008686,57,55,4.592390108055994,-1.1000093960645865,-2.4500053575036222
-1.2154711951354278,-2.427396764323665,0.00013983491226,57,55,4.592390108055994,-1.1000093960645865,-2.4500053575036222
-1.2188715960074203,-2.427401871447979,0.00014053152699,57,55,4.592390108055994,-1.1000093960645865,-2.4500053575036222
-1.2151106777407508,-2.42439260717444,0.00013769275392,57,55,4.592390108055994,-1.1000093960645865,-2.4500053575036222
-1.211427732309093,-2.424388581120238,0.00013575475896,57,55,4.592390108055994,-1.1000093960645865,-2.4500053575036222
-1.2078058085489944,-2.424389339111925,0.00013392865367,57,55,4.592390108055994,-1.1000093960645865,-2.4500053575036222
-1.204043820609799,-2.424389475798948,0.00013681508426,57,55,4.592390108055994,-1.1000093960645865,-2.4500053575036222
-1.2002799072600556,-2.4243883698766533,0.00013327146007,57,55,4.592390108055994,-1.1000093960645865,-2.4500053575036222
-1.1967025196302181,-2.424392433209136,0.00013534753816,57,55,4.592390108055994,-1.1000093960645865,-2.4500053575036222
-1.1931297756375865,-2.424388879346474,0.00013404386118,57,55,4.592390108055994,-1.1000093960645865,-2.4500053575036222
-1.1895580509799497,-2.4243910290606028,0.00013695083908,57,55,4.592390108055994,-1.1000093960645865,-2.4500053575036222
-1.1859718291134802,-2.424388133780882,0.00013414068962,57,55,4.592390108055994,-1.1000093960645865,-2.4500053575036222
-1.1824281298760448,-2.424393588835807,0.00013602545368,57,55,4.592390108055994,-1.1000093960645865,-2.4500053575036222
-1.178897291877699,-2.4243927438614663,0.00013644852152,57,55,4.592390108055994,-1.1000093960645865,-2.4500053575036222
-1.175341624892346,-2.4243928432702115,0.00013540220971,57,55,4.592390108055994,-1.1000093960645865,-2.4500053575036222
-1.17168415025121,-2.424389724320814,0.00013533995661,57,55,4.592390108055994,-1.1000093960645865,-2.4500053575036222
-1.168080373170918,-2.4243903953298473,0.00013261385902,57,55,4.592390108055994,-1.1000093960645865,-2.4500053575036222
-1.164577283736354,-2.424389885860027,0.00013471236161,57,55,4.592390108055994,-1.1000093960645865,-2.4500053575036222
-1.1610847903519954,-2.42439229652211,0.00013721242431,57,55,4.592390108055994,-1.1000093960645865,-2.4500053575036222
-1.157565869764036,-2.424391724921822,0.0001375778229,57,55,4.592390108055994,-1.1000093960645865,-2.4500053575036222
-1.154045011181144,-2.4243928556963064,0.00013788389333,57,55,4.592390108055994,-1.1000093960645865,-2.4500053575036222
-1.1505638185724218,-2.4243900722514256,0.00013579675579,57,55,4.592390108055994,-1.1000093960645865,-2.4500053575036222
-1.1470859356563432,-2.42439097935623,0.00013545311231,57,55,4.592390108055994,-1.1000093960645865,-2.4500053575036222
-1.1435150667367284,-2.4243909669301353,0.00013561105879,57,55,4.592390108055994,-1.1000093960645865,-2.4500053575036222
-1.1398428431991046,-2.4243925574700675,0.00013491914433,57,55,4.592390108055994,-1.1000093960645865,-2.4500053575036222
-1.1362577161739256,-2.424388469285398,0.00013465067605,57,55,4.592390108055994,-1.1000093960645865,-2.4500053575036222
-1.132777354134461,-2.4243911036171615,0.0001332948741,57,55,4.592390108055994,-1.1000093960645865,-2.4500053575036222
-1.1293115899788913,-2.4243959870717986,5.7962952269e-06,57,55,4.592390108055994,-1.1000093960645865,-2.4500053575036222
-1.125812288443509,-2.4243913769912107,6.810065679e-05,57,55,4.592390108055994,-1.1000093960645865,-2.4500053575036222
-1.1223208647316782,-2.4243894882250427,6.6160151619e-05,57,55,4.592390108055994,-1.1000093960645865,-2.4500053575036222
-1.1188792248376829,-2.4243932409051956,6.6901142418e-05,57,55,4.592390108055994,-1.1000093960645865,-2.4500053575036222
-1.1154332181629016,-2.4243920977046196,6.4687432314e-05,57,55,4.592390108055994,-1.1000093960645865,-2.4500053575036222
-1.111912397333159,-2.4243932036269142,6.6943597631e-05,57,55,4.592390108055994,-1.1000093960645865,-2.4500053575036222
-1.1083409243631757,-2.4243921722611783,6.4962194301e-05,57,55,4.592390108055994,-1.1000093960645865,-2.4500053575036222
-1.1048548364295963,-2.4243912403041876,6.8050962e-05,57,55,4.592390108055994,-1.1000093960645865,-2.4500053575036222
-1.1014184316387905,-2.4243888917725687,6.5916203312e-05,57,55,4.592390108055994,-1.1000093960645865,-2.4500053575036222
-1.0979857644096374,-2.4243917124957304,6.5082946094e-05,57,55,4.592390108055994,-1.1000093960645865,-2.4500053575036222
-1.0945184020374685,-2.424393290609568,6.3340085035e-05,57,55,4.592390108055994,-1.1000093960645865,-2.4500053575036222
-1.0910622397658725,-2.4243900225470494,6.5243380959e-05,57,55,4.592390108055994,-1.1000093960645865,-2.4500053575036222
-1.0876383941889698,-2.424390084677517,6.2673127104e-05,57,55,4.592390108055994,-1.1000093960645865,-2.4500053575036222
-1.0842205513626,-2.4243933154617543,6.3200357545e-05,57,55,4.592390108055994,-1.1000093960645865,-2.4500053575036222
-1.0806750651428265,-2.424392644452721,6.6635700932e-05,57,55,4.592390108055994,-1.1000093960645865,-2.4500053575036222
-1.0770924927473309,-2.424391165747629,6.2498169427e-05,57,55,4.592390108055994,-1.1000093960645865,-2.4500053575036222
-1.0736236580023897,-2.4243907059821774,6.4142383053e-05,57,55,4.592390108055994,-1.1000093960645865,-2.4500053575036222
-1.0701984658965416,-2.4243911408954424,6.7622488132e-05,57,55,4.592390108055994,-1.1000093960645865,-2.4500053575036222
-1.0667711092768735,-2.4243902089384486,7.0473848609e-05,57,55,4.592390108055994,-1.1000093960645865,-2.4500053575036222
-1.0633071824411728,-2.424392433209136,6.8472167186e-05,57,55,4.592390108055994,-1.1000093960645865,-2.4500053575036222
-1.059868852239819,-2.424390407755942,6.7054650572e-05,57,55,4.592390108055994,-1.1000093960645865,-2.4500053575036222
-1.0564532242647984,-2.4243904201820334,6.7240609496e-05,57,55,4.592390108055994,-1.1000093960645865,-2.4500053575036222
-1.053029340934748,-2.424391227878093,6.8997076596e-05,57,55,4.592390108055994,-1.1000093960645865,-2.4500053575036222
-1.049508117404759,-2.4243917124957304,6.9941976108e-05,57,55,4.592390108055994,-1.1000093960645865,-2.4500053575036222
-1.045956741693898,-2.4243908178170175,6.8242326961e-05,57,55,4.592390108055994,-1.1000093960645865,-2.4500053575036222
-1.0425274974168297,-2.42439260717444,6.6948035965e-05,57,55,4.592390108055994,-1.1000093960645865,-2.4500053575036222
-1.039107540414171,-2.4243931663486364,6.7528904765e-05,57,55,4.592390108055994,-1.1000093960645865,-2.4500053575036222
-1.0356810772856728,-2.4243957634021185,6.7036897235e-05,57,55,4.592390108055994,-1.1000093960645865,-2.4500053575036222
-1.0322308925958465,-2.424391650365263,6.4368563471e-05,57,55,4.592390108055994,-1.1000093960645865,-2.4500053575036222
-1.0288023278754426,-2.424390768112645,6.5449552494e-05,57,55,4.592390108055994,-1.1000093960645865,-2.4500053575036222
-1.0253931179355826,-2.424391762200103,6.7340341047e-05,57,55,4.592390108055994,-1.1000093960645865,-2.4500053575036222
-1.0219881111795341,-2.424390892373576,6.9522255217e-05,57,55,4.592390108055994,-1.1000093960645865,-2.4500053575036222
-1.0184314877811005,-2.424392731435375,2.7222356314e-12,57,55,4.592390108055994,-1.1000093960645865,-2.4500053575036222
-1.0223912896314569,-2.4213978317255966,7.3783616244e-05,57,55,4.592390108055994,-1.1000093960645865,-2.4500053575036222
-1.026142543092235,-2.42140242938009,3.8363190402e-10,57,55,4.592390108055994,-1.1000093960645865,-2.4500053575036222
-1.0298071530783457,-2.4213981920823,6.822834257e-05,57,55,4.592390108055994,-1.1000093960645865,-2.4500053575036222
-1.033475865573206,-2.421401857779802,6.5206826548e-05,57,55,4.592390108055994,-1.1000093960645865,-2.4500053575036222
-1.0371317797508908,-2.4214005281878275,6.5856242145e-05,57,55,4.592390108055994,-1.1000093960645865,-2.4500053575036222
-1.0407286731738634,-2.4214002299615887,6.7035623943e-05,57,55,4.592390108055994,-1.1000093960645865,-2.4500053575036222
-1.0443230874734502,-2.4214030258325643,6.4115098212e-05,57,55,4.592390108055994,-1.1000093960645865,-2.4500053575036222
-1.0480063726834385,-2.4213995465264606,6.7694716563e-05,57,55,4.592390108055994,-1.1000093960645865,-2.4500053575036222
-1.0517220500944162,-2.421400963101089,6.8260313128e-05,57,55,4.592390108055994,-1.1000093960645865,-2.4500053575036222
-1.0553223035475612,-2.4214031625195904,6.6619519203e-05,57,55,4.592390108055994,-1.1000093960645865,-2.4500053575036222
-1.058885709928254,-2.421398030543087,6.6013039032e-05,57,55,4.592390108055994,-1.1000093960645865,-2.4500053575036222
-1.0624518974575152,-2.4213998820309772,6.6516477091e-05,57,55,4.592390108055994,-1.1000093960645865,-2.4500053575036222
-1.0660461607445109,-2.421398030543087,6.4841406129e-05,57,55,4.592390108055994,-1.1000093960645865,-2.4500053575036222
-1.0696038286467056,-2.421400329370334,6.5901767812e-05,57,55,4.592390108055994,-1.1000093960645865,-2.4500053575036222
-1.0731492016070356,-2.421402802162884,6.5872569394e-05,57,55,4.592390108055994,-1.1000093960645865,-2.4500053575036222
-1.0767156785770997,-2.421400316944242,6.5313339292e-05,57,55,4.592390108055994,-1.1000093960645865,-2.4500053575036222
-1.0804227231015657,-2.4214004039268926,6.7126995418e-05,57,55,4.592390108055994,-1.1000093960645865,-2.4500053575036222
-1.084083545188493,-2.4214011867707654,6.3693325501e-05,57,55,4.592390108055994,-1.1000093960645865,-2.4500053575036222
-1.0876052469250224,-2.4214035477284797,6.5012965933e-05,57,55,4.592390108055994,-1.1000093960645865,-2.4500053575036222
-1.0911274520368601,-2.421403473171921,6.6346023232e-05,57,55,4.592390108055994,-1.1000093960645865,-2.4500053575036222
-1.0946764744681619,-2.4214004039268926,6.7335640779e-05,57,55,4.592390108055994,-1.1000093960645865,-2.4500053575036222
-1.0982285800732183,-2.4214009133967167,6.4643871156e-05,57,55,4.592390108055994,-1.1000093960645865,-2.4500053575036222
-1.101743070958481,-2.4214028767194433,7.1178066719e-05,57,55,4.592390108055994,-1.1000093960645865,-2.4500053575036222
-1.1052594620855252,-2.4214019696146387,6.9483423431e-05,57,55,4.592390108055994,-1.1000093960645865,-2.4500053575036222
-1.1088348865516648,-2.421398154804022,6.6839282226e-05,57,55,4.592390108055994,-1.1000093960645865,-2.4500053575036222
-1.112472075167941,-2.421399782622232,6.9127840106e-05,57,55,4.592390108055994,-1.1000093960645865,-2.4500053575036222
-1.1160263452868155,-2.4214025287888354,6.815110828e-05,57,55,4.592390108055994,-1.1000093960645865,-2.4500053575036222
-1.119521280041412,-2.421400329370334,6.5665371949e-05,57,55,4.592390108055994,-1.1000093960645865,-2.4500053575036222
-1.123007493818818,-2.421400167831121,7.0798341767e-05,57,55,4.592390108055994,-1.1000093960645865,-2.4500053575036222
-1.1265374886635267,-2.4214040820504863,4.011729834e-05,57,55,4.592390108055994,-1.1000093960645865,-2.4500053575036222
-1.130039319659824,-2.4214028270150707,2.6538891689e-06,57,55,4.592390108055994,-1.1000093960645865,-2.4500053575036222
-1.1335204996841628,-2.4213999441614447,2.5451494211e-12,57,55,4.592390108055994,-1.1000093960645865,-2.4500053575036222
-1.1369964194365458,-2.421402889145538,0.00013784176554,57,55,4.592390108055994,-1.1000093960645865,-2.4500053575036222
-1.140603028002939,-2.421402280266969,0.0001364757627,57,55,4.592390108055994,-1.1000093960645865,-2.4500053575036222
-1.1442520333545398,-2.421402280266969,0.00013325500186,57,55,4.592390108055994,-1.1000093960645865,-2.4500053575036222
-1.1477492710511623,-2.421405038859667,0.00013570598094,57,55,4.592390108055994,-1.1000093960645865,-2.4500053575036222
-1.1511945855848977,-2.4214036968415975,0.00013426147052,57,55,4.592390108055994,-1.1000093960645865,-2.4500053575036222
-1.154631292400888,-2.42140242938009,0.00013473541185,57,55,4.592390108055994,-1.1000093960645865,-2.4500053575036222
-1.1581071869845063,-2.421402677901953,0.00013707383187,57,55,4.592390108055994,-1.1000093960645865,-2.4500053575036222
-1.161557270999272,-2.4214006897270366,0.0001404939394,57,55,4.592390108055994,-1.1000093960645865,-2.4500053575036222
-1.1649889943997245,-2.4214015471274717,0.00013604831474,57,55,4.592390108055994,-1.1000093960645865,-2.4500053575036222
-1.1684170179916737,-2.421403249502241,0.00013603224943,57,55,4.592390108055994,-1.1000093960645865,-2.4500053575036222
-1.1719472393552695,-2.4214008015618766,0.00013802808826,57,55,4.592390108055994,-1.1000093960645865,-2.4500053575036222
-1.1754992317008823,-2.421403187371777,0.00013654318172,57,55,4.592390108055994,-1.1000093960645865,-2.4500053575036222
-1.1789407205822864,-2.4214025412149267,0.00013653493079,57,55,4.592390108055994,-1.1000093960645865,-2.4500053575036222
-1.1823567764263163,-2.421404554242029,0.00013824808411,57,55,4.592390108055994,-1.1000093960645865,-2.4500053575036222
-1.1857731846330635,-2.4214008264140627,0.00013808754738,57,55,4.592390108055994,-1.1000093960645865,-2.4500053575036222
-1.1892278619475023,-2.4214047654856143,0.0001396870648,57,55,4.592390108055994,-1.1000093960645865,-2.4500053575036222
-1.1926579871313574,-2.4214038956590875,0.0001381245238,57,55,4.592390108055994,-1.1000093960645865,-2.4500053575036222
-1.1960734515094034,-2.4214036968415975,0.0001267016778,57,55,4.592390108055994,-1.1000093960645865,-2.4500053575036222
-1.1994934336808267,-2.421405250103249,3.4190109511e-13,57,55,4.592390108055994,-1.1000093960645865,-2.4500053575036222
-1.2030254923642933,-2.421404392702817,0.00012895680266,57,55,4.592390108055994,-1.1000093960645865,-2.4500053575036222
-1.2065942596920023,-2.4214041566070454,0.0001364050695,57,55,4.592390108055994,-1.1000093960645865,-2.4500053575036222
-1.2100295067196016,-2.421404206311418,0.00013577529171,57,55,4.592390108055994,-1.1000093960645865,-2.4500053575036222
-1.2134143407102338,-2.42140559803386,0.00013675588707,57,55,4.592390108055994,-1.1000093960645865,-2.4500053575036222
-1.216797060524577,-2.421402802162884,0.00013660812692,57,55,4.592390108055994,-1.1000093960645865,-2.4500053575036222
-1.220214639078912,-2.4214029139977242,0.00013690648484,57,55,4.592390108055994,-1.1000093960645865,-2.4500053575036222
-1.2164275956338226,-2.418439365321143,0.00013777268759,57,55,4.592390108055994,-1.1000093960645865,-2.4500053575036222
-1.212770473355402,-2.418436507319703,0.00013965195103,57,55,4.592390108055994,-1.1000093960645865,-2.4500053575036222
-1.209145932043708,-2.418435053466797,0.00013644575665,57,55,4.592390108055994,-1.1000093960645865,-2.4500053575036222
-1.205452428314992,-2.4184316362911606,0.00013736222172,57,55,4.592390108055994,-1.1000093960645865,-2.4500053575036222
-1.201696933917253,-2.4184326055264327,0.00010047080286,57,55,4.592390108055994,-1.1000093960645865,-2.4500053575036222
-1.198053402772112,-2.4184307291863565,1.968673129e-15,57,55,4.592390108055994,-1.1000093960645865,-2.4500053575036222
-1.194483037227804,-2.4184366315806347,4.582176652e-12,57,55,4.592390108055994,-1.1000093960645865,-2.4500053575036222
-1.190925218313016,-2.418433413222492,0.00013875419972,57,55,4.592390108055994,-1.1000093960645865,-2.4500053575036222
-1.1873421299578302,-2.41843345050077,0.00013699388364,57,55,4.592390108055994,-1.1000093960645865,-2.4500053575036222
-1.1837847766652012,-2.41843409665762,0.00013754056999,57,55,4.592390108055994,-1.1000093960645865,-2.4500053575036222
-1.1802579782536904,-2.4184343327533915,0.00013758824207,57,55,4.592390108055994,-1.1000093960645865,-2.4500053575036222
-1.1767384536153624,-2.418432120908795,0.00012881991279,57,55,4.592390108055994,-1.1000093960645865,-2.4500053575036222
-1.1731060218957354,-2.4184316114389746,0.0001135491475,57,55,4.592390108055994,-1.1000093960645865,-2.4500053575036222
-1.1694589167859162,-2.4184328540482953,9.7990006907e-05,57,55,4.592390108055994,-1.1000093960645865,-2.4500053575036222
-1.1659215349085812,-2.4184315990128833,8.5719009803e-05,57,55,4.592390108055994,-1.1000093960645865,-2.4500053575036222
-1.1624485976548908,-2.4184335126312373,8.3339400589e-05,57,55,4.592390108055994,-1.1000093960645865,-2.4500053575036222
-1.1589543424569588,-2.418433127422348,8.0028461525e-05,57,55,4.592390108055994,-1.1000093960645865,-2.4500053575036222
-1.1554293813653174,-2.41843059249933,7.9814992205e-05,57,55,4.592390108055994,-1.1000093960645865,-2.4500053575036222
-1.1519409779053267,-2.418430853447288,8.4363317001e-05,57,55,4.592390108055994,-1.1000093960645865,-2.4500053575036222
-1.1484625790295582,-2.4184310646908727,8.1052450696e-05,57,55,4.592390108055994,-1.1000093960645865,-2.4500053575036222
-1.1449722627434027,-2.4184339226923126,8.3016580902e-05,57,55,4.592390108055994,-1.1000093960645865,-2.4500053575036222
-1.141300177633987,-2.418431139247432,7.7988712292e-05,57,55,4.592390108055994,-1.1000093960645865,-2.4500053575036222
-1.1376430301868,-2.418431412621484,7.6843942225e-05,57,55,4.592390108055994,-1.1000093960645865,-2.4500053575036222
-1.1341691742731748,-2.418433587187796,7.1937392931e-05,57,55,4.592390108055994,-1.1000093960645865,-2.4500053575036222
-1.1306984896239813,-2.4184339599705935,6.7643457442e-05,57,55,4.592390108055994,-1.1000093960645865,-2.4500053575036222
-1.127223387856471,-2.4184346434057216,6.1744860432e-05,57,55,4.592390108055994,-1.1000093960645865,-2.4500053575036222
-1.1237269178071898,-2.4184315120302293,7.5902302342e-05,57,55,4.592390108055994,-1.1000093960645865,-2.4500053575036222
-1.1202738387093483,-2.418433587187796,6.6542859713e-05,57,55,4.592390108055994,-1.1000093960645865,-2.4500053575036222
-1.1168322239841193,-2.4184305055166764,6.5955515311e-05,57,55,4.592390108055994,-1.1000093960645865,-2.4500053575036222
-1.1133658180250312,-2.418433736300914,6.5686457674e-05,57,55,4.592390108055994,-1.1000093960645865,-2.4500053575036222
-1.1097987621733665,-2.4184337114487273,6.804876466e-05,57,55,4.592390108055994,-1.1000093960645865,-2.4500053575036222
-1.1062633057065796,-2.418433413222492,6.8115885369e-05,57,55,4.592390108055994,-1.1000093960645865,-2.4500053575036222
-1.1028269386689216,-2.4184348049449307,6.7930988735e-05,57,55,4.592390108055994,-1.1000093960645865,-2.4500053575036222
-1.0993887343113944,-2.4184323445784752,7.1338668931e-05,57,55,4.592390108055994,-1.1000093960645865,-2.4500053575036222
-1.095943885399818,-2.4184362712239316,6.6578861151e-05,57,55,4.592390108055994,-1.1000093960645865,-2.4500053575036222
-1.092477366181288,-2.4184330652918806,6.8964007369e-05,57,55,4.592390108055994,-1.1000093960645865,-2.4500053575036222
-1.0890559619746234,-2.4184337860052896,6.964810018e-05,57,55,4.592390108055994,-1.1000093960645865,-2.4500053575036222
-1.0856384463422026,-2.418430530368866,7.014820585e-05,57,55,4.592390108055994,-1.1000093960645865,-2.4500053575036222
-1.0821652699852402,-2.418433835709662,7.1144335379e-05,57,55,4.592390108055994,-1.1000093960645865,-2.4500053575036222
-1.0785836036652958,-2.41843561264099,6.8828696385e-05,57,55,4.592390108055994,-1.1000093960645865,-2.4500053575036222
-1.0750486128206678,-2.4184368055459418,7.0085647167e-05,57,55,4.592390108055994,-1.1000093960645865,-2.4500053575036222
-1.0716276868205434,-2.4184323445784752,6.9587214966e-05,57,55,4.592390108055994,-1.1000093960645865,-2.4500053575036222
-1.0682096048909036,-2.4184320836305173,6.8330999056e-05,57,55,4.592390108055994,-1.1000093960645865,-2.4500053575036222
-1.0647600745889754,-2.418433699022636,6.8340174039e-05,57,55,4.592390108055994,-1.1000093960645865,-2.4500053575036222
-1.0613005397028252,-2.4184323197262887,6.6676053393e-05,57,55,4.592390108055994,-1.1000093960645865,-2.4500053575036222
-1.0578865980350824,-2.4184333759442107,6.6394211899e-05,57,55,4.592390108055994,-1.1000093960645865,-2.4500053575036222
-1.0544707938787041,-2.4184337860052896,6.8252869823e-05,57,55,4.592390108055994,-1.1000093960645865,-2.4500053575036222
-1.0510028400405498,-2.418436768267661,6.8219320383e-05,57,55,4.592390108055994,-1.1000093960645865,-2.4500053575036222
-1.0474599462036056,-2.4184356996236436,6.9088047894e-05,57,55,4.592390108055994,-1.1000093960645865,-2.4500053575036222
-1.043975255136503,-2.418433810857476,6.4430743805e-05,57,55,4.592390108055994,-1.1000093960645865,-2.4500053575036222
-1.0405565439877278,-2.4184341090837114,6.5428605012e-05,57,55,4.592390108055994,-1.1000093960645865,-2.4500053575036222
-1.0371482904609521,-2.4184333635181194,6.5472020651e-05,57,55,4.592390108055994,-1.1000093960645865,-2.4500053575036222
-1.0337026739020323,-2.418433301387652,6.5954765887e-05,57,55,4.592390108055994,-1.1000093960645865,-2.4500053575036222
-1.03024901592259,-2.4184343203272967,6.4473279053e-05,57,55,4.592390108055994,-1.1000093960645865,-2.4500053575036222
-1.0268520631714488,-2.4184332889615607,6.5156134951e-05,57,55,4.592390108055994,-1.1000093960645865,-2.4500053575036222
-1.02345012700477,-2.4184339475444987,6.9511421316e-05,57,55,4.592390108055994,-1.1000093960645865,-2.4500053575036222
-1.0199581999176324,-2.418434867075398,7.1934307925e-05,57,55,4.592390108055994,-1.1000093960645865,-2.4500053575036222
-1.0238584650535867,-2.415449684570522,7.0031077485e-05,57,55,4.592390108055994,-1.1000093960645865,-2.4500053575036222
-1.0276081454665322,-2.415448031900122,6.9030946179e-05,57,55,4.592390108055994,-1.1000093960645865,-2.4500053575036222
-1.0312826216086548,-2.415448615926505,6.8791043304e-05,57,55,4.592390108055994,-1.1000093960645865,-2.4500053575036222
-1.0349620056600162,-2.415450554397045,6.5712614742e-05,57,55,4.592390108055994,-1.1000093960645865,-2.4500053575036222
-1.0385921847751463,-2.415447621839047,6.4515661506e-05,57,55,4.592390108055994,-1.1000093960645865,-2.4500053575036222
-1.042198340303762,-2.415449957944571,6.5998530772e-05,57,55,4.592390108055994,-1.1000093960645865,-2.4500053575036222
-1.045807566421749,-2.4154508899015616,6.5270185587e-05,57,55,4.592390108055994,-1.1000093960645865,-2.4500053575036222
-1.0495240869863656,-2.415449175100698,6.6838729254e-05,57,55,4.592390108055994,-1.1000093960645865,-2.4500053575036222
-1.053215363279349,-2.415449957944571,6.7405795562e-05,57,55,4.592390108055994,-1.1000093960645865,-2.4500053575036222
-1.0567879059218583,-2.4154478455087234,6.5021915361e-05,57,55,4.592390108055994,-1.1000093960645865,-2.4500053575036222
-1.060353791425935,-2.415447783378259,6.7409797339e-05,57,55,4.592390108055994,-1.1000093960645865,-2.4500053575036222
-1.0639339224511948,-2.415449523031309,6.74288749e-05,57,55,4.592390108055994,-1.1000093960645865,-2.4500053575036222
-1.0675244355921547,-2.4154520082499547,6.7455002863e-05,57,55,4.592390108055994,-1.1000093960645865,-2.4500053575036222
-1.071070853056244,-2.4154504177100224,6.7932502134e-05,57,55,4.592390108055994,-1.1000093960645865,-2.4500053575036222
-1.0746185918805145,-2.4154508650493756,6.6153814259e-05,57,55,4.592390108055994,-1.1000093960645865,-2.4500053575036222
-1.078252080688286,-2.4154521822152586,6.3783758378e-05,57,55,4.592390108055994,-1.1000093960645865,-2.4500053575036222
-1.0819600564570697,-2.4154471496475036,6.6776148742e-05,57,55,4.592390108055994,-1.1000093960645865,-2.4500053575036222
-1.0855490846408757,-2.415450355579555,6.5702479333e-05,57,55,4.592390108055994,-1.1000093960645865,-2.4500053575036222
-1.089071868634316,-2.4154523686066574,6.5159576479e-05,57,55,4.592390108055994,-1.1000093960645865,-2.4500053575036222
-1.0925983272674946,-2.4154517845802745,6.7415305239e-05,57,55,4.592390108055994,-1.1000093960645865,-2.4500053575036222
-1.0961559951696893,-2.415452393458844,6.7779481469e-05,57,55,4.592390108055994,-1.1000093960645865,-2.4500053575036222
-1.0996850461856988,-2.415450492266581,6.7039269197e-05,57,55,4.592390108055994,-1.1000093960645865,-2.4500053575036222
-1.1032098688491305,-2.415448814743995,7.0135545684e-05,57,55,4.592390108055994,-1.1000093960645865,-2.4500053575036222
-1.1067165070796063,-2.4154477709521642,6.6983629949e-05,57,55,4.592390108055994,-1.1000093960645865,-2.4500053575036222
-1.1103474538420797,-2.415447323612808,6.7733715696e-05,57,55,4.592390108055994,-1.1000093960645865,-2.4500053575036222
-1.1139834595263847,-2.415447746099978,6.845286407e-05,57,55,4.592390108055994,-1.1000093960645865,-2.4500053575036222
-1.1174834406184295,-2.415449299361633,7.129154983e-05,57,55,4.592390108055994,-1.1000093960645865,-2.4500053575036222
-1.1209782872823455,-2.4154495603095905,7.1243004641e-05,57,55,4.592390108055994,-1.1000093960645865,-2.4500053575036222
-1.1244857686664618,-2.4154502934490876,7.0000518463e-05,57,55,4.592390108055994,-1.1000093960645865,-2.4500053575036222
-1.128007281637252,-2.4154475224303016,6.7620734626e-05,57,55,4.592390108055994,-1.1000093960645865,-2.4500053575036222
-1.1315007817722222,-2.415450740788444,6.9694746344e-05,57,55,4.592390108055994,-1.1000093960645865,-2.4500053575036222
-1.1349780480535507,-2.415447857934818,6.6280161263e-05,57,55,4.592390108055994,-1.1000093960645865,-2.4500053575036222
-1.138480860631697,-2.415449100544139,6.8398112489e-05,57,55,4.592390108055994,-1.1000093960645865,-2.4500053575036222
-1.1421336790512457,-2.4154491626746064,6.6412074375e-05,57,55,4.592390108055994,-1.1000093960645865,-2.4500053575036222
-1.1457501160205033,-2.4154506165275125,7.0380126999e-05,57,55,4.592390108055994,-1.1000093960645865,-2.4500053575036222
-1.1491926494056683,-2.4154516230410623,6.9823305239e-05,57,55,4.592390108055994,-1.1000093960645865,-2.4500053575036222
-1.1526348681812661,-2.4154491378224203,7.0596812293e-05,57,55,4.592390108055994,-1.1000093960645865,-2.4500053575036222
-1.156088287057438,-2.415450057353316,7.0048561611e-05,57,55,4.592390108055994,-1.1000093960645865,-2.4500053575036222
-1.159564496250624,-2.4154502313186237,6.5633990744e-05,57,55,4.592390108055994,-1.1000093960645865,-2.4500053575036222
-1.162997528426874,-2.4154487401874363,6.8600093073e-05,57,55,4.592390108055994,-1.1000093960645865,-2.4500053575036222
-1.1664257030314147,-2.4154495603095905,6.8339475547e-05,57,55,4.592390108055994,-1.1000093960645865,-2.4500053575036222
-1.1698830985725113,-2.4154477709521642,6.8615598138e-05,57,55,4.592390108055994,-1.1000093960645865,-2.4500053575036222
-1.1734392437644046,-2.415449063265861,6.872445374e-05,57,55,4.592390108055994,-1.1000093960645865,-2.4500053575036222
-1.1769586299745227,-2.4154487277613415,7.8595221567e-05,57,55,4.592390108055994,-1.1000093960645865,-2.4500053575036222
-1.18037678741046,-2.415449175100698,8.397197962e-05,57,55,4.592390108055994,-1.1000093960645865,-2.4500053575036222
-1.183787318710501,-2.4154485165177597,0.00010313710663,57,55,4.592390108055994,-1.1000093960645865,-2.4500053575036222
-1.1872256237430885,-2.415449895814107,0.00013345148182,57,55,4.592390108055994,-1.1000093960645865,-2.4500053575036222
-1.1906717688460795,-2.415447659117324,0.00013734819368,57,55,4.592390108055994,-1.1000093960645865,-2.4500053575036222
-1.1940939658688539,-2.4154473857432754,0.00013698145631,57,55,4.592390108055994,-1.1000093960645865,-2.4500053575036222
-1.1975115947607182,-2.4154473111867163,0.00013559949002,57,55,4.592390108055994,-1.1000093960645865,-2.4500053575036222
-1.200954203652179,-2.4154478827870043,0.00013057717297,57,55,4.592390108055994,-1.1000093960645865,-2.4500053575036222
-1.2045283193425227,-2.4154474105954615,0.00013500856585,57,55,4.592390108055994,-1.1000093960645865,-2.4500053575036222
-1.2080651097538722,-2.4154466401776835,0.00013481506903,57,55,4.592390108055994,-1.1000093960645865,-2.4500053575036222
-1.211454197265845,-2.4154499082401983,0.0001355199056,57,55,4.592390108055994,-1.1000093960645865,-2.4500053575036222
-1.2148375840524694,-2.415450206466437,0.0001362284529,57,55,4.592390108055994,-1.1000093960645865,-2.4500053575036222
-1.2182384002090898,-2.415448789891809,0.00013719551498,57,55,4.592390108055994,-1.1000093960645865,-2.4500053575036222
-1.2216515868138724,-2.415452231919631,0.00013820859022,57,55,4.592390108055994,-1.1000093960645865,-2.4500053575036222
-1.2178716912981409,-2.4124497025886162,0.00013870350085,57,55,4.592390108055994,-1.1000093960645865,-2.4500053575036222
-1.2141763250807895,-2.4124473540570004,0.00013621004473,57,55,4.592390108055994,-1.1000093960645865,-2.4500053575036222
-1.2105503239807063,-2.412449466492845,0.00013646666775,57,55,4.592390108055994,-1.1000093960645865,-2.4500053575036222
-1.2069239705179078,-2.412449429214567,0.00013822715846,57,55,4.592390108055994,-1.1000093960645865,-2.4500053575036222
-1.2031703008556545,-2.41244782624854,0.00013685890008,57,55,4.592390108055994,-1.1000093960645865,-2.4500053575036222
-1.199462664865203,-2.4124496280320575,0.00013919305638,57,55,4.592390108055994,-1.1000093960645865,-2.4500053575036222
-1.195896527673471,-2.412448534535854,0.00013901054626,57,55,4.592390108055994,-1.1000093960645865,-2.4500053575036222
-1.1923306547537755,-2.412447093109043,0.00011318821635,57,55,4.592390108055994,-1.1000093960645865,-2.4500053575036222
-1.188761069441194,-2.412450112649695,8.4082043031e-05,57,55,4.592390108055994,-1.1000093960645865,-2.4500053575036222
-1.185182888995249,-2.4124487954838116,6.9501700636e-05,57,55,4.592390108055994,-1.1000093960645865,-2.4500053575036222
-1.181656933737377,-2.412449975962669,6.7914981628e-05,57,55,4.592390108055994,-1.1000093960645865,-2.4500053575036222
-1.1781378747212061,-2.4124495286233123,6.8103589001e-05,57,55,4.592390108055994,-1.1000093960645865,-2.4500053575036222
-1.174557353580085,-2.4124501375018816,7.2256189014e-05,57,55,4.592390108055994,-1.1000093960645865,-2.4500053575036222
-1.1709122116339634,-2.412447664709331,7.181779074e-05,57,55,4.592390108055994,-1.1000093960645865,-2.4500053575036222
-1.167342110361692,-2.412447366483092,6.798258255e-05,57,55,4.592390108055994,-1.1000093960645865,-2.4500053575036222
-1.1638465086348144,-2.4124481990313376,6.816824316e-05,57,55,4.592390108055994,-1.1000093960645865,-2.4500053575036222
-1.1603628746558563,-2.4124495659015937,6.4195817686e-05,57,55,4.592390108055994,-1.1000093960645865,-2.4500053575036222
-1.1568429850704296,-2.4124491309883282,6.3134088123e-05,57,55,4.592390108055994,-1.1000093960645865,-2.4500053575036222
-1.1533294505982512,-2.4124464718043788,6.3239720475e-05,57,55,4.592390108055994,-1.1000093960645865,-2.4500053575036222
-1.1498622769918216,-2.4124474658918373,6.2544837419e-05,57,55,4.592390108055994,-1.1000093960645865,-2.4500053575036222
-1.1463874898338788,-2.412448012639939,6.5185107815e-05,57,55,4.592390108055994,-1.1000093960645865,-2.4500053575036222
-1.142781132955139,-2.412449963536574,6.1372615164e-05,57,55,4.592390108055994,-1.1000093960645865,-2.4500053575036222
-1.1391143207020622,-2.412446260560794,6.1975275457e-05,57,55,4.592390108055994,-1.1000093960645865,-2.4500053575036222
-1.135572987328571,-2.4124455025691107,5.7522756833e-05,57,55,4.592390108055994,-1.1000093960645865,-2.4500053575036222
-1.1320985777021064,-2.412447093109043,6.2856764998e-05,57,55,4.592390108055994,-1.1000093960645865,-2.4500053575036222
-1.1286371929117058,-2.412449255249263,5.9524001699e-05,57,55,4.592390108055994,-1.1000093960645865,-2.4500053575036222
-1.1251378158700278,-2.4124445581860248,5.9533984313e-05,57,55,4.592390108055994,-1.1000093960645865,-2.4500053575036222
-1.1216668543644164,-2.4124467327523367,5.9702073486e-05,57,55,4.592390108055994,-1.1000093960645865,-2.4500053575036222
-1.1182248369389394,-2.4124486587967855,5.1010563766e-05,57,55,4.592390108055994,-1.1000093960645865,-2.4500053575036222
-1.114782077034887,-2.412448012639939,7.6293988968e-05,57,55,4.592390108055994,-1.1000093960645865,-2.4500053575036222
-1.1112430717721884,-2.4124494789189397,6.6065673309e-05,57,55,4.592390108055994,-1.1000093960645865,-2.4500053575036222
-1.1076743547820087,-2.4124462854129836,6.5852836997e-05,57,55,4.592390108055994,-1.1000093960645865,-2.4500053575036222
-1.1042197655582489,-2.4124476398571444,6.4878760895e-05,57,55,4.592390108055994,-1.1000093960645865,-2.4500053575036222
-1.1007806425407871,-2.412450584841238,6.5575251938e-05,57,55,4.592390108055994,-1.1000093960645865,-2.4500053575036222
-1.097347887220955,-2.412447080682948,6.820030103e-05,57,55,4.592390108055994,-1.1000093960645865,-2.4500053575036222
-1.0938881006471515,-2.4124497025886162,6.9141809945e-05,57,55,4.592390108055994,-1.1000093960645865,-2.4500053575036222
-1.0904427357758868,-2.4124473416309056,6.7816392402e-05,57,55,4.592390108055994,-1.1000093960645865,-2.4500053575036222
-1.0870260381283385,-2.4124473540570004,6.8166475103e-05,57,55,4.592390108055994,-1.1000093960645865,-2.4500053575036222
-1.083616752682183,-2.4124483605705502,6.8764704338e-05,57,55,4.592390108055994,-1.1000093960645865,-2.4500053575036222
-1.0800442100396737,-2.412447652283236,6.6665539634e-05,57,55,4.592390108055994,-1.1000093960645865,-2.4500053575036222
-1.0764609706718966,-2.4124475031701182,6.4894302341e-05,57,55,4.592390108055994,-1.1000093960645865,-2.4500053575036222
-1.0730261766820712,-2.4124475901527687,6.570014375e-05,57,55,4.592390108055994,-1.1000093960645865,-2.4500053575036222
-1.069603325271399,-2.412448683648975,6.5651416662e-05,57,55,4.592390108055994,-1.1000093960645865,-2.4500053575036222
-1.0661744585258124,-2.412447664709331,6.4447180193e-05,57,55,4.592390108055994,-1.1000093960645865,-2.4500053575036222
-1.062718988395264,-2.412445813221441,6.388888869e-05,57,55,4.592390108055994,-1.1000093960645865,-2.4500053575036222
-1.059290952218933,-2.4124489073186517,6.5928710683e-05,57,55,4.592390108055994,-1.1000093960645865,-2.4500053575036222
-1.0558772496544604,-2.412446384821729,6.5205145802e-05,57,55,4.592390108055994,-1.1000093960645865,-2.4500053575036222
-1.052464730021959,-2.412449255249263,6.4879481215e-05,57,55,4.592390108055994,-1.1000093960645865,-2.4500053575036222
-1.0489239000237727,-2.4124465587870327,6.5229731263e-05,57,55,4.592390108055994,-1.1000093960645865,-2.4500053575036222
-1.0453793198795525,-2.4124461362998626,6.8108791311e-05,57,55,4.592390108055994,-1.1000093960645865,-2.4500053575036222
-1.0419715571437,-2.412447726839795,6.498950097e-05,57,55,4.592390108055994,-1.1000093960645865,-2.4500053575036222
-1.0385590375111986,-2.4124480002138475,6.4425279561e-05,57,55,4.592390108055994,-1.1000093960645865,-2.4500053575036222
-1.035137067007313,-2.4124474161874647,2.0621152626e-15,57,55,4.592390108055994,-1.1000093960645865,-2.4500053575036222
-1.031696270266955,-2.412447080682948,5.726850577e-05,57,55,4.592390108055994,-1.1000093960645865,-2.4500053575036222
-1.0282790692441017,-2.4124464718043788,4.0084489547e-12,57,55,4.592390108055994,-1.1000093960645865,-2.4500053575036222
-1.024877762296558,-2.412448112048684,0.00010128449503,57,55,4.592390108055994,-1.1000093960645865,-2.4500053575036222
-1.021455061898477,-2.4124492055448874,0.00010128114809,57,55,4.592390108055994,-1.1000093960645865,-2.4500053575036222
-1.0252931853528147,-2.409420357748434,0.00013639622193,57,55,4.592390108055994,-1.1000093960645865,-2.4500053575036222
-1.0290389268539872,-2.409419028156459,2.9926501156e-05,57,55,4.592390108055994,-1.1000093960645865,-2.4500053575036222
-1.0327349852123844,-2.4094173754860595,7.3135670391e-05,57,55,4.592390108055994,-1.1000093960645865,-2.4500053575036222
-1.0364134380194279,-2.4094172760773143,6.8020599429e-05,57,55,4.592390108055994,-1.1000093960645865,-2.4500053575036222
-1.040029157678873,-2.4094164808073497,6.9692556281e-05,57,55,4.592390108055994,-1.1000093960645865,-2.4500053575036222
-1.0436356907389688,-2.4094196246089337,6.7108783696e-05,57,55,4.592390108055994,-1.1000093960645865,-2.4500053575036222
-1.0472971797981772,-2.409417922234161,6.8555484177e-05,57,55,4.592390108055994,-1.1000093960645865,-2.4500053575036222
-1.051017739949629,-2.4094164808073497,6.5430387622e-05,57,55,4.592390108055994,-1.1000093960645865,-2.4500053575036222
-1.054650498863205,-2.4094204323049926,7.0923182648e-05,57,55,4.592390108055994,-1.1000093960645865,-2.4500053575036222
-1.0582203610322063,-2.4094146665977374,6.9287285442e-05,57,55,4.592390108055994,-1.1000093960645865,-2.4500053575036222
-1.0617835157252458,-2.4094174127643404,7.0151676482e-05,57,55,4.592390108055994,-1.1000093960645865,-2.4500053575036222
-1.0653792262162471,-2.4094159092070617,6.9271940447e-05,57,55,4.592390108055994,-1.1000093960645865,-2.4500053575036222
-1.0689474020779706,-2.4094173630599682,6.7291242885e-05,57,55,4.592390108055994,-1.1000093960645865,-2.4500053575036222
-1.072499092398399,-2.4094173009295003,6.5237087256e-05,57,55,4.592390108055994,-1.1000093960645865,-2.4500053575036222
-1.0760376823764697,-2.4094172387990365,6.8261135311e-05,57,55,4.592390108055994,-1.1000093960645865,-2.4500053575036222
-1.0797469291679036,-2.409418916321619,6.8107132392e-05,57,55,4.592390108055994,-1.1000093960645865,-2.4500053575036222
-1.083447329138322,-2.4094149772500675,6.7623885116e-05,57,55,4.592390108055994,-1.1000093960645865,-2.4500053575036222
-1.0869681373836833,-2.4094186926519425,6.8475143053e-05,57,55,4.592390108055994,-1.1000093960645865,-2.4500053575036222
-1.0904940674727888,-2.409415784946127,6.8651796028e-05,57,55,4.592390108055994,-1.1000093960645865,-2.4500053575036222
-1.0940330475667226,-2.409417189094664,6.6690343374e-05,57,55,4.592390108055994,-1.1000093960645865,-2.4500053575036222
-1.0975870534135623,-2.4094173009295003,6.4538093284e-05,57,55,4.592390108055994,-1.1000093960645865,-2.4500053575036222
-1.1011072953617025,-2.409415996189712,6.5820910095e-05,57,55,4.592390108055994,-1.1000093960645865,-2.4500053575036222
-1.1046248945894843,-2.4094156731112903,6.8002351327e-05,57,55,4.592390108055994,-1.1000093960645865,-2.4500053575036222
-1.1081765974942943,-2.4094175618774583,6.6637308919e-05,57,55,4.592390108055994,-1.1000093960645865,-2.4500053575036222
-1.1118157618586495,-2.4094189784520865,6.7545988713e-05,57,55,4.592390108055994,-1.1000093960645865,-2.4500053575036222
-1.1153976169443331,-2.409418866617247,7.5395349995e-05,57,55,4.592390108055994,-1.1000093960645865,-2.4500053575036222
-1.1188937723840484,-2.409418630521475,7.3288283602e-05,57,55,4.592390108055994,-1.1000093960645865,-2.4500053575036222
-1.122373819813947,-2.4094176985644844,7.6797856963e-10,57,55,4.592390108055994,-1.1000093960645865,-2.4500053575036222
-1.1259031476863728,-2.409417860103697,0.0001387395896,57,55,4.592390108055994,-1.1000093960645865,-2.4500053575036222
-1.1294248745916686,-2.4094192394000444,0.00013840962492,57,55,4.592390108055994,-1.1000093960645865,-2.4500053575036222
-1.1328961129536999,-2.409417549451367,0.00013690597552,57,55,4.592390108055994,-1.1000093960645865,-2.4500053575036222
-1.1363762736430436,-2.409416729329213,0.00013786512136,57,55,4.592390108055994,-1.1000093960645865,-2.4500053575036222
-1.1399503012427068,-2.409417474894808,0.00013486889657,57,55,4.592390108055994,-1.1000093960645865,-2.4500053575036222
-1.1435994701912837,-2.4094175991557396,0.00013571705495,57,55,4.592390108055994,-1.1000093960645865,-2.4500053575036222
-1.1471355181240546,-2.4094166174943763,0.00013510246936,57,55,4.592390108055994,-1.1000093960645865,-2.4500053575036222
-1.1505827454839548,-2.4094186429475704,0.00013583895634,57,55,4.592390108055994,-1.1000093960645865,-2.4500053575036222
-1.1540120652673187,-2.4094198731308,0.00013468069665,57,55,4.592390108055994,-1.1000093960645865,-2.4500053575036222
-1.1574873180474206,-2.4094141074235442,0.00013513915474,57,55,4.592390108055994,-1.1000093960645865,-2.4500053575036222
-1.1609496970040531,-2.4094153624589603,0.00013666675659,57,55,4.592390108055994,-1.1000093960645865,-2.4500053575036222
-1.1643761349637867,-2.409417549451367,0.00013779896835,57,55,4.592390108055994,-1.1000093960645865,-2.4500053575036222
-1.1678039823743782,-2.409414815710859,0.00013505428797,57,55,4.592390108055994,-1.1000093960645865,-2.4500053575036222
-1.1713073612497436,-2.4094190654347405,0.0001301766606,57,55,4.592390108055994,-1.1000093960645865,-2.4500053575036222
-1.174860171580229,-2.409416729329213,0.00011193300452,57,55,4.592390108055994,-1.1000093960645865,-2.4500053575036222
-1.1783254575292585,-2.4094165180856275,3.9712827856e-05,57,55,4.592390108055994,-1.1000093960645865,-2.4500053575036222
-1.1817411106730438,-2.409414281388848,3.7922040065e-05,57,55,4.592390108055994,-1.1000093960645865,-2.4500053575036222
-1.185148634305626,-2.4094183571474264,6.8737470428e-05,57,55,4.592390108055994,-1.1000093960645865,-2.4500053575036222
-1.1886027956603766,-2.4094197240176785,6.3893072365e-05,57,55,4.592390108055994,-1.1000093960645865,-2.4500053575036222
-1.1920504005517567,-2.409415151215375,7.3439572589e-05,57,55,4.592390108055994,-1.1000093960645865,-2.4500053575036222
-1.195457559237242,-2.4094169281467064,9.283356485e-05,57,55,4.592390108055994,-1.1000093960645865,-2.4500053575036222
-1.1988737283407171,-2.4094173133555956,0.0001155419086,57,55,4.592390108055994,-1.1000093960645865,-2.4500053575036222
-1.2023812097248319,-2.409419786148146,0.00013786584896,57,55,4.592390108055994,-1.1000093960645865,-2.4500053575036222
-1.2059473469165638,-2.409414865415231,0.00013620743994,57,55,4.592390108055994,-1.1000093960645865,-2.4500053575036222
-1.2094130733189858,-2.4094151636414667,0.0001378038869,57,55,4.592390108055994,-1.1000093960645865,-2.4500053575036222
-1.2128045141105195,-2.4094178725297883,0.00013561887317,57,55,4.592390108055994,-1.1000093960645865,-2.4500053575036222
-1.2161796455421123,-2.409416182581111,0.000135994429,57,55,4.592390108055994,-1.1000093960645865,-2.4500053575036222
-1.219600596711003,-2.4094161950072057,0.00013464086805,57,55,4.592390108055994,-1.1000093960645865,-2.4500053575036222
-1.2230115558800534,-2.409416431102977,0.00013915132149,57,55,4.592390108055994,-1.1000093960645865,-2.4500053575036222
-1.219236455014117,-2.4064253462038194,0.00013475067681,57,55,4.592390108055994,-1.1000093960645865,-2.4500053575036222
-1.2155221618852328,-2.406423569272488,0.00013639623648,57,55,4.592390108055994,-1.1000093960645865,-2.4500053575036222
-1.2119037114147504,-2.406426017212852,0.00013650239271,57,55,4.592390108055994,-1.1000093960645865,-2.4500053575036222
-1.2083053707877718,-2.406424600638224,0.00013725123426,57,55,4.592390108055994,-1.1000093960645865,-2.4500053575036222
-1.2045883594322317,-2.406423966907472,0.00013698157272,57,55,4.592390108055994,-1.1000093960645865,-2.4500053575036222
-1.2008459150393194,-2.4064239172030994,0.00010638945969,57,55,4.592390108055994,-1.1000093960645865,-2.4500053575036222
-1.1972475869967223,-2.4064250479775806,3.8502643292e-05,57,55,4.592390108055994,-1.1000093960645865,-2.4500053575036222
-1.1936888745907661,-2.4064236314029555,6.745178689e-05,57,55,4.592390108055994,-1.1000093960645865,-2.4500053575036222
-1.1901342395247931,-2.4064231592114127,5.7242770708e-05,57,55,4.592390108055994,-1.1000093960645865,-2.4500053575036222
-1.1865540833307688,-2.40642496099493,7.7551470895e-05,57,55,4.592390108055994,-1.1000093960645865,-2.4500053575036222
-1.1830131652419054,-2.4064253834820972,7.5145445422e-12,57,55,4.592390108055994,-1.1000093960645865,-2.4500053575036222
-1.17949229407463,-2.4064254704647507,0.00013663576101,57,55,4.592390108055994,-1.1000093960645865,-2.4500053575036222
-1.1759695981718685,-2.40642288583736,0.00013653910719,57,55,4.592390108055994,-1.1000093960645865,-2.4500053575036222
-1.1723264068050614,-2.4064272722482682,0.0001369593665,57,55,4.592390108055994,-1.1000093960645865,-2.4500053575036222
-1.1686961395992526,-2.4064217302106927,0.00013751967344,57,55,4.592390108055994,-1.1000093960645865,-2.4500053575036222
-1.1652031050864395,-2.406422674593775,0.00013893771393,57,55,4.592390108055994,-1.1000093960645865,-2.4500053575036222
-1.1617135564476275,-2.40642288583736,0.00013938345364,57,55,4.592390108055994,-1.1000093960645865,-2.4500053575036222
-1.1582151609877984,-2.40642257518503,0.00013616724755,57,55,4.592390108055994,-1.1000093960645865,-2.4500053575036222
-1.1546988831201976,-2.4064261166215974,0.0001351924584,57,55,4.592390108055994,-1.1000093960645865,-2.4500053575036222
-1.1512248887783627,-2.406426004786761,0.00013569036673,57,55,4.592390108055994,-1.1000093960645865,-2.4500053575036222
-1.1477511461241812,-2.4064210964799373,0.00013905810192,57,55,4.592390108055994,-1.1000093960645865,-2.4500053575036222
-1.1442266632390798,-2.4064213698539865,0.00013828199008,57,55,4.592390108055994,-1.1000093960645865,-2.4500053575036222
-1.1405602914393975,-2.406422401219726,0.00013636604126,57,55,4.592390108055994,-1.1000093960645865,-2.4500053575036222
-1.136945263921,-2.4064229976722,0.00013400835451,57,55,4.592390108055994,-1.1000093960645865,-2.4500053575036222
-1.1334764543448235,-2.4064239420552855,0.00013557722559,57,55,4.592390108055994,-1.1000093960645865,-2.4500053575036222
-1.1300108537862281,-2.40642257518503,0.00013534954633,57,55,4.592390108055994,-1.1000093960645865,-2.4500053575036222
-1.126530227474727,-2.4064231592114127,0.00013438751921,57,55,4.592390108055994,-1.1000093960645865,-2.4500053575036222
-1.123040792095357,-2.4064222645327,0.00013232629863,57,55,4.592390108055994,-1.1000093960645865,-2.4500053575036222
-1.1195941436170607,-2.406423581698583,9.0792222181e-05,57,55,4.592390108055994,-1.1000093960645865,-2.4500053575036222
-1.1161547185744147,-2.406423084654854,3.836290452e-10,57,55,4.592390108055994,-1.1000093960645865,-2.4500053575036222
-1.1126652706106628,-2.406421071627751,6.3092396886e-05,57,55,4.592390108055994,-1.1000093960645865,-2.4500053575036222
-1.1091020781644756,-2.4064231343592266,6.547634257e-05,57,55,4.592390108055994,-1.1000093960645865,-2.4500053575036222
-1.1055884807703829,-2.406423246194063,6.6163054726e-05,57,55,4.592390108055994,-1.1000093960645865,-2.4500053575036222
-1.102156480513511,-2.406422388793631,6.659416249e-05,57,55,4.592390108055994,-1.1000093960645865,-2.4500053575036222
-1.0987365235108522,-2.406420823105885,6.4993735577e-05,57,55,4.592390108055994,-1.1000093960645865,-2.4500053575036222
-1.0952752645642783,-2.406422214828327,6.5688502218e-05,57,55,4.592390108055994,-1.1000093960645865,-2.4500053575036222
-1.0918093871492631,-2.4064254828908456,6.4012616349e-05,57,55,4.592390108055994,-1.1000093960645865,-2.4500053575036222
-1.0883990571993463,-2.406422500628471,6.5052328864e-05,57,55,4.592390108055994,-1.1000093960645865,-2.4500053575036222
-1.0849832404585849,-2.4064213450018004,6.3343140937e-05,57,55,4.592390108055994,-1.1000093960645865,-2.4500053575036222
-1.0814848324143742,-2.4064198538706165,6.3626059273e-05,57,55,4.592390108055994,-1.1000093960645865,-2.4500053575036222
-1.0779023606939386,-2.4064236314029555,6.6157255787e-05,57,55,4.592390108055994,-1.1000093960645865,-2.4500053575036222
-1.0744010834104791,-2.406421071627751,6.5902917413e-05,57,55,4.592390108055994,-1.1000093960645865,-2.4500053575036222
-1.070983605531206,-2.4064236438290467,6.5263717261e-05,57,55,4.592390108055994,-1.1000093960645865,-2.4500053575036222
-1.0675691479037734,-2.4064214816888265,6.581445632e-05,57,55,4.592390108055994,-1.1000093960645865,-2.4500053575036222
-1.0641133002417467,-2.406422102993487,6.5597327193e-05,57,55,4.592390108055994,-1.1000093960645865,-2.4500053575036222
-1.060657402242187,-2.406422898263455,6.9194727985e-05,57,55,4.592390108055994,-1.1000093960645865,-2.4500053575036222
-1.0572559694508166,-2.4064243272641748,6.5951986471e-05,57,55,4.592390108055994,-1.1000093960645865,-2.4500053575036222
-1.0538452871381843,-2.406420661566676,6.6564920417e-05,57,55,4.592390108055994,-1.1000093960645865,-2.4500053575036222
-1.0503603066302805,-2.406426775204539,6.7478424171e-05,57,55,4.592390108055994,-1.1000093960645865,-2.4500053575036222
-1.046817400208953,-2.4064250976819532,6.8851157266e-05,57,55,4.592390108055994,-1.1000093960645865,-2.4500053575036222
-1.0433591740986008,-2.406423295898439,6.6138869443e-05,57,55,4.592390108055994,-1.1000093960645865,-2.4500053575036222
-1.0399445151210458,-2.4064239420552855,6.7123830377e-05,57,55,4.592390108055994,-1.1000093960645865,-2.4500053575036222
-1.0365348269746455,-2.4064237680899785,6.4882595325e-05,57,55,4.592390108055994,-1.1000093960645865,-2.4500053575036222
-1.0330904814383757,-2.406422537906752,7.2065144195e-05,57,55,4.592390108055994,-1.1000093960645865,-2.4500053575036222
-1.0296568703805231,-2.406423743237792,4.0129110857e-05,57,55,4.592390108055994,-1.1000093960645865,-2.4500053575036222
-1.0262621828182623,-2.406423656255142,2.9919458838e-12,57,55,4.592390108055994,-1.1000093960645865,-2.4500053575036222
-1.0228597055231288,-2.406423581698583,0.00013507786207,57,55,4.592390108055994,-1.1000093960645865,-2.4500053575036222
-1.0266800849979048,-2.403414454112067,6.7161941843e-05,57,55,4.592390108055994,-1.1000093960645865,-2.4500053575036222
-1.0304223154563117,-2.403413770676939,6.4112500695e-05,57,55,4.592390108055994,-1.1000093960645865,-2.4500053575036222
-1.034140610418885,-2.403411210901738,4.896338578e-05,57,55,4.592390108055994,-1.1000093960645865,-2.4500053575036222
-1.037805925130423,-2.403412031023889,6.8358320277e-05,57,55,4.592390108055994,-1.1000093960645865,-2.4500053575036222
-1.0414240609913397,-2.403413783103034,6.5863299824e-05,57,55,4.592390108055994,-1.1000093960645865,-2.4500053575036222
-1.0450286308877395,-2.403413770676939,6.7081375164e-05,57,55,4.592390108055994,-1.1000093960645865,-2.4500053575036222
-1.0487466112407453,-2.403412105580448,6.8236528023e-05,57,55,4.592390108055994,-1.1000093960645865,-2.4500053575036222
-1.0524741053870474,-2.4034121180065426,6.8081288191e-05,57,55,4.592390108055994,-1.1000093960645865,-2.4500053575036222
-1.0560497060345448,-2.4034122298413827,6.6232634708e-05,57,55,4.592390108055994,-1.1000093960645865,-2.4500053575036222
-1.0596148238912801,-2.403411931615144,6.5952728619e-05,57,55,4.592390108055994,-1.1000093960645865,-2.4500053575036222
-1.0631954708762281,-2.403411857058585,6.8639688834e-05,57,55,4.592390108055994,-1.1000093960645865,-2.4500053575036222
-1.0667934088029618,-2.403411857058585,6.6806183895e-05,57,55,4.592390108055994,-1.1000093960645865,-2.4500053575036222
-1.070350296473432,-2.4034133978941448,6.6452106694e-05,57,55,4.592390108055994,-1.1000093960645865,-2.4500053575036222
-1.0739010807183091,-2.403412329250128,6.7832457717e-05,57,55,4.592390108055994,-1.1000093960645865,-2.4500053575036222
-1.0775108353803675,-2.4034144665381616,6.6482018156e-05,57,55,4.592390108055994,-1.1000093960645865,-2.4500053575036222
-1.0812180183330435,-2.40341175764984,6.5343549068e-05,57,55,4.592390108055994,-1.1000093960645865,-2.4500053575036222
-1.0848418926724563,-2.403412055876075,6.6357541073e-05,57,55,4.592390108055994,-1.1000093960645865,-2.4500053575036222
-1.0883720007766087,-2.4034137333986614,6.8487432145e-05,57,55,4.592390108055994,-1.1000093960645865,-2.4500053575036222
-1.0918916135056171,-2.4034118819107713,6.7706016125e-05,57,55,4.592390108055994,-1.1000093960645865,-2.4500053575036222
-1.0954565048434637,-2.4034160819302803,6.8074274168e-05,57,55,4.592390108055994,-1.1000093960645865,-2.4500053575036222
-1.099004042317612,-2.403416417434797,6.7247376137e-05,57,55,4.592390108055994,-1.1000093960645865,-2.4500053575036222
-1.1025151354195524,-2.4034160073737216,7.032193389e-05,57,55,4.592390108055994,-1.1000093960645865,-2.4500053575036222
-1.1060346223047344,-2.403414267720668,6.9916015491e-05,57,55,4.592390108055994,-1.1000093960645865,-2.4500053575036222
-1.1096377575815097,-2.403413422746331,6.7800065153e-05,57,55,4.592390108055994,-1.1000093960645865,-2.4500053575036222
-1.113277626671294,-2.4034149138775183,7.4956966273e-05,57,55,4.592390108055994,-1.1000093960645865,-2.4500053575036222
-1.1168039972137938,-2.4034122795457553,7.3816619988e-05,57,55,4.592390108055994,-1.1000093960645865,-2.4500053575036222
-1.1202999261346203,-2.4034163304521434,7.125997945e-05,57,55,4.592390108055994,-1.1000093960645865,-2.4500053575036222
-1.1237979566473508,-2.4034166038261957,9.0936853667e-05,57,55,4.592390108055994,-1.1000093960645865,-2.4500053575036222
-1.1273251451747248,-2.4034163553043295,9.4392547908e-05,57,55,4.592390108055994,-1.1000093960645865,-2.4500053575036222
-1.1308244718788718,-2.403414068903178,9.5882212918e-05,57,55,4.592390108055994,-1.1000093960645865,-2.4500053575036222
-1.1343100690215275,-2.4034144416859755,9.6183808637e-05,57,55,4.592390108055994,-1.1000093960645865,-2.4500053575036222
-1.1377801118672044,-2.4034137955291253,0.00010318227578,57,55,4.592390108055994,-1.1000093960645865,-2.4500053575036222
-1.1414343397376132,-2.4034141558858315,9.9967655842e-05,57,55,4.592390108055994,-1.1000093960645865,-2.4500053575036222
-1.1450868687163611,-2.403414516242534,0.00010686402675,57,55,4.592390108055994,-1.1000093960645865,-2.4500053575036222
-1.148537808469149,-2.403412316824033,0.00010950495925,57,55,4.592390108055994,-1.1000093960645865,-2.4500053575036222
-1.1519806690482632,-2.403414951155796,0.00010931476572,57,55,4.592390108055994,-1.1000093960645865,-2.4500053575036222
-1.1554301867658083,-2.403414553520812,0.00010643215501,57,55,4.592390108055994,-1.1000093960645865,-2.4500053575036222
-1.1589056157272677,-2.4034127268851115,0.00011151674698,57,55,4.592390108055994,-1.1000093960645865,-2.4500053575036222
-1.1623471171930548,-2.4034137333986614,0.00011635362171,57,55,4.592390108055994,-1.1000093960645865,-2.4500053575036222
-1.1657819237672618,-2.4034145038164394,0.00011820825603,57,55,4.592390108055994,-1.1000093960645865,-2.4500053575036222
-1.1692135464926539,-2.4034144665381616,0.00012446950132,57,55,4.592390108055994,-1.1000093960645865,-2.4500053575036222
-1.1727678795334424,-2.403414068903178,0.00013487919932,57,55,4.592390108055994,-1.1000093960645865,-2.4500053575036222
-1.1763218979646637,-2.403414068903178,0.00013789134391,57,55,4.592390108055994,-1.1000093960645865,-2.4500053575036222
-1.1797386837028891,-2.4034119937456113,0.00013943464728,57,55,4.592390108055994,-1.1000093960645865,-2.4500053575036222
-1.1831488626402147,-2.4034137582508475,0.00013871336705,57,55,4.592390108055994,-1.1000093960645865,-2.4500053575036222
-1.1865771882573484,-2.4034145783729985,0.0001389728568,57,55,4.592390108055994,-1.1000093960645865,-2.4500053575036222
-1.1900328849067838,-2.4034149138775183,0.00012951399549,57,55,4.592390108055994,-1.1000093960645865,-2.4500053575036222
-1.1934578379093619,-2.4034166411044735,6.2748498888e-14,57,55,4.592390108055994,-1.1000093960645865,-2.4500053575036222
-1.196878650650041,-2.4034137458247526,6.9359848567e-05,57,55,4.592390108055994,-1.1000093960645865,-2.4500053575036222
-1.200292655239698,-2.403412354102314,6.8338304118e-05,57,55,4.592390108055994,-1.1000093960645865,-2.4500053575036222
-1.2038700932070645,-2.4034118943368625,0.00010185478459,57,55,4.592390108055994,-1.1000093960645865,-2.4500053575036222
-1.2074356515171942,-2.4034151126950087,0.00013708008919,57,55,4.592390108055994,-1.1000093960645865,-2.4500053575036222
-1.2108322393212367,-2.4034147647643973,0.00013666214363,57,55,4.592390108055994,-1.1000093960645865,-2.4500053575036222
-1.21421990479797,-2.40341666595666,0.00013608687732,57,55,4.592390108055994,-1.1000093960645865,-2.4500053575036222
-1.2176205070200847,-2.4034150257123548,0.0001352061372,57,55,4.592390108055994,-1.1000093960645865,-2.4500053575036222
-1.2210409296449005,-2.403416491991356,0.00013565957488,57,55,4.592390108055994,-1.1000093960645865,-2.4500053575036222
-1.2244291110813221,-2.4034163553043295,0.00013689068146,57,55,4.592390108055994,-1.1000093960645865,-2.4500053575036222
-1.2206718171168616,-2.400414608817191,0.00013637839584,57,55,4.592390108055994,-1.1000093960645865,-2.4500053575036222
-1.2169459589403062,-2.4004125833639938,0.00013547837443,57,55,4.592390108055994,-1.1000093960645865,-2.4500053575036222
-1.2133168494977038,-2.4004116265548165,0.00013715239766,57,55,4.592390108055994,-1.1000093960645865,-2.4500053575036222
-1.209714645465246,-2.400412247859477,0.0001320404117,57,55,4.592390108055994,-1.1000093960645865,-2.4500053575036222
-1.2060660553982732,-2.4004113034763916,3.7858975702e-05,57,55,4.592390108055994,-1.1000093960645865,-2.4500053575036222
-1.202322201554501,-2.400415031304358,6.6042564868e-05,57,55,4.592390108055994,-1.1000093960645865,-2.4500053575036222
-1.1986568239210489,-2.400415727165581,1.6738466002e-05,57,55,4.592390108055994,-1.1000093960645865,-2.4500053575036222
-1.1951020126737197,-2.4004123099899446,6.6117484751e-12,57,55,4.592390108055994,-1.1000093960645865,-2.4500053575036222
-1.1915531915925384,-2.400414596391096,0.00013503532682,57,55,4.592390108055994,-1.1000093960645865,-2.4500053575036222
-1.187975300587396,-2.4004125957900886,0.00013506888354,57,55,4.592390108055994,-1.1000093960645865,-2.4500053575036222
-1.184408446085852,-2.4004121608768267,0.00013643593411,57,55,4.592390108055994,-1.1000093960645865,-2.4500053575036222
-1.1808958680267558,-2.4004142111822073,0.00012387722381,57,55,4.592390108055994,-1.1000093960645865,-2.4500053575036222
-1.1773792252120583,-2.400415068582639,8.2544393081e-05,57,55,4.592390108055994,-1.1000093960645865,-2.4500053575036222
-1.1737806706505742,-2.4004097377886486,7.3442366556e-05,57,55,4.592390108055994,-1.1000093960645865,-2.4500053575036222
-1.170145168341576,-2.4004145218345374,6.8754947279e-05,57,55,4.592390108055994,-1.1000093960645865,-2.4500053575036222
-1.166605483522213,-2.4004142484604847,6.9228794018e-05,57,55,4.592390108055994,-1.1000093960645865,-2.4500053575036222
-1.163113946550937,-2.4004139502342494,6.7144770583e-05,57,55,4.592390108055994,-1.1000093960645865,-2.4500053575036222
-1.1596263610758206,-2.4004103590933092,6.6663465986e-05,57,55,4.592390108055994,-1.1000093960645865,-2.4500053575036222
-1.1561132167195036,-2.4004142360343934,6.7222317739e-05,57,55,4.592390108055994,-1.1000093960645865,-2.4500053575036222
-1.152619364221818,-2.4004141614778347,6.764606951e-05,57,55,4.592390108055994,-1.1000093960645865,-2.4500053575036222
-1.1491473959655933,-2.400411974485428,6.6654327384e-05,57,55,4.592390108055994,-1.1000093960645865,-2.4500053575036222
-1.1456720047572817,-2.4004127697553925,6.6776039603e-05,57,55,4.592390108055994,-1.1000093960645865,-2.4500053575036222
-1.1420326516271875,-2.4004123721204085,6.7591732659e-05,57,55,4.592390108055994,-1.1000093960645865,-2.4500053575036222
-1.1383702942455756,-2.400410533058613,6.7421635322e-05,57,55,4.592390108055994,-1.1000093960645865,-2.4500053575036222
-1.1348705396724175,-2.4004120490419867,6.9630688813e-05,57,55,4.592390108055994,-1.1000093960645865,-2.4500053575036222
-1.1313992887260031,-2.4004141241995534,7.1192036557e-05,57,55,4.592390108055994,-1.1000093960645865,-2.4500053575036222
-1.1279350850338845,-2.4004119123549605,6.9538989919e-05,57,55,4.592390108055994,-1.1000093960645865,-2.4500053575036222
-1.1244453350449484,-2.4004142236082986,7.0259840868e-05,57,55,4.592390108055994,-1.1000093960645865,-2.4500053575036222
-1.1209833210354125,-2.400411378032954,6.7281900556e-05,57,55,4.592390108055994,-1.1000093960645865,-2.4500053575036222
-1.1175466897257198,-2.4004138135472233,6.7792614573e-05,57,55,4.592390108055994,-1.1000093960645865,-2.4500053575036222
-1.1141085105369573,-2.4004117383896566,6.7031352955e-05,57,55,4.592390108055994,-1.1000093960645865,-2.4500053575036222
-1.1105464129320624,-2.400414745504214,6.5454209107e-05,57,55,4.592390108055994,-1.1000093960645865,-2.4500053575036222
-1.1069830443045172,-2.400412036615892,6.5146334236e-05,57,55,4.592390108055994,-1.1000093960645865,-2.4500053575036222
-1.1035520507982604,-2.400413105259909,6.6276494181e-05,57,55,4.592390108055994,-1.1000093960645865,-2.4500053575036222
-1.1001186033373807,-2.4004148324868675,6.7567227234e-05,57,55,4.592390108055994,-1.1000093960645865,-2.4500053575036222
-1.0966832556347192,-2.400414310590952,6.8914683652e-05,57,55,4.592390108055994,-1.1000093960645865,-2.4500053575036222
-1.0932223868040067,-2.4004136520080106,6.7257977207e-05,57,55,4.592390108055994,-1.1000093960645865,-2.4500053575036222
-1.0897927649954602,-2.400414186330021,6.8245317379e-05,57,55,4.592390108055994,-1.1000093960645865,-2.4500053575036222
-1.0863724178769383,-2.400409650805995,6.94056871e-05,57,55,4.592390108055994,-1.1000093960645865,-2.4500053575036222
-1.0829436266376473,-2.400412073894173,6.9813249866e-05,57,55,4.592390108055994,-1.1000093960645865,-2.4500053575036222
-1.0793609661514727,-2.4004136520080106,6.9124303991e-05,57,55,4.592390108055994,-1.1000093960645865,-2.4500053575036222
-1.075794690531531,-2.4004143478692335,6.8159090006e-05,57,55,4.592390108055994,-1.1000093960645865,-2.4500053575036222
-1.0723757780326353,-2.400414583965005,6.8099718192e-05,57,55,4.592390108055994,-1.1000093960645865,-2.4500053575036222
-1.068953681684923,-2.4004124466769707,7.1247297456e-05,57,55,4.592390108055994,-1.1000093960645865,-2.4500053575036222
-1.0655234558260076,-2.400411825372307,6.7707187554e-05,57,55,4.592390108055994,-1.1000093960645865,-2.4500053575036222
-1.0620643236401022,-2.400411378032954,6.6107182647e-05,57,55,4.592390108055994,-1.1000093960645865,-2.4500053575036222
-1.0586489599371183,-2.4004140496429947,6.5982894739e-05,57,55,4.592390108055994,-1.1000093960645865,-2.4500053575036222
-1.0552356349041256,-2.400412123598546,6.7459302954e-05,57,55,4.592390108055994,-1.1000093960645865,-2.4500053575036222
-1.0518052706170005,-2.4004110425284337,6.6448708822e-05,57,55,4.592390108055994,-1.1000093960645865,-2.4500053575036222
-1.0482630689211039,-2.400409799919113,6.9355155574e-05,57,55,4.592390108055994,-1.1000093960645865,-2.4500053575036222
-1.0447494086050988,-2.400413577451452,6.9060646638e-05,57,55,4.592390108055994,-1.1000093960645865,-2.4500053575036222
-1.0413388647206763,-2.4004141987561125,6.9225832704e-05,57,55,4.592390108055994,-1.1000093960645865,-2.4500053575036222
-1.0379260304786073,-2.4004113283285813,7.0316818892e-05,57,55,4.592390108055994,-1.1000093960645865,-2.4500053575036222
-1.0344980572241906,-2.400413391060053,6.8448942329e-05,57,55,4.592390108055994,-1.1000093960645865,-2.4500053575036222
-1.0310535858440943,-2.400412260285572,6.6806940595e-05,57,55,4.592390108055994,-1.1000093960645865,-2.4500053575036222
-1.0276516119242691,-2.4004124466769707,6.3452265749e-05,57,55,4.592390108055994,-1.1000093960645865,-2.4500053575036222
-1.0242529476970839,-2.4004120490419867,6.5764259489e-05,57,55,4.592390108055994,-1.1000093960645865,-2.4500053575036222
-1.0280713262550163,-2.3973608964081987,6.6708344093e-05,57,55,4.592390108055994,-1.1000093960645865,-2.4500053575036222
-1.0318280916754037,-2.3973597407815315,6.6323169449e-05,57,55,4.592390108055994,-1.1000093960645865,-2.4500053575036222
-1.0355519237663509,-2.397358908233286,6.7024964665e-05,57,55,4.592390108055994,-1.1000093960645865,-2.4500053575036222
-1.0392031439693008,-2.397357330119445,6.6504784627e-05,57,55,4.592390108055994,-1.1000093960645865,-2.4500053575036222
-1.0428255333515597,-2.397358995215936,6.6585060267e-05,57,55,4.592390108055994,-1.1000093960645865,-2.4500053575036222
-1.0464730034084742,-2.397362959139674,6.7714092438e-05,57,55,4.592390108055994,-1.1000093960645865,-2.4500053575036222
-1.0502074315496268,-2.397359069772495,6.7770874011e-05,57,55,4.592390108055994,-1.1000093960645865,-2.4500053575036222
-1.0538786105834894,-2.3973615674172355,6.8390734668e-05,57,55,4.592390108055994,-1.1000093960645865,-2.4500053575036222
-1.0574566022636938,-2.397360362086192,6.9854577305e-05,57,55,4.592390108055994,-1.1000093960645865,-2.4500053575036222
-1.0610213174201844,-2.397360536051496,6.7864239099e-05,57,55,4.592390108055994,-1.1000093960645865,-2.4500053575036222
-1.0646255475382522,-2.3973608094255487,6.8209687015e-05,57,55,4.592390108055994,-1.1000093960645865,-2.4500053575036222
-1.0682120714299062,-2.397359405277015,6.8239998654e-05,57,55,4.592390108055994,-1.1000093960645865,-2.4500053575036222
-1.071768443140688,-2.3973598898946493,6.732095062e-05,57,55,4.592390108055994,-1.1000093960645865,-2.4500053575036222
-1.0753205990832755,-2.397360759721176,6.7853747169e-05,57,55,4.592390108055994,-1.1000093960645865,-2.4500053575036222
-1.0789985610993955,-2.3973582869286254,6.6339089244e-05,57,55,4.592390108055994,-1.1000093960645865,-2.4500053575036222
-1.0827100101577953,-2.3973590324942173,6.6642780439e-05,57,55,4.592390108055994,-1.1000093960645865,-2.4500053575036222
-1.0862681310977678,-2.397358622433142,6.5718981205e-05,57,55,4.592390108055994,-1.1000093960645865,-2.4500053575036222
-1.0898020900230159,-2.3973600141555806,6.6369670094e-05,57,55,4.592390108055994,-1.1000093960645865,-2.4500053575036222
-1.0933373703084452,-2.397358025980668,6.7757857323e-05,57,55,4.592390108055994,-1.1000093960645865,-2.4500053575036222
-1.0968989645380334,-2.397359181607335,6.7497858254e-05,57,55,4.592390108055994,-1.1000093960645865,-2.4500053575036222
-1.1004318537907558,-2.397358336632998,6.8856301368e-05,57,55,4.592390108055994,-1.1000093960645865,-2.4500053575036222
-1.1039532912552503,-2.3973588336767273,6.841517461e-05,57,55,4.592390108055994,-1.1000093960645865,-2.4500053575036222
-1.1074872124273525,-2.397357466806471,6.8475783337e-05,57,55,4.592390108055994,-1.1000093960645865,-2.4500053575036222
-1.1111331723583466,-2.397358324206903,6.694226613e-05,57,55,4.592390108055994,-1.1000093960645865,-2.4500053575036222
-1.1147409890254756,-2.3973561123623104,6.411672075e-05,57,55,4.592390108055994,-1.1000093960645865,-2.4500053575036222
-1.1182426060872674,-2.3973557768577938,6.5922249632e-05,57,55,4.592390108055994,-1.1000093960645865,-2.4500053575036222
-1.121737641516924,-2.3973588833810995,6.7333756306e-05,57,55,4.592390108055994,-1.1000093960645865,-2.4500053575036222
-1.1252580218932742,-2.3973564354407353,7.0792855695e-05,57,55,4.592390108055994,-1.1000093960645865,-2.4500053575036222
-1.1287819133123882,-2.397358112963318,7.2236856795e-05,57,55,4.592390108055994,-1.1000093960645865,-2.4500053575036222
-1.1322678754021407,-2.397357740180524,7.6544100011e-05,57,55,4.592390108055994,-1.1000093960645865,-2.4500053575036222
-1.1357478850788916,-2.397359865042463,7.2487469879e-05,57,55,4.592390108055994,-1.1000093960645865,-2.4500053575036222
-1.139295774915755,-2.3973623502611083,7.631333574e-05,57,55,4.592390108055994,-1.1000093960645865,-2.4500053575036222
-1.1429509214460984,-2.3973623378350135,7.5458272477e-05,57,55,4.592390108055994,-1.1000093960645865,-2.4500053575036222
-1.14652253284429,-2.3973590946246848,7.6356402133e-05,57,55,4.592390108055994,-1.1000093960645865,-2.4500053575036222
-1.1499721008993662,-2.397362387539386,7.6308351709e-05,57,55,4.592390108055994,-1.1000093960645865,-2.4500053575036222
-1.1534018233829748,-2.3973588833810995,7.7064636571e-05,57,55,4.592390108055994,-1.1000093960645865,-2.4500053575036222
-1.156879555286464,-2.3973571064497685,7.7496602898e-05,57,55,4.592390108055994,-1.1000093960645865,-2.4500053575036222
-1.1603544431194688,-2.3973584360417433,7.6096956036e-05,57,55,4.592390108055994,-1.1000093960645865,-2.4500053575036222
-1.1637824415426516,-2.3973575662152165,7.6869924669e-05,57,55,4.592390108055994,-1.1000093960645865,-2.4500053575036222
-1.167215335290692,-2.397358373911276,7.5288226071e-05,57,55,4.592390108055994,-1.1000093960645865,-2.4500053575036222
-1.17070075625199,-2.39736278517437,7.2164504672e-05,57,55,4.592390108055994,-1.1000093960645865,-2.4500053575036222
-1.1742554039023463,-2.3973624496698536,7.0383961429e-05,57,55,4.592390108055994,-1.1000093960645865,-2.4500053575036222
-1.1777513705763207,-2.3973594425552927,6.9538662501e-05,57,55,4.592390108055994,-1.1000093960645865,-2.4500053575036222
-1.1811667468636882,-2.3973589206593773,7.3455252277e-05,57,55,4.592390108055994,-1.1000093960645865,-2.4500053575036222
-1.1845741320680603,-2.3973592313117074,9.165321535e-05,57,55,4.592390108055994,-1.1000093960645865,-2.4500053575036222
-1.188030697039901,-2.397362499374226,0.00013179484813,57,55,4.592390108055994,-1.1000093960645865,-2.4500053575036222
-1.1914813976894174,-2.3973598774685545,0.00013815928833,57,55,4.592390108055994,-1.1000093960645865,-2.4500053575036222
-1.1948982715183214,-2.39735742952819,0.00013798641157,57,55,4.592390108055994,-1.1000093960645865,-2.4500053575036222
-1.1983173727829581,-2.397359852616368,0.00013138679788,57,55,4.592390108055994,-1.1000093960645865,-2.4500053575036222
-1.2018052099457295,-2.39735939285092,1.9686864697e-15,57,55,4.592390108055994,-1.1000093960645865,-2.4500053575036222
-1.2053759781902822,-2.397358783972351,6.7451452196e-05,57,55,4.592390108055994,-1.1000093960645865,-2.4500053575036222
-1.2088763619825735,-2.3973600887121393,8.562750736e-05,57,55,4.592390108055994,-1.1000093960645865,-2.4500053575036222
-1.2122704832476134,-2.397360051433862,6.7150132963e-05,57,55,4.592390108055994,-1.1000093960645865,-2.4500053575036222
-1.215650119888204,-2.39735897036375,0.00013711447536,57,55,4.592390108055994,-1.1000093960645865,-2.4500053575036222
-1.2190697622812952,-2.397360796999454,0.00013613059127,57,55,4.592390108055994,-1.1000093960645865,-2.4500053575036222
-1.2224911539035783,-2.3973584733200206,1.9685725438e-15,57,55,4.592390108055994,-1.1000093960645865,-2.4500053575036222
-1.225861868216856,-2.397359939599022,7.9482408182e-05,57,55,4.592390108055994,-1.1000093960645865,-2.4500053575036222
-1.2221241555518265,-2.394245152941853,2.009705099e-15,57,55,4.592390108055994,-1.1000093960645865,-2.4500053575036222
-1.2183969256775606,-2.3942429410972603,2.0956821348e-12,57,55,4.592390108055994,-1.1000093960645865,-2.4500053575036222
-1.214748901907807,-2.3942408907918766,0.00013374387345,57,55,4.592390108055994,-1.1000093960645865,-2.4500053575036222
-1.2111511401624309,-2.3942430777842834,7.7238219092e-05,57,55,4.592390108055994,-1.1000093960645865,-2.4500053575036222
-1.2075682531573675,-2.3942429286711655,6.8882305641e-05,57,55,4.592390108055994,-1.1000093960645865,-2.4500053575036222
-1.2038265889961814,-2.39424229494041,7.2947863373e-05,57,55,4.592390108055994,-1.1000093960645865,-2.4500053575036222
-1.2000950930161902,-2.394241425113887,3.843273963e-11,57,55,4.592390108055994,-1.1000093960645865,-2.4500053575036222
-1.196536644882269,-2.394242555888368,0.000135274473,57,55,4.592390108055994,-1.1000093960645865,-2.4500053575036222
-1.1929827522948744,-2.394243376010522,0.00013411868713,57,55,4.592390108055994,-1.1000093960645865,-2.4500053575036222
-1.1894298790424747,-2.3942438109237836,8.7251719378e-05,57,55,4.592390108055994,-1.1000093960645865,-2.4500053575036222
-1.1858587332664403,-2.3942433014539635,6.4763436967e-05,57,55,4.592390108055994,-1.1000093960645865,-2.4500053575036222
-1.1823332436307274,-2.3942407665309453,6.9216526754e-05,57,55,4.592390108055994,-1.1000093960645865,-2.4500053575036222
-1.1788206907403977,-2.394240952922344,6.6711771069e-05,57,55,4.592390108055994,-1.1000093960645865,-2.4500053575036222
-1.1752726373065596,-2.394242232809946,5.7944620494e-05,57,55,4.592390108055994,-1.1000093960645865,-2.4500053575036222
-1.171637776801078,-2.3942416239313773,0.00010180119716,57,55,4.592390108055994,-1.1000093960645865,-2.4500053575036222
-1.1680420537256935,-2.3942410274789028,0.0001259080309,57,55,4.592390108055994,-1.1000093960645865,-2.4500053575036222
-1.1645536880188507,-2.3942417730444983,0.0001283018064,57,55,4.592390108055994,-1.1000093960645865,-2.4500053575036222
-1.1610670212036691,-2.3942407665309453,0.00012957186846,57,55,4.592390108055994,-1.1000093960645865,-2.4500053575036222
-1.1575652782980506,-2.394242965949447,0.0001286372717,57,55,4.592390108055994,-1.1000093960645865,-2.4500053575036222
-1.154053618898889,-2.3942439351847185,0.00012967543444,57,55,4.592390108055994,-1.1000093960645865,-2.4500053575036222
-1.1505825315494493,-2.3942432144713095,0.0001308076171,57,55,4.592390108055994,-1.1000093960645865,-2.4500053575036222
-1.1471142756861106,-2.394243139914751,0.00013175596541,57,55,4.592390108055994,-1.1000093960645865,-2.4500053575036222
-1.1435569223934814,-2.394240642270014,0.0001325851772,57,55,4.592390108055994,-1.1000093960645865,-2.4500053575036222
-1.1398893928305942,-2.394239784869582,0.00013137797941,57,55,4.592390108055994,-1.1000093960645865,-2.4500053575036222
-1.1363183854827696,-2.3942403316176835,0.00013104168465,57,55,4.592390108055994,-1.1000093960645865,-2.4500053575036222
-1.1328435479872958,-2.3942397972956733,0.00013421893527,57,55,4.592390108055994,-1.1000093960645865,-2.4500053575036222
-1.1293910855242044,-2.394243338732241,0.00013784811017,57,55,4.592390108055994,-1.1000093960645865,-2.4500053575036222
-1.1258993849559555,-2.39424077895704,0.00012697569036,57,55,4.592390108055994,-1.1000093960645865,-2.4500053575036222
-1.1224098614859082,-2.394241387835606,1.9686309891e-15,57,55,4.592390108055994,-1.1000093960645865,-2.4500053575036222
-1.1189751304179971,-2.394240853513599,6.4919804572e-05,57,55,4.592390108055994,-1.1000093960645865,-2.4500053575036222
-1.115538801133487,-2.394243102636473,6.6844688263e-05,57,55,4.592390108055994,-1.1000093960645865,-2.4500053575036222
-1.1120300487267223,-2.394242555888368,6.7583525379e-05,57,55,4.592390108055994,-1.1000093960645865,-2.4500053575036222
-1.1084657614392428,-2.3942432393234956,6.7332439357e-05,57,55,4.592390108055994,-1.1000093960645865,-2.4500053575036222
-1.1049847450118784,-2.394240493156896,6.5925261879e-05,57,55,4.592390108055994,-1.1000093960645865,-2.4500053575036222
-1.1015522917172307,-2.3942413008529555,6.6307176894e-05,57,55,4.592390108055994,-1.1000093960645865,-2.4500053575036222
-1.098129717162978,-2.3942421831055736,6.5431268013e-05,57,55,4.592390108055994,-1.1000093960645865,-2.4500053575036222
-1.094668684735291,-2.394240381322056,6.646849215e-05,57,55,4.592390108055994,-1.1000093960645865,-2.4500053575036222
-1.091214171017825,-2.394237945807783,6.782059063e-05,57,55,4.592390108055994,-1.1000093960645865,-2.4500053575036222
-1.0878040550024135,-2.3942413381312333,6.5369495132e-05,57,55,4.592390108055994,-1.1000093960645865,-2.4500053575036222
-1.0843886912994296,-2.3942414748182594,6.6480162786e-05,57,55,4.592390108055994,-1.1000093960645865,-2.4500053575036222
-1.0808679837291304,-2.3942406546961053,6.6000742663e-05,57,55,4.592390108055994,-1.1000093960645865,-2.4500053575036222
-1.0772860027996183,-2.3942430777842834,6.7740518716e-05,57,55,4.592390108055994,-1.1000093960645865,-2.4500053575036222
-1.0738136947650614,-2.3942384801297933,6.8588851718e-05,57,55,4.592390108055994,-1.1000093960645865,-2.4500053575036222
-1.0704023706489125,-2.394238331016676,6.733196642e-05,57,55,4.592390108055994,-1.1000093960645865,-2.4500053575036222
-1.0669779210216428,-2.3942401079480033,6.7350782047e-05,57,55,4.592390108055994,-1.1000093960645865,-2.4500053575036222
-1.0635251313646024,-2.394240269487216,6.6142820287e-05,57,55,4.592390108055994,-1.1000093960645865,-2.4500053575036222
-1.060090261868483,-2.3942395860520884,6.8624241976e-05,57,55,4.592390108055994,-1.1000093960645865,-2.4500053575036222
-1.056680334618811,-2.394242481331809,6.9841997174e-05,57,55,4.592390108055994,-1.1000093960645865,-2.4500053575036222
-1.0532728613237599,-2.394240754104854,6.9744273787e-05,57,55,4.592390108055994,-1.1000093960645865,-2.4500053575036222
-1.049769029410617,-2.3942409902006254,6.8534129241e-05,57,55,4.592390108055994,-1.1000093960645865,-2.4500053575036222
-1.0462288915534783,-2.394240928070158,6.8438144808e-05,57,55,4.592390108055994,-1.1000093960645865,-2.4500053575036222
-1.042793908797914,-2.3942400085392586,6.9345092925e-05,57,55,4.592390108055994,-1.1000093960645865,-2.4500053575036222
-1.0393803698304158,-2.3942380824948097,6.8174798798e-05,57,55,4.592390108055994,-1.1000093960645865,-2.4500053575036222
-1.0359714493313588,-2.394240691974386,6.8758919952e-05,57,55,4.592390108055994,-1.1000093960645865,-2.4500053575036222
-1.0325341762181477,-2.394242854114607,6.7696957558e-05,57,55,4.592390108055994,-1.1000093960645865,-2.4500053575036222
-1.0291128475177787,-2.3942397103130233,6.6863554821e-05,57,55,4.592390108055994,-1.1000093960645865,-2.4500053575036222
-1.0257162848825008,-2.3942438233498784,4.3303327402e-05,57,55,4.592390108055994,-1.1000093960645865,-2.4500053575036222
-1.0295297806999573,-2.391112348449513,6.6175678512e-05,57,55,4.592390108055994,-1.1000093960645865,-2.4500053575036222
-1.033314105918389,-2.391114771537691,6.5908541728e-05,57,55,4.592390108055994,-1.1000093960645865,-2.4500053575036222
-1.0370313437928163,-2.3911128579193335,6.6721157054e-05,57,55,4.592390108055994,-1.1000093960645865,-2.4500053575036222
-1.0406703948977278,-2.3911137277458603,6.8899069447e-05,57,55,4.592390108055994,-1.1000093960645865,-2.4500053575036222
-1.0442922053983827,-2.3911142247895896,6.7545086495e-05,57,55,4.592390108055994,-1.1000093960645865,-2.4500053575036222
-1.0479959779833552,-2.3911151318943937,6.8868204835e-05,57,55,4.592390108055994,-1.1000093960645865,-2.4500053575036222
-1.0517335648045583,-2.3911147963898776,7.0185742516e-05,57,55,4.592390108055994,-1.1000093960645865,-2.4500053575036222
-1.0553481141164136,-2.391115566807659,6.9794739829e-05,57,55,4.592390108055994,-1.1000093960645865,-2.4500053575036222
-1.0589268986127258,-2.3911112549533096,6.8436333095e-05,57,55,4.592390108055994,-1.1000093960645865,-2.4500053575036222
-1.0625058844591622,-2.3911151567465803,6.7705645051e-05,57,55,4.592390108055994,-1.1000093960645865,-2.4500053575036222
-1.0661095734487753,-2.391114746685505,6.7548935476e-05,57,55,4.592390108055994,-1.1000093960645865,-2.4500053575036222
-1.069685501290222,-2.3911152810075116,6.6909604357e-05,57,55,4.592390108055994,-1.1000093960645865,-2.4500053575036222
-1.0732428042453217,-2.3911096147090047,6.9943635026e-05,57,55,4.592390108055994,-1.1000093960645865,-2.4500053575036222
-1.0768268993511207,-2.391114771537691,6.9975721999e-05,57,55,4.592390108055994,-1.1000093960645865,-2.4500053575036222
-1.0805421992306168,-2.391111578031735,7.0006615715e-05,57,55,4.592390108055994,-1.1000093960645865,-2.4500053575036222
-1.0842054375190153,-2.3911113667881496,7.215016376e-05,57,55,4.592390108055994,-1.1000093960645865,-2.4500053575036222
-1.0877400256633987,-2.3911153058597012,6.8403722253e-05,57,55,4.592390108055994,-1.1000093960645865,-2.4500053575036222
-1.0912639925888084,-2.3911118017014115,6.7620523623e-05,57,55,4.592390108055994,-1.1000093960645865,-2.4500053575036222
-1.0948213962189683,-2.391114199937403,6.7089727963e-05,57,55,4.592390108055994,-1.1000093960645865,-2.4500053575036222
-1.0983843998994165,-2.3911095028741647,6.6784996307e-05,57,55,4.592390108055994,-1.1000093960645865,-2.4500053575036222
-1.1018991928098618,-2.3911119011101567,6.7658911576e-05,57,55,4.592390108055994,-1.1000093960645865,-2.4500053575036222
-1.1054182769947973,-2.391114187511308,6.5891254053e-05,57,55,4.592390108055994,-1.1000093960645865,-2.4500053575036222
-1.1090074939443406,-2.391110596370368,6.9929868914e-05,57,55,4.592390108055994,-1.1000093960645865,-2.4500053575036222
-1.1126506098048539,-2.3911152934336064,6.8364905019e-05,57,55,4.592390108055994,-1.1000093960645865,-2.4500053575036222
-1.1162015953998534,-2.391109627135096,6.7391920311e-05,57,55,4.592390108055994,-1.1000093960645865,-2.4500053575036222
-1.1197007459226427,-2.3911120999276503,6.7877277615e-05,57,55,4.592390108055994,-1.1000093960645865,-2.4500053575036222
-1.123194963367425,-2.3911132307021314,7.7032273111e-05,57,55,4.592390108055994,-1.1000093960645865,-2.4500053575036222
-1.1267300674714966,-2.391111391640336,1.3591530245e-12,57,55,4.592390108055994,-1.1000093960645865,-2.4500053575036222
-1.1302346041100684,-2.3911126839540295,0.00014017922513,57,55,4.592390108055994,-1.1000093960645865,-2.4500053575036222
-1.133720327096549,-2.3911110934140973,0.00014008491416,57,55,4.592390108055994,-1.1000093960645865,-2.4500053575036222
-1.1372020230805777,-2.3911118389796924,0.00013635939104,57,55,4.592390108055994,-1.1000093960645865,-2.4500053575036222
-1.1408220591832778,-2.3911125099887256,0.0001385355572,57,55,4.592390108055994,-1.1000093960645865,-2.4500053575036222
-1.1444759976128835,-2.3911104348311554,0.00013916271564,57,55,4.592390108055994,-1.1000093960645865,-2.4500053575036222
-1.1479664900803983,-2.3911106709269268,0.00014026647841,57,55,4.592390108055994,-1.1000093960645865,-2.4500053575036222
-1.1514141453093079,-2.3911129821802684,0.0001357858564,57,55,4.592390108055994,-1.1000093960645865,-2.4500053575036222
-1.1548585789362564,-2.3911108697444208,0.00013572178432,57,55,4.592390108055994,-1.1000093960645865,-2.4500053575036222
-1.1583346874543803,-2.391111602883921,0.00013636153017,57,55,4.592390108055994,-1.1000093960645865,-2.4500053575036222
-1.1617831229150162,-2.3911109815792573,0.00013792532263,57,55,4.592390108055994,-1.1000093960645865,-2.4500053575036222
-1.1652198800685374,-2.3911089188477854,0.00014077116793,57,55,4.592390108055994,-1.1000093960645865,-2.4500053575036222
-1.1686489355798648,-2.3911113792142413,0.00014016583737,57,55,4.592390108055994,-1.1000093960645865,-2.4500053575036222
-1.1721913889634148,-2.39111114311847,0.00014086005103,57,55,4.592390108055994,-1.1000093960645865,-2.4500053575036222
-1.1757468294298774,-2.3911136407632068,0.00014045310672,57,55,4.592390108055994,-1.1000093960645865,-2.4500053575036222
-1.179183045454944,-2.391108831865132,0.00012349888857,57,55,4.592390108055994,-1.1000093960645865,-2.4500053575036222
-1.1826035058329094,-2.391111068561911,2.0751779201e-12,57,55,4.592390108055994,-1.1000093960645865,-2.4500053575036222
-1.186028345576042,-2.391114373902707,6.7322755058e-05,57,55,4.592390108055994,-1.1000093960645865,-2.4500053575036222
-1.1894817266990683,-2.3911097016916587,6.7635679443e-05,57,55,4.592390108055994,-1.1000093960645865,-2.4500053575036222
-1.1929139283060626,-2.391108558491079,9.1691363195e-05,57,55,4.592390108055994,-1.1000093960645865,-2.4500053575036222
-1.196340504694004,-2.391108856717318,0.00013446349476,57,55,4.592390108055994,-1.1000093960645865,-2.4500053575036222
-1.1997574414448209,-2.3911091922218346,0.0001366501092,57,55,4.592390108055994,-1.1000093960645865,-2.4500053575036222
-1.2033110571757992,-2.3911093786132334,0.00013615348144,57,55,4.592390108055994,-1.1000093960645865,-2.4500053575036222
-1.2068788932591903,-2.3911114910490814,1.9686750348e-15,57,55,4.592390108055994,-1.1000093960645865,-2.4500053575036222
-1.2103078480954557,-2.391111304657682,7.0508569479e-05,57,55,4.592390108055994,-1.1000093960645865,-2.4500053575036222
-1.2136967594260726,-2.3911110561358195,8.6948370154e-05,57,55,4.592390108055994,-1.1000093960645865,-2.4500053575036222
-1.2170953733157253,-2.3911095028741647,0.0001357235742,57,55,4.592390108055994,-1.1000093960645865,-2.4500053575036222
-1.2205213708220646,-2.391109627135096,0.00013682486315,57,55,4.592390108055994,-1.1000093960645865,-2.4500053575036222
-1.2239172916538275,-2.391112037797183,0.00011299618927,57,55,4.592390108055994,-1.1000093960645865,-2.4500053575036222
-1.2273024276696423,-2.391112211762487,0.00012947178038,57,55,4.592390108055994,-1.1000093960645865,-2.4500053575036222
-1.2235601217049399,-2.3880700431941,0.00013647702872,57,55,4.592390108055994,-1.1000093960645865,-2.4500053575036222
-1.219841008757494,-2.388066949096889,0.00013488350669,57,55,4.592390108055994,-1.1000093960645865,-2.4500053575036222
-1.2161660795775975,-2.388065470391793,9.1793001047e-05,57,55,4.592390108055994,-1.1000093960645865,-2.4500053575036222
-1.2125775044315688,-2.3880685272107267,6.8881017796e-05,57,55,4.592390108055994,-1.1000093960645865,-2.4500053575036222
-1.2089957122677977,-2.3880675455493634,7.1834285336e-05,57,55,4.592390108055994,-1.1000093960645865,-2.4500053575036222
-1.2053197511685214,-2.3880682911149553,5.6121478992e-12,57,55,4.592390108055994,-1.1000093960645865,-2.4500053575036222
-1.2015830704228716,-2.388067495844991,0.00013700446289,57,55,4.592390108055994,-1.1000093960645865,-2.4500053575036222
-1.1979633615141205,-2.388069272776322,0.00011629780784,57,55,4.592390108055994,-1.1000093960645865,-2.4500053575036222
-1.1944096325237006,-2.3880642153563807,7.5084994023e-05,57,55,4.592390108055994,-1.1000093960645865,-2.4500053575036222
-1.1908647251855295,-2.3880672846014055,7.0368791057e-05,57,55,4.592390108055994,-1.1000093960645865,-2.4500053575036222
-1.1872974805681238,-2.3880676449581086,4.9638274504e-05,57,55,4.592390108055994,-1.1000093960645865,-2.4500053575036222
-1.183755505391116,-2.3880700431941,2.5164083057e-12,57,55,4.592390108055994,-1.1000093960645865,-2.4500053575036222
-1.1802395169643165,-2.388067918332161,0.00013666864834,57,55,4.592390108055994,-1.1000093960645865,-2.4500053575036222
-1.1767301856759493,-2.3880669739490754,0.00013784573821,57,55,4.592390108055994,-1.1000093960645865,-2.4500053575036222
-1.173113610278484,-2.3880663899226926,0.00013739150017,57,55,4.592390108055994,-1.1000093960645865,-2.4500053575036222
-1.169481040130647,-2.3880684402280763,0.0001361247123,57,55,4.592390108055994,-1.1000093960645865,-2.4500053575036222
-1.1659707524291958,-2.388066775131582,0.00013748640777,57,55,4.592390108055994,-1.1000093960645865,-2.4500053575036222
-1.1624868667625843,-2.38806665087065,0.00013710331405,57,55,4.592390108055994,-1.1000093960645865,-2.4500053575036222
-1.159001194113633,-2.38806602956599,0.00013718541595,57,55,4.592390108055994,-1.1000093960645865,-2.4500053575036222
-1.1554912839436617,-2.3880653337047706,0.00014034977357,57,55,4.592390108055994,-1.1000093960645865,-2.4500053575036222
-1.1520088203122916,-2.388065942583336,0.00013676378876,57,55,4.592390108055994,-1.1000093960645865,-2.4500053575036222
-1.1485381734162459,-2.3880693100545995,0.00013725287863,57,55,4.592390108055994,-1.1000093960645865,-2.4500053575036222
-1.1450679921423592,-2.388065470391793,0.00013740547001,57,55,4.592390108055994,-1.1000093960645865,-2.4500053575036222
-1.1413976059246045,-2.3880636810343705,0.00013946328545,57,55,4.592390108055994,-1.1000093960645865,-2.4500053575036222
-1.1377479210163393,-2.3880655076700745,0.00013784058683,57,55,4.592390108055994,-1.1000093960645865,-2.4500053575036222
-1.1342757262412257,-2.3880657561919407,0.00013594512711,57,55,4.592390108055994,-1.1000093960645865,-2.4500053575036222
-1.1308126928966933,-2.388066365070506,0.00013389870583,57,55,4.592390108055994,-1.1000093960645865,-2.4500053575036222
-1.1273415677941072,-2.3880636934604653,0.00012862493168,57,55,4.592390108055994,-1.1000093960645865,-2.4500053575036222
-1.1238538690595459,-2.3880674585667094,9.4494571385e-05,57,55,4.592390108055994,-1.1000093960645865,-2.4500053575036222
-1.120403092903734,-2.388065905305058,6.6256747232e-05,57,55,4.592390108055994,-1.1000093960645865,-2.4500053575036222
-1.1169715960221687,-2.388065942583336,6.6633452661e-05,57,55,4.592390108055994,-1.1000093960645865,-2.4500053575036222
-1.1135120359672541,-2.3880684402280763,6.5891370468e-05,57,55,4.592390108055994,-1.1000093960645865,-2.4500053575036222
-1.1099506053346402,-2.38806830354105,6.6751876147e-05,57,55,4.592390108055994,-1.1000093960645865,-2.4500053575036222
-1.1064127074976153,-2.388068365671514,6.6566841269e-05,57,55,4.592390108055994,-1.1000093960645865,-2.4500053575036222
-1.1029823054573424,-2.388070080472381,6.7135712015e-05,57,55,4.592390108055994,-1.1000093960645865,-2.4500053575036222
-1.0995511609384925,-2.3880655325222606,6.6883047111e-05,57,55,4.592390108055994,-1.1000093960645865,-2.4500053575036222
-1.0961166941426177,-2.3880633952342265,6.9071749749e-05,57,55,4.592390108055994,-1.1000093960645865,-2.4500053575036222
-1.0926549821582663,-2.38806602956599,6.9011759479e-05,57,55,4.592390108055994,-1.1000093960645865,-2.4500053575036222
-1.0892328983949373,-2.3880660419920847,6.7781576945e-05,57,55,4.592390108055994,-1.1000093960645865,-2.4500053575036222
-1.0858199760621894,-2.3880690988110147,6.8662673584e-05,57,55,4.592390108055994,-1.1000093960645865,-2.4500053575036222
-1.0823701311506955,-2.388068937271802,6.6753877036e-05,57,55,4.592390108055994,-1.1000093960645865,-2.4500053575036222
-1.0787905538382734,-2.388069049106642,6.5633335907e-05,57,55,4.592390108055994,-1.1000093960645865,-2.4500053575036222
-1.0752606848373913,-2.3880633952342265,6.6341293859e-05,57,55,4.592390108055994,-1.1000093960645865,-2.4500053575036222
-1.0718426784140471,-2.388069633133025,6.7808592576e-05,57,55,4.592390108055994,-1.1000093960645865,-2.4500053575036222
-1.0684241308622464,-2.388066725427209,6.7621906055e-05,57,55,4.592390108055994,-1.1000093960645865,-2.4500053575036222
-1.0649920676834619,-2.388068179280119,7.1106820542e-05,57,55,4.592390108055994,-1.1000093960645865,-2.4500053575036222
-1.061538460041549,-2.38806788105388,7.092308806e-05,57,55,4.592390108055994,-1.1000093960645865,-2.4500053575036222
-1.0581312258497682,-2.388067421288432,6.8495493906e-05,57,55,4.592390108055994,-1.1000093960645865,-2.4500053575036222
-1.054728257763711,-2.388066203531294,6.8765322794e-05,57,55,4.592390108055994,-1.1000093960645865,-2.4500053575036222
-1.051276248338397,-2.3880665514619053,7.1362745075e-05,57,55,4.592390108055994,-1.1000093960645865,-2.4500053575036222
-1.0477391684862465,-2.3880688502891516,7.0132657129e-05,57,55,4.592390108055994,-1.1000093960645865,-2.4500053575036222
-1.0442528288650137,-2.3880681295757427,6.955533172e-05,57,55,4.592390108055994,-1.1000093960645865,-2.4500053575036222
-1.040844902532187,-2.3880676698102947,7.0836671512e-05,57,55,4.592390108055994,-1.1000093960645865,-2.4500053575036222
-1.0374472198868505,-2.388063233695014,7.0480935392e-05,57,55,4.592390108055994,-1.1000093960645865,-2.4500053575036222
-1.0340131306224558,-2.3880665763140914,6.8030691182e-05,57,55,4.592390108055994,-1.1000093960645865,-2.4500053575036222
-1.0305729379324664,-2.388061891676948,6.9398549385e-05,57,55,4.592390108055994,-1.1000093960645865,-2.4500053575036222
-1.0271886702390554,-2.3880635070690666,6.8810353696e-05,57,55,4.592390108055994,-1.1000093960645865,-2.4500053575036222
-1.031003764273111,-2.385048837444975,6.8441746407e-05,57,55,4.592390108055994,-1.1000093960645865,-2.4500053575036222
-1.034800988483778,-2.3850503410022537,6.9260218879e-05,57,55,4.592390108055994,-1.1000093960645865,-2.4500053575036222
-1.038498154267849,-2.3850500054977375,6.9020148658e-05,57,55,4.592390108055994,-1.1000093960645865,-2.4500053575036222
-1.0421423272165067,-2.3850476942443994,6.9616558903e-05,57,55,4.592390108055994,-1.1000093960645865,-2.4500053575036222
-1.0457732991477446,-2.3850457060694827,6.698222569e-05,57,55,4.592390108055994,-1.1000093960645865,-2.4500053575036222
-1.0495211296564377,-2.3850485143665536,6.6786691605e-05,57,55,4.592390108055994,-1.1000093960645865,-2.4500053575036222
-1.0532281238433745,-2.3850476942443994,6.6168388003e-05,57,55,4.592390108055994,-1.1000093960645865,-2.4500053575036222
-1.0568160194327387,-2.385047955192357,6.5390588134e-05,57,55,4.592390108055994,-1.1000093960645865,-2.4500053575036222
-1.0603913935613476,-2.3850481415837557,6.6670487286e-05,57,55,4.592390108055994,-1.1000093960645865,-2.4500053575036222
-1.0639876955183345,-2.3850482782707823,6.8511748395e-05,57,55,4.592390108055994,-1.1000093960645865,-2.4500053575036222
-1.067590176407212,-2.3850474332964415,6.7087086791e-05,57,55,4.592390108055994,-1.1000093960645865,-2.4500053575036222
-1.0711449624857765,-2.3850486883318576,6.648604176e-05,57,55,4.592390108055994,-1.1000093960645865,-2.4500053575036222
-1.0746992829421838,-2.3850458800347902,6.8925117375e-05,57,55,4.592390108055994,-1.1000093960645865,-2.4500053575036222
-1.0783560151047429,-2.385049781828061,6.5873035055e-05,57,55,4.592390108055994,-1.1000093960645865,-2.4500053575036222
-1.082072460163062,-2.3850478185053308,6.5531246946e-05,57,55,4.592390108055994,-1.1000093960645865,-2.4500053575036222
-1.0856608087902035,-2.3850477066704943,6.655749894e-05,57,55,4.592390108055994,-1.1000093960645865,-2.4500053575036222
-1.0891932072520008,-2.385050241593509,6.925156049e-05,57,55,4.592390108055994,-1.1000093960645865,-2.4500053575036222
-1.0927277576432364,-2.3850457930521367,6.4737359935e-05,57,55,4.592390108055994,-1.1000093960645865,-2.4500053575036222
-1.0962905725579435,-2.385045892460882,6.4203915827e-05,57,55,4.592390108055994,-1.1000093960645865,-2.4500053575036222
-1.099833994938959,-2.3850469362527127,6.9391397119e-05,57,55,4.592390108055994,-1.1000093960645865,-2.4500053575036222
-1.1033558225193152,-2.385047781227053,6.7321198003e-05,57,55,4.592390108055994,-1.1000093960645865,-2.4500053575036222
-1.1068665506741588,-2.3850457309216693,6.7356231739e-05,57,55,4.592390108055994,-1.1000093960645865,-2.4500053575036222
-1.1105124728520068,-2.385048787740603,6.669369759e-05,57,55,4.592390108055994,-1.1000093960645865,-2.4500053575036222
-1.1141469684103917,-2.385047768800958,6.4461964939e-05,57,55,4.592390108055994,-1.1000093960645865,-2.4500053575036222
-1.1176495293008828,-2.385047569983468,6.698978541e-05,57,55,4.592390108055994,-1.1000093960645865,-2.4500053575036222
-1.1211461377783738,-2.3850453954171527,6.6153763328e-05,57,55,4.592390108055994,-1.1000093960645865,-2.4500053575036222
-1.12465655132365,-2.385044972929986,7.3507835623e-05,57,55,4.592390108055994,-1.1000093960645865,-2.4500053575036222
-1.1281862063900263,-2.38504514689529,7.0328496804e-05,57,55,4.592390108055994,-1.1000093960645865,-2.4500053575036222
-1.1316779195426583,-2.385047172348484,3.638108044e-12,57,55,4.592390108055994,-1.1000093960645865,-2.4500053575036222
-1.1351602447458204,-2.385047060513644,0.00013993719767,57,55,4.592390108055994,-1.1000093960645865,-2.4500053575036222
-1.1386755158628077,-2.3850481788620335,0.00013879340258,57,55,4.592390108055994,-1.1000093960645865,-2.4500053575036222
-1.142336665143684,-2.38504708536583,0.00013834686251,57,55,4.592390108055994,-1.1000093960645865,-2.4500053575036222
-1.1459424808939676,-2.385048489514367,0.0001384014904,57,55,4.592390108055994,-1.1000093960645865,-2.4500053575036222
-1.1493920615334268,-2.385047632113932,0.00013800717716,57,55,4.592390108055994,-1.1000093960645865,-2.4500053575036222
-1.1528318892763174,-2.3850476942443994,0.0001374080457,57,55,4.592390108055994,-1.1000093960645865,-2.4500053575036222
-1.1562938655327055,-2.3850462528175846,0.00013724149903,57,55,4.592390108055994,-1.1000093960645865,-2.4500053575036222
-1.1597664630080655,-2.3850468119917814,0.00013791334641,57,55,4.592390108055994,-1.1000093960645865,-2.4500053575036222
-1.1632006655319036,-2.3850469611048988,0.00013901396596,57,55,4.592390108055994,-1.1000093960645865,-2.4500053575036222
-1.1666340374864859,-2.385047756374867,0.00013999335351,57,55,4.592390108055994,-1.1000093960645865,-2.4500053575036222
-1.1700996128763166,-2.3850480918793835,0.00013982941164,57,55,4.592390108055994,-1.1000093960645865,-2.4500053575036222
-1.1736562236903687,-2.385047569983468,0.00014043538249,57,55,4.592390108055994,-1.1000093960645865,-2.4500053575036222
-1.1771730930239532,-2.385047383592069,0.00013925477106,57,55,4.592390108055994,-1.1000093960645865,-2.4500053575036222
-1.1805905205656968,-2.385044948077796,0.00013670687622,57,55,4.592390108055994,-1.1000093960645865,-2.4500053575036222
-1.1840054312309052,-2.385044152807832,0.00013715929526,57,55,4.592390108055994,-1.1000093960645865,-2.4500053575036222
-1.1874448940266993,-2.3850472966094154,0.00013653951464,57,55,4.592390108055994,-1.1000093960645865,-2.4500053575036222
-1.1908997852756436,-2.385044997782172,1.9685687322e-15,57,55,4.592390108055994,-1.1000093960645865,-2.4500053575036222
-1.1943251661472327,-2.3850454823998066,7.1280403063e-05,57,55,4.592390108055994,-1.1000093960645865,-2.4500053575036222
-1.1977448085403237,-2.3850472593311376,7.5818526966e-05,57,55,4.592390108055994,-1.1000093960645865,-2.4500053575036222
-1.2012052243332607,-2.385046625600382,0.00012899267313,57,55,4.592390108055994,-1.1000093960645865,-2.4500053575036222
-1.20477625684985,-2.385046898974435,0.00013788686192,57,55,4.592390108055994,-1.1000093960645865,-2.4500053575036222
-1.2083057734880165,-2.3850485889231123,0.00013757654233,57,55,4.592390108055994,-1.1000093960645865,-2.4500053575036222
-1.2117025248890352,-2.3850454451215253,1.3884515791e-14,57,55,4.592390108055994,-1.1000093960645865,-2.4500053575036222
-1.2150910712725536,-2.3850472469050428,6.7728331487e-05,57,55,4.592390108055994,-1.1000093960645865,-2.4500053575036222
-1.2185025212325291,-2.385044314347044,0.00010713467054,57,55,4.592390108055994,-1.1000093960645865,-2.4500053575036222
-1.221927134456775,-2.3850449356517047,0.00013922806829,57,55,4.592390108055994,-1.1000093960645865,-2.4500053575036222
-1.2253109365280273,-2.3850488622971615,0.00013697418035,57,55,4.592390108055994,-1.1000093960645865,-2.4500053575036222
-1.2286890630426959,-2.385046029147908,0.00013680316624,57,55,4.592390108055994,-1.1000093960645865,-2.4500053575036222
-1.224945662236701,-2.382044767278404,0.00013917579781,57,55,4.592390108055994,-1.1000093960645865,-2.4500053575036222
-1.2212473764425715,-2.382042766677396,0.00012878481357,57,55,4.592390108055994,-1.1000093960645865,-2.4500053575036222
-1.2175764868495118,-2.3820450655046392,1.9347045667e-15,57,55,4.592390108055994,-1.1000093960645865,-2.4500053575036222
-1.2139670467970192,-2.38204610929647,2.7126578761e-10,57,55,4.592390108055994,-1.1000093960645865,-2.4500053575036222
-1.210384914854916,-2.382042754251301,1.5553833178e-12,57,55,4.592390108055994,-1.1000093960645865,-2.4500053575036222
-1.2067837553262195,-2.3820448791132405,0.0001352422405,57,55,4.592390108055994,-1.1000093960645865,-2.4500053575036222
-1.2030487483034642,-2.382043201590658,0.00012347749725,57,55,4.592390108055994,-1.1000093960645865,-2.4500053575036222
-1.1993637012799006,-2.38204579864414,9.3527351055e-06,57,55,4.592390108055994,-1.1000093960645865,-2.4500053575036222
-1.1958137098511332,-2.382043089755818,6.5931977588e-05,57,55,4.592390108055994,-1.1000093960645865,-2.4500053575036222
-1.1922687144222832,-2.3820445933130965,0.00011723701027,57,55,4.592390108055994,-1.1000093960645865,-2.4500053575036222
-1.1887146708222958,-2.382041337676673,0.00013521099754,57,55,4.592390108055994,-1.1000093960645865,-2.4500053575036222
-1.1851520824264772,-2.382043338277684,0.00013363867765,57,55,4.592390108055994,-1.1000093960645865,-2.4500053575036222
-1.1816414549466956,-2.382042903364419,0.00013461522758,57,55,4.592390108055994,-1.1000093960645865,-2.4500053575036222
-1.1781317838799945,-2.382043686208292,0.00013433102868,57,55,4.592390108055994,-1.1000093960645865,-2.4500053575036222
-1.1745737887838508,-2.3820419589813366,0.00013578242215,57,55,4.592390108055994,-1.1000093960645865,-2.4500053575036222
-1.1709353794824555,-2.382045077930734,0.00013803667389,57,55,4.592390108055994,-1.1000093960645865,-2.4500053575036222
-1.1673763147137841,-2.3820443447912334,0.00013723786105,57,55,4.592390108055994,-1.1000093960645865,-2.4500053575036222
-1.1638890690169983,-2.382045264322133,0.00013816849969,57,55,4.592390108055994,-1.1000093960645865,-2.4500053575036222
-1.1604152131033731,-2.382043375555962,0.00013893943105,57,55,4.592390108055994,-1.1000093960645865,-2.4500053575036222
-1.1569046107923562,-2.3820451276351067,0.00013723186566,57,55,4.592390108055994,-1.1000093960645865,-2.4500053575036222
-1.153397041317561,-2.3820445933130965,0.00013797229622,57,55,4.592390108055994,-1.1000093960645865,-2.4500053575036222
-1.1499371666530804,-2.3820452891743193,0.00013726598991,57,55,4.592390108055994,-1.1000093960645865,-2.4500053575036222
-1.1464478445331554,-2.382040480276241,0.00013631947513,57,55,4.592390108055994,-1.1000093960645865,-2.4500053575036222
-1.1428809522784633,-2.3820416359029117,0.0001391346741,57,55,4.592390108055994,-1.1000093960645865,-2.4500053575036222
-1.139214064519091,-2.382044232956394,0.00014007971913,57,55,4.592390108055994,-1.1000093960645865,-2.4500053575036222
-1.1356724668735614,-2.3820426921208337,0.0001402082853,57,55,4.592390108055994,-1.1000093960645865,-2.4500053575036222
-1.132205683382995,-2.38204394715625,0.00013906192908,57,55,4.592390108055994,-1.1000093960645865,-2.4500053575036222
-1.128750666290224,-2.3820428412339547,3.7947036617e-05,57,55,4.592390108055994,-1.1000093960645865,-2.4500053575036222
-1.1252590789814185,-2.382043972008436,6.1942460889e-05,57,55,4.592390108055994,-1.1000093960645865,-2.4500053575036222
-1.121791049636967,-2.3820399708064204,6.6392887675e-05,57,55,4.592390108055994,-1.1000093960645865,-2.4500053575036222
-1.1183552237277652,-2.382041461937608,6.7654531449e-05,57,55,4.592390108055994,-1.1000093960645865,-2.4500053575036222
-1.114916729929437,-2.382042083242268,6.7041393777e-05,57,55,4.592390108055994,-1.1000093960645865,-2.4500053575036222
-1.111387527900836,-2.3820421950771045,6.5333697421e-05,57,55,4.592390108055994,-1.1000093960645865,-2.4500053575036222
-1.1078286518979037,-2.3820444193477925,6.4823441789e-05,57,55,4.592390108055994,-1.1000093960645865,-2.4500053575036222
-1.1043671538480577,-2.3820413873810455,6.6498774686e-05,57,55,4.592390108055994,-1.1000093960645865,-2.4500053575036222
-1.1009360974198867,-2.382039560745345,6.4397456299e-05,57,55,4.592390108055994,-1.1000093960645865,-2.4500053575036222
-1.0975145296162458,-2.3820440465649946,6.3598126872e-05,57,55,4.592390108055994,-1.1000093960645865,-2.4500053575036222
-1.094053044150783,-2.382042555433811,6.5571446612e-05,57,55,4.592390108055994,-1.1000093960645865,-2.4500053575036222
-1.0906157710375737,-2.3820401696239104,6.5799162257e-05,57,55,4.592390108055994,-1.1000093960645865,-2.4500053575036222
-1.087202722860999,-2.382042045963987,6.7365559516e-05,57,55,4.592390108055994,-1.1000093960645865,-2.4500053575036222
-1.0837914239136166,-2.3820417104594704,6.6689099185e-05,57,55,4.592390108055994,-1.1000093960645865,-2.4500053575036222
-1.0802361973816579,-2.382039908675953,6.5232859924e-05,57,55,4.592390108055994,-1.1000093960645865,-2.4500053575036222
-1.0766641203613074,-2.3820401696239104,6.4605155785e-05,57,55,4.592390108055994,-1.1000093960645865,-2.4500053575036222
-1.0732228328300275,-2.382041983833523,6.7563989433e-05,57,55,4.592390108055994,-1.1000093960645865,-2.4500053575036222
-1.069806210688775,-2.382042903364419,6.7021435825e-05,57,55,4.592390108055994,-1.1000093960645865,-2.4500053575036222
-1.066384655469519,-2.3820440465649946,6.803656288e-05,57,55,4.592390108055994,-1.1000093960645865,-2.4500053575036222
-1.0629341687545066,-2.382042344190226,6.8086919782e-05,57,55,4.592390108055994,-1.1000093960645865,-2.4500053575036222
-1.0595105748652573,-2.382042617564275,6.5179854573e-05,57,55,4.592390108055994,-1.1000093960645865,-2.4500053575036222
-1.0561032903359455,-2.3820411015809015,6.4700194343e-05,57,55,4.592390108055994,-1.1000093960645865,-2.4500053575036222
-1.0527062998316565,-2.3820441583998346,6.4826432208e-05,57,55,4.592390108055994,-1.1000093960645865,-2.4500053575036222
-1.0491749207048544,-2.382042369042412,6.6078871896e-05,57,55,4.592390108055994,-1.1000093960645865,-2.4500053575036222
-1.045640810767013,-2.382042543007716,6.5799060394e-05,57,55,4.592390108055994,-1.1000093960645865,-2.4500053575036222
-1.0422284169783382,-2.382041896850869,6.7439963459e-05,57,55,4.592390108055994,-1.1000093960645865,-2.4500053575036222
-1.0388209310989038,-2.382042543007716,6.7181514169e-05,57,55,4.592390108055994,-1.1000093960645865,-2.4500053575036222
-1.03540669999036,-2.3820396104497177,6.5256936068e-05,57,55,4.592390108055994,-1.1000093960645865,-2.4500053575036222
-1.0319737936579365,-2.3820420211118005,6.6306980443e-05,57,55,4.592390108055994,-1.1000093960645865,-2.4500053575036222
-1.028566005753318,-2.3820409773199698,6.8177861976e-05,57,55,4.592390108055994,-1.1000093960645865,-2.4500053575036222
-1.0324000518676708,-2.379022057972,6.62519451e-05,57,55,4.592390108055994,-1.1000093960645865,-2.4500053575036222
-1.0361959547181572,-2.3790226419983798,6.6200445872e-05,57,55,4.592390108055994,-1.1000093960645865,-2.4500053575036222
-1.0398762322606885,-2.379020666249558,6.9738896855e-05,57,55,4.592390108055994,-1.1000093960645865,-2.4500053575036222
-1.0435223432042773,-2.379021337258591,6.6336593591e-05,57,55,4.592390108055994,-1.1000093960645865,-2.4500053575036222
-1.0472068365150016,-2.379022778685406,6.5947147959e-05,57,55,4.592390108055994,-1.1000093960645865,-2.4500053575036222
-1.050955107477089,-2.379020020092711,6.7587658123e-05,57,55,4.592390108055994,-1.1000093960645865,-2.4500053575036222
-1.054605962732942,-2.3790204053016004,6.6475055064e-05,57,55,4.592390108055994,-1.1000093960645865,-2.4500053575036222
-1.0581926250528058,-2.3790187277790142,6.5065549279e-05,57,55,4.592390108055994,-1.1000093960645865,-2.4500053575036222
-1.0617680998564767,-2.3790189390225995,6.9499546953e-05,57,55,4.592390108055994,-1.1000093960645865,-2.4500053575036222
-1.0653779803623635,-2.3790183674223115,7.0735433837e-05,57,55,4.592390108055994,-1.1000093960645865,-2.4500053575036222
-1.0689604520827973,-2.3790206911017444,6.8165296398e-05,57,55,4.592390108055994,-1.1000093960645865,-2.4500053575036222
-1.0725216310277577,-2.3790186780746416,6.9355490268e-05,57,55,4.592390108055994,-1.1000093960645865,-2.4500053575036222
-1.0760749195647852,-2.379019734292567,7.0321657404e-05,57,55,4.592390108055994,-1.1000093960645865,-2.4500053575036222
-1.0797925853082233,-2.37901824316138,6.8846267823e-05,57,55,4.592390108055994,-1.1000093960645865,-2.4500053575036222
-1.0834993781450377,-2.3790184668310568,6.7600223701e-05,57,55,4.592390108055994,-1.1000093960645865,-2.4500053575036222
-1.0870284794985765,-2.3790205171364405,6.6284359491e-05,57,55,4.592390108055994,-1.1000093960645865,-2.4500053575036222
-1.090560437506981,-2.379019709440381,6.7900371505e-05,57,55,4.592390108055994,-1.1000093960645865,-2.4500053575036222
-1.0941067039584793,-2.3790185041093377,6.6041975515e-05,57,55,4.592390108055994,-1.1000093960645865,-2.4500053575036222
-1.0976670271654192,-2.379023052059455,6.4792249759e-05,57,55,4.592390108055994,-1.1000093960645865,-2.4500053575036222
-1.1011922399447125,-2.3790209644757967,6.348790339e-05,57,55,4.592390108055994,-1.1000093960645865,-2.4500053575036222
-1.1047178931774018,-2.3790201195014564,6.5022293711e-05,57,55,4.592390108055994,-1.1000093960645865,-2.4500053575036222
-1.1082763664800876,-2.379019485770701,6.7820372351e-05,57,55,4.592390108055994,-1.1000093960645865,-2.4500053575036222
-1.1119193690811557,-2.3790213745368725,6.7659500928e-05,57,55,4.592390108055994,-1.1000093960645865,-2.4500053575036222
-1.1155010228167168,-2.3790185786658964,6.781234697e-05,57,55,4.592390108055994,-1.1000093960645865,-2.4500053575036222
-1.119003407525852,-2.3790190135791582,6.7729975854e-05,57,55,4.592390108055994,-1.1000093960645865,-2.4500053575036222
-1.122490577716342,-2.379019597605541,6.9723391789e-05,57,55,4.592390108055994,-1.1000093960645865,-2.4500053575036222
-1.1260236809035682,-2.379019137840093,3.2585876272e-12,57,55,4.592390108055994,-1.1000093960645865,-2.4500053575036222
-1.1295480505292241,-2.379018827187763,0.0001319002331,57,55,4.592390108055994,-1.1000093960645865,-2.4500053575036222
-1.1330291298785027,-2.379020740806117,0.00013609128655,57,55,4.592390108055994,-1.1000093960645865,-2.4500053575036222
-1.1365063584066835,-2.3790182928657524,0.0001369696256,57,55,4.592390108055994,-1.1000093960645865,-2.4500053575036222
-1.1400898242933493,-2.3790209893279832,0.00013724101882,57,55,4.592390108055994,-1.1000093960645865,-2.4500053575036222
-1.1437467578060307,-2.3790202189102017,0.0001388102537,57,55,4.592390108055994,-1.1000093960645865,-2.4500053575036222
-1.1472739966709358,-2.3790205792669044,0.00013846109505,57,55,4.592390108055994,-1.1000093960645865,-2.4500053575036222
-1.1507224824691027,-2.3790230769116447,0.00014028257283,57,55,4.592390108055994,-1.1000093960645865,-2.4500053575036222
-1.1541578427561472,-2.379018429552779,0.00013932281581,57,55,4.592390108055994,-1.1000093960645865,-2.4500053575036222
-1.1576351971281547,-2.3790206911017444,0.00013727501209,57,55,4.592390108055994,-1.1000093960645865,-2.4500053575036222
-1.161095348649055,-2.379017634282811,0.00013779150322,57,55,4.592390108055994,-1.1000093960645865,-2.4500053575036222
-1.1645284563316007,-2.3790234496944387,0.00013935634342,57,55,4.592390108055994,-1.1000093960645865,-2.4500053575036222
-1.1679612619889639,-2.37902194613716,0.00013998038776,57,55,4.592390108055994,-1.1000093960645865,-2.4500053575036222
-1.171473374425901,-2.379021846728415,0.00013829582895,57,55,4.592390108055994,-1.1000093960645865,-2.4500053575036222
-1.1750290791644,-2.379022231937304,0.00013997629867,57,55,4.592390108055994,-1.1000093960645865,-2.4500053575036222
-1.1784904765391857,-2.3790241455556616,0.00014026358258,57,55,4.592390108055994,-1.1000093960645865,-2.4500053575036222
-1.1819089234159241,-2.379023089337736,0.00013887412206,57,55,4.592390108055994,-1.1000093960645865,-2.4500053575036222
-1.1853213927108945,-2.379020455005973,0.00013884951477,57,55,4.592390108055994,-1.1000093960645865,-2.4500053575036222
-1.1887789140958178,-2.3790192248227435,0.00013906579989,57,55,4.592390108055994,-1.1000093960645865,-2.4500053575036222
-1.1922229198537537,-2.379023623659746,0.00013746219338,57,55,4.592390108055994,-1.1000093960645865,-2.4500053575036222
-1.1956408885239518,-2.379020343171133,6.9308869755e-10,57,55,4.592390108055994,-1.1000093960645865,-2.4500053575036222
-1.1990589075316793,-2.379021200571568,7.0480928116e-05,57,55,4.592390108055994,-1.1000093960645865,-2.4500053575036222
-1.2025808735402452,-2.3790229650768047,9.285107808e-05,57,55,4.592390108055994,-1.1000093960645865,-2.4500053575036222
-1.2061495653616587,-2.3790213869629637,0.00013842106273,57,55,4.592390108055994,-1.1000093960645865,-2.4500053575036222
-1.2096146247917994,-2.3790234496944387,0.00013747949561,57,55,4.592390108055994,-1.1000093960645865,-2.4500053575036222
-1.2130064808679593,-2.3790209396236106,0.00011975181405,57,55,4.592390108055994,-1.1000093960645865,-2.4500053575036222
-1.2163936807225335,-2.379020641397372,5.3516963817e-05,57,55,4.592390108055994,-1.1000093960645865,-2.4500053575036222
-1.2198226229744158,-2.379020169205829,7.8448443674e-05,57,55,4.592390108055994,-1.1000093960645865,-2.4500053575036222
-1.2232433098712698,-2.379019324231492,0.00013531000877,57,55,4.592390108055994,-1.1000093960645865,-2.4500053575036222
-1.2266154336354056,-2.379022194659023,0.00013875412697,57,55,4.592390108055994,-1.1000093960645865,-2.4500053575036222
-1.2299930441903861,-2.379023810051142,0.00013880086772,57,55,4.592390108055994,-1.1000093960645865,-2.4500053575036222
-1.2262465098731075,-2.3759906006959666,0.00014027078578,57,55,4.592390108055994,-1.1000093960645865,-2.4500053575036222
-1.222582944390758,-2.3759904018784765,0.00011572384392,57,55,4.592390108055994,-1.1000093960645865,-2.4500053575036222
-1.2189199452056314,-2.375989271103992,1.9685625912e-15,57,55,4.592390108055994,-1.1000093960645865,-2.4500053575036222
-1.215296888851091,-2.3759865373634836,6.1845697928e-05,57,55,4.592390108055994,-1.1000093960645865,-2.4500053575036222
-1.211719840999586,-2.3759871462420525,3.8102693223e-10,57,55,4.592390108055994,-1.1000093960645865,-2.4500053575036222
-1.2081550880899492,-2.375984636171221,0.00013830524404,57,55,4.592390108055994,-1.1000093960645865,-2.4500053575036222
-1.2044528507996617,-2.3759868355897225,9.6043346275e-05,57,55,4.592390108055994,-1.1000093960645865,-2.4500053575036222
-1.2007325045827137,-2.375982623144118,6.8191351602e-05,57,55,4.592390108055994,-1.1000093960645865,-2.4500053575036222
-1.1971612958847668,-2.3759824864570955,8.8641769253e-05,57,55,4.592390108055994,-1.1000093960645865,-2.4500053575036222
-1.1936226304004003,-2.3759864006764575,0.00013829753152,57,55,4.592390108055994,-1.1000093960645865,-2.4500053575036222
-1.1900829329966542,-2.3759848349887145,0.00014004058903,57,55,4.592390108055994,-1.1000093960645865,-2.4500053575036222
-1.186520558535341,-2.3759818030219675,0.00013615783246,57,55,4.592390108055994,-1.1000093960645865,-2.4500053575036222
-1.1829976612824575,-2.3759870095550264,0.00013723886514,57,55,4.592390108055994,-1.1000093960645865,-2.4500053575036222
-1.1794892360696418,-2.3759847604321522,0.00013641263649,57,55,4.592390108055994,-1.1000093960645865,-2.4500053575036222
-1.1759803074815194,-2.3759866119200423,0.00013752822997,57,55,4.592390108055994,-1.1000093960645865,-2.4500053575036222
-1.1723487189155315,-2.375984437353731,0.00013741689327,57,55,4.592390108055994,-1.1000093960645865,-2.4500053575036222
-1.1687292365256692,-2.3759821758047655,0.00013849571405,57,55,4.592390108055994,-1.1000093960645865,-2.4500053575036222
-1.1652521590100815,-2.3759864752330198,0.00013751056395,57,55,4.592390108055994,-1.1000093960645865,-2.4500053575036222
-1.1617714320235184,-2.375985717241333,0.00013722362928,57,55,4.592390108055994,-1.1000093960645865,-2.4500053575036222
-1.158276497268922,-2.3759868728680003,0.00013759767171,57,55,4.592390108055994,-1.1000093960645865,-2.4500053575036222
-1.1547740873910222,-2.375984139127492,0.00013982280507,57,55,4.592390108055994,-1.1000093960645865,-2.4500053575036222
-1.1513009991247387,-2.375984598892943,0.00013954548922,57,55,4.592390108055994,-1.1000093960645865,-2.4500053575036222
-1.1478383181429235,-2.3759857296674243,0.0001370167447,57,55,4.592390108055994,-1.1000093960645865,-2.4500053575036222
-1.1443286596606057,-2.375987084111585,0.00013816899445,57,55,4.592390108055994,-1.1000093960645865,-2.4500053575036222
-1.1406685045459597,-2.3759863012677123,0.00014046463184,57,55,4.592390108055994,-1.1000093960645865,-2.4500053575036222
-1.1370602096722904,-2.3759850462322962,0.00013760714501,57,55,4.592390108055994,-1.1000093960645865,-2.4500053575036222
-1.1335932625847496,-2.3759848722669923,0.00013784998737,57,55,4.592390108055994,-1.1000093960645865,-2.4500053575036222
-1.1301312611595968,-2.3759823870483467,0.00013502560614,57,55,4.592390108055994,-1.1000093960645865,-2.4500053575036222
-1.1266625900116303,-2.375986997128935,0.0001346104109,57,55,4.592390108055994,-1.1000093960645865,-2.4500053575036222
-1.1231808311056892,-2.3759850462322962,8.0687081208e-05,57,55,4.592390108055994,-1.1000093960645865,-2.4500053575036222
-1.119740411896811,-2.3759861148763135,6.7689608841e-05,57,55,4.592390108055994,-1.1000093960645865,-2.4500053575036222
-1.1163076943301284,-2.3759849468235514,6.8130335421e-05,57,55,4.592390108055994,-1.1000093960645865,-2.4500053575036222
-1.1128307174895995,-2.3759844125015444,6.8170862505e-05,57,55,4.592390108055994,-1.1000093960645865,-2.4500053575036222
-1.1092727978997512,-2.375982312491788,6.8325345637e-05,57,55,4.592390108055994,-1.1000093960645865,-2.4500053575036222
-1.1057636176239756,-2.375986798311441,6.9650282967e-05,57,55,4.592390108055994,-1.1000093960645865,-2.4500053575036222
-1.1023367014577017,-2.3759865870678563,7.09484666e-05,57,55,4.592390108055994,-1.1000093960645865,-2.4500053575036222
-1.0989194500973174,-2.3759877923988997,7.0946996857e-05,57,55,4.592390108055994,-1.1000093960645865,-2.4500053575036222
-1.095468736863418,-2.3759870095550264,6.731688336e-05,57,55,4.592390108055994,-1.1000093960645865,-2.4500053575036222
-1.0920156200124285,-2.3759825858658408,7.0810696343e-05,57,55,4.592390108055994,-1.1000093960645865,-2.4500053575036222
-1.0886079579516366,-2.375987195946425,6.9402463851e-05,57,55,4.592390108055994,-1.1000093960645865,-2.4500053575036222
-1.085197225301475,-2.375986711328791,7.0755762863e-05,57,55,4.592390108055994,-1.1000093960645865,-2.4500053575036222
-1.081718335634781,-2.3759851580671363,6.9518006057e-05,57,55,4.592390108055994,-1.1000093960645865,-2.4500053575036222
-1.0781444842164738,-2.375986500085206,7.2378112236e-05,57,55,4.592390108055994,-1.1000093960645865,-2.4500053575036222
-1.074638450036365,-2.3759870965376804,6.7467612098e-05,57,55,4.592390108055994,-1.1000093960645865,-2.4500053575036222
-1.0712264589479368,-2.375986624346137,7.159805682e-05,57,55,4.592390108055994,-1.1000093960645865,-2.4500053575036222
-1.0678231888366954,-2.3759837290664167,7.2963070124e-05,57,55,4.592390108055994,-1.1000093960645865,-2.4500053575036222
-1.0643735201065572,-2.3759850835105776,7.0813490311e-05,57,55,4.592390108055994,-1.1000093960645865,-2.4500053575036222
-1.0609271107315312,-2.3759852699019763,7.1347669291e-05,57,55,4.592390108055994,-1.1000093960645865,-2.4500053575036222
-1.0575274523381157,-2.3759847604321522,7.1087517426e-05,57,55,4.592390108055994,-1.1000093960645865,-2.4500053575036222
-1.0541254280807595,-2.375986350972085,6.4781415858e-05,57,55,4.592390108055994,-1.1000093960645865,-2.4500053575036222
-1.0506604819100622,-2.375987208372517,7.3902680015e-05,57,55,4.592390108055994,-1.1000093960645865,-2.4500053575036222
-1.047124496899204,-2.3759863012677123,7.3262301157e-05,57,55,4.592390108055994,-1.1000093960645865,-2.4500053575036222
-1.0436675292271187,-2.3759850959366724,7.1935195592e-05,57,55,4.592390108055994,-1.1000093960645865,-2.4500053575036222
-1.040264120687669,-2.3759844994841948,7.0178888564e-05,57,55,4.592390108055994,-1.1000093960645865,-2.4500053575036222
-1.0368649908383265,-2.375983965162188,7.0739108196e-05,57,55,4.592390108055994,-1.1000093960645865,-2.4500053575036222
-1.0334318579870143,-2.375985033806205,6.5887128585e-05,57,55,4.592390108055994,-1.1000093960645865,-2.4500053575036222
-1.030004727886235,-2.3759824616049094,7.1444679634e-05,57,55,4.592390108055994,-1.1000093960645865,-2.4500053575036222
