y_mm,z_mm,r
-1.1869153935415537,-3.2272030745968685,0.00014508621825
-1.1852834633815332,-3.2271994586037382,0.00014593001106
-1.1837594568872722,-3.227200800621808,0.00014832962188
-1.1822898526792878,-3.2272003905607325,0.00014637962158
-1.1808703343143216,-3.227195283436419,0.00014796038158
-1.1794768026995652,-3.2271981165856722,0.00014686697978
-1.1781011660769638,-3.2272003532824516,0.0001494580647
-1.1767469103205146,-3.2271970976460276,0.00014668592485
-1.1753676242269393,-3.227199545586392,0.00014776467287
-1.1739872936296012,-3.2271997071256044,0.0001460485073
-1.1726193964023413,-3.2271986384815876,0.00014518480748
-1.1712540789735257,-3.227202266900809,0.00014556321548
-1.1699015598618852,-3.2271995207342057,0.00014449744776
-1.1685742724374948,-3.227199843812631,0.00014366829419
-1.1672789115919329,-3.2271996574212323,0.00014526063751
-1.1659921584641144,-3.227197582263662,0.00014814939641
-1.1647094197543701,-3.2272000550562128,0.00014800381905
-1.1634361193316247,-3.227200477543383,0.00014363238006
-1.1621651218509075,-3.22720011718668,0.00014719899627
-1.1609069730248949,-3.2271981414378583,0.00014626426855
-1.1596407324408267,-3.2271987751686138,0.00014906020078
-1.1583760271514452,-3.227198054455205,0.00014681971516
-1.1571124292877373,-3.2271991106731304,0.00014705226931
-1.1558560045221502,-3.2271999804996536,0.0001462900691
-1.1545986107590975,-3.2272006018043142,0.00014644493058
-1.1533493590916328,-3.227199272212343,0.00014820598881
-1.1521330910911394,-3.2272008130478995,0.0001503702224
-1.1509080895290742,-3.2272001793171476,0.00014879833907
-1.149689996793095,-3.227198054455205,0.00014798728807
-1.1484748362182768,-3.227199545586392,0.00014498189557
-1.1472647345652909,-3.2271981290117635,0.00014501270198
-1.1460614536477116,-3.227197805933342,0.00014561373973
-1.1448413977480365,-3.227195581662654,0.00014849223953
-1.1435823554308537,-3.2271953455668827,0.00014828752319
-1.1423190092547992,-3.227200154464961,0.00014689317322
-1.1410632137083474,-3.227200154464961,0.00014623739116
-1.1398149687914945,-3.227197905342087,0.00014654404367
-1.1385643202575513,-3.227197880489901,0.00014663433831
-1.137347309778481,-3.2271994213254604,0.00014761982311
-1.1361709720241944,-3.2272004278390103,0.00014722753258
-1.1349904436704794,-3.2271998065343497,0.00014787253167
-1.1338099530699124,-3.227198054455205,0.0001456423779
-1.1326289716784201,-3.2272002041693337,0.00014633296814
-1.1314492487251964,-3.227201372222096,0.00014900362294
-1.1302740687341144,-3.227201981100665,0.00014684992493
-1.129099668974759,-3.2271972467591454,0.00014499231474
-1.1279136286614349,-3.227199868664817,0.00014731999545
-1.1267229195421404,-3.2271973585939855,0.00014797951735
-1.1255274409418154,-3.2271975449853842,0.00014625901531
-1.1243117014853952,-3.2271971846286815,0.00014589603234
-1.1231320792072317,-3.2271999432213763,0.00014639789879
-1.1219594915989808,-3.2271978307855282,0.00014652581012
-1.120781178096615,-3.2271977438028747,0.00014718898456
-1.1196053940551662,-3.227199222507967,0.000147243627
-1.1184332846534555,-3.2271996946995096,0.00014417109196
-1.1172580920779904,-3.2271966006022987,0.00014856809867
-1.1160796779005646,-3.227199794108255,0.00014803935483
-1.1149006848415344,-3.227201185830697,0.00014838352217
-1.1137063514200327,-3.2272028136489106,0.00014699052554
-1.1124844456161034,-3.2272005645260364,0.00014812502195
-1.1112615204771792,-3.2272014219264684,0.00014436816855
-1.110038960285352,-3.2271987006120515,0.00014664162882
-1.1088144369298287,-3.2272004278390103,0.0001508086425
-1.1075843764459317,-3.2272005520999416,0.00015038212587
-1.1094255597209595,-3.2290073930368868,0.00014732756244
-1.111148361708227,-3.2290066723234814,0.00014742663188
-1.112762862498253,-3.2290087350549563,0.0001479544153
-1.1142991639343791,-3.2290113321084384,0.00014970316261
-1.1157245717904347,-3.229008498959185,0.00014870215091
-1.1171294545183568,-3.2290075421500046,0.00014790863497
-1.118502272239242,-3.22900674688004,0.00014558208932
-1.1198612723079573,-3.22900868535058,0.00014621793525
-1.1212129860191065,-3.2290114563693697,0.00014777723118
-1.122536045090921,-3.229011804299981,0.00014974130318
-1.1238724939458944,-3.2290126244221318,0.00014778340119
-1.1252090938134607,-3.2290109717517357,0.00014499716053
-1.1265343929053908,-3.2290086232201163,0.00013859065075
-1.1278552119570895,-3.229010511986284,0.00013423038763
-1.1291735896385522,-3.2290062995406834,0.00014098285465
-1.1304706871289212,-3.2290094930466395,0.00014606530021
-1.1317736741103812,-3.2290091823943095,0.00015069078654
-1.133061748598379,-3.229008387124345,0.00014903576812
-1.1343474194692864,-3.2290082628634136,0.00014834481408
-1.1356372180177081,-3.2290084616809036,0.00014760458726
-1.1369190758206675,-3.229010673525497,0.00015015504323
-1.1382119575428438,-3.2290072687759555,0.00015073109535
-1.1395586626696923,-3.2290114439432784,0.0001481158688
-1.1408982576203326,-3.229009517898826,0.00014840303629
-1.1422312583544547,-3.2290079522110835,0.00014816508337
-1.143566738211964,-3.2290108847690817,0.00014997167455
-1.1448950953088806,-3.2290066101930135,0.00014683691552
-1.146157648668827,-3.229011133290945,0.00014632786042
-1.1474007591575508,-3.22901013920349,0.0001460671192
-1.1486352367597648,-3.2290073930368868,0.00014515958901
-1.1498705575156178,-3.2290093936378947,0.00014605536126
-1.1511013856468582,-3.229010946899549,0.0001393964194
-1.1523259719242938,-3.22900652321036,0.00013200676767
-1.153541434524296,-3.2290069705497166,0.00012282178795
-1.1547736469376297,-3.229005752792582,0.00013170180318
-1.1560062746355915,-3.229009232098682,0.00014905464195
-1.1572313517039505,-3.2290055912533693,0.00014996677055
-1.1584590589082886,-3.2290063865233374,0.00014660612214
-1.1596831166416546,-3.2290091451160317,0.00014786209795
-1.1609026817504062,-3.2290063865233374,0.00014699493477
-1.1621005765522028,-3.2290092942291495,0.00014774386364
-1.1633053801800852,-3.229009443342267,0.00014898668451
-1.164509151888588,-3.229009343933522,0.00014967407333
-1.1657059770178586,-3.2290079770632696,0.00014866006677
-1.1669025504594759,-3.229010698377683,0.00014897230722
-1.168093536435188,-3.2290065107842687,0.00014793714217
-1.1692889772823654,-3.229011120864853,0.00014759271289
-1.170523958259886,-3.2290082877155997,0.00014776001626
-1.1717542578470532,-3.2290111705692257,0.00014750177797
-1.1729837268649665,-3.2290067344539453,0.00014536414528
-1.1742110187846766,-3.2290087474810476,0.00014381684014
-1.1754259402562226,-3.229010673525497,0.00013204336574
-1.1766243761864754,-3.229008399550436,0.00010538500646
-1.1777887965303755,-3.2290072812020467,0.00011522858404
-1.178954878012787,-3.2290088717419794,0.00011495366198
-1.1801152084323208,-3.2290084244026227,0.00012552774569
-1.1812800314764653,-3.2290126741265044,0.00014637393178
-1.1824315276593653,-3.2290082628634136,0.00015023250307
-1.1835817402352338,-3.2290079646371748,0.00015049522335
-1.1847204129321955,-3.229011580630301,0.00014883757103
-1.1858739855382348,-3.229009343933522,0.00014924281277
-1.1870278098319291,-3.2290115060737423,0.00014976118109
-1.1881775693700203,-3.2290118167260724,0.00014943805581
-1.1893280462179234,-3.2290091823943095,0.00014956112136
-1.1875366215919665,-3.2308915491258485,0.00014415687474
-1.1858773329840242,-3.2308837206871215,0.00014677735453
-1.1843329146210784,-3.230888604141755,0.00014892987383
-1.1828687594507872,-3.230886951471359,0.00015070186055
-1.1814340013984113,-3.230889884029357,0.00013030291302
-1.1800396643831639,-3.23089026923825,8.3709062892e-05
-1.178664845745435,-3.230893574579046,7.7327167674e-05
-1.1773007741705046,-3.23088861656785,6.3287348894e-05
-1.175940024872599,-3.2308916609606886,6.1196085881e-05
-1.1745566111015082,-3.230890368646995,0.00013585182023
-1.1731855300254317,-3.230890169829501,0.00014650328376
-1.1718153424405253,-3.2308900952729425,0.00015025360335
-1.1704596143113037,-3.2308898218988933,0.00014932238264
-1.1691038987664653,-3.2308919716130187,0.00014768139226
-1.1677983823240903,-3.2308905923166717,0.00014641905727
-1.1665039149696983,-3.2308926550481467,0.00014629289217
-1.165214355524545,-3.2308937112660687,0.00014923668641
-1.1639277156561718,-3.230890430777459,0.00014761886268
-1.162648425067277,-3.2308944195533833,0.00014513570932
-1.161368329077893,-3.2308897349162398,0.00014603197633
-1.1601025415316004,-3.2308912384735184,0.00014346599346
-1.1588225210485101,-3.2308923941001892,0.00014636850392
-1.1575439351850445,-3.23089343789202,0.00015141782933
-1.1562665825910807,-3.230890368646995,0.00011711314437
-1.154989217412734,-3.230891337882267,7.9288409324e-05
-1.1537191008388052,-3.2308911763430546,7.2593000368e-05
-1.1524752856246507,-3.230891424864917,6.3690502429e-05
-1.1512344403248072,-3.2308949538753935,4.4488166168e-05
-1.1499857801233262,-3.2308958112758255,0.00012235309987
-1.1487496791357485,-3.23089026923825,0.00014668762742
-1.1475103313774437,-3.2308903189426226,0.00015122613695
-1.1462780560421957,-3.2308918473520873,0.00015052087838
-1.1450400044753055,-3.2308915366997573,0.00014639146684
-1.1437341985921274,-3.230892568065493,0.00014749456022
-1.1424360565979972,-3.230891611256316,0.00014818226919
-1.1411421303720581,-3.2308913627344533,0.0001497817866
-1.1398499156221633,-3.2308950905624196,0.00014853161701
-1.138555435683388,-3.2308920213173913,0.00014754837321
-1.1372997282276132,-3.230893897657468,0.00014376010222
-1.1360778601768335,-3.230890753855884,0.00014740884944
-1.1348616425138711,-3.2308927420308007,0.0001501176157
-1.133638805465626,-3.2308915118475707,0.00014703835768
-1.1324238839940781,-3.2308928041612646,0.00014806738182
-1.1312105984922771,-3.23089057989058,0.00012213073205
-1.1300017426931763,-3.2308914869953846,7.7891309047e-05
-1.1287997327982473,-3.230891325456172,7.0513437095e-05
-1.1275744921329118,-3.23089147456929,6.6169050115e-05
-1.1263576578351993,-3.230893462744206,5.6815362768e-05
-1.1251350347214577,-3.2308916361085025,0.00012069544027
-1.1239182885144239,-3.2308900331424786,0.00014582052245
-1.1227011773602933,-3.230890169829501,0.00014995926176
-1.121510984200689,-3.230891710665061,0.00014578776609
-1.1203127873737062,-3.230893263926716,0.00014671379176
-1.1191168053980745,-3.230890132551224,0.00014734514116
-1.1179172997952957,-3.2308905177601126,0.00014727201778
-1.1167212045602206,-3.23089147456929,0.00015002959117
-1.1155262419195855,-3.2308933881876474,0.0001507987181
-1.1143388550773157,-3.2308927296047054,0.00014969050244
-1.1131049941098519,-3.230892978126572,0.00014622240269
-1.1118699627948019,-3.2308886786983173,0.00014960223052
-1.110637511278198,-3.2308913875866394,0.00014708697563
-1.109407211691029,-3.2308907662819757,0.00014630937949
-1.1081690468646936,-3.230893077535317,0.00014569812629
-1.1069321656453912,-3.23089147456929,0.00014423872926
-1.1087725435199278,-3.2328221912295527,0.00014690162789
-1.1104867126206854,-3.23282029003729,0.00014979566913
-1.112102396342681,-3.232818612514704,0.00014550224296
-1.1136427625344103,-3.2328188734626617,0.00014519998513
-1.1150923324051865,-3.232816301261366,0.00014404200192
-1.116497995364835,-3.2328171338096117,0.00014472198382
-1.1178785650654433,-3.2328164255222975,0.00014630962687
-1.1192371624339121,-3.2328156799567056,0.00014509490575
-1.120585151167794,-3.2328184758276777,0.00014759460464
-1.121919334833887,-3.2328189604453152,0.00014857064525
-1.1232494411599954,-3.2328165622093237,0.00014574850502
-1.1245847070829977,-3.2328184509754916,0.00013623735867
-1.125919004008536,-3.2328159533307548,6.0662714532e-05
-1.1272454356949044,-3.232816015461222,6.7748391302e-05
-1.1285608182932914,-3.232818115470975,7.8317993029e-05
-1.129872891199037,-3.2328139900080246,7.8450204455e-05
-1.1311699761050245,-3.232814188825518,0.00011079322576
-1.1324698547439653,-3.2328144124951947,0.00015176751185
-1.1337597791362137,-3.2328195568977898,0.00014879481751
-1.1350512388231486,-3.2328170965313303,0.00014699339226
-1.1363384701575072,-3.2328160651655944,0.00014498172095
-1.13761930862547,-3.232819010149688,0.00014826723782
-1.1389543983671164,-3.2328171586617978,0.00014607120829
-1.1402992787584771,-3.232816947418213,0.00014530269254
-1.1416427622833631,-3.2328188734626617,0.00014465943968
-1.1429813756521547,-3.232817978783949,0.00014372127771
-1.144311997937953,-3.2328207373766467,0.00014920360991
-1.1456127574836807,-3.2328183515667464,0.00014713752898
-1.1468620343199116,-3.232817084105239,0.00014666379138
-1.148106101221718,-3.2328190474279657,0.00014568404004
-1.1493430327785512,-3.232816984696494,0.00014229919179
-1.150585388204315,-3.2328201782024504,9.3832051789e-05
-1.1518187961340032,-3.2328201036458912,4.6594286687e-05
-1.1530486804365425,-3.2328164503744836,7.6704818639e-05
-1.1542815598221574,-3.2328170344008664,7.4721501733e-05
-1.1555205929708965,-3.2328185876625177,8.5605453933e-05
-1.1567603685982142,-3.232818401271119,0.00012985350622
-1.1579956138477696,-3.2328185876625177,0.0001491845178
-1.1592278388454866,-3.2328188113321943,0.00014783123333
-1.1604572197727192,-3.232818972871407,0.00014841691882
-1.1616631559950419,-3.2328165622093237,0.00015036169498
-1.1628791974766466,-3.232820836785392,0.00014936702792
-1.1640950124393625,-3.2328157545132643,0.00014942599228
-1.165300055170515,-3.232818898314848,0.00014527571329
-1.1665079923096813,-3.232817941505671,0.0001446880633
-1.1677073972373997,-3.2328162391308988,0.00014429134899
-1.168902787747046,-3.2328179539317623,0.00015096929565
-1.1701462631828665,-3.2328185752364265,0.00014465865388
-1.17138776287061,-3.2328170095486803,0.00014360088971
-1.1726296400898315,-3.232815729661078,0.00014360301429
-1.1738721087750406,-3.232817046826958,0.00014438728977
-1.1751028362312188,-3.2328137414861615,0.00011266347428
-1.1763282782466764,-3.232817146235703,3.7102519855e-05
-1.1775030177843642,-3.2328150835042315,7.24804122e-05
-1.1786819730902465,-3.232817978783949,7.3985742347e-05
-1.1798555171115814,-3.2328165622093237,7.7572498412e-05
-1.1810429920445282,-3.2328497398782208,0.00011219490261
-1.182192273376079,-3.232852486044824,0.0001448054245
-1.1833557624756612,-3.2328503611828845,0.00014498470409
-1.1845004630919205,-3.2328506345569337,0.0001450831769
-1.185663360725519,-3.2328538901933572,0.00014762577484
-1.1868258682432524,-3.232850473017721,0.00014921856928
-1.1879903515090666,-3.23285231207952,0.00014972820645
-1.1891455600848526,-3.2328528215493404,0.00014849270519
-1.1873605157409084,-3.234811770293399,0.00014604988974
-1.18571322004965,-3.234808166726364,0.0001458653569
-1.1841763523163031,-3.2348057684903724,0.00014431729505
-1.1827076541838701,-3.2348046625680777,0.00014732747513
-1.1812747837888926,-3.2348056069511633,0.00012855406385
-1.1798790121540226,-3.2348080548915275,9.0233981609e-05
-1.1784949817481798,-3.234805569672882,8.3312188508e-05
-1.177132835583799,-3.234805582098977,8.7070409791e-05
-1.1757605212382207,-3.2348050353508753,0.00012970413081
-1.1743717213513472,-3.2348077318131025,0.00014590137289
-1.1729895156809937,-3.2348038672981096,0.00014629385259
-1.1716187995520142,-3.2348064892037813,0.00014600156283
-1.1702462838563132,-3.2348078685001287,0.00014654676488
-1.1688875606440177,-3.2348074087346808,0.00014619027206
-1.167580408231896,-3.2348036312023383,0.00014615897089
-1.166278792948148,-3.234805060203062,0.00014464941341
-1.164979669372167,-3.2348080548915275,0.00014630041551
-1.1636876937255423,-3.234806625890808,0.00014621805167
-1.1623977567489108,-3.2348078436479426,0.0001477553742
-1.1611124130719523,-3.2348054578380423,0.00014550439664
-1.1598274846796233,-3.23480614127317,0.00014557331451
-1.1585362892647233,-3.234806066716611,0.00014547782484
-1.1572475729732106,-3.2348055075424145,0.00014162225125
-1.1559639407722946,-3.2348052341683657,9.8930977401e-05
-1.1546802708182324,-3.2348081170219913,6.1490529333e-05
-1.1533965756954039,-3.2348052217422705,5.8998142777e-05
-1.1521431837660385,-3.234806688021272,5.9710509959e-05
-1.1508886466578532,-3.2348069862475106,0.00012065137707
-1.1496313787386272,-3.2348084401004167,0.00014787314285
-1.1483799122198115,-3.234806079142706,0.00014878394722
-1.1471295908798191,-3.234803531793593,0.00014892501349
-1.145880918093955,-3.2348038051676458,0.00014929790632
-1.14461129231095,-3.2348058803252124,0.00014841898519
-1.1432928642919564,-3.2348058927513073,0.00014522367564
-1.1419838242224343,-3.234807309325932,0.00014781365462
-1.1406776785609258,-3.2348048613855678,0.00014319604088
-1.139369154451092,-3.2348056069511633,0.00014814484166
-1.1380653998222905,-3.2348057933425585,0.00014956085943
-1.136819822794564,-3.2348081045959,0.00014823886158
-1.1355897245575193,-3.2348060915687973,0.00015096899006
-1.1343547309956152,-3.2348076324043573,0.00014856808411
-1.1331250732119647,-3.234805395707578,0.00014438614016
-1.131896245997568,-3.23480768210873,0.00013411555847
-1.1306732831054962,-3.234806116420984,7.8517005022e-05
-1.1294616084046774,-3.2348033951065704,6.0246722569e-05
-1.1282309690391779,-3.2348075578477986,5.6007334933e-05
-1.1270033247567524,-3.234806228255824,4.9492820835e-05
-1.1257712885247764,-3.234803047175959,0.00011877856741
-1.1245429269325404,-3.2348061288470786,0.00014511082554
-1.1233165285039985,-3.2348034323848482,0.00014711952826
-1.1220998829720268,-3.2348079554827827,0.00014692578407
-1.1209015351324527,-3.2348080300393414,0.00014745950466
-1.1196911692074318,-3.234807495717331,0.00014724134235
-1.1184869444611518,-3.234807209917187,0.000147781946
-1.1172860419918964,-3.2348057684903724,0.00014729631948
-1.1160833399559196,-3.2348060045861438,0.00014810427092
-1.1148822109677774,-3.2348079057784065,0.00014885647397
-1.1136638665441445,-3.2348080176132465,0.00014769652626
-1.1124191830075865,-3.2348072720476546,0.0001467281545
-1.1111759718438023,-3.2348067252995527,0.00015030085342
-1.1099393423121515,-3.234808141874178,0.00015213270672
-1.1087057330323429,-3.2348061661253564,0.00014520791592
-1.1074632895159002,-3.2348088377354007,0.00014549563639
-1.1062516022306985,-3.2348084152482306,0.0001026595055
-1.1080519114308185,-3.2367766711361123,0.00014552524954
-1.1097653002998513,-3.2367786468849338,0.00014924972493
-1.1113826074072124,-3.2367748569265,0.00014646843192
-1.1129240432714675,-3.2367748320743135,0.00014627202472
-1.11440774198804,-3.236772993012518,0.00014672242105
-1.1158079559099934,-3.236773887691228,0.00014606799232
-1.1171930182352143,-3.2367732166821948,0.00014521770936
-1.1185574547572414,-3.2367722225947366,0.00014651546371
-1.1199084008210494,-3.236774471717611,0.0001442758512
-1.121248524315761,-3.2367752172832027,0.00014437480422
-1.1225728292414607,-3.2367739498216954,0.00014496232325
-1.1239149662373993,-3.236773452777966,0.00014537163952
-1.125248608775038,-3.2367733782214074,0.0001446645183
-1.1265774566628795,-3.236773825560764,0.00014580358402
-1.1279018874324058,-3.2367740740826267,0.00014226989879
-1.1292223792901557,-3.2367738379868554,0.00014218546858
-1.1305242336771757,-3.2367762486489418,0.00014233578986
-1.1318253707543815,-3.236771427324772,0.00014625374752
-1.133123487579749,-3.236773142125636,0.00014702859335
-1.1344157778359394,-3.23677146460305,0.00014742990606
-1.135711264525328,-3.236772433838322,0.00014530443877
-1.13699685988994,-3.2367746581090096,0.00014465050481
-1.1383055979342775,-3.2367714770291447,0.00014599252609
-1.139654782184512,-3.236772993012518,0.00014712061966
-1.141002443724443,-3.2367740865087216,0.00014811063011
-1.142347991088085,-3.236772744490652,0.00014573412773
-1.1436892220084722,-3.2367729433081456,0.00014588834892
-1.1450254695133233,-3.236772284725204,0.00014452083269
-1.1462871671352477,-3.2367740616565355,0.00014651565289
-1.1475349967674728,-3.2367719119424065,0.00014617014676
-1.1487857963140071,-3.2367720734816188,0.00014546133752
-1.1500297247876035,-3.2367729060298647,0.000143745885
-1.1512735022486102,-3.2367743723088656,0.00014442294196
-1.152510584818035,-3.236770818446203,0.0001446219685
-1.153741110924091,-3.23677362674327,0.00014550720516
-1.154990161241435,-3.2367733657953126,0.00014556619863
-1.1562364304102088,-3.236771141524628,0.0001474028104
-1.1574804595588672,-3.2367713403421186,0.00014840152289
-1.158722865322162,-3.236771029689788,0.00014552340144
-1.1599563739269105,-3.2367733533692213,0.00014710602409
-1.1611807966073715,-3.236772595377534,0.00014719441242
-1.1624047284969092,-3.2367732042561035,0.00014652895334
-1.1636257659784333,-3.23677331609094,0.00014606457262
-1.1648425121854669,-3.2367764474664322,0.00014447048306
-1.166054904196098,-3.236773713725924,0.00014518914395
-1.1672640871891495,-3.236774459291516,0.00014491363254
-1.1684717726406624,-3.23677146460305,0.00014620526053
-1.169703607522516,-3.2367733657953126,0.00014484139683
-1.1709521544645516,-3.23677362674327,0.00014547770843
-1.172198448802092,-3.23677373857811,0.00014522095444
-1.1734483422730733,-3.236771327916027,0.00014448059665
-1.1746912639960578,-3.2367714521769586,0.00014413599274
-1.175923388318711,-3.2367772551624916,0.00014367469703
-1.1771201253573047,-3.236773328517035,0.00014659822045
-1.1783037117160076,-3.236774608404637,0.00014898146037
-1.1794920298025953,-3.2367737634302967,0.00014719835599
-1.180674156372909,-3.2367738628390414,0.00014886059216
-1.181847926913131,-3.2367732415343813,0.00014551542699
-1.1830191050705239,-3.2367726699340933,0.00014412593737
-1.1841843559836795,-3.2367745214219834,0.00014526392624
-1.1853423834611854,-3.236774024378254,0.00014412448218
-1.1865137503843173,-3.236773912543414,0.00014439321239
-1.1876822858213498,-3.2367713403421186,0.00014673880651
-1.1888453973894522,-3.236772471116603,0.00014575163368
-1.187062001599638,-3.2387627833199497,0.00014483260748
-1.185422608900694,-3.2387626466329236,0.00014670296514
-1.1838884971471526,-3.23875981348367,0.00014785479289
-1.1824156209996728,-3.2387579122914074,0.0001474871824
-1.1809848899497506,-3.2387574152476786,0.00014623012976
-1.1795829393829882,-3.2387573034128385,0.00014601710427
-1.17820552836243,-3.238757253708466,0.00014759002079
-1.1768371529286281,-3.2387571667258155,0.00014771219867
-1.1754478119133,-3.238756719386459,0.00014668468793
-1.1740521157847257,-3.2387534513239404,0.0001471448486
-1.172668752351164,-3.2387579495696888,0.00014729156101
-1.171289856373452,-3.2387571418736294,0.00014904038107
-1.169913577947334,-3.2387566696820866,0.00015093835827
-1.168566533042153,-3.2387549051768465,0.00014753938012
-1.1672511001062351,-3.238756433586315,0.00014623918105
-1.1659421732961566,-3.238754867898569,0.00014564354206
-1.1646397526119174,-3.238753898663297,0.00014953046048
-1.1633419378117362,-3.238755327664017,0.00014956993982
-1.1620408636564428,-3.2387531779498913,0.00014877834474
-1.1607592827099014,-3.2387566324038053,0.00014622947492
-1.159461455325337,-3.2387556010380694,0.00014510990877
-1.1581620423085568,-3.238756719386459,0.00014502642443
-1.1568665556191664,-3.2387531282455186,0.00014540852862
-1.1555765431362393,-3.2387546318027973,0.00014623453899
-1.1542822142100555,-3.238755514055416,0.00014391091827
-1.153008246815029,-3.2387546318027973,0.00014585659665
-1.1517398920546738,-3.238755079142154,0.00014406634727
-1.1504767975662726,-3.2387547436376374,0.00014536178787
-1.14921700018613,-3.2387562347688212,0.00014433883189
-1.1479574293248758,-3.2387528175931886,0.00014721068146
-1.1467035088514408,-3.2387539980720423,0.00014323060168
-1.1454492360152904,-3.238753115819424,0.0001436319435
-1.1441410013462576,-3.2387535880109666,0.00014401759836
-1.1428227117554757,-3.2387547063593565,0.00014468748122
-1.141501930456923,-3.2387535755848718,0.00014547153842
-1.1401902350826574,-3.238754196889536,0.00014947152522
-1.1388718951543444,-3.2387565826994327,0.00014618402929
-1.1375784345505642,-3.2387566324038053,0.00014619267313
-1.136341704343853,-3.2387558992643046,0.00014473230112
-1.1351000033059893,-3.238757278560652,0.0001473758166
-1.1338559615729475,-3.2387564832906874,0.00014560142881
-1.132618111356178,-3.2387588939527707,0.00014489685418
-1.1313839106103836,-3.2387562596210078,0.00014609258506
-1.1301587202825794,-3.23875468150717,0.00014514253417
-1.1289307739749694,-3.238759316439941,0.0001466335234
-1.1276969759294198,-3.238755228255272,0.00014543993166
-1.1264589117781463,-3.2387593785704083,0.00014812423615
-1.125222257077731,-3.238754830620288,0.00014592289517
-1.1239897426392147,-3.2387581980915514,0.0001438818872
-1.1227548749211373,-3.238756321751475,0.00014618808927
-1.1215440182051912,-3.2387566696820866,0.0001453183213
-1.120337301751144,-3.2387537122718983,0.00014506008301
-1.1191257528941518,-3.238755054289968,0.00014750592527
-1.117911863341984,-3.238757502230332,0.00014713524433
-1.1167057383539205,-3.238752258418992,0.00014597157133
-1.1155007459602988,-3.2387565578472466,0.00014682929032
-1.1142983585338897,-3.238752357827737,0.00014767388348
-1.1130530835313461,-3.2387571667258155,0.0001443647925
-1.1118030893853028,-3.2387576264912634,0.0001443123183
-1.110561199581698,-3.238755427072762,0.00014435366029
-1.1093170949267421,-3.2387539607937645,0.00014479219681
-1.10807106486124,-3.2387575519347047,0.00014652243408
-1.1068297161860898,-3.238755066716059,0.00014706920774
-1.1056407437116043,-3.2387568933517628,0.00014641937742
-1.107413744801335,-3.2407086722400327,0.00014604580065
-1.1091292100935073,-3.240708995318458,0.0001467900438
-1.1107445288684077,-3.240705888795152,0.00014656619169
-1.1122870847427198,-3.240704845003321,0.00014615579857
-1.1137786864516084,-3.240704534350991,0.00014589758939
-1.1151945679299824,-3.2407092438403207,0.00014486163855
-1.1165777551821865,-3.240704149142102,0.00014602662122
-1.117945652409448,-3.2407081503441173,0.00014577730326
-1.1192965984732541,-3.2407063112823224,0.00014482966799
-1.1206379048999386,-3.240705578142822,0.00014437921345
-1.1219666646971014,-3.24070306807199,0.00014560193813
-1.1232941408872328,-3.240706969865264,0.00014424347319
-1.1246281987094993,-3.24070842371817,0.00014418996579
-1.1259620551816434,-3.24070668406512,0.00014464338892
-1.1272865488730823,-3.2407043728117784,0.0001463372173
-1.128609381426008,-3.2407056651254753,0.00014663876209
-1.1299218318632336,-3.240705677551567,0.00014755292796
-1.1312243909756825,-3.240705789386407,0.00014721864136
-1.1325262201939361,-3.240705615421103,0.00014505852596
-1.1338200960823424,-3.2407010923231687,0.00014553993242
-1.1351153436684607,-3.2407038881941443,0.00014798073971
-1.1364063377332367,-3.240701353271126,0.00014644225303
-1.1376882710424918,-3.240704111863821,0.00014417589409
-1.1390376692272317,-3.2407072308132214,0.00014369793644
-1.1403900247418977,-3.2407045716292724,0.00014422787353
-1.1417359496370196,-3.2407036148200916,0.00014497540542
-1.1430790556304256,-3.2407073923524305,0.00014526203449
-1.1444202236288985,-3.2407024343412383,0.00014520772675
-1.1457231225196798,-3.240703565115719,0.00014384670067
-1.1469758978142932,-3.2407061994474824,0.00014355388703
-1.1482304978443925,-3.24070317990683,0.00014492520131
-1.1494789944488988,-3.2407024094890517,0.00014694312995
-1.150725364292733,-3.2407059509256193,0.00014611007646
-1.1519693179350958,-3.2407030432198036,0.00014457003272
-1.1532053434163778,-3.240702968663245,0.00014715275029
-1.1544500521217007,-3.2407057769603123,0.00014754086442
-1.155702638650573,-3.2407070071435418,0.00014767759421
-1.156949801310517,-3.2407042361247522,0.00014754735457
-1.158193528433991,-3.240702533749983,0.00014563773584
-1.1594373436481458,-3.2407034160026016,0.00014691820252
-1.1606828451695763,-3.240705217786119,0.00014435079356
-1.1618993019358088,-3.2407040124550757,0.00014313540305
-1.1631245426011443,-3.2407039503246082,0.00014516018564
-1.1643464358206888,-3.2407018378887607,0.00014728204405
-1.1655641006876587,-3.240703937898517,0.00014485949941
-1.1667787830559346,-3.240703080498085,0.00014309248945
-1.1679915651824289,-3.240702372210771,0.00014343693329
-1.1692033153895431,-3.2407060130560836,0.00014687636576
-1.1704665231373896,-3.24070699471745,0.00014725296933
-1.17172004091058,-3.24070699471745,0.00014611525694
-1.1729702741598933,-3.240708485848634,0.00014546861348
-1.1742191608802628,-3.240705789386407,0.00014660067973
-1.1754604214647344,-3.2407036893766508,0.00014515296789
-1.1766831452535362,-3.240705814238593,0.00014340075722
-1.177868090725568,-3.2407034905591603,0.00014273622946
-1.1790588753511564,-3.240707342648058,0.00014534208458
-1.1802482505258882,-3.2407060379082697,0.00014781195205
-1.181428401348123,-3.240704149142102,0.0001430696866
-1.1826073189008575,-3.2407092314142294,0.00014441601525
-1.1837779810985605,-3.240704248550847,0.00014275166905
-1.1849402872661734,-3.240704099437729,0.00014693780395
-1.1861142088189867,-3.2407058018124983,0.00014524949074
-1.187292270633699,-3.240706100038737,0.00014345209638
-1.1884592204385158,-3.240704931985975,0.00014419792569
-1.1866873771119897,-3.242665409139499,0.00014591965009
-1.1850478082316898,-3.242661383085297,0.00014659353474
-1.1835255257978545,-3.2426576428312357,0.00014521089906
-1.1820516806529107,-3.242660339293466,0.00014519003162
-1.1806184578952197,-3.242659196092887,0.00014393715537
-1.1792156012529058,-3.2426596682844298,0.00014421425294
-1.177831331743793,-3.242657878927007,0.00014502448903
-1.176464894304922,-3.24265866177088,0.00014649638615
-1.1750598731487902,-3.2426595564495932,0.00014703441411
-1.173660892496339,-3.242658748753534,0.00014561413263
-1.172274697576678,-3.242658947571024,0.00014743256907
-1.1708889556947926,-3.2426628617903894,0.00014426909911
-1.169512526256083,-3.2426601529020673,0.0001441360655
-1.1681743281719177,-3.242659345206008,0.00014627333439
-1.1668587819765561,-3.2426619298333987,0.00014520394325
-1.1655436007282916,-3.2426633215558374,0.00014514192299
-1.1642380717015333,-3.2426606126675153,0.00014463030675
-1.1629355125890861,-3.2426646014434395,0.00014618322894
-1.1616296815371436,-3.2426600037889464,0.00014443846885
-1.1603410910894576,-3.2426599416584825,0.00014482333791
-1.1590326676546858,-3.2426610227285906,0.00014471799659
-1.1577302343860636,-3.242661793146372,0.00014497400844
-1.1564308842911957,-3.242658562362135,0.00014662792091
-1.155133044322248,-3.2426617061637186,0.00014543357247
-1.1538197381470021,-3.2426619298333987,0.00014512705093
-1.1525615263990752,-3.2426603889978387,0.00014444952831
-1.1512864641627583,-3.2426589724232104,0.00014670446399
-1.150018474349498,-3.24265978011927,0.00014542254212
-1.1487476656345217,-3.2426601404759725,0.00014645939518
-1.1474837783300127,-3.2426601653281586,0.00014575419482
-1.14621675751422,-3.2426613955113885,0.00014765512606
-1.144949711529661,-3.242659133962423,0.00014720160107
-1.143619819138058,-3.242659730414897,0.00014635772095
-1.14229207867589,-3.242658636918694,0.00014892063336
-1.1409698250045668,-3.242659618580057,0.00014637279673
-1.1396500504566274,-3.2426598173975507,0.0001455439924
-1.138327608019565,-3.242658475379481,0.00014597838162
-1.1370550500753966,-3.242659767693178,0.00014428727445
-1.1358117759896984,-3.2426572327701604,0.00014447346621
-1.134564411979632,-3.242657667683422,0.00014491670299
-1.1333148457025999,-3.2426615694766925,0.00014412983728
-1.1320724021861572,-3.242658624492599,0.00014565346646
-1.1308318714958794,-3.242658848162279,0.00014519286924
-1.1296106074954686,-3.24265846295339,0.00014416912745
-1.1283655464274303,-3.242659332779913,0.00014579006529
-1.1271224736918544,-3.242657605552958,0.00014716068108
-1.125880697147693,-3.2426593700581945,0.00014750203991
-1.124641198376795,-3.2426591091102366,0.00014926787117
-1.1233987171072046,-3.2426608487632866,0.00014930893667
-1.1221670584067085,-3.242657108509229,0.00014660471061
-1.1209595491365534,-3.2426593700581945,0.00014488604211
-1.1197448919370423,-3.242656487204565,0.00014426163398
-1.1185255155940297,-3.242658748753534,0.000144016376
-1.1173168737294343,-3.2426572451962516,0.0001481063955
-1.116101348207518,-3.2426568972656438,0.00014480597747
-1.1148932600557604,-3.2426597055627107,0.0001451332937
-1.1136677425340054,-3.2426589972753965,0.00014515680959
-1.1124143128514938,-3.2426588854405565,0.00014642384485
-1.1111619402571267,-3.2426619795377714,0.0001468675182
-1.1099169672797675,-3.242661445215761,0.00014563035802
-1.1086630216375661,-3.242659345206008,0.00014607324556
-1.107419621708041,-3.2426611345634306,0.000144137608
-1.1062063110374756,-3.2426617807202773,0.00014450788149
-1.1050010040342864,-3.242658761179625,0.00014478275261
-1.106760703431537,-3.2446209655601077,0.00014407707204
-1.1084680014593582,-3.2446188282720736,0.00014518300304
-1.1100950866320525,-3.2446149389048946,0.00014375573664
-1.1116281035443016,-3.24461526198332,0.00014472684416
-1.1131221843765777,-3.2446173744191675,0.00014632511011
-1.1145575968168533,-3.244618877976446,0.00014490740432
-1.115939550799555,-3.244615435948624,0.00014356822066
-1.1173099649033484,-3.2446183063761582,0.0001460397034
-1.1186573873400094,-3.244618182115227,0.00014585386089
-1.1199990083762597,-3.2446180454282008,0.00014490289323
-1.1213346140775942,-3.2446192010548716,0.00014615041437
-1.1226512928673957,-3.244618008149923,0.00014700101747
-1.123987087334471,-3.2446187288633284,0.00014672313409
-1.1253210570660588,-3.2446216986996084,0.00014468489098
-1.126646695936321,-3.244620232420607,0.0001448886469
-1.1279684084791897,-3.244619598689855,0.00014410912991
-1.1292925120547654,-3.244618877976446,0.00014644792827
-1.130591258099266,-3.2446195365593877,0.00014530308545
-1.1318997318715673,-3.2446211270993204,0.00014633986575
-1.1331958981176202,-3.2446180205760142,0.00014597499103
-1.1344896229934354,-3.24462081644699,0.00014601399016
-1.1357821397685146,-3.244621176803693,0.00014437735081
-1.1370723913547136,-3.2446195489854825,0.00014493860363
-1.1383817586181848,-3.2446187288633284,0.00014790944988
-1.1397370085408642,-3.2446208537252677,0.00014436834317
-1.14108874742078,-3.244623239535168,0.00014494896459
-1.1424351127692962,-3.2446197105246917,0.0001443039946
-1.1437815536241083,-3.2446221833172424,0.00014555243251
-1.1451184051793282,-3.244623127700328,0.00014493380149
-1.1464150244631568,-3.244619002237381,0.0001431501878
-1.1476527614204812,-3.244620891003549,0.00014526353334
-1.1489006413902356,-3.2446191389244037,0.00014359892521
-1.1501518436370164,-3.244619735376878,0.00014520337572
-1.1513982512339986,-3.2446240223790412,0.00014411614393
-1.1526463703070249,-3.2446200087509305,0.00014487341105
-1.1538822321913322,-3.244619772655159,0.00014391996956
-1.1551366308713094,-3.2446194122984564,0.00014451953757
-1.1563881351432728,-3.24462367444843,0.00014543576981
-1.1576361535412372,-3.244623624744057,0.00014456096687
-1.158881894165938,-3.244621922369285,0.00014340752386
-1.1601282136722428,-3.2446228916045565,0.0001469347917
-1.1613528377028282,-3.244623537761403,0.00014681387984
-1.162583728755981,-3.2446208412991764,0.0001471839787
-1.1638101020157565,-3.2446238981181095,0.00014658512373
-1.1650327377138794,-3.2446237738571746,0.00014674679551
-1.1662537751954034,-3.2446241590660674,0.00014733310672
-1.1674752405459385,-3.244623960248574,0.00014347306569
-1.1686843102795448,-3.244623053143769,0.0001430719567
-1.1699320140679415,-3.2446240099529464,0.00014479385572
-1.171186626682424,-3.2446212637863465,0.00014513998758
-1.1724450523648566,-3.2446223945608277,0.00014483653649
-1.173701527467973,-3.2446229040306513,0.00014392603771
-1.1749531827525295,-3.2446245939793292,0.00014462326362
-1.176197073472978,-3.2446241342138813,0.00014704810746
-1.1773882356300482,-3.244622208169429,0.00014699359599
-1.1785857025628355,-3.244621462603837,0.00014772792929
-1.1797770660700277,-3.24462204663022,0.00014660632587
-1.1809663154009313,-3.2446221833172424,0.00014411723532
-1.1821475610644603,-3.244624954336032,0.0001455849706
-1.1833218601487536,-3.2446234507787532,0.00014451231982
-1.1844915911021405,-3.2446222578738046,0.00014600626309
-1.1856743468915878,-3.244622630656599,0.00014508057211
-1.1868553912049926,-3.2446211643776013,0.00014505336003
-1.1880291743295979,-3.2446241714921586,0.00014416519844
-1.1862615845244142,-3.246582039166109,0.00014666460629
-1.1846267473719954,-3.246574695345013,0.00014564927551
-1.1831107948826434,-3.2465719988827857,0.00014485861175
-1.1816348103926462,-3.2465765095546253,0.00014552033099
-1.1802033997860597,-3.246572023734972,0.00014757209283
-1.1788028712545386,-3.2465747450493856,0.00014629066573
-1.1774105603249012,-3.246572259830743,0.00014616111002
-1.1760300535462072,-3.246573775814117,0.00014653154358
-1.174621219322127,-3.246573403031319,0.00014733697753
-1.1732180354858643,-3.2465761119196412,0.00014606071636
-1.1718250701683273,-3.24657455865799,0.00014480830578
-1.1704418577473588,-3.2465744716753364,0.00014504826686
-1.1690592619611422,-3.246576273458854,0.00014548933541
-1.16773423972563,-3.2465746456406404,0.00014784527593
-1.166415195071888,-3.2465788829384308,0.00014697534789
-1.1650960749118484,-3.246576695946024,0.0001452917204
-1.1637819004141972,-3.2465743225622186,0.00014472275507
-1.1624713124656054,-3.24657730482459,0.00014448359434
-1.1611632162247845,-3.246577292398498,0.00014443104737
-1.159863652195411,-3.246579206016852,0.00014659938461
-1.1585541716724947,-3.2465750805539053,0.00014791545982
-1.1572427783234136,-3.246579007199362,0.00014649904915
-1.155939023694612,-3.2465749190146926,0.00014433794422
-1.1546289768744766,-3.246577354528962,0.00014455140627
-1.15332967711714,-3.2465771184331906,0.00014351586287
-1.152054086336748,-3.2465743971187773,0.00014329788974
-1.1507759660954413,-3.2465767083721153,0.00014508378808
-1.149500236886843,-3.2465793924082513,0.00014561822172
-1.1482269238797145,-3.2465750557017192,0.00014525058214
-1.1469542652604858,-3.2465748071798526,0.0001462950022
-1.1456871563540143,-3.2465745835101765,0.00014491770708
-1.1443814259771337,-3.2465767953547693,0.0001473204029
-1.1430443479030268,-3.2465746332145486,0.00014519268007
-1.1417099503024282,-3.2465751799626505,0.00014434047625
-1.14038234826847,-3.2465745835101765,0.00014397807536
-1.1390240906783318,-3.246573490013973,0.00014533620561
-1.1377233059638396,-3.2465716758043603,0.00014441192616
-1.1364717387699637,-3.246574533805804,0.00014595879475
-1.1352186111126348,-3.2465767953547693,0.00014580563584
-1.1339629917475387,-3.2465752545192093,0.00014447858848
-1.13271202860403,-3.2465761864762,0.00014365723473
-1.13146455133452,-3.2465772302680307,0.00014458759688
-1.130222082649313,-3.24657904447764,0.00014612977975
-1.1289893920294387,-3.2465765965372753,0.0001463425142
-1.1277378500043258,-3.2465742107273785,0.00014598575945
-1.1264922603922163,-3.246577143285377,0.00014374995953
-1.125241058145437,-3.2465726077613546,0.00014784876839
-1.123998539122699,-3.2465732166399204,0.00014796415053
-1.1227508982562147,-3.2465762361805726,0.00014859602379
-1.1215346805932522,-3.2465737385358358,0.00014694270794
-1.120308785540019,-3.2465755278932584,0.00014761522471
-1.1190914856201475,-3.24657455865799,0.00014684375492
-1.1178716310705927,-3.2465742977100325,0.00014533870853
-1.1166583707375581,-3.2465719740305996,0.0001461913198
-1.1154377233718975,-3.246576472276344,0.00015097948199
-1.1142350465046853,-3.246574521379709,0.00014389972785
-1.1129724805603574,-3.246575900676056,0.00014315926819
-1.1117142813968135,-3.2465748693103205,0.00014690431999
-1.110459857548072,-3.2465744716753364,0.00014710586402
-1.1092090580015375,-3.2465733906052243,0.00014936381194
-1.1079543069588451,-3.2465740367620746,0.00014602122246
-1.1067119767018458,-3.246573701257558,0.00014419182844
-1.1055123200864758,-3.246576285884945,0.00014339412155
-1.104312852236845,-3.246571240891099,0.00015029248607
-1.1060727781529844,-3.2485261387287663,0.00015027607151
-1.1077492066901198,-3.2485214416655315,0.00014741792984
-1.1093679484171053,-3.2485253186066156,0.0001508599089
-1.110916544795098,-3.2485240262929183,0.00014807423577
-1.1124168926499416,-3.2485255671284783,0.00014476173965
-1.113878317009192,-3.2485217398917667,0.00014782119251
-1.1152724275055506,-3.2485196274559187,0.00014322571224
-1.1166465036647026,-3.2485210440305474,0.00014604955504
-1.1180027980911433,-3.248523616231843,0.00014635185653
-1.119351441212923,-3.248520633969472,0.0001426946983
-1.1206952267629917,-3.2485211434392927,0.00014230234956
-1.1220257609581112,-3.2485264245289103,0.000149089552
-1.123356068634342,-3.24852457304102,0.00014599006681
-1.1246941157059143,-3.2485217771700476,0.0001486963447
-1.1260303506263822,-3.2485220753962833,0.00014751765411
-1.1273580029978711,-3.2485226469965713,0.00014480647224
-1.1286851519940535,-3.248523715640588,0.00014469149755
-1.1300017049400286,-3.2485212179958514,0.00014488252054
-1.1313108834377603,-3.2485210688827335,0.00014272109547
-1.1326154686358176,-3.248524722154141,0.0001454946032
-1.1339177886449947,-3.248524473632275,0.00014479058154
-1.1352184475156604,-3.2485220256919107,0.00014773118892
-1.1365238758673581,-3.2485917733531577,0.00014482522965
-1.1378042990506931,-3.2485924443621945,0.00014618718706
-1.1391638024947133,-3.24859501656349,0.00014708720846
-1.1405215315407786,-3.2485935005801165,0.00014705705689
-1.1418827212920784,-3.2485936745454205,0.00014516532246
-1.1432318552047818,-3.248592021875024,0.00014452579489
-1.1445732748909099,-3.248593699397607,0.00014515756629
-1.1458748524215099,-3.248592668031871,0.00014446600107
-1.1471365500434345,-3.2485919721706518,0.00014434853802
-1.1483957307888253,-3.2485969923123115,0.00014468580775
-1.1496485186678203,-3.2485916863705078,0.00014600716531
-1.1509039618515602,-3.2485922579707958,0.00014779566845
-1.1521555290454362,-3.2485935875627705,0.00014468521113
-1.1533965379422542,-3.248594308276176,0.00014423909306
-1.1546564485818405,-3.248593426023558,0.00014479110541
-1.1559178945161115,-3.2485920591533017,0.0001467866241
-1.1571738410751584,-3.2485913384398963,0.00014565682795
-1.1584281894176045,-3.248591673944413,0.00014506961452
-1.1596794671706792,-3.248593426023558,0.00014422769891
-1.1609185254881846,-3.248593090519041,0.00014265047503
-1.1621516691458362,-3.248592481640472,0.00014263902267
-1.1633885126119907,-3.2485895987868463,0.0001443241199
-1.1646201083905743,-3.2485933141887178,0.00014339378686
-1.1658457643405375,-3.2485911769006837,0.00014425092377
-1.167063680895159,-3.248593550284489,0.00014560353884
-1.1682892613388267,-3.248589275708421,0.00014608996571
-1.1695252868201087,-3.2485946437806925,0.00014632691455
-1.1707923579734325,-3.248589375117166,0.00014657698921
-1.1720495378019797,-3.2485937615280744,0.00014441333769
-1.1733117262148276,-3.24859184790972,0.00014417193597
-1.17456699321721,-3.2485941715891498,0.00014552130597
-1.1758210395344717,-3.2485916863705078,0.0001465142268
-1.1770315564720857,-3.248593873362914,0.00014553374785
-1.1782317164627625,-3.2485945692241334,0.00014411762822
-1.1794320778035634,-3.2485952153809805,0.00014432815078
-1.1806277451696292,-3.2485946686328786,0.00014497268421
-1.181819825986634,-3.248595165676608,0.00014521481353
-1.1830035759423114,-3.2485945443719473,0.0001476546895
-1.1841839658678182,-3.248597228408083,0.00014794194431
-1.1853603791284004,-3.248596594677328,0.00014956395898
-1.186550484197326,-3.2485963213032787,0.00014634450781
-1.1877355429288015,-3.2485969674601254,0.0001457704202
-1.185974069133594,-3.2505101633289457,0.0001463740773
-1.1843529363739016,-3.250505926031159,0.00014697728329
-1.1828325667662347,-3.250506510057538,0.00014665180061
-1.1813563431729655,-3.2505041988042,0.00014418823412
-1.1799234601936066,-3.2505034780907947,0.00014625843323
-1.1785192066848162,-3.2505017881421137,0.00014458609803
-1.1771304571354737,-3.250508411249801,0.00014682934852
-1.1757395053191653,-3.250505043778537,0.0001463114022
-1.1743259645359672,-3.250506236683489,0.00014645729971
-1.1729213460800798,-3.250504907091514,0.00014713038399
-1.1715239762286092,-3.2505044721782492,0.00014758281759
-1.1701399332383848,-3.2505069325447082,0.0001456336613
-1.1687622327770253,-3.250506336092234,0.00014526737505
-1.167435561987385,-3.250503913004056,0.00014724544599
-1.1661105649206396,-3.250505926031159,0.00014632707462
-1.1647944901812066,-3.2505056899353875,0.00014649167133
-1.1634737466358018,-3.2505037390387486,0.00014674433623
-1.162161107432837,-3.2505044721782492,0.0001454140438
-1.160859869680569,-3.250503763890938,0.00014390113938
-1.1595412151426885,-3.2505029810470654,0.00014312994608
-1.1582284123427475,-3.2505039254301473,0.0001452248689
-1.1569179250692179,-3.250506870414241,0.00014655623818
-1.1556045182189099,-3.250504484604344,0.0001453885634
-1.154292394975635,-3.2505033538298598,0.00014524866128
-1.1529999159537034,-3.2505071686404796,0.00014495689538
-1.1517126594505802,-3.25050879645869,0.00014685628412
-1.1504300591690422,-3.2505108964684464,0.00014672231919
-1.1491468925902866,-3.2505068952664273,0.0001467771508
-1.1478752407216715,-3.250507653258114,0.00014525704319
-1.1465981901528903,-3.2505085976411996,0.00014410454605
-1.1453271926721749,-3.250509392911164,0.00014388935233
-1.1439891959381336,-3.2505081751540295,0.00014322360221
-1.1426477384988576,-3.2505072556231336,0.00014584619203
-1.141308256807661,-3.250506099996463,0.00014812203881
-1.139975356748599,-3.250504335491226,0.00014761889179
-1.1386442185031127,-3.250509231371955,0.00014687195653
-1.1373412441060358,-3.250507839649513,0.00014484503481
-1.1360825163984205,-3.250506336092234,0.00014676703722
-1.1348244053255556,-3.250506410648793,0.00014766602544
-1.133563223663321,-3.250506696448937,0.00014680817549
-1.1323098569027221,-3.2505069573968948,0.00014681076573
-1.1310519597643627,-3.2505082745627742,0.0001436399034
-1.1298154057390093,-3.2505070319534535,0.0001463155786
-1.1285626304443959,-3.250508982850089,0.00014645868214
-1.1273083953613934,-3.2505070568056396,0.00014392234152
-1.1260551041070919,-3.2505076284059276,0.00014511121844
-1.1247987674321835,-3.25050450945653,0.00014522022684
-1.1235466087723203,-3.2505063609444202,0.00014547439059
-1.1222990434121318,-3.250503130160183,0.00014542382269
-1.1210792517844932,-3.250505764491946,0.00014266253856
-1.1198543634818714,-3.2505048201088607,0.0001438625186
-1.1186272477435188,-3.2505046461435567,0.00014828061103
-1.1174037940605235,-3.2505076035537415,0.00014604521857
-1.1161797111583927,-3.250505379283057,0.00014507774904
-1.114962813938766,-3.2505031425862745,0.00014404121612
-1.113734464930913,-3.25050450945653,0.00014433162869
-1.112466852649133,-3.2505033911081407,0.00014465786808
-1.111206539309302,-3.2505039254301473,0.00014402772649
-1.109947861939218,-3.250502744951294,0.00014348373224
-1.108689058725307,-3.2505028443600392,0.00014707754599
-1.1074317656373165,-3.2505032792733006,0.00014734108117
-1.1062119614252928,-3.2505037887431247,0.00014753709547
-1.1050054589057512,-3.250501303524479,0.00014658660803
-1.1037996359428721,-3.250501067428708,0.00014456859208
-1.1055558117129758,-3.2524569593538333,0.00014633273531
-1.1072191273233718,-3.2524546853787766,0.0001479274506
-1.1088359184710448,-3.252455828579352,0.00014916204964
-1.1103840618112617,-3.252459109067962,0.00014779275807
-1.1118852402353612,-3.2524571830235134,0.00014795972675
-1.1133502008061416,-3.2524562137882413,0.00014668889344
-1.114763187876502,-3.2524573569888173,0.00014703400666
-1.116135514806462,-3.252456835092902,0.00014773133444
-1.1174991710967646,-3.252457120893046,0.00014611356892
-1.1188464676895986,-3.252456536866663,0.00014611665392
-1.1201906056023825,-3.2524561640838687,0.00014488984016
-1.121527331313774,-3.252459171198426,0.00014376157196
-1.1228566196550098,-3.2524558161532573,0.00014332767751
-1.1241966424746612,-3.2524591339201483,0.00014492328046
-1.1255336450424722,-3.2524572824322586,0.00014541028941
-1.1268693262501024,-3.252457369414912,0.00014591330546
-1.1281982622286229,-3.2524572824322586,0.00014505868603
-1.1295277645043642,-3.252455679466231,0.00014509708853
-1.130830260694899,-3.252456971779928,0.00014831472072
-1.1321404962807737,-3.252453480047733,0.0001456199534
-1.1334487057810398,-3.2524571084669542,0.00014584396558
-1.1347491507172,-3.2524590220853087,0.00014558926341
-1.1360484756433031,-3.2524560149707513,0.00014690337412
-1.1373480396726765,-3.252456549292758,0.00014724007633
-1.1386810529911817,-3.2524592457549883,0.00014646341151
-1.140041412173224,-3.252457332136631,0.00014551069762
-1.141397870196641,-3.252457009058206,0.00014490136527
-1.1427513205525992,-3.252460041024953,0.00014468558948
-1.1441054630496033,-3.2524589226765634,0.00014606582408
-1.1454423649423542,-3.252456251066519,0.00014591298532
-1.146707045062971,-3.2524593078854522,0.00014537649986
-1.147966892780643,-3.252459084215776,0.00014510203619
-1.1492257715008496,-3.2524564498840127,0.00014475561329
-1.15048461246791,-3.2524564747361993,0.00014548873878
-1.1517445608606423,-3.252456412605732,0.00014468051086
-1.1529954610822388,-3.252458226815344,0.00014463330444
-1.1542439828555098,-3.2524542877437925,0.0001421685447
-1.1555102108551947,-3.25245740669319,0.00014221789024
-1.1567721601647742,-3.2524567356841567,0.00014619372087
-1.1580307620285626,-3.2524543498742564,0.00014540976554
-1.1592881557916137,-3.2524581025544093,0.00014451512834
-1.1605439639224506,-3.2524585498937655,0.00014323623327
-1.1617722248396263,-3.252456300770895,0.00014346839453
-1.1630081622302293,-3.2524559901185612,0.00014402004308
-1.1642455845779862,-3.252457655215056,0.00014403618115
-1.1654749277520728,-3.2524584877633016,0.0001442180801
-1.1667038430571466,-3.2524587735634456,0.00014410991571
-1.1679238989568217,-3.252457580658494,0.0001426312956
-1.169154487984792,-3.2524556421879534,0.00014662295871
-1.1704241515209448,-3.2524575558063074,0.00014622903836
-1.1716880262410725,-3.2524578913108275,0.00014667911455
-1.1729545688503231,-3.252456859945088,0.00014469963207
-1.1742140893740463,-3.2524578416064513,0.00014422366803
-1.17546974649229,-3.252459084215776,0.00014500711404
-1.1767017953086494,-3.252459270607175,0.00014525011647
-1.1779073288307271,-3.252459432146384,0.00014172184456
-1.1791087346752875,-3.2524593078854522,0.00013855028374
-1.1803117387364486,-3.2524574936758435,0.00014055082283
-1.1815064119362826,-3.252458798415632,0.0001450535492
-1.182698014546747,-3.252457145745232,0.00014988410112
-1.18388438205402,-3.252459581259505,0.00014731152623
-1.1850619279090424,-3.252458686580792,0.00014551810455
-1.1862549651391294,-3.252459854633554,0.00014587232727
-1.1874412319713423,-3.2524597925030903,0.00014456678764
-1.1856885924127671,-3.2544114471304253,0.00014428389841
-1.184082321809006,-3.254403444726394,0.00014607603953
-1.1825525894206337,-3.2544030222392237,0.00012672945741
-1.181081361827284,-3.254403109221874,6.9035886554e-05
-1.1796461129839828,-3.2544045257965024,6.3085826696e-05
-1.1782403871024218,-3.2544030222392237,4.9359878176e-05
-1.1768490074171023,-3.2544021399866057,0.00010044223018
-1.1754454460493595,-3.2544027985695436,0.00014484692656
-1.1740293632208614,-3.254406228171275,0.00014577194816
-1.1726244175710252,-3.2544014689775693,0.00014666614879
-1.1712232598203727,-3.2544024630650275,0.0001473496086
-1.1698336797017725,-3.2544036311177895,0.00014626729535
-1.1684671290034583,-3.254404190291986,0.00014637740969
-1.1671383943750602,-3.254402574899867,0.00014839971846
-1.1658113963914691,-3.254405047692418,0.00014813840971
-1.1644877206849047,-3.2544037678048157,0.00014484356507
-1.1631690535626409,-3.254402984960943,0.00014779900084
-1.161852085332038,-3.2544041033093323,0.00014526034647
-1.1605502183606367,-3.2544036559699756,0.00014559699048
-1.159229210543197,-3.254403295613273,0.00014659525186
-1.1579082656476696,-3.254405681423173,0.00013761973241
-1.1565944812658817,-3.2544036683960704,8.6857726274e-05
-1.1552771984257113,-3.254405855388477,6.4401385316e-05
-1.153962143021275,-3.2544027488651714,6.0361813667e-05
-1.1526724703166784,-3.2544052216577217,5.6177694205e-05
-1.1513847230226297,-3.2544061908929938,0.00012837204849
-1.1500974916882727,-3.254403556561231,0.00014586088946
-1.1488153192757458,-3.2544086264072667,0.00014586240286
-1.1475309320118712,-3.2544064766931378,0.0001461434731
-1.1462545232466068,-3.2544039914744958,0.0001477811893
-1.1449647750357146,-3.2544054826056796,0.00014906848082
-1.1436173903522033,-3.254404712187901,0.00014749371621
-1.1422759958348399,-3.25440632758002,0.00014632711827
-1.140932776581992,-3.254403556561231,0.00014404156536
-1.139594226135113,-3.2544060790581537,0.00014496322547
-1.1382557889476774,-3.254404302126826,0.000143426063
-1.136968796716589,-3.2544084027375866,0.00014390842989
-1.1357072249384912,-3.254405569588333,0.00014540158736
-1.1344444702284222,-3.254404115735427,0.00014586887846
-1.133183540253841,-3.2544037553787244,0.00014380511129
-1.1319221446570993,-3.2544057684058236,0.00010939174535
-1.13066853879323,-3.2544059050928498,7.042595098e-05
-1.1294280710248665,-3.254402649456426,7.073595043e-05
-1.1281599931209294,-3.2544039666223092,8.5783525719e-05
-1.1269007872067722,-3.2544064642670465,0.00011226515198
-1.125643380859338,-3.2544060666320624,0.00014249479864
-1.124384854501845,-3.2544086264072667,0.00014504980936
-1.1231259506128723,-3.254405755979732,0.00014738590107
-1.121891649192016,-3.2544038423613744,0.00014862342505
-1.1206569324865319,-3.2544031340740602,0.00014627954806
-1.1194229205064767,-3.2544012328817975,0.00014396647748
-1.118195137795843,-3.2544009595077488,0.00014566734899
-1.1169668013723717,-3.2544060914842485,0.00014405648108
-1.115735859981688,-3.2544052340838165,0.00014399067732
-1.1145169995983653,-3.2544055198839605,0.00014410882432
-1.113259631004079,-3.254405755979732,0.00014538082178
-1.1119906721933532,-3.254406041779876,0.00014580052812
-1.1107259417352053,-3.254401481403664,0.00014593875676
-1.1094664967177796,-3.254404016326682,0.00015016176621
-1.1081979909448314,-3.2544041405876136,0.00014751683921
-1.1069410124664065,-3.254402686734707,0.00011903569975
-1.105735541866243,-3.254402239395351,0.00010111517622
-1.1045241691906085,-3.2544034820046717,8.7113694462e-05
-1.1033187615123574,-3.2543998908637315,9.5653202152e-05
-1.1050728105217906,-3.2563456430967883,7.4570831202e-05
-1.1067231138805078,-3.2563428596519075,8.8265551312e-05
-1.1083306429225357,-3.2563385850758393,0.00014732677664
-1.1098800824541672,-3.256341455503374,0.00014994631056
-1.1113838406767145,-3.2563420892341295,0.00015007720503
-1.112852123524518,-3.2563411199988574,0.00014561470016
-1.1142908330730537,-3.256343269712983,0.00014781943173
-1.1156578368091454,-3.2563444998962123,0.00014850056323
-1.117021417593152,-3.2563426484083227,0.0001475126046
-1.1183774980850874,-3.2563453945749257,0.00014623075549
-1.119721195544477,-3.2563445123223076,0.00014487707813
-1.1210601864447505,-3.2563445868788663,0.00014677640866
-1.1223873228565495,-3.256345543688043,0.00014414201723
-1.123728855802121,-3.2563451709052456,0.00014352811559
-1.125066877704927,-3.256341467929469,0.00014109797485
-1.1264061202928537,-3.2563436797740617,0.00010303884483
-1.1277650574396547,-3.2563408341987135,4.381729741e-05
-1.1290750790910256,-3.256344487470121,8.0163757957e-05
-1.1303831124099342,-3.2563437294784343,7.9428049503e-05
-1.131693448670871,-3.2563451833313404,8.7715146947e-05
-1.1330027530124294,-3.256345257887899,0.00013847398805
-1.1343049723465461,-3.2563414182250927,0.000150975422
-1.1356077831466485,-3.25634302119112,0.00014597771224
-1.1369060258158408,-3.2563431330259602,0.00014387884585
-1.1382173939961573,-3.2563440152785783,0.00014516778174
-1.1395850269513823,-3.2563445123223076,0.00014884650591
-1.1409453861334247,-3.2563456803750697,0.00014852793538
-1.1423008374062267,-3.2563436922001534,0.00014509898028
-1.1436574590266182,-3.256344375635281,0.00014338926121
-1.145008681946844,-3.2563441146873235,0.00014471610484
-1.1462857954375374,-3.256347109375789,0.00014499893587
-1.1475477069939672,-3.2563427975214436,0.00014417032071
-1.1488401608471324,-3.2563444750440262,0.0001434469159
-1.1500822520008613,-3.256344052556856,0.00014332956926
-1.151338639013299,-3.256343915869833,0.00011576184625
-1.1525980966151095,-3.256342027103662,4.0342358261e-05
-1.1538440511743158,-3.256342809947535,7.767425268e-05
-1.1551088193856116,-3.256343381547823,7.7827040514e-05
-1.1563767714457238,-3.256346028305681,8.3581071522e-05
-1.1576367953447537,-3.256344263800441,0.00012106689974
-1.1588927922413297,-3.256345829488187,0.00015298751532
-1.1601499846542584,-3.2563461649927037,0.00014604383614
-1.161382700442899,-3.2563438661654605,0.00014506503067
-1.162625307556316,-3.2563444129135624,0.00014662304602
-1.1638629815917279,-3.256344462617935,0.00014913264022
-1.1650966915465986,-3.2563448602529155,0.0001463094959
-1.1663257075267344,-3.2563433691217316,0.00014594593085
-1.1675535028217512,-3.256346674462528,0.00014472779003
-1.1687744647969796,-3.2563465502015965,0.00014645756164
-1.1700397615523466,-3.25634290935628,0.000144434307
-1.171304001219571,-3.2563462146970763,0.00014380206994
-1.1725742436373265,-3.2563471715062566,0.00014362818911
-1.1738374388007895,-3.2563462768275437,0.00014416393242
-1.1750966195461805,-3.2563469354104853,0.00014126689348
-1.1763500869818397,-3.2563469229843904,0.00011095836817
-1.1775501714662227,-3.2563442513743497,3.8773476263e-05
-1.1787574164643413,-3.2563493584986634,7.5665098848e-05
-1.179965567538013,-3.2563474076020285,7.2882605309e-05
-1.1811644313372769,-3.256347159080162,7.550020382e-05
-1.1823587647587785,-3.2563478922196625,0.00010884307267
-1.1835497884876387,-3.256346662036433,0.00014920636022
-1.1847237981311327,-3.2563477182543585,0.00014577065303
-1.1859174016584408,-3.2563458916186545,0.00014671219105
-1.1871093314628525,-3.2563475318629598,0.00014632128295
-1.1853607944130282,-3.258297409558967,0.00014515452494
-1.183761608816709,-3.2582926503652647,0.00014830590226
-1.1822342548766605,-3.258290053311779,0.00010123528045
-1.1807597427594339,-3.258291917225764,5.972748113e-05
-1.1793289110344496,-3.2582909976948646,5.5212967709e-05
-1.177919535681915,-3.258292265156372,4.1535280616e-05
-1.1765331394121317,-3.2582926006608885,0.00012228787818
-1.175111079001867,-3.258292091191068,0.000143832498
-1.1736958644957725,-3.25829348291351,0.00014547287719
-1.1722866527402125,-3.2582905627816032,0.00014555729285
-1.1708846644203024,-3.258293048000245,0.00014621956507
-1.169492416412579,-3.258291979356228,0.00014892491163
-1.1681375314369964,-3.2582915320168713,0.00014715229918
-1.1668031212520147,-3.2582941539225434,0.00014448243019
-1.1654771300190387,-3.258289792363821,0.00014362578804
-1.1641486848314417,-3.258288500050128,0.00014387145347
-1.1628268338603631,-3.2582891586330693,0.00014351613936
-1.1615085442695812,-3.258292961017595,0.00014326075325
-1.1601935517870556,-3.2582908485817472,0.00014380476205
-1.15887109676561,-3.2582893325983733,0.00014877079229
-1.1575493464695916,-3.258290947990492,0.00010338258289
-1.15623115755387,-3.2582881272673303,6.4254352765e-05
-1.1549096589455066,-3.2582877917628137,6.6494678322e-05
-1.1535940749969973,-3.2582905130772306,5.0076647312e-05
-1.152306730403195,-3.258288326084824,7.5817646575e-05
-1.1510155224039118,-3.258289755085544,0.00013514222519
-1.14972308113513,-3.2582915444429665,0.00014605312026
-1.1484368313826199,-3.258290910712211,0.00014763584477
-1.147150241851776,-3.258292389417307,0.0001479996572
-1.1458684218019661,-3.258290525503322,0.0001480232022
-1.1445563740649853,-3.258292625513078,0.00014845834812
-1.143205365079265,-3.2582925882347973,0.00014679525339
-1.1418560927383536,-3.258292103617163,0.00014405857655
-1.1405106712185364,-3.2582923272868394,0.00014403670502
-1.1391673512906269,-3.2582924763999572,0.00014449539594
-1.1378254030604273,-3.2582898296421026,0.00014371756697
-1.1365573880784026,-3.2582896929550764,0.00014774336887
-1.1352930980736489,-3.2582901030161517,0.00014658077271
-1.1340203891168892,-3.258288500050128,0.00014973958605
-1.1327532298728866,-3.258290923138306,0.00012395375234
-1.13149157000411,-3.2582901030161517,7.5215612014e-05
-1.1302304386794046,-3.2582889473894845,6.5889122197e-05
-1.128981262518234,-3.258290127868338,6.4764913986e-05
-1.1277135243926288,-3.25829098526877,3.6813427869e-05
-1.1264519148613834,-3.258287530814856,0.00011968736362
-1.1251885057634148,-3.2582905379294167,0.00014664576156
-1.1239319299852362,-3.2582897302333573,0.00014506161097
-1.1226691375220195,-3.2582891586330693,0.00014750470291
-1.1214387750129382,-3.25829325924383,0.00014533767535
-1.120201654690364,-3.258287543240951,0.0001472291915
-1.1189673910226554,-3.25829140775594,0.00014573340013
-1.1177303210376122,-3.258291594147339,0.00014630825899
-1.1165002102161858,-3.2582929485915,0.00014867463324
-1.1152712068204316,-3.2582942657573835,0.00014520385594
-1.1140431095002303,-3.2582941787747295,0.00014694272249
-1.1127693937928589,-3.2582940048094255,0.00014426243433
-1.1115020457831155,-3.2582938929745855,0.00014422301319
-1.1102365350932428,-3.258290749173002,0.00014279947209
-1.108972937229535,-3.258293830844118,0.00014763465151
-1.1077022543583854,-3.2582932965221114,0.00011849086877
-1.1064628814313124,-3.258293445635229,7.8203403973e-05
-1.1052508417833968,-3.2582941663486347,7.4083553045e-05
-1.1040397585485635,-3.2582937562875594,7.4383940955e-05
-1.102832224109642,-3.2582944645748735,3.6296234612e-05
-1.1045812016128604,-3.2602283374628116,9.1799251095e-05
-1.1062317692436126,-3.260223652825668,0.00010937225306
-1.1078128584976545,-3.260221130328745,0.00014089023171
-1.1093619330821893,-3.2602248581567115,0.00014407068375
-1.110862520040303,-3.260222025007458,0.00014766055392
-1.112329846475026,-3.260221664650752,0.0001488491398
-1.113769726371148,-3.2602239883301847,0.00014776975149
-1.115156298822289,-3.260225268217787,0.00015039813297
-1.1165142292184767,-3.260220471745803,0.00014564888261
-1.11786779283388,-3.260222907260076,0.00014654353436
-1.1192118552403665,-3.2602263368618036,0.00014553916117
-1.1205513495159465,-3.260223342173338,0.00014526963059
-1.1218824374239038,-3.260223764660508,0.00014361782814
-1.1232137896038958,-3.260223801938786,0.00014589987404
-1.1245526294915777,-3.2602210681982777,0.00014665133494
-1.1258897075656846,-3.2602226463121187,0.00014632787497
-1.127221839977403,-3.2602217516334053,0.00013676812523
-1.128552537769497,-3.2602198131628617,0.00011779126362
-1.1298718089421278,-3.260223951051907,0.00010713761731
-1.1311795276514707,-3.2602248830088976,0.00012450227223
-1.1324914495446232,-3.2602250569742015,0.00014237286814
-1.1337996087073583,-3.2602244232434465,0.00014910259051
-1.1351013875880827,-3.260224808452339,0.00014679090236
-1.136400712514184,-3.26022245992072,0.00014793114678
-1.1377240610267996,-3.2602217392073105,0.00014685463975
-1.1390660721789132,-3.260221875894337,0.00014774953888
-1.1404301060006956,-3.2602236031212954,0.00014801016368
-1.1417880867344143,-3.260221515537634,0.00014665405615
-1.1431422544001848,-3.260224075312838,0.00014411112352
-1.1444997317585965,-3.26022234808588,0.00014383427333
-1.1458098037474969,-3.2602221244162033,0.00014769758855
-1.1470777432232258,-3.2602218634682454,0.00014473592455
-1.148340888049158,-3.260225591296212,0.00014649918012
-1.1496052409758257,-3.260222484772906,0.00014563013974
-1.1508674545574402,-3.2602217516334053,0.00014242646284
-1.1521251125925276,-3.260224907861084,0.00014194361574
-1.1533736217814154,-3.2602228699817952,0.00013578291691
-1.154642379242017,-3.260218558127449,0.00013457611203
-1.1559077892568295,-3.2602221368422946,0.00013026922534
-1.157173211856025,-3.2602235037125507,0.00014027820725
-1.158433864974188,-3.260224796026244,0.00014676919091
-1.1596953234928424,-3.2602192912669463,0.00014657681459
-1.1609445499915425,-3.2602241374433025,0.0001457016624
-1.162184313034477,-3.260221938024804,0.00014593306696
-1.1634295754526374,-3.260219664049744,0.00014650740195
-1.1646647200271327,-3.260221950450896,0.00014479967649
-1.1658999275235404,-3.2602193533974138,0.00014708809613
-1.1671326684809455,-3.2602238516431585,0.00014689695672
-1.1683614705265757,-3.2602241871476783,0.00014538534742
-1.1696135410957602,-3.26022091908516,0.00014527179883
-1.1708849538611052,-3.260223764660508,0.00014467831352
-1.1721556493166363,-3.260219552214904,0.00014540980919
-1.1734234755329218,-3.2602243486868874,0.00014458681107
-1.1746925979406204,-3.2602239634779986,0.00014462370018
-1.1759557301821693,-3.26022439839126,0.00014620555157
-1.177176037769498,-3.260222062285736,0.00014451358584
-1.1783872468481578,-3.2602218261899645,0.00014102485147
-1.1795939884709714,-3.2602240380345573,0.00013979642245
-1.1808028568544553,-3.260226759348974,0.00014429385192
-1.1820007013187226,-3.2602254670352773,0.00014784993255
-1.1831969349820077,-3.2602237149561355,0.00014850842126
-1.1843880845546946,-3.2602220747118307,0.00014700547035
-1.1855791837898506,-3.260221875894337,0.00014635045954
-1.1867794067024415,-3.2602254670352773,0.00014537904644
-1.1850345820455053,-3.2621683239886163,0.0001464602683
-1.1834378504038054,-3.2621655032654546,0.00014701345935
-1.1819126861463414,-3.262164496751905,0.00014743750216
-1.1804432203665651,-3.262163316273048,0.00014722329797
-1.1790070276945648,-3.262164273082225,0.00014497881057
-1.1775991121304192,-3.26216428550832,0.00014700212341
-1.1762040955585074,-3.2621671559358543,0.00014637355343
-1.1747706966194587,-3.262167317475067,0.00014610038488
-1.1733529904055968,-3.262164571308464,0.00014581467258
-1.17194176514881,-3.2621649813695393,0.00014660129091
-1.170536869836503,-3.2621658139177847,0.00014547967294
-1.1691439926096465,-3.2621644097692513,0.00014758575708
-1.1677948838657077,-3.2621672677706908,0.00014713434211
-1.1664583091669078,-3.2621626452640147,0.0001476045436
-1.1651285803722793,-3.26216655948338,0.0001471300784
-1.1638003239504233,-3.2621678642231684,0.00014639702567
-1.162470544818264,-3.262166199126674,0.00014624350297
-1.1611470704618216,-3.262166621613844,0.00014430757437
-1.159831473928929,-3.262169628728405,0.00014512748749
-1.1585012417589924,-3.262170399146183,0.00014522606216
-1.1571730482590505,-3.2621671559358543,0.00014675159764
-1.1558512224567365,-3.2621684233973616,0.00014448506408
-1.1545274712438744,-3.262167702683956,0.00014538117102
-1.153210855375987,-3.262167479014276,0.00014512812777
-1.151916601956099,-3.2621654287088955,0.00014724089124
-1.150621668979548,-3.262165205039219,0.00014706185902
-1.149326018693185,-3.2621672926228804,0.00014503196871
-1.1480380448802494,-3.2621656151002947,0.00014732260024
-1.1467463586744258,-3.262167802092701,0.00014496316726
-1.1454636199646797,-3.262167628127397,0.00014687505609
-1.1441166757345609,-3.2621683861190838,0.00014680060849
-1.142761035696018,-3.2621648322564214,0.00014392142475
-1.1414087556876478,-3.262164894386889,0.00014414930774
-1.1400567525356973,-3.262167093805387,0.00014405888214
-1.1387078451418828,-3.2621672801967856,0.00014534589718
-1.1373921101807805,-3.26216490681298,0.00014510916662
-1.13611312161707,-3.2621677275361423,0.00014386819385
-1.1348389402875378,-3.262165416282804,0.00014526300947
-1.133564431764057,-3.2621658014916934,0.00014523540449
-1.1322950828374696,-3.26216459616065,0.00014806473337
-1.1310022388684413,-3.26216254585527,0.00014665763592
-1.1297650556239547,-3.2621667955791516,0.00014765476226
-1.1284933534178083,-3.2621652547435915,0.00014549809566
-1.1272278301435525,-3.2621658139177847,0.00014611544611
-1.1259576380633265,-3.262164496751905,0.00014412596647
-1.1246904662349406,-3.2621670813792956,0.00014783933875
-1.1234265789304316,-3.2621656399524808,0.00014889791782
-1.1221663159281317,-3.2621647204215813,0.00014827107952
-1.1209338014896135,-3.2621672429185047,0.00014529397595
-1.1196939377716189,-3.2621649813695393,0.00014664903574
-1.118455911373493,-3.2621658636221573,0.00014798447955
-1.1172242149198475,-3.2621648695347027,0.00014498225937
-1.1159867296501764,-3.2621630180468126,0.00014534591173
-1.1147544794836948,-3.2621661742744874,0.00014456888312
-1.1135073671612836,-3.262165950604811,0.0001440361084
-1.112230278839355,-3.2621621109420045,0.00014964026923
-1.110959407202466,-3.262167503866462,0.00014621786249
-1.1096893283816835,-3.262165167760938,0.00014494005882
-1.108420822608735,-3.262162260055126,0.00014586930047
-1.107153399092696,-3.2621636890558454,0.00014575876412
-1.1059304110318593,-3.2621642606561334,0.00014713115525
-1.1047201961194297,-3.2621647949781405,0.00014729157556
-1.1035070364614554,-3.262163825742872,0.00014511449262
-1.1022900889042995,-3.262169666006683,0.00014445802663
-1.1040361719995024,-3.264111317628979,0.00014474439376
-1.105680422270156,-3.264110149576217,0.00014888105216
-1.107247140159192,-3.2641028554594964,0.00014468331938
-1.1087962273281082,-3.264107217018218,0.00014868598373
-1.110298085308872,-3.264105141860648,0.00014649909281
-1.1117704203278955,-3.264105527069537,0.00014442476095
-1.113206826934403,-3.264104769077854,0.00014606822515
-1.1146148180048443,-3.2641048436344127,0.00014634274703
-1.1159779835042232,-3.2641018613720383,0.00014477342484
-1.1173356622127575,-3.2641048809126905,0.0001440854976
-1.1186755088510512,-3.264104433573334,0.00014407854178
-1.1200175829250771,-3.2641072667225908,0.00014469833695
-1.1213535158203625,-3.26410283060731,0.00014394598838
-1.122682263033142,-3.264105539495632,0.00014585928875
-1.1240222984371766,-3.2641060116871747,0.00014467074652
-1.1253593387581355,-3.2641086211667516,0.00014632697275
-1.1266971593108193,-3.2641053779564193,0.0001475050085
-1.1280302229668555,-3.264106123522015,0.0001447317627
-1.1293584793887115,-3.2641049181909714,0.00014417806233
-1.1306674691207041,-3.264103091555268,0.00014424351684
-1.131982889472239,-3.2641057383131225,0.00014432653552
-1.1332942324837891,-3.264105825295776,0.00014501197438
-1.1345957345080937,-3.2641051542867427,0.00014797707263
-1.1359005336406565,-3.2641057383131225,0.00014657391876
-1.1371997704760808,-3.26410754009664,0.00014583114535
-1.13852803948232,-3.2641070554790055,0.00014477087825
-1.1398958108657549,-3.2641051791389293,0.00014391529839
-1.1412571138764982,-3.2641076643575713,0.00014583590382
-1.1426147925850325,-3.2641045578342687,0.00014571473002
-1.1439743841197316,-3.2641053282520467,0.00014446221758
-1.1453217688032444,-3.2641061732263874,0.0001453213772
-1.1465872794931171,-3.2641079128794375,0.00014467691653
-1.1478558356035964,-3.264104930617063,0.00014407752315
-1.1491229948475992,-3.264108745427683,0.00014639497385
-1.150389889819567,-3.264108148975209,0.00014623894822
-1.1516522669981557,-3.2641079004533426,0.00014521201956
-1.1529171736376596,-3.264106682696208,0.00014410763106
-1.1541704271388151,-3.264105054877998,0.00014446490968
-1.1554431109268084,-3.2641035513207157,0.00014296823065
-1.1567125479440745,-3.264106285061224,0.00014610539074
-1.1579791912283872,-3.2641076270792935,0.0001469845156
-1.1592368492634766,-3.2641081986795815,0.00014493553317
-1.160500333867739,-3.2641104353763604,0.00014545216982
-1.161741896477395,-3.2641063223395053,0.00014259276213
-1.162985447419513,-3.2641057631653085,0.00014498375822
-1.1642321318729147,-3.2641046323908274,0.00014854579058
-1.165470523218139,-3.2641074903922673,0.00014588766498
-1.1667073666842935,-3.264106247782946,0.00014579975687
-1.1679409004578065,-3.264107788618506,0.00014739428298
-1.1691728737678702,-3.2641056140521907,0.00014589571219
-1.1704501256867716,-3.2641083105144215,0.00014430649753
-1.171726672880246,-3.2641086832972155,0.0001437850442
-1.173001647025886,-3.2641082111056727,0.00014607582125
-1.174276243640044,-3.264105850147962,0.0001467243128
-1.175538734078078,-3.264108993949546,0.00014653358085
-1.1767776287986074,-3.264106682696208,0.00014511890186
-1.1779915938570726,-3.2641089442451734,0.00014599977294
-1.1792024883261667,-3.264110422950269,0.00014342705254
-1.1804142637020458,-3.2641080495664636,0.0001437584142
-1.1816199104835672,-3.2641112927767924,0.00014452093455
-1.182817503260181,-3.2641101620023116,0.00014577693946
-1.1840169207722808,-3.2641093667323435,0.00014676920546
-1.1852031624357273,-3.2641084720536306,0.00014586769976
-1.1864035866984406,-3.2641082111056727,0.0001454820158
-1.1846650919859862,-3.2660579645407486,0.00014638208086
-1.1830748664701258,-3.2660575917579546,0.0001466426329
-1.1815524707768488,-3.2660569704532905,0.00014592829393
-1.1800810795865244,-3.2660546591999524,0.00014657583961
-1.1786466613124789,-3.266052882268621,0.00014760764316
-1.1772336239045875,-3.2660530189556476,0.00014457017824
-1.1758277973479645,-3.266054025469197,0.00014378175547
-1.174391504000902,-3.26605306866002,0.0001457688486
-1.1729722121548245,-3.2660571816968758,0.00014581564756
-1.1715627612959925,-3.266057144418598,0.00014414030011
-1.1701551351726482,-3.2660545473651124,0.00014653874678
-1.1687682606963228,-3.2660544852346485,0.00014685076894
-1.1674266899976034,-3.266053081086115,0.00014604092576
-1.1660852451427106,-3.2660526088945723,0.00014447666763
-1.1647521059803787,-3.2660580888016835,0.00014478251978
-1.1634236482084004,-3.266056423705189,0.00014658304281
-1.1620931769351934,-3.2660544852346485,0.00014700619795
-1.1607766491579847,-3.2660574053665554,0.00014630626538
-1.159439231305546,-3.2660572314012484,0.00014627136989
-1.1581092759920288,-3.266055566304757,0.00014659104636
-1.1567846061192322,-3.266057604184046,0.00014653810649
-1.1554563496973762,-3.2660560757745807,0.00014671401004
-1.1541246577390503,-3.2660575544796733,0.00014436038327
-1.1528204752412377,-3.266052820138157,0.00014662613103
-1.1515217417811217,-3.2660573805143693,0.00014478361118
-1.1502194343563261,-3.2660564112790973,0.00014364148956
-1.1489240357576165,-3.266055404765548,0.00014521359117
-1.1476304996475406,-3.266054845591351,0.0001438784675
-1.1463381842225853,-3.266056162757231,0.00014447983995
-1.1450381294022867,-3.2660553799133583,0.000143023688
-1.143676776054014,-3.26605777814935,0.00014312418352
-1.1423161525999352,-3.2660589834803933,0.00014391848526
-1.1409610914429948,-3.266056063348486,0.00014512441703
-1.1396054639888353,-3.266058772236808,0.00014526012819
-1.1382527812802203,-3.266057529627487,0.00014517498494
-1.1369530284851062,-3.2660557651222506,0.00014388616546
-1.1356771608482963,-3.266056175183326,0.00014489346358
-1.1343965237304576,-3.2660583248974513,0.00014554483641
-1.1331200268745143,-3.266060623724698,0.00014405447291
-1.1318453799228234,-3.2660559515136494,0.00014513013593
-1.1305741307544546,-3.266057703592791,0.00014584898599
-1.1293219469258269,-3.266058598271504,0.00014661329624
-1.1280425808306362,-3.2660560136441132,0.00014463634579
-1.1267670152190108,-3.266055702991783,0.00014375933097
-1.1254976914611883,-3.266058710106344,0.0001443788351
-1.1242251083482553,-3.2660557651222506,0.00014689094678
-1.1229571562881446,-3.2660582503408926,0.00014550059859
-1.1217094273309816,-3.2660550692610277,0.00014676721185
-1.1204642152503521,-3.2660549574261912,0.00014607681078
-1.1192174049531236,-3.2660558396788093,0.00014682480833
-1.117977402806919,-3.2660597911764526,0.00014377561456
-1.1167382689831178,-3.2660577905754447,0.00014453640324
-1.1155018030484434,-3.2660546343477663,0.00014592678053
-1.1142707106451666,-3.2660563118703525,0.00014514915529
-1.1129919863534927,-3.2660587598107167,0.00014385432587
-1.1117160557947703,-3.2660572314012484,0.0001458004117
-1.1104390303947558,-3.2660569083228266,0.00014642075985
-1.1091665227881182,-3.2660558272527145,0.0001469457784
-1.1078957895794377,-3.2660572562534345,0.00014596593974
-1.1066382951413247,-3.266059840880825,0.00014444276167
-1.1054220019720666,-3.2660573680882745,0.00014525494771
-1.104201404943935,-3.2660573929404606,0.00014446207206
-1.1029854012154783,-3.2660597166198935,0.0001437706087
-1.1017677237641268,-3.2660570947142253,0.00014584975725
-1.1035084459123152,-3.2680087866198413,0.00014546405873
-1.1051571258856672,-3.2680097310029272,0.000148420193
-1.106710340732099,-3.2680078422367558,0.00014617526904
-1.108253135709683,-3.2680081404629946,0.00014782615472
-1.1097494691464544,-3.2680058664879343,0.00014559163537
-1.1112212756214066,-3.268005767079189,0.00014658637519
-1.1126669820867054,-3.268006773592739,0.00014533026842
-1.114092238930168,-3.2680063883838497,0.0001456434984
-1.1154560336486783,-3.2680044499133096,0.00014470430324
-1.116813737525979,-3.2680067611666477,0.00014364914387
-1.1181627204260893,-3.2680056800965356,0.00014506840671
-1.1195046183187594,-3.268004574174241,0.00014346494572
-1.1208461386799478,-3.268005568261699,0.00014626383199
-1.1221710476560145,-3.268002436886207,0.00014801010548
-1.1235103531658537,-3.2680052327571825,0.00014426941925
-1.124851118464082,-3.268006040453242,0.00014683036716
-1.126189392054543,-3.268006015601052,0.0001468367409
-1.1275238525770541,-3.268007382471308,0.00014667423966
-1.1288568910643257,-3.2680050090875024,0.00014282795019
-1.1301706754461138,-3.2680056179660717,0.00014605218894
-1.1314896320091787,-3.2680069351319516,0.00014490794274
-1.1328027871718334,-3.268002710260256,0.00014587385522
-1.1341086433925407,-3.2680082274456486,0.00014564675803
-1.1354179980716301,-3.2680063635316636,0.0001468333503
-1.1367234767608574,-3.2680069351319516,0.00014535829541
-1.1380286660092835,-3.2680087244893743,0.00014641146117
-1.1393981111156113,-3.2680078919411284,0.00014733657008
-1.1407637431539928,-3.2680046114525183,0.00014524035214
-1.1421255495400426,-3.2680079789237824,0.00014610368817
-1.1434838448833289,-3.268007916793315,0.00014499516692
-1.144840768528903,-3.268010526272892,0.00014586994075
-1.1461363181402058,-3.2680084014109525,0.00014413260214
-1.1474069632582078,-3.268008475967511,0.00014439391089
-1.148675796225105,-3.2680096812985546,0.00014474384079
-1.1499438741290422,-3.2680086872110965,0.00014496468066
-1.1512125560833482,-3.2680095694637146,0.00014402950183
-1.1524753233777985,-3.2680076806975467,0.00014471756003
-1.1537315845464111,-3.2680130611959095,0.00014468091831
-1.1550068984703832,-3.2680084386892303,0.00014301747433
-1.1562759327874028,-3.2680097434290185,0.0001448951225
-1.1575500637794038,-3.26800507121797,0.00014542044664
-1.1588130575927447,-3.2680101534900974,0.00014695758
-1.1600808334714976,-3.268005854061843,0.00014628785721
-1.1613265866805815,-3.2680105386989866,0.00014649043442
-1.1625778015117438,-3.268008364132671,0.00014667656797
-1.1638264742976079,-3.2680076061409844,0.00014652511163
-1.1650665519501082,-3.2680111848558333,0.00014402868692
-1.1663071203935338,-3.268009954672604,0.00014568219194
-1.167546958942764,-3.2680095943159007,0.00014431650925
-1.1687749304191384,-3.2680067238883663,0.0001453031291
-1.1700461921718905,-3.26800823987174,0.00014668240328
-1.1713281380655287,-3.268006028027147,0.00014572023065
-1.1726069630322646,-3.2680091345504527,0.00014695874415
-1.173884114276106,-3.2680074073234944,0.00014582724543
-1.1751533373588665,-3.268010265324934,0.00014565195306
-1.1764172750009048,-3.2680066617579024,0.00014405504044
-1.1776331654699181,-3.2680066866100885,0.00014612474479
-1.1788468536719638,-3.2680083268543934,0.000146043516
-1.180063486619554,-3.268007171227723,0.00014648369688
-1.1812710588116233,-3.2680085753762564,0.00014562593424
-1.182476202217838,-3.2680087120632826,0.00014652170648
-1.1836770543495623,-3.268010377159774,0.00014663564798
-1.184868002572127,-3.2680094452027832,0.00014613151143
-1.1860754740891342,-3.2680105884033592,0.00014495561481
-1.1843496518500265,-3.269964504579663,0.00014920247486
-1.182757916208246,-3.269962379717724,0.00014765431115
-1.1812365650187302,-3.269960043612196,0.00014699202438
-1.1797656897880957,-3.2699575832457404,0.00014819813077
-1.1783288553125788,-3.269958266680865,0.00014585388999
-1.1769173154462242,-3.2699564276190696,0.00014693087724
-1.175493530975534,-3.2699573968543416,0.00014458430815
-1.1740584331448243,-3.269958515202731,0.00014702277258
-1.1726373794851732,-3.2699593228987904,0.00014724742505
-1.171221397331737,-3.269957632950113,0.00014542104327
-1.16981513032172,-3.2699574962630864,0.00014420959633
-1.1684370900820282,-3.2699580678633744,0.00014479193487
-1.167092385872025,-3.2699594595858166,0.00014631540398
-1.1657516205737968,-3.2699594347336305,0.00014634305262
-1.1644130323737698,-3.2699569619410798,0.00014611829829
-1.1630809502995807,-3.2699568252540536,0.00014611196821
-1.161745910895467,-3.269959546568467,0.00014572910732
-1.1604324033700972,-3.269959857220797,0.00014739006292
-1.159095451139817,-3.269957632950113,0.00014626205666
-1.157758398234475,-3.2699600933165685,0.00014485098654
-1.1564267943668296,-3.2699587761506885,0.00014478729281
-1.1550999851489794,-3.2699578938980705,0.0001471577998
-1.15376742486825,-3.2699577447849495,0.00014661572641
-1.1524618958414918,-3.2699597453859606,0.00014605124306
-1.1511582167189858,-3.269960851308255,0.00014601639123
-1.149857507510791,-3.2699585276288223,0.00014766961976
-1.1485579560658008,-3.2699572974455964,0.00014769114205
-1.1472583416988966,-3.2699555577925428,0.000146085702
-1.1459650698608572,-3.2699572974455964,0.00014725813526
-1.1446424638268184,-3.269957148332475,0.00014535574883
-1.143278895627195,-3.269963038300662,0.00014599335555
-1.141913515276467,-3.2699593228987904,0.00014494128118
-1.140552136759428,-3.269959670829402,0.00014607752382
-1.1391938665849082,-3.2699598199425193,0.00014546918101
-1.1378359361887205,-3.269958005732907,0.00014635750267
-1.1365563561590246,-3.269962566109119,0.00014597664995
-1.1352735545273642,-3.2699616714304094,0.00014696507424
-1.1339923888654524,-3.2699588631333425,0.00014596879191
-1.1327112106191572,-3.2699594347336305,0.00014722233755
-1.1314295038287892,-3.2699578690458844,0.00014523745631
-1.1301584937636906,-3.2699629264658254,0.00014542747522
-1.1288940779151102,-3.2699606649168564,0.0001449452684
-1.1276156304798544,-3.2699615595955698,0.00014665530762
-1.1263325771605406,-3.2699590619508325,0.00014618110436
-1.1250558034481792,-3.269960366690621,0.0001459994528
-1.1237842774233908,-3.2699570240715436,0.00014627826749
-1.1225077805674493,-3.269957372002155,0.00014467218716
-1.1212671995396404,-3.269959832368611,0.0001463003864
-1.1200173312374238,-3.269962280308975,0.00014529410691
-1.1187716787034019,-3.269959869646892,0.00014662431204
-1.1175265421290679,-3.269956750697495,0.00014656774874
-1.116284916597498,-3.2699559430014355,0.00014417966304
-1.1150437063505576,-3.2699582418286783,0.00014583588927
-1.1137942659173519,-3.2699588382811564,0.00014976410603
-1.1125129114896992,-3.269960080890477,0.00014806288527
-1.1112356344020313,-3.2699564151929748,0.00014828857093
-1.1099606225032435,-3.2699573595760603,0.00014378852211
-1.108680828539042,-3.2699550110444413,0.00014546398597
-1.107404633708283,-3.269958117567747,0.00014819252829
-1.1061680293453988,-3.2699561169667395,0.00014685100177
-1.104938723924462,-3.2699567134192136,0.00014393334277
-1.1037195615159547,-3.2699591365073917,0.00014422292588
-1.102500977989052,-3.269959844794706,0.00014537246898
-1.1012819540087548,-3.269954650687738,0.00014858215582
-1.1030203228773825,-3.2719588428372153,0.00014677655417
-1.104666636986794,-3.27195894224596,0.00014401876251
-1.1062298186642998,-3.2719572150190017,0.00014701219334
-1.1077443994559395,-3.2719529528690283,0.00014792084403
-1.1092463581117655,-3.271955599626883,0.00014894247579
-1.1107165034482045,-3.2719576499322667,0.00014793868468
-1.1121643492585567,-3.271958059993342,0.00014441374515
-1.1135919719659615,-3.2719535493215024,0.00014544850274
-1.1149724284071245,-3.271956817384021,0.00014685349015
-1.1163314662289876,-3.271955612052978,0.0001452324359
-1.1176824752147079,-3.2719555872007913,0.00014686038776
-1.1190248764826847,-3.2719555747746965,0.00014593236847
-1.1203675294383133,-3.271955139861435,0.00014612916857
-1.1217024429986018,-3.271953599025875,0.00014762317005
-1.123027024780718,-3.271958059993342,0.0001470859861
-1.1243733146229384,-3.2719555499225104,0.00014334496518
-1.1257130354174056,-3.2719569416449525,0.0001430784032
-1.1270530330682922,-3.271955922705308,0.00014672329416
-1.1283852787394542,-3.2719569416449525,0.0001499846403
-1.1297153347280315,-3.27195338778229,0.00014872515749
-1.1310217069084287,-3.2719534499127576,0.00014518064563
-1.1323412675218625,-3.2719542451827217,0.00014706402726
-1.133648961062439,-3.2719527540515347,0.0001438731997
-1.1349551696458615,-3.271955885427027,0.0001451207645
-1.1362641216247047,-3.271951064102857,0.00014358457702
-1.1375687823290577,-3.2719548043569184,0.00014800687495
-1.1389188852392267,-3.2719514120334683,0.00014559547708
-1.140291564531902,-3.271955736313909,0.00014650901721
-1.1416534338398645,-3.2719538102694603,0.00014609989012
-1.1430158442762832,-3.2719532262430775,0.00014368029952
-1.1443728182593884,-3.2719514865900274,0.00014422318782
-1.1456976391447764,-3.2719551522875263,0.00014729368559
-1.1469757216329355,-3.2719559475574944,0.00014846130216
-1.1482471595670452,-3.271954767078637,0.00014610479411
-1.1495175152442458,-3.2719515114422135,0.00014877459034
-1.1507868893395976,-3.271954754652546,0.00014805069077
-1.1520512045131177,-3.271954990748317,0.00014700843894
-1.153307969057037,-3.2719526919210704,0.00014372465375
-1.1545847050162503,-3.27195361145197,0.00014570509666
-1.1558564701443093,-3.2719520209120376,0.0001465541427
-1.1571312681085915,-3.271952455825299,0.00014553889923
-1.158400403100673,-3.2719556990356278,0.00014769428526
-1.1596691228081268,-3.2719506291895954,0.00014522382116
-1.1609274100623477,-3.2719526919210704,0.00014645166812
-1.1621712756140334,-3.2719492871715294,0.00014652589743
-1.163421798304148,-3.2719526297906034,0.0001431254932
-1.1646708989590213,-3.2719536611563425,0.00014420945081
-1.1659135186568217,-3.2719516605553314,0.00014229610679
-1.1671531055183986,-3.271952778903721,0.00014352147991
-1.1683866392919116,-3.2719536363041564,0.0001448768453
-1.1696484753420457,-3.2719550031744085,0.00014561002899
-1.1709273003087834,-3.271953971808673,0.00014639497385
-1.1722054834720028,-3.2719539221043004,0.00014580285642
-1.1734860324991645,-3.271955177139713,0.00014330011618
-1.1747616862014687,-3.271952132746874,0.00014339912741
-1.1760281407200406,-3.2719539593825777,0.00014385078975
-1.1772540861108067,-3.2719558730009353,0.00014352006838
-1.1784708700709885,-3.271953897252114,0.00014718940656
-1.1796894284291266,-3.2719554753659517,0.00014418915089
-1.1809028020216064,-3.2719560096879583,0.00014394393656
-1.1821117710801508,-3.2719527664776296,0.00014462615945
-1.1833152785166186,-3.2719531889647997,0.000145122307
-1.184505194819805,-3.2719554380876703,0.00014411464508
-1.1857085134905319,-3.2719557611660957,0.00014617956185
-1.184001517487895,-3.2739636314391625,0.00014607537014
-1.1824102348838919,-3.273960065150409,0.00014660258603
-1.1808862535583973,-3.2739584870365714,0.00014373382146
-1.1794178322823823,-3.273959903611196,0.00014756155724
-1.1779817402854438,-3.273958524314849,0.00014669855591
-1.1765732710084607,-3.2739579154362835,0.00014614238171
-1.17513151603932,-3.273958350349545,0.00014608983474
-1.1737001935234106,-3.273957890584097,0.00014504969295
-1.1722738544230389,-3.2739569834792928,0.00014605720935
-1.1708606785869375,-3.2739562379136973,0.00014690481476
-1.169454587758278,-3.273960487637579,0.00014740249026
-1.1680862123244762,-3.27395570359169,0.00014710516552
-1.1667401993386752,-3.2739577911753517,0.00014524943253
-1.1653983014460052,-3.2739573314099006,0.00014416287013
-1.1640618651754149,-3.2739555917568506,0.00014545854356
-1.162727606003026,-3.2739582509407996,0.00014559653937
-1.1613924659238488,-3.273958462184385,0.00014344025112
-1.1600707659653633,-3.2739574432447407,0.00014383863891
-1.1587336249693423,-3.273960015446036,0.00014449156879
-1.1573957163259798,-3.273957890584097,0.000145951999
-1.1560664154003624,-3.2739573314099006,0.00014678273874
-1.1547333517443261,-3.273958163958146,0.00014448001457
-1.153402226083221,-3.2739620160470437,0.00014532270143
-1.1521043483611257,-3.2739585491670353,0.0001448612602
-1.1508003923822,-3.273959605384961,0.00014464961714
-1.1494941082924834,-3.2739587852628067,0.0001456526079
-1.1481968975426693,-3.273960288820089,0.0001453046134
-1.1468961757500895,-3.2739600402982223,0.00014456667122
-1.1456034072873569,-3.273960003019945,0.00014780205674
-1.1442571300295195,-3.2739560515222985,0.00014693199773
-1.142892441819839,-3.2739580272711235,0.00014557376562
-1.141524443917517,-3.2739595681066795,0.00014452588221
-1.140164990811026,-3.273960624324605,0.00014485526481
-1.1388006423796777,-3.2739575178012994,0.00014815181203
-1.1374693027840672,-3.2739601148547814,0.00014633663523
-1.1361842233791453,-3.2739580894015874,0.00014596736582
-1.134895368659421,-3.27395702075757,0.0001459470659
-1.1336107926298058,-3.2739587107062476,0.0001462125947
-1.1323261410938947,-3.2739618669339263,0.00014689582167
-1.1310481592807977,-3.273960450359301,0.0001453000732
-1.1297867385152913,-3.273960599472419,0.00014376202307
-1.1285054721783174,-3.27395844975829,0.00014442157408
-1.1272211604207387,-3.2739610716639618,0.00014373543672
-1.1259389376706823,-3.2739569337749166,0.00014461412502
-1.1246608048449922,-3.273958859819369,0.00014449005539
-1.1233827475255995,-3.273960313672275,0.00014665651543
-1.1221187721304118,-3.273958959228114,0.0001441736822
-1.1208737488155214,-3.2739573686881815,0.00014636866399
-1.1196182427098689,-3.2739602515418076,0.00014557848044
-1.1183705263370889,-3.273958735558434,0.00014636002015
-1.1171237412086268,-3.273957816027538,0.00014705263311
-1.1158789192438587,-3.2739583752017314,0.00014679698506
-1.114637771918831,-3.2739572692794363,0.00014410461881
-1.113372714266734,-3.2739572444272502,0.00014629948419
-1.1120844635973803,-3.273957418392554,0.00014808187552
-1.1108042165954013,-3.273957579931767,0.00015006914327
-1.109524334540521,-3.273958884671555,0.0001503884705
-1.1082436219163847,-3.2739553308088927,0.00014650779485
-1.1069637021083565,-3.2739571574445967,0.00014333846048
-1.1057435958711503,-3.2739556663134093,0.00014528328029
-1.1045145798910145,-3.273958101827682,0.00014639971778
-1.1032937185908482,-3.2739572320011554,0.00014628916688
-1.102070554348654,-3.2739559024091807,0.00014362020011
-1.100850083164349,-3.273959891185105,0.00014698800805
-1.1025852555997806,-3.275960703437223,0.00014421329251
-1.1042338600668369,-3.2759573359659595,0.00014591126819
-1.1057909131499832,-3.2759586282796564,0.00014806503896
-1.1072922551710571,-3.275957683896571,0.00014624862524
-1.10879303089491,-3.2759587525405878,0.00014613631356
-1.110264308825791,-3.2759561554871057,0.00014687173825
-1.1117144072406402,-3.2759574478007996,0.00014567922335
-1.1131440812024198,-3.275954863173409,0.00014503298735
-1.1145448110840612,-3.27595478861685,0.00014625951007
-1.1159027288958674,-3.2759584418882577,0.00014638133871
-1.1172550592417687,-3.275958864375428,0.00014722051856
-1.118597938716284,-3.2759555838868177,0.00014628651843
-1.119936816357114,-3.275957149574564,0.0001459664345
-1.1212761344513347,-3.2759561803392923,0.00014362599177
-1.1226007539866003,-3.2759572986876817,0.00014410502627
-1.1239474087759178,-3.275955111695275,0.00014599968563
-1.1252898729658072,-3.2759567767917663,0.00014578983246
-1.1266280081280584,-3.275956565548181,0.00014405846014
-1.1279637648419858,-3.275957994548901,0.00014389349963
-1.1292954316315453,-3.2759574850790805,0.00014729065879
-1.1306097948949358,-3.275957311113773,0.00014699340682
-1.1319255298560382,-3.275957311113773,0.00014699336316
-1.1332391506408517,-3.275958578575284,0.00014761806233
-1.1345481026196949,-3.2759572365572143,0.00014572913642
-1.1358595714750717,-3.275958566149189,0.00014500992256
-1.1371613377714127,-3.2759587525405878,0.00014602007286
-1.1384962135785517,-3.275959286862598,0.00014448793081
-1.1398669422919143,-3.275957248983309,0.00014330206614
-1.1412313662295583,-3.275959448401807,0.00014417615603
-1.1425956769077588,-3.2759596472193007,0.00014351482969
-1.1439585026288053,-3.2759591998799444,0.00014453547192
-1.1453084293576166,-3.2759578081575023,0.00014672134421
-1.1465836551909099,-3.2759565158438084,0.00014685904898
-1.147857509326491,-3.275956826496139,0.00014613116218
-1.1491277894973961,-3.2759566152525537,0.00014546854072
-1.1503997308068126,-3.2759551489735528,0.00014652455866
-1.151668299501675,-3.2759574850790805,0.00014628228382
-1.1529337724384,-3.2759589513580782,0.00014566029131
-1.154197621989761,-3.275958876801519,0.00014691014076
-1.1554765224627925,-3.2759590880451044,0.0001453240402
-1.156748224668939,-3.275957311113773,0.00014677007857
-1.158023538592911,-3.2759562921741323,0.00014744188229
-1.1592893638923512,-3.275957857861875,0.00014695675054
-1.16056301667781,-3.2759580566793685,0.00014557734539
-1.161801710048217,-3.275957311113773,0.00014533751528
-1.1630560709750462,-3.2759570501658155,0.00014733757416
-1.1643058889397335,-3.2759570625919103,0.00014610437211
-1.1655486344813588,-3.275958702836215,0.00014704753994
-1.1667947652219228,-3.2759588270971465,0.00014764707885
-1.1680315961036958,-3.2759590880451044,0.0001452548604
-1.1692734229853883,-3.2759598336107,0.00014840891527
-1.1705606920728948,-3.2759577833053157,0.00014652890968
-1.1718446892209078,-3.2759574478007996,0.00014575601381
-1.1731282962530576,-3.2759586158535616,0.0001462938817
-1.1744061899754756,-3.2759593986974345,0.00014472049952
-1.1756771497030452,-3.275957137148469,0.00014432288299
-1.1769194296225132,-3.275960156689121,0.00014587343321
-1.1781408446355173,-3.2759572365572143,0.00014639714209
-1.1793595540062467,-3.2759567519395802,0.00014695938444
-1.1805787164147536,-3.275957609340012,0.00014527805615
-1.1817910580878537,-3.2759603430805204,0.00014560928685
-1.1829976235293096,-3.275958963784173,0.00014550078777
-1.1842029179481157,-3.2759567643656715,0.00014486939472
-1.1853962446190038,-3.2759566276786485,0.00014491476759
-1.1837097108225865,-3.277960546454073,0.00015142862685
-1.1821024963901243,-3.2779586576879014,0.00012419458653
-1.180584089946153,-3.2779567316434526,0.00011097324023
-1.1791097414259009,-3.277956048208325,8.9145578386e-05
-1.1776707298521827,-3.2779582352007313,0.00012896848784
-1.1762567486155902,-3.2779561351909785,0.00014498370001
-1.1748069522259252,-3.277956855904384,0.00014928398014
-1.1733669339015935,-3.27795768845263,0.00014526449377
-1.1719422559397334,-3.277962099715724,0.00014680239838
-1.1705226746528545,-3.277957502061234,0.00014688186639
-1.1691093603885434,-3.2779589559141407,0.00014845398255
-1.1677529778714237,-3.277959241714284,0.00014414428733
-1.1664086260241342,-3.2779604967497002,0.00014568139159
-1.1650615307814243,-3.2779600866886214,0.00014535670925
-1.163721419871094,-3.2779590180446045,0.00014870632731
-1.1623812460388512,-3.277960422193138,0.00014596278197
-1.1610512529721864,-3.277959278992562,0.00014639916481
-1.1597141119761654,-3.2779578375657508,0.00014816656767
-1.1583766689549617,-3.277960546454073,0.00014542494318
-1.1570371369262338,-3.2779589186358593,0.00012734209304
-1.1557018835876132,-3.2779609937934295,0.00011488117161
-1.1543628926873415,-3.27795822277464,0.00011425476987
-1.1530437473585355,-3.2779614411327826,0.00013151706662
-1.1517281508256432,-3.2779604843236054,0.0001438180625
-1.1504195260407488,-3.2779606955671907,0.00014653310063
-1.1491115682281359,-3.2779582352007313,0.00014644167095
-1.1478071717958196,-3.277959067748977,0.00014637842833
-1.1465016301846782,-3.277963938777523,0.00014583831944
-1.145201701208208,-3.2779616399502762,0.00014447647845
-1.1438277508928827,-3.277959192009912,0.00014397781342
-1.142458117020814,-3.277962708594293,0.00014663890761
-1.141084531652587,-3.277962000306979,0.00014617896522
-1.1397217814378362,-3.277962136994005,0.00014527844905
-1.138353015888171,-3.277959502662242,0.00014524934522
-1.1370424531083456,-3.2779614411327826,0.00014635751722
-1.135752088262703,-3.2779649577171637,0.00014523288701
-1.1344625288175516,-3.2779596269231734,0.00014556577662
-1.1331739887073948,-3.2779590553228855,0.00014681665925
-1.1318859519725468,-3.2779618511938615,0.00013550072617
-1.1306068627337744,-3.277962261254937,0.00013556254271
-1.129335160527628,-3.2779641872993857,0.00012942848844
-1.1280493889816583,-3.2779611553326387,0.0001376857108
-1.1267588731234246,-3.277962112141819,0.00014504355204
-1.1254782989274965,-3.2779591547316307,0.00014549346815
-1.1241972339406467,-3.277961863619953,0.00014549415209
-1.1229177294172463,-3.2779606582889094,0.00014664394257
-1.1216633810747987,-3.2779613292979457,0.00014568095503
-1.1204016960372574,-3.277957936974496,0.00014531757915
-1.1191463786973457,-3.2779594281056834,0.00014239863958
-1.1178962083699446,-3.27796007426253,0.00014738246682
-1.1166488569442616,-3.2779564458433086,0.00014600243594
-1.115404110485791,-3.277955899095207,0.00014336319873
-1.1141614656192245,-3.277956097912697,0.00014738805476
-1.1128707484108682,-3.277958931061954,0.00014555796224
-1.1115879216104432,-3.2779590553228855,0.00014409955475
-1.1103020745581778,-3.277956383712841,0.00014756641758
-1.1090180144882524,-3.277956383712841,0.00015110966342
-1.1077370124233135,-3.277957787861378,0.00014607276535
-1.1064814559801315,-3.2779611926109196,0.0001391145197
-1.1052496588514256,-3.277958086087614,0.00013779192523
-1.1040220271533834,-3.2779581606441726,0.00013752683299
-1.1027976548104532,-3.2779568186261065,0.00014551747881
-1.1015775737420117,-3.277956942887038,0.00014610755898
-1.1003533775804375,-3.2779596020709874,0.00014736423327
-1.1020876313559345,-3.2799397745822656,0.00011242455366
-1.1037416345231545,-3.2799431296274375,5.1603597967e-05
-1.1053013680798092,-3.2799419118702997,6.5684551373e-05
-1.1067887917736527,-3.2799437757842846,7.4137715274e-05
-1.1082884349030673,-3.279944894132674,0.00013093811867
-1.1097631357860331,-3.2799411414525212,0.0001467182592
-1.1112153483771696,-3.279941178730799,0.00014550387277
-1.1126505217141751,-3.279939687599615,0.0001459409832
-1.114065471948233,-3.2799386065295035,0.00014593816013
-1.115432299502967,-3.2799414148265704,0.00014655906125
-1.1167850954710254,-3.279944198271455,0.00014652848768
-1.1181329080235496,-3.279941974000767,0.00014577875845
-1.119478279205834,-3.27994079352191,0.00014463369735
-1.1208177986501786,-3.2799447325934614,0.00014500740508
-1.1221474267697467,-3.2799450183936054,0.00014775487944
-1.1234905327631508,-3.279941601217969,0.0001477690239
-1.124833827522296,-3.2799415515135966,0.00014465716959
-1.1261789470169288,-3.2799448568543927,0.0001396197913
-1.1275149805872742,-3.2799406692609785,8.7952677859e-05
-1.1288539714875458,-3.2799455154373347,5.8526969951e-05
-1.1301734314259175,-3.279943999453961,7.2329647082e-05
-1.1314967673541516,-3.279939091147141,7.2290291428e-05
-1.1328098973480398,-3.279939451503844,0.00011401821394
-1.1341242102739009,-3.279940631982697,0.0001527373679
-1.1354365096985353,-3.2799414521048518,0.0001498300262
-1.1367456504431175,-3.279943626671167,0.00014708971139
-1.138057673011332,-3.2799423467835647,0.00014699609892
-1.1394305788228962,-3.2799423467835647,0.0001475277968
-1.1408004517982369,-3.2799384574163857,0.00014802948863
-1.1421683867786445,-3.279941116600335,0.00014751925482
-1.1435334399354236,-3.27994317933181,0.00014733198623
-1.1448955357622748,-3.2799419242963945,0.00014759231999
-1.1461917649302402,-3.2799432538883693,0.00014672806719
-1.1474703130405581,-3.279944645610808,0.00014485548309
-1.148748106087916,-3.279939836712733,0.00014413931058
-1.150020915719736,-3.27994286867948,0.00014421228843
-1.1512975006663582,-3.2799438006364707,0.00013615335047
-1.15256635880202,-3.2799442479758274,6.8724824814e-05
-1.1538242056028485,-3.2799403710347397,5.6682110881e-05
-1.1551070827408045,-3.279944359810664,7.7379212598e-05
-1.156382497339837,-3.2799425704532412,7.5900585216e-05
-1.157660252634047,-3.2799418373137406,0.00010112232849
-1.1589319045026623,-3.2799422598009107,0.00014732060663
-1.160202826477082,-3.279942620157614,0.00014600891154
-1.1614557905374363,-3.2799414893831327,0.00014540889242
-1.162706413902613,-3.2799444095150365,0.00014545721933
-1.1639619200082638,-3.279941601217969,0.00014628921053
-1.1652121280888126,-3.279945490585148,0.00014562418801
-1.1664552889150674,-3.2799443349584774,0.00014628116332
-1.167697442990709,-3.2799450308197002,0.00014383930829
-1.1689289632629951,-3.2799443101062913,0.00014610854851
-1.1702171635948195,-3.2799466834900968,0.000147261846
-1.1715335026062887,-3.279941613644064,0.00014386663679
-1.1728016308477571,-3.2799442355497326,0.00014600374561
-1.1740800027767173,-3.2799418000354628,0.00014572427608
-1.1753507863229289,-3.2799439870278695,0.00014403549721
-1.1766084191892519,-3.279942471044496,0.00012827222236
-1.177828940711086,-3.2799435396885133,4.4113192416e-05
-1.1790493489734766,-3.2799444840715988,6.7292050517e-05
-1.180269996339139,-3.2799444219411313,7.5502168329e-05
-1.1814819353119943,-3.2799444467933174,7.4111267168e-05
-1.1826923012370154,-3.279943626671167,0.00010377520084
-1.1838961610361969,-3.2799440491583334,0.00014654551342
-1.185094383031944,-3.279943216610088,0.00014841435768
-1.1834012550190065,-3.2819098819580375,0.00012818908726
-1.1818107274779635,-3.28190993166241,7.1287322498e-05
-1.1802923839559047,-3.2819064647824012,7.1829475928e-05
-1.1788211563625566,-3.2819067754347313,5.5118227465e-05
-1.1773822328795154,-3.2819038925811053,8.5959109128e-05
-1.1759591027967233,-3.28190707366097,0.00014286156511
-1.1745084255002716,-3.2819071606436205,0.00014915697102
-1.173072874631786,-3.2819044517552984,0.00014797980839
-1.1716484357731978,-3.2819057192168093,0.00014759256737
-1.1702332464358696,-3.281908962427138,0.00014757814643
-1.1688258090782646,-3.281905831051646,0.00014542817371
-1.1674756180774186,-3.281904203233436,0.00014656594431
-1.1661281327188435,-3.2819069245478527,0.00014466773428
-1.1647836172745811,-3.2819066884520813,0.00014372599253
-1.1634396807119196,-3.281907048808784,0.00014502160775
-1.1621025019627509,-3.281906663599895,0.00014595566608
-1.1607805251478456,-3.2819065890433325,0.00014364077651
-1.1594343611494533,-3.2819064399302147,0.00014795798052
-1.1580940111358529,-3.2819067008781726,0.00010629537428
-1.1567543532632982,-3.2819061417039794,7.2628121416e-05
-1.1554182567710385,-3.281906377799751,7.6138458098e-05
-1.1540827265759996,-3.2819046629988837,6.4692103479e-05
-1.152763455403369,-3.2819030973111376,5.6355758716e-05
-1.1514538867897737,-3.2819012831015284,0.00013628396846
-1.150143160412974,-3.2819025754152222,0.00014520552941
-1.1488371280109106,-3.2819044144770206,0.00014549827029
-1.147529409301568,-3.2819057067907145,0.0001476505131
-1.1462238425216618,-3.281900425701097,0.00014640194422
-1.1449099322960472,-3.281902786658807,0.00014783184452
-1.1435358435525136,-3.2819013576580875,0.00014423092944
-1.1421667759776641,-3.281903842876733,0.00014621396258
-1.1407925236371543,-3.281906663599895,0.00014580099378
-1.1394248529287814,-3.281905296729639,0.00014618381101
-1.138059095046575,-3.28190460086842,0.00014304433716
-1.1367580083068984,-3.2819052843035443,0.00014454961638
-1.135469241677855,-3.2819048121120047,0.00014708958042
-1.1341770646811078,-3.2819017428669763,0.000145691738
-1.1328870018606478,-3.2819036937636152,0.00010107750859
-1.1316032438159067,-3.281905010929495,7.4989096902e-05
-1.130317698788826,-3.2819086269226214,7.647874736e-05
-1.1290463111922455,-3.2819043771987397,6.5992120653e-05
-1.1277585135606676,-3.28190448903358,6.3199899159e-05
-1.1264714709920496,-3.2819030848850463,0.00013267676695
-1.125183874710594,-3.2819061417039794,0.00014563555305
-1.1239025328673244,-3.281905172468708,0.00014624900359
-1.1226195298855417,-3.2819047499815373,0.00014653663675
-1.1213669559410506,-3.2819062411127247,0.00014601735165
-1.1201101788127499,-3.2819058186255545,0.00014657771681
-1.1188520425711204,-3.2819060919996037,0.00014558968542
-1.1175965868029987,-3.2819041659551544,0.00014523771824
-1.1163447175839367,-3.2819062162605386,0.00014528997417
-1.1151001976443549,-3.2819060298691394,0.00014833138266
-1.1138462645865366,-3.2819057192168093,0.00014547866886
-1.1125522376855372,-3.28190348252003,0.00014780573838
-1.111269914260419,-3.281901730440885,0.00014599565475
-1.1099822173039013,-3.2819039547115727,0.00014827086125
-1.108695023722692,-3.281904315068276,0.00013813312398
-1.1074129771539918,-3.2819072103479967,8.7799315224e-05
-1.106171376791188,-3.2819074340176733,7.6900898421e-05
-1.1049368740202095,-3.2819056322341558,8.2021353592e-05
-1.1037096324380304,-3.2819044144770206,5.3312574892e-05
-1.1024848322260874,-3.2819060919996037,7.4336523539e-05
-1.1012625363062967,-3.2819058186255545,0.00013803249749
-1.1000396111673725,-3.2819040044159453,0.00014842869132
-1.1017738271897215,-3.2838602318455874,0.00013164627308
-1.103431316230941,-3.2838543418774004,4.3888780056e-05
-1.1049814604880033,-3.28385700106135,5.5132746638e-05
-1.1064759566049056,-3.2838569389308825,5.9859132307e-05
-1.1079573272106853,-3.283856143660918,0.00011925095168
-1.109429246945081,-3.283857498105079,0.00014737510355
-1.1108795970475835,-3.283854404007868,0.00014659931185
-1.1123142166717515,-3.2838568519482325,0.00014647100761
-1.1137320738982062,-3.2838576969225692,0.00014511869813
-1.1151048286971772,-3.2838570134874416,0.00014875445049
-1.1164607078389903,-3.283857659644292,0.00014704477508
-1.1178102696207028,-3.283854391581773,0.00014615473629
-1.1191550996745343,-3.2838577963313145,0.00014633881801
-1.1204964564387483,-3.2838558702868657,0.00014676561113
-1.121832729112364,-3.283856715261206,0.00014658426517
-1.123162961282299,-3.283857088044004,0.00014430418378
-1.1245134165551833,-3.283856218217477,0.00014648780052
-1.1258528479088492,-3.2838566531307385,0.00014157863916
-1.1271912473431351,-3.2838600703063747,0.00012000215793
-1.1285263874223124,-3.283857460826798,5.5023429013e-05
-1.1298592119750768,-3.2838589022536127,5.6014014262e-05
-1.1311720902813134,-3.2838592626103154,5.9317222622e-05
-1.1324926953985084,-3.2838574111224252,0.00010314142128
-1.1338031449188886,-3.283856789817765,0.00014368355914
-1.1351119584695237,-3.283857398696334,0.00014704938803
-1.1364224960805827,-3.283857498105079,0.00014876206114
-1.1377248160897597,-3.283858939531894,0.00014843288227
-1.1390928139920833,-3.283859424149528,0.00014787336113
-1.1404679220706135,-3.2838575975138244,0.00014801266661
-1.1418355046883075,-3.2838575850877327,0.00014651207312
-1.1432027852808189,-3.2838575850877327,0.00014756951714
-1.1445634213192792,-3.283859573262646,0.0001442622015
-1.145882742829443,-3.283856081530451,0.0001453038567
-1.1471587363100777,-3.2838575105311705,0.00014346442185
-1.1484387316244016,-3.283857274435399,0.00014505255967
-1.1497129255383167,-3.283857572661638,0.00014540736447
-1.1509873082179711,-3.2838605424979175,0.00014263120829
-1.1522580791797996,-3.283854963182061,0.00012660698849
-1.1535200662425253,-3.283858815270959,7.8811790445e-05
-1.1547983500808066,-3.283858529470815,6.6422660893e-05
-1.1560806609215417,-3.2838592004798515,6.9958397944e-05
-1.157357346543224,-3.28385669040902,0.00010361673048
-1.1586295772934418,-3.2838585791751878,0.00014449743321
-1.1598999958925567,-3.28385854189691,0.00014956707309
-1.1611562696455506,-3.283858529470815,0.00014838077186
-1.1624127447486687,-3.2838589146797075,0.00014784742962
-1.1636641860987198,-3.2838565910002746,0.00014961848501
-1.1649162944210503,-3.283860679184944,0.0001483617234
-1.1661617204361854,-3.283855161999555,0.00014434535115
-1.1674059005974367,-3.2838588028448674,0.00014393578749
-1.1686466829753661,-3.2838580075748998,0.00014529620239
-1.1699215941990935,-3.283860182141215,0.00014487636508
-1.1712077558609246,-3.2838576472181966,0.00014273145644
-1.1724953898955282,-3.283857821183501,0.00014503755665
-1.1737748063282496,-3.2838574484007066,0.00014624408504
-1.175052863647644,-3.28385711289619,0.00014645491319
-1.1763264283424242,-3.283856864374324,0.0001443518704
-1.1775470002017892,-3.28385688922651,0.00012525418424
-1.1787730714363804,-3.283856702835111,9.7976342659e-05
-1.1799933790237107,-3.283856118808732,8.2869126345e-05
-1.1812101881526587,-3.283859411723433,8.0110701674e-05
-1.1824226053320543,-3.2838587282883087,0.00011599419668
-1.183636960506381,-3.2838542051903743,0.00014660591842
-1.1848303123460358,-3.2838576472181966,0.00014816562179
-1.1831470127359622,-3.285821106634095,0.00014725880465
-1.1815582973460237,-3.285820721425206,0.00014752593415
-1.180040935405814,-3.285816521405697,0.00014726931113
-1.178572715479921,-3.285817838571577,0.00014717657177
-1.1771303061228824,-3.2858176024758055,0.00014862169337
-1.1756977503374726,-3.2858191930157377,0.00014663118054
-1.17424815529793,-3.2858180249629756,0.00014697517327
-1.1728101882279711,-3.2858181740760966,0.00014343400835
-1.171382829792603,-3.2858179255542304,0.00014396145707
-1.1699670238205246,-3.285820410772876,0.00014731948613
-1.1685769025734718,-3.285818285910933,0.00014760725026
-1.1672196391495655,-3.2858190190504337,0.00014757375175
-1.1658657231714484,-3.2858178137193903,0.00014618557179
-1.1645241776414936,-3.2858179255542304,0.00014646280033
-1.163179171406306,-3.285816086492435,0.00014655059204
-1.1618414641130659,-3.2858210320775365,0.00014729112445
-1.1605100615955428,-3.2858165959622556,0.00014622654999
-1.159166678745719,-3.2858171799886384,0.00014646381896
-1.1578231071301541,-3.285818484728427,0.00014672317775
-1.1564854627588284,-3.285819143311365,0.00014480792743
-1.1551438291381948,-3.2858172421191023,0.00014426812413
-1.1538087897340812,-3.285817826145485,0.00014406495029
-1.1524975473975914,-3.285818298337028,0.00014557201939
-1.151182945030929,-3.285818758102476,0.00014559685951
-1.149868770533278,-3.285816508979602,0.00014322655625
-1.1485596046199291,-3.2858161361968077,0.00014373635349
-1.1472538616586672,-3.2858183107631196,0.00014562996512
-1.1459484333069692,-3.2858182362065604,0.00014406695846
-1.1446173705677785,-3.285816558683978,0.00014693677076
-1.1432408027008591,-3.285817838571577,0.00014866192942
-1.1418653296752304,-3.285818285910933,0.00014899027883
-1.14049252453873,-3.285818981772156,0.00014763958461
-1.1391247657396784,-3.285818223780469,0.00015012599761
-1.1377583534695705,-3.2858182113543744,0.00014638877474
-1.1364694232435524,-3.2858191308852738,0.00014517641102
-1.1351775356876064,-3.285818571711077,0.00014859507792
-1.1338804759503853,-3.2858191060330872,0.00014685151109
-1.1325884877193775,-3.2858186214154497,0.00014684780035
-1.1313018981885352,-3.285817913128139,0.00014352364815
-1.130023161312478,-3.2858179255542304,0.00014489593741
-1.1287380567387897,-3.285816508979602,0.00014457726502
-1.127448207852837,-3.2858170433016123,0.00014549634943
-1.126157905929107,-3.285817987684698,0.00014505798754
-1.1248701838038246,-3.2858159001010363,0.00014248577645
-1.123588879713703,-3.285817652180181,0.00014523084974
-1.122306896066917,-3.2858149308657643,0.00014380685752
-1.1210524470494088,-3.2858149308657643,0.00014468938753
-1.1197900321176721,-3.2858167326492818,0.00014859347721
-1.1185304738408013,-3.285817378806129,0.00014667640789
-1.1172751942540373,-3.2858161361968077,0.00015039983555
-1.1160242688636763,-3.2858164219969517,0.00014660575835
-1.1147767664254002,-3.285816248031644,0.00014312835992
-1.1135055298414145,-3.2858159870836867,0.00014821911464
-1.1122126103660888,-3.2858131042300607,0.00014672974066
-1.1109246994750674,-3.285815862822755,0.00014576656395
-1.1096384245537911,-3.285815390631212,0.00014304024808
-1.108349443990242,-3.285817229693011,0.00014610066137
-1.1070618099556384,-3.285818981772156,0.00014320785704
-1.1058319885750116,-3.2858180373890704,0.00013992917957
-1.1045967181566898,-3.2858154527616796,0.00014095027291
-1.1033669345292108,-3.2858181616500017,0.00014242784528
-1.1021389504684547,-3.2858189569199663,0.00014557663235
-1.1009156477980504,-3.285817987684698,0.00014737952733
-1.0996891109413005,-3.285820224381477,0.00014541544078
-1.1014198914271796,-3.2877823914836783,0.00014397046471
-1.103061561899387,-3.287780266621739,0.00014462220133
-1.1046197601613552,-3.287777706846535,0.00014808504784
-1.1061171003487418,-3.287774314523085,0.00014729819668
-1.1075852070151893,-3.2877768742982894,0.00014945150178
-1.1090607384674107,-3.2877772843593647,0.00014665321214
-1.1105109878948514,-3.287774500914484,0.00014817420742
-1.111942939629894,-3.287776837020008,0.00014819881471
-1.1133637667706566,-3.2877771849506194,0.00014769322297
-1.114746551322614,-3.287776079028325,0.00014592439402
-1.11610385249967,-3.2877764518111188,0.00014619075228
-1.1174519796617581,-3.2877746873058826,0.00014830389409
-1.11879959086416,-3.2877751470713306,0.00014695839491
-1.120138090973508,-3.2877765015154914,0.00014829827705
-1.121478503909021,-3.2877774831768583,0.00014363099763
-1.1228062317868055,-3.287773954166382,0.00014724461653
-1.1241518294879786,-3.2877740162968494,0.00014282800839
-1.1254978424737814,-3.2877741157055946,0.00014812221343
-1.1268362796612152,-3.2877739914446633,0.00014620571164
-1.1281752579771054,-3.2877718790088153,0.00014621969603
-1.1295097940059138,-3.287774724584164,0.00014449180162
-1.130823163103074,-3.2877716926174165,0.00014613452367
-1.1321438940640958,-3.2877738050532646,0.00014805904357
-1.1334575903552049,-3.2877720529741197,0.00014979977277
-1.1347702421425527,-3.287772463035195,0.00014680955792
-1.1360830323581106,-3.287774600323229,0.00014862281387
-1.1373895555510989,-3.2877756565411547,0.00014726119116
-1.1387696973826962,-3.2877698784078078,0.00014379322238
-1.1401191962424964,-3.2877715186521126,0.00014516539522
-1.1414880624672237,-3.2877712701302464,0.000146006656
-1.1428575201579347,-3.287771990843652,0.00014517710952
-1.1442226362366261,-3.2877748736972814,0.00014721520711
-1.1455578644064806,-3.2877745754710426,0.00014917235239
-1.1468330399022446,-3.2877744263579247,0.00014484126586
-1.1481155269243357,-3.2877719535653744,0.00014679432206
-1.1493905891606544,-3.28777506008868,0.00014770925918
-1.1506637385708083,-3.287774389079644,0.00014509398898
-1.1519399459859487,-3.287776389680655,0.00014322629431
-1.153203002721202,-3.2877754577236606,0.00014408079733
-1.154477423154004,-3.2877747121580687,0.00014591953368
-1.1557572422869704,-3.2877742896708986,0.00014509417815
-1.1570397922309774,-3.287776513941586,0.00014553342771
-1.1583165407745721,-3.2877738671837284,0.00014385861869
-1.159587185892574,-3.2877759299152034,0.00014410745644
-1.1608580071919334,-3.2877754577236606,0.00014402372472
-1.162101608471581,-3.287776961280943,0.00014517988893
-1.163361330345428,-3.2877739914446633,0.00014714119607
-1.1646147348591749,-3.2877761908631613,0.00014432551689
-1.1658620737004748,-3.28777278611362,0.0001439498883
-1.1671093622042434,-3.287776936428757,0.00014436279889
-1.1683490371564993,-3.2877751470713306,0.00014382254449
-1.1696086583552843,-3.2877751470713306,0.00014365589595
-1.170898469488089,-3.2877732955834404,0.00014385115355
-1.1721884442178703,-3.2877733949921892,0.00014699863095
-1.1734714094465033,-3.2877747618624413,0.00014475357602
-1.1747548654660618,-3.2877751346452393,0.00014635744446
-1.1760266305941205,-3.287776675480799,0.0001463968656
-1.177258176035173,-3.2877751719235166,0.00014536315575
-1.1784893942822765,-3.287776948854848,0.00014601317525
-1.1797090726504718,-3.2877728358179925,0.00014506392472
-1.1809305254166236,-3.2877722393655184,0.00014650092635
-1.1821483790493328,-3.287775122219144,0.00014640184236
-1.1833576501330614,-3.287778415133849,0.00014685676433
-1.1845533300835105,-3.2877738050532646,0.00014680001186
-1.1828784494254414,-3.2897313993531623,0.00014318837202
-1.1812906904485851,-3.2897326792407644,0.00014546014427
-1.179773416599054,-3.289733797589154,0.00014849402942
-1.1783048946479788,-3.2897277709339408,0.00014737629681
-1.1768678588223378,-3.289729746682762,0.00014612173254
-1.175422064266362,-3.2897308153267795,0.0001467460097
-1.1739728970958287,-3.289728876856239,0.00014398802887
-1.1725350810384647,-3.2897334620846372,0.00014391150034
-1.1711084776660565,-3.289730020056815,0.00014533280046
-1.1696911741524394,-3.2897311135530183,0.00014264817582
-1.1683058349708004,-3.28972846679516,0.00014702379121
-1.166948458287449,-3.289730517100544,0.00014669385564
-1.165597650651851,-3.2897328035016957,0.00014672934776
-1.1642507819280297,-3.2897294733087135,0.00014656578423
-1.1629053352394478,-3.289729597569645,0.0001456275786
-1.1615622040772773,-3.2897319833795415,0.0001471183059
-1.1602327269703023,-3.2897318963968916,0.00014609894424
-1.158886600725056,-3.2897269259596005,0.00014903095143
-1.1575413302178321,-3.289729908221975,0.00014433343313
-1.156200527166456,-3.2897301070394653,0.00014663329057
-1.1548582265735412,-3.2897312129617635,0.00014687115618
-1.1535174486909296,-3.2897306786397533,0.00014848296996
-1.1522055016290125,-3.2897309271616195,0.0001435141312
-1.150886972934957,-3.28973000763072,0.00014592392836
-1.149574094628722,-3.2897322070492216,0.00014696065045
-1.1482620594761244,-3.2897302437264915,0.00014759258192
-1.1469527803033304,-3.289729796387135,0.0001460435451
-1.1456446966468907,-3.2897323810145256,0.00014632070088
-1.1442919510163634,-3.2897323810145256,0.00014467313304
-1.1429122999756895,-3.289732604684202,0.00014618947171
-1.1415342597359979,-3.289733300545425,0.0001435259037
-1.14015619432754,-3.2897323437362442,0.00014472004841
-1.1387819671557966,-3.28972980881323,0.00014411764278
-1.1374391506031936,-3.289730902309433,0.00014820259821
-1.1361423803067736,-3.2897296472740174,0.0001482245425
-1.1348473340707776,-3.289732020657823,0.00014653745166
-1.13355062669627,-3.2897303928396093,0.00014666610514
-1.1322579211554515,-3.2897294608826186,0.00014658125292
-1.1309673927128328,-3.2897327786495096,0.00014764867956
-1.1296895367435624,-3.2897331514323036,0.00014433820616
-1.128396403333733,-3.2897332011366798,0.00014544538863
-1.1271026658735348,-3.2897334620846372,0.00014476160868
-1.1258062856929762,-3.2897344810242783,0.00014540771372
-1.124489858590828,-3.2897301070394653,0.00014701964392
-1.1232221959715187,-3.289727584542542,0.00014705969079
-1.121946441594154,-3.289731250240041,0.00014760567865
-1.1206871098361701,-3.289729038395448,0.00014861728414
-1.1194223542092576,-3.2897299206480666,0.00014351808932
-1.1181605181591232,-3.2897289265606116,0.00014366664982
-1.116901274491818,-3.289729025969357,0.00014367121912
-1.1156497198823236,-3.289729945500256,0.00014530163025
-1.114401223277819,-3.2897300946133736,0.00014553424262
-1.11311097169162,-3.289732182197035,0.00015079860168
-1.1118145285891474,-3.2897301443177462,0.00014769064728
-1.1105275111892958,-3.2897340958153896,0.00014597046538
-1.109235158011191,-3.2897331762844937,0.00014835533511
-1.107941760329325,-3.289732045510009,0.0001473671291
-1.1066650117857284,-3.289730032482906,0.00015010137577
-1.1054361719869503,-3.2897299330741614,0.00014662960893
-1.1042019083192418,-3.2897350899028477,0.00014922526316
-1.1029718352509634,-3.2897342822067883,0.00014852784807
-1.1017417747670664,-3.2897335614933825,0.0001485284447
-1.1005139920564309,-3.2897299703524423,0.00014809436107
-1.0992852906858628,-3.289733760310873,0.00014913114137
-1.1010221620129534,-3.2916909321236005,0.00014572373766
-1.1026688662382262,-3.2916910066801592,0.00014505564468
-1.1042246231299582,-3.2916866202692545,0.00014637665299
-1.1057220262392573,-3.2916862971908296,0.00014582619769
-1.1071843315052943,-3.291691205497653,0.00014580754214
-1.1086570063026517,-3.291689540401162,0.00014636474953
-1.1101102759819328,-3.2916891179139913,0.00014445756096
-1.1115497405934285,-3.2916892918792953,0.00014636789274
-1.1129728958449854,-3.291691478871702,0.00014497889788
-1.114383831660971,-3.2916899007578646,0.00014369096607
-1.1157328648986122,-3.291691491297797,0.0001441075292
-1.1170895494409163,-3.2916912179237445,0.00014446373098
-1.1184349583763502,-3.291691280054212,0.00014571430802
-1.119779222132961,-3.291691702541382,0.00014738377649
-1.121123498473953,-3.2916915161499833,0.00014674999693
-1.1224471867649009,-3.2916898137752106,0.00014619639842
-1.1237982586725352,-3.291691416741238,0.000145566024
-1.125145202902654,-3.2916921498807388,0.00014684649068
-1.1264881452990836,-3.2916946475254756,0.00014839915093
-1.1278279164310816,-3.291693641011922,0.0001475182944
-1.1291682161071528,-3.2916927090549315,0.00014695250138
-1.1304836616274523,-3.291692336272134,0.0001479479979
-1.1318390122251938,-3.2916890185052465,0.00014624005416
-1.133137582088337,-3.291689242174923,0.00014630965597
-1.1344489628530348,-3.2916915037238885,0.00014589860803
-1.1357659688367856,-3.2916911557932806,0.00014884048142
-1.1370773244327188,-3.2916889190965013,0.00014819478383
-1.138409167403636,-3.291691876506686,0.00014295260189
-1.1397830296282825,-3.2916924978113467,0.0001444000809
-1.1411535066539902,-3.291690236262381,0.00014317994646
-1.1425259090902478,-3.2916911806454667,0.00014540748089
-1.1438929757482519,-3.2916916404109147,0.00014811573783
-1.145249622537408,-3.2916936534380175,0.00014696628205
-1.1465342489045542,-3.2916914043151433,0.00014377162734
-1.1478146846722725,-3.2916899628883285,0.00014339228801
-1.1490935725609208,-3.2916900125927047,0.00014576080139
-1.1503710635830944,-3.291693442194432,0.00014303129865
-1.1516495361871166,-3.291691478871702,0.00014407547133
-1.152918935451233,-3.291693889533789,0.00014572992222
-1.1541868371738144,-3.2916921250285487,0.00014647090575
-1.155470909828123,-3.291689851053492,0.00014465660206
-1.1567546049509516,-3.2916914291673294,0.00014325931261
-1.158029969212453,-3.291692348698229,0.00014613605163
-1.159306919106172,-3.2916910936628128,0.00014976625971
-1.1605786213123181,-3.2916916528370095,0.00014773481234
-1.1618318748134737,-3.2916904599320578,0.00014776342141
-1.1630878717100497,-3.2916893664358544,0.00014891149476
-1.1643446865914984,-3.2916918392284047,0.00014401529916
-1.1655974618861118,-3.2916884841832363,0.00014650046069
-1.1668455557903719,-3.291693976516439,0.00014555317466
-1.1680852936645416,-3.2916895776794393,0.0001449509291
-1.1693404348230956,-3.2916893540097627,0.0001438780746
-1.1706350783588453,-3.291689527975067,0.00014248203661
-1.171921894408576,-3.2916941007773737,0.00014431329328
-1.1732143734305076,-3.2916901989841,0.00014442116662
-1.1744944945886582,-3.2916885463137033,0.00014369562268
-1.1757730175302097,-3.2916918268023134,0.00014433347678
-1.1770187078173813,-3.2916917895240325,0.00014374010789
-1.1782474846942468,-3.291691019106254,0.00014548041509
-1.1794686857727454,-3.2916943492992368,0.00014522355923
-1.18069741231208,-3.291693802551135,0.0001449733827
-1.1819144227911502,-3.291692758759304,0.00014470727183
-1.1831286143685025,-3.2916908699931366,0.00014519083197
-1.1843340472155184,-3.2916907457322018,0.00014310315601
-1.1826540824668528,-3.293674248436466,0.00014327152167
-1.1810725275906517,-3.2936710176522284,0.00014667895448
-1.1795535045119285,-3.293666854911,0.00014467719302
-1.1780861151552933,-3.2936669915980232,0.00014383855159
-1.1766508914807567,-3.293667426511288,0.00014743486827
-1.1751921727637793,-3.2936682590595336,0.00014552488574
-1.1737426028930031,-3.293669526521041,0.00014666697825
-1.1723014519742294,-3.293669240720897,0.00014839804498
-1.1708725708285597,-3.2936667803544415,0.00014478804951
-1.1694532034761846,-3.293668321189998,0.00014438694052
-1.1680750248082832,-3.2936689797729395,0.00014429081057
-1.1667190701601746,-3.293668892790289,0.000143622834
-1.1653620710083048,-3.2936659850844734,0.00014369541896
-1.1640173919670662,-3.29366643242383,0.00014382964582
-1.1626732037167513,-3.2936691288860573,0.00014408938296
-1.1613271026402714,-3.29366817207688,0.00014675885905
-1.1599963167574987,-3.2936661963280587,0.0001461453794
-1.1586444772025208,-3.293667140711144,0.00014696999278
-1.1572975707255517,-3.2936676501809647,0.00014643387112
-1.1559542004601093,-3.2936709928000423,0.00014647934586
-1.154605871947897,-3.2936700484169563,0.00014556087262
-1.153270568271747,-3.2936688058076355,0.00014592648949
-1.1519562050083567,-3.293669538947136,0.00014706990623
-1.1506404826316374,-3.2936694146862013,0.00014707821538
-1.1493214631466582,-3.293668606990142,0.00014483541599
-1.1480071376364156,-3.2936668176327193,0.0001434970618
-1.1466967132848,-3.2936688679380994,0.00014715692669
-1.1453937137189587,-3.2936717259395425,0.00014519723481
-1.1440167179830283,-3.2936685075813967,0.00014799655764
-1.1426384260556834,-3.293667588050501,0.00014586125326
-1.1412576675893342,-3.2936670910067716,0.00015037611593
-1.139882798614076,-3.293669340129642,0.00014342575741
-1.1385044815179646,-3.2936688803641943,0.00014456828649
-1.1371739599072284,-3.293667612902687,0.00014597727568
-1.1358493277875796,-3.293668756103263,0.00014534480579
-1.134568262800728,-3.293668035389854,0.00014850833395
-1.1332709639602367,-3.293666333015085,0.00015005315072
-1.131974432767085,-3.29366674307616,0.00014489176101
-1.1306804184504688,-3.2936697377646262,0.00014694246056
-1.1294029022595309,-3.29366663124132,0.0001501073275
-1.128104949031138,-3.293670930669575,0.00014416969498
-1.1268076501906465,-3.293671464991585,0.00014687066141
-1.1255191855867857,-3.293668930068567,0.0001463128865
-1.1242214966304294,-3.2936689549207534,0.00014428280701
-1.122936215875385,-3.2936707318520844,0.00014472009207
-1.1216649667070162,-3.293669104033871,0.00014624212054
-1.1203977948786303,-3.2936696507819727,0.00014508000459
-1.119135807815903,-3.2936702720866364,0.00014711500262
-1.117873657156203,-3.2936718253482877,0.00014749773254
-1.1166143883201332,-3.293668159650789,0.00014568003826
-1.1153529298014788,-3.293669787468999,0.00014367201948
-1.114103048914879,-3.293669029477312,0.00014487464796
-1.1128024152129798,-3.293668606990142,0.00014693489356
-1.1115057078384722,-3.2936684951553055,0.00014505915169
-1.1102145375923387,-3.293669812321185,0.00014412720338
-1.1089225493613308,-3.2936702720866364,0.00014319928596
-1.1076286734729244,-3.293668619416237,0.00014748444664
-1.1063696311557416,-3.2936662211802448,0.00014671911777
-1.1051278923647299,-3.293666904615373,0.00014706802904
-1.1038930246466527,-3.293668532433583,0.00014703154739
-1.102659264354251,-3.2936661093454047,0.00014754687436
-1.1014244469737065,-3.29366971291244,0.00014821914374
-1.1001971676383777,-3.2936665069803888,0.00014706402726
-1.0989756267815471,-3.293667886276736,0.00014594865206
-1.100699171247393,-3.2956502457804246,0.000144788326
-1.1023388030496073,-3.295645735108585,0.00014699091844
-1.1039010534827955,-3.295643461133525,0.00014565716265
-1.105392692944832,-3.295642901959328,0.0001449456322
-1.1068438610322089,-3.295640764671294,0.000148853258
-1.108316686842156,-3.2956413611237716,0.00014519214164
-1.1097687610050841,-3.2956411126019054,0.00014833614114
-1.1112316577371086,-3.2956413238454907,0.00014807670959
-1.1126321862686277,-3.295640764671294,0.00014803218073
-1.1140440659133146,-3.2956434362813383,0.00015031591465
-1.1154009895588888,-3.295643038646354,0.00014674650447
-1.116755622846818,-3.295643001368077,0.00014880721574
-1.1181018623515078,-3.2956452380648558,0.00014558457769
-1.1194421746119603,-3.295645623273745,0.00014363926311
-1.1207834432854953,-3.2956437220814823,0.00014647305943
-1.1221172997576394,-3.2956430759246356,0.00014407557319
-1.1234558879576664,-3.2956459712043564,0.00014370994177
-1.1248013849837775,-3.2956431380550995,0.00014357430337
-1.1261453970527346,-3.295643485985711,0.00014518770331
-1.1274832553585679,-3.295644169420839,0.00014543929137
-1.128819779719837,-3.295648232753322,0.00014606433979
-1.1301438455422648,-3.2956441321425576,0.00014484273561
-1.1314629027803917,-3.295644256403489,0.00014529092005
-1.1327867294995495,-3.295646505526363,0.0001458668994
-1.1340989030803554,-3.2956435605422696,0.00014677800937
-1.1354140717442367,-3.295646232152314,0.00014510197798
-1.1367234390077097,-3.2956459960565425,0.00014406008995
-1.138040570835287,-3.2956434238552434,0.00014456654026
-1.1394147476694994,-3.2956438711946,0.00014417442435
-1.1407879555062461,-3.29564418184693,0.00014538792311
-1.142153851816664,-3.2956465800829218,0.00014408119023
-1.1435227683789204,-3.2956484688490932,0.00014708812523
-1.144883983298985,-3.295646020908729,0.0001464739471
-1.1461906449201833,-3.295646294282778,0.00014492885384
-1.1474720748541316,-3.2956445297775416,0.00014457518409
-1.148750018914081,-3.2956473132224224,0.00014607526828
-1.1500285166868678,-3.295645660552026,0.00014529879263
-1.1513026225101042,-3.295646207300128,0.00014698771702
-1.1525775589025944,-3.295644231551303,0.0001470475836
-1.1538428179048155,-3.2956458345173303,0.00014667706273
-1.1551275952845532,-3.2956438339163223,0.00014607590856
-1.1564097928658448,-3.2956442688295837,0.00014796941832
-1.157688819182703,-3.2956428274027694,0.00014621297305
-1.1589683362904866,-3.295643510837897,0.00014698773157
-1.1602433607736558,-3.29564891618845,0.00014564748562
-1.1614959598869115,-3.2956465303785496,0.00014526773884
-1.1627556691763754,-3.2956432498899395,0.00014336558525
-1.1640149631812116,-3.295648655240492,0.00014609434584
-1.1652685816294621,-3.2956484688490932,0.00014630393707
-1.1665162350803295,-3.295643908472881,0.00014505966101
-1.1677629698712624,-3.2956484688490932,0.00014472157636
-1.1690058664254808,-3.2956464682480853,0.00014294149878
-1.170299226354199,-3.2956451386561105,0.00014473164629
-1.1715893772653359,-3.295648829205796,0.00014596320398
-1.1728802329019021,-3.2956493386756165,0.00014553974324
-1.1741690876216262,-3.2956490155971947,0.00014554029622
-1.1754489067545923,-3.2956469528657197,0.00014407061099
-1.1767046771322798,-3.2956458842217025,0.00014506178559
-1.1779343349159321,-3.295646443395899,0.00014605239267
-1.1791646470874824,-3.295647946953178,0.0001463132503
-1.180391586644479,-3.295648332162067,0.00014664624177
-1.1816080308263284,-3.2956477108574065,0.00014607720368
-1.1828254817587929,-3.295646878309161,0.00014610867947
-1.1840371438752284,-3.295648530979557,0.00014513204223
-1.1823578838519917,-3.297627560290263,0.00014522582933
-1.1807764674040007,-3.2976235839404304,0.00014496443328
-1.179258740516692,-3.297621459078491,0.00014504612773
-1.177792949376656,-3.2976226147051584,0.00014619644207
-1.1763592106592748,-3.2976204152866604,0.00014603363525
-1.1748848747234057,-3.2976237330535514,0.0001455067104
-1.1734353677745422,-3.2976208999042944,0.00014757107419
-1.1719967085635374,-3.29762296263577,0.00014607475896
-1.1705684692213825,-3.2976239194449466,0.00014450195886
-1.1691453265542089,-3.2976233354185673,0.00014550813648
-1.167779568672001,-3.2976224407398544,0.00014650900266
-1.1664207070314954,-3.297621856713475,0.0001474974124
-1.1650679362322016,-3.297625423002229,0.00014543977159
-1.163719406369867,-3.2976208377738305,0.00014573952649
-1.1623738590062251,-3.2976201543387025,0.00014749851834
-1.1610321247105295,-3.2976212602609976,0.00014625923359
-1.1596921018908781,-3.2976209744608536,0.00014621912851
-1.1583423010058935,-3.29762164546989,0.00014363895752
-1.1569930915868947,-3.2976213845219324,0.00014508228924
-1.1556491046867037,-3.297618650781424,0.00014353735605
-1.1543012292122672,-3.2976179797723875,0.00014359227498
-1.1529738536971978,-3.2976240809841593,0.00014566753816
-1.1516538148772237,-3.2976208253477357,0.00014526107407
-1.1503339522386056,-3.2976232732881,0.00014885369455
-1.149018557055837,-3.297619918242931,0.00015006610192
-1.1477020922005394,-3.2976179797723875,0.00014549960906
-1.1463922970680571,-3.2976222667745505,0.00014663650654
-1.1450706600314842,-3.2976213969480237,0.00014734151773
-1.1436857613032394,-3.2976177063983383,0.00014778479817
-1.1423072176882394,-3.297620788069458,0.00014365356765
-1.1409267864158408,-3.2976201170604216,0.00014623891911
-1.1395490482013337,-3.2976183152769076,0.00014684771304
-1.1381701899767678,-3.297619582738415,0.00014525103325
-1.1368536118620283,-3.297618427111744,0.00014656510029
-1.1355512918528512,-3.2976185637987703,0.00014601524163
-1.1342483552089222,-3.2976206141041504,0.00014580527204
-1.1329512325497868,-3.2976204401388465,0.00014983842266
-1.1316515426765867,-3.297620030077771,0.00014707024093
-1.1303555526118916,-3.2976186632075155,0.00014562638535
-1.1290738835746712,-3.297622987487956,0.00014702776389
-1.1277744328047432,-3.297622142513619,0.00014516677766
-1.1264735851683367,-3.297618601077051,0.00014656278654
-1.1251755941867978,-3.2976217573047264,0.00014742772328
-1.1238817308827729,-3.29761988096465,0.00015015969984
-1.1225873516190599,-3.297620390434474,0.0001447268296
-1.1213272522137325,-3.2976207383650853,0.00014344822557
-1.120055109554194,-3.2976213099653733,0.00014649363584
-1.118788780879447,-3.2976193714948296,0.00014513960923
-1.117525132678208,-3.2976209868869484,0.00015006508329
-1.116261383801909,-3.2976182034420676,0.00014591762738
-1.1150079289506312,-3.297620291025729,0.00014661348541
-1.1137341880744933,-3.297618638355329,0.00014473343617
-1.1124304082769272,-3.2976203034518203,0.00014660063607
-1.1111316244792786,-3.297620962034762,0.00014458961959
-1.1098374717344526,-3.297622900505306,0.00014502555132
-1.108543155392652,-3.2976204277127517,0.00014503310376
-1.107242773378406,-3.297621061443507,0.00014396489132
-1.1059946291366152,-3.297621136000066,0.00014431992895
-1.104757093529413,-3.2976229502096785,0.00014564632147
-1.103517028461294,-3.297622241922364,0.00014583441953
-1.1022857724610444,-3.2976210987217884,0.00015042106679
-1.1010511186774727,-3.2976202785996342,0.00014768628171
-1.099822153034868,-3.2976218939917525,0.00014737514721
-1.0986032548983977,-3.2976254602805066,0.0001457581966
-1.100320129641428,-3.2995987735883294,0.00014575327805
-1.1019620518012887,-3.299596698430763,0.00014398409985
-1.1035210051262168,-3.2995996682670428,0.00014577672118
-1.105016394734289,-3.2995973073093285,0.0001467885595
-1.1064662162927204,-3.299597332161515,0.00014626982738
-1.1079212477855764,-3.2995929581767016,0.00014749380352
-1.1093735862205394,-3.299599904362814,0.00014576598187
-1.110812245431544,-3.2995974564224464,0.00014628045028
-1.1122403085923414,-3.299598201988042,0.00014451926108
-1.1136512821614768,-3.2995951451691083,0.00014839389769
-1.1150213439025565,-3.299598612049117,0.0001462813234
-1.116381250046823,-3.2995975682572865,0.00014930243196
-1.1177338824179088,-3.299596052273913,0.00014694841229
-1.1190760697513784,-3.2995970339352794,0.00014663636102
-1.1204183703442931,-3.2995971706223024,0.00014472883777
-1.1217565432596923,-3.2995941138033724,0.00014444331464
-1.123092388064297,-3.2995953812648797,0.00014597653353
-1.12444025095435,-3.299594909073337,0.00014523952268
-1.1257854333708954,-3.2995952694300397,0.0001440497872
-1.127128577117449,-3.2995944120296077,0.00014415680198
-1.1284703743350555,-3.299597642813845,0.00014665257186
-1.1298002415578938,-3.2995922623154823,0.00014720538456
-1.1311165931537464,-3.299595418543161,0.00014526984887
-1.1324423704522184,-3.299595356412693,0.00014800050121
-1.1337602573427557,-3.299599295484245,0.00014935723448
-1.1350753505003415,-3.299595816178141,0.00014730810653
-1.1363899654513854,-3.2995964499088966,0.00014774904412
-1.1376953938030832,-3.2995948220906866,0.00014670784003
-1.1390652919471884,-3.2995969345265346,0.00014538304822
-1.1404398211441145,-3.2995972700310507,0.00014419431682
-1.141811053232784,-3.299596474761083,0.00014439941151
-1.1431820210494152,-3.299595356412693,0.00014433026081
-1.1445491002918042,-3.2995975682572865,0.00014418645878
-1.1458739715147233,-3.2995968848221584,0.00014527866733
-1.147153476038122,-3.2995947972385005,0.0001464845991
-1.1484383666773048,-3.2995975309790087,0.00014693528647
-1.149714297236027,-3.2995969593787207,0.00014681236644
-1.1509931473715294,-3.299597518552914,0.00014619200374
-1.1522684487111183,-3.299595629786746,0.00014382530935
-1.1535338335571643,-3.29959569191721,0.00014411415032
-1.1548237327806479,-3.2995965368915505,0.00014454107441
-1.1561115429966091,-3.299594933925523,0.00014631578233
-1.1573941306937638,-3.2995992085015913,0.00014785506937
-1.1586745287083324,-3.299598624475212,0.00014640792506
-1.1599508619673011,-3.2996003392760755,0.00014646064665
-1.1612088220275731,-3.2995955800823698,0.00014509270841
-1.1624706958308553,-3.299597481274636,0.00014684410417
-1.1637307826517993,-3.2995976055355674,0.00014632094826
-1.1649884406868867,-3.2995987735883294,0.00014576934336
-1.166238296404722,-3.2995979907444566,0.00014626538905
-1.167487334137681,-3.2995960025695403,0.00014610345534
-1.16872702167432,-3.2995981398575744,0.00014597746485
-1.1700127806359064,-3.2995998919367193,0.00014619258582
-1.171306996302645,-3.2995985747708394,0.00014599644055
-1.1726021557980846,-3.2995969842309067,0.00014545109298
-1.1738908595052155,-3.29959734458761,0.00014435019693
-1.1751752341847086,-3.299594337473049,0.00014422861568
-1.1764495916955966,-3.2995973073093285,0.00014393801393
-1.1776776009251189,-3.29959765523994,0.00014501293481
-1.1789091589505547,-3.2995964374828053,0.00014863813703
-1.1801339591624957,-3.29959981738016,0.00014525972074
-1.1813581301553036,-3.299596101978285,0.00014651421225
-1.1825786013396085,-3.299599904362814,0.00014524276776
-1.1837908045845003,-3.299597941040084,0.00014648935758
-1.1821194098004302,-3.301550403363482,0.00014045485295
-1.1805405102289728,-3.301547545362039,0.0001445352973
-1.1790221415381492,-3.30154307196848,0.00013639291865
-1.1775559099447188,-3.3015443394299875,0.00014526459563
-1.176114192728726,-3.3015446003779454,0.00014642708993
-1.1746410019716804,-3.3015446003779454,0.00014973801444
-1.1731903246752287,-3.3015418293591594,0.00014506954176
-1.171749790391207,-3.3015414690024567,0.00014842623204
-1.1703214377896085,-3.301542835872709,0.00014659111912
-1.1688993144574298,-3.3015437429775134,0.00014531290799
-1.1675400501166782,-3.3015446997866937,0.00014691810065
-1.1661796405971048,-3.3015435814383043,0.00014377740445
-1.1648239753897973,-3.301546712813793,0.00014465065033
-1.163473721467037,-3.3015438175340757,0.00014406772971
-1.1621255187986517,-3.301544948308557,0.0001448172261
-1.1607939275153876,-3.301542487942101,0.00014627659402
-1.1594371926355527,-3.301542264272421,0.00014706881484
-1.1580871274785334,-3.301546824648633,0.00014791756985
-1.156738975147677,-3.3015428110205227,0.00014548021136
-1.1553900174163314,-3.3015438672384483,0.00014287700469
-1.1540374102140123,-3.301545109847769,0.00014382107474
-1.1527130423664,-3.3015453086652595,0.00014627889323
-1.1513914808361225,-3.3015456690219622,0.00014545844169
-1.150068509854987,-3.301545793282897,0.00014655241102
-1.1487505726269185,-3.3015468743530056,0.00014507879678
-1.1474338183308213,-3.3015449607346516,0.00014422940149
-1.1461149750271997,-3.3015467003877017,0.00014366410323
-1.144785271401336,-3.3015437056992356,0.00014365644893
-1.1433959681391577,-3.3015441778907784,0.00014741439372
-1.1420113462673291,-3.3015421772897673,0.00014824770915
-1.1406254659572357,-3.3015444388387363,0.00015004398301
-1.1392475263926043,-3.301546228196159,0.00015005597379
-1.1378690834526681,-3.301546675535515,0.00014728211681
-1.1365647373578809,-3.3015443021517097,0.0001479175553
-1.1352620649859886,-3.3015457435785245,0.00014897364599
-1.133959908573786,-3.3015446003779454,0.00014876738715
-1.13265382583419,-3.3015434323251833,0.0001479172206
-1.13135630047481,-3.301542053028836,0.00014574716624
-1.1300608137854213,-3.301544662508413,0.0001480687497
-1.1287708390556404,-3.301546998613937,0.00014742149506
-1.1274681666837478,-3.3015428855770814,0.00014571631618
-1.1261636192388385,-3.3015444264126415,0.0001452795841
-1.1248664588265553,-3.301542264272421,0.0001472770964
-1.123566328499961,-3.3015457808568023,0.00014867489517
-1.1222735852059949,-3.3015462406222538,0.00014863246179
-1.1210096979014859,-3.3015446376562263,0.00014537536481
-1.1197362087130014,-3.3015448861780925,0.00014547504543
-1.1184654251667898,-3.301544476117014,0.00014732127602
-1.1171999396456818,-3.3015472347097083,0.00014536824892
-1.1159335102958727,-3.301546725239888,0.000144402773
-1.1146755376512176,-3.301546687961607,0.00014595857647
-1.1133847323521826,-3.3015482287971665,0.00014611872029
-1.1120807134513446,-3.3015473092662706,0.00014409692085
-1.1107840186612201,-3.3015475205098523,0.00014451773313
-1.109484454631847,-3.3015453832218182,0.00014441979874
-1.1081814424816223,-3.3015447619171576,0.00014537702373
-1.1068881077216703,-3.3015465885528616,0.00014753489813
-1.105647388265652,-3.301546389735371,0.00014539447147
-1.1044037366484734,-3.301547247135803,0.00014574475063
-1.1031636338272084,-3.301545370795727,0.00014483013365
-1.1019257584416742,-3.301546911631287,0.00014642515453
-1.1006878578873736,-3.301544774343253,0.00014694168931
-1.099456840990394,-3.3015457311524297,0.00014614051906
-1.0982336641638164,-3.3015443518560823,0.00014766062668
-1.0999496957532096,-3.30350522664459,0.00014403559908
-1.1015920331976965,-3.303501349703506,0.0001455025922
-1.1031485199836237,-3.303503039652184,0.00011060488032
-1.1046462251181055,-3.3035030272260886,8.6985462985e-05
-1.1060999981726949,-3.303500927216336,8.6643383838e-05
-1.1075421935952279,-3.303503275747955,0.00011771963909
-1.1089997419646176,-3.303502468051896,0.00014728684619
-1.110438803875867,-3.3035027041476672,0.00014632180682
-1.1118650171324118,-3.303497895249589,0.00014846134582
-1.1132800428727656,-3.3035011136077346,0.00015009038907
-1.1146663510518702,-3.3035013621295977,0.00014941359404
-1.116021475130723,-3.303500467450888,0.00014625428594
-1.1173730755824305,-3.3035044438007173,0.0001460264466
-1.118720523187856,-3.3035029650956247,0.00014387775445
-1.1200657056044012,-3.3035008278075906,0.00014633956016
-1.121404230882514,-3.30349978401576,0.00014496700896
-1.1227344127149197,-3.30350174733849,0.00014433801698
-1.12408490574095,-3.3035003680421395,0.00014576449757
-1.1254354113513636,-3.3035014366861564,0.00014692876721
-1.1267798890424798,-3.303499398806871,0.00014013740292
-1.128121862441444,-3.303499746737479,0.00011516648374
-1.1294629801023877,-3.303500604137911,6.3298306486e-05
-1.1307780858443566,-3.303500318337767,7.8295292042e-05
-1.1321023907700547,-3.3035004177465153,8.8691871497e-05
-1.1334218003708971,-3.3035007035466593,0.00013354513794
-1.1347358741934863,-3.3035000076854364,0.00014753235155
-1.1360546797439581,-3.30350295266953,0.00014657332213
-1.1373637953197777,-3.3035009023641497,0.0001441539498
-1.1387195234489975,-3.3035023313648693,0.00014444276167
-1.1400916112756874,-3.3034979822322423,0.00015004092711
-1.1414673359889695,-3.3034988769109557,0.00014933667262
-1.142837284470604,-3.30350275385204,0.00014518349781
-1.1442077489119302,-3.303501921303794,0.00014435422781
-1.14555220143428,-3.303500057389809,0.00014348633704
-1.1468336313682284,-3.303503238469674,0.00014470865426
-1.1481193274079025,-3.303502343790964,0.00014613139501
-1.1494029470244354,-3.303504816583515,0.00014656626445
-1.150684150439495,-3.3035003307638617,0.00014374859165
-1.1519615911241374,-3.3035013621295977,0.00013533934543
-1.1532296186905453,-3.3035013869817837,8.6258092779e-05
-1.1545131124632517,-3.3035033627306087,5.6502718508e-05
-1.1558026341552552,-3.3035031266348374,6.2607126893e-05
-1.1570875751319674,-3.30350152366881,7.3150258686e-05
-1.1583698230507902,-3.303502182251752,0.00012147361849
-1.1596476035137648,-3.3035002313551165,0.00014793526498
-1.1609173928937444,-3.3034998088679464,0.00014647789067
-1.1621719803394623,-3.303500591711819,0.00014761813509
-1.1634361445003893,-3.303503810069962,0.00014609376376
-1.1646950232205977,-3.3035021449734705,0.0001473827142
-1.1659478614371235,-3.3035029650956247,0.00014498393284
-1.167198711321189,-3.303501237868666,0.00014645566989
-1.168445999824958,-3.3035039343308967,0.00014605962497
-1.1697182557439418,-3.3035008278075906,0.0001474335586
-1.171016913697762,-3.3035036112524714,0.00014441255189
-1.1723102484577155,-3.303503884626524,0.00014444626868
-1.1736028155703242,-3.3035002686333943,0.00014591793297
-1.174888549363146,-3.303502182251752,0.00014438193466
-1.1761758687881836,-3.3035050154010053,0.00014368165284
-1.177406973775842,-3.3035025301823633,0.00012368426542
-1.1786389722546702,-3.3035060343406495,5.2725015848e-05
-1.179869636788934,-3.3035008029554045,5.9860227339e-05
-1.1810983004063562,-3.3035002437812078,6.5350388468e-05
-1.1823194763160885,-3.3035035366959127,7.7543911175e-05
-1.1835330638430737,-3.303502989947811,0.00013058293553
-1.1818628897441226,-3.3054712085574116,7.7688076999e-05
-1.1802857645706217,-3.3054699410959043,8.1179583503e-05
-1.1787716242323745,-3.305467816233962,4.3655025365e-05
-1.1773012272082803,-3.305469108547659,0.00011648228974
-1.1758492788891788,-3.305466200841843,0.0001473834418
-1.1743775227517577,-3.3054666109029185,0.000149798856
-1.1729283807499908,-3.305466349954964,0.00014878981165
-1.171485077901782,-3.305465231606571,0.00014728793758
-1.170053038076062,-3.3054653061631334,0.00014714853023
-1.1686444807084002,-3.305468524521276,0.00014518586977
-1.167282007350069,-3.3054660144504444,0.00014652697428
-1.1659208427675354,-3.305468536947371,0.00014768203255
-1.164562157308386,-3.3054683132776908,0.00014545739396
-1.1632144328465426,-3.3054680274775468,0.00014436765923
-1.1618663434376004,-3.305465815632954,0.00014601886505
-1.1605313292022517,-3.3054648463976823,0.00014786969405
-1.1591707309169375,-3.3054658529112353,0.00013697407849
-1.157821357900964,-3.305468412686436,8.6998945335e-05
-1.156471632522275,-3.3054690588432862,7.3563831393e-05
-1.155123794800988,-3.3054667227377585,7.8942102846e-05
-1.1537719929991581,-3.305464672432378,4.3443938921e-05
-1.1524518535041237,-3.3054674310250727,0.00011213160178
-1.1511287440947784,-3.3054673813207,0.00014445402485
-1.1498054081665443,-3.305467555286004,0.00014749992988
-1.1484884273515583,-3.3054664369376145,0.00014883412223
-1.1471683507784363,-3.3054675925642854,0.00015019194689
-1.1458503002909244,-3.3054655795371826,0.00015020741557
-1.1445025506603146,-3.305466238120124,0.00014806001855
-1.1431120141286322,-3.3054678907905206,0.00015028254711
-1.1417283864230359,-3.3054673813207,0.0001461233478
-1.1403450733270069,-3.3054648961020545,0.00014407257549
-1.1389650195860885,-3.305465989598258,0.00014488272427
-1.1375957003235855,-3.3054671949293013,0.00014545288286
-1.136290825684727,-3.305468847599701,0.00014413658937
-1.1349865173430878,-3.3054673688946052,0.00014867000573
-1.1336818692231163,-3.3054672570597687,0.00012049714132
-1.132377133012466,-3.305467356468514,8.2008824393e-05
-1.131078991018334,-3.3054662256940293,7.9052384535e-05
-1.1297960887116134,-3.3054680150514555,7.6847674791e-05
-1.128487602354929,-3.30546912097375,4.5316744945e-05
-1.12718542077396,-3.3054670458161834,0.00012172829156
-1.1258814647950361,-3.3054655795371826,0.00014528728207
-1.1245813973903562,-3.305466486641987,0.00014974254009
-1.123279958287966,-3.305468126886292,0.0001511125738
-1.1219989939761765,-3.3054666606072947,0.00014860920783
-1.1207275308733005,-3.30546595231998,0.00015121404431
-1.1194530223498194,-3.3054682884255047,0.0001480509236
-1.1181815214937971,-3.305463628640547,0.00014701552573
-1.1169136449399824,-3.30546749315554,0.00014943136193
-1.1156484866128233,-3.3054667103116673,0.00014903269766
-1.1143909418371793,-3.305470139913395,0.00014737450692
-1.113086218210912,-3.3054671576510235,0.00014628829376
-1.1117832312294522,-3.305470525122284,0.00014712153643
-1.1104824339305783,-3.3054658404851405,0.00015014270321
-1.1091830460825611,-3.3054655919632774,0.0001413757418
-1.107877944924814,-3.3054682262950372,9.0468456619e-05
-1.106600390980728,-3.3054670830944612,7.6813106716e-05
-1.105355443172135,-3.3054659398938853,7.9008932516e-05
-1.1041140441594537,-3.3054701771916757,4.7068751883e-05
-1.1028734631316448,-3.30546510734564,8.3471510152e-05
-1.1016319131063723,-3.305466238120124,0.00014179605932
-1.1003926534387445,-3.3054691955303093,0.00014739003382
-1.099165676128602,-3.3054687481909526,0.00014641808229
-1.0979368614985885,-3.3054656665198365,0.00014598330017
